{"date": "11/17/2022 03:20:00 AM", "home": "Australia", "away": "England", "place": "Adelaide Oval", "result": "Australia won by 6 wickets", "Team1": {"Name": "Australia", "score": "291/4", "overs": "46.5/50 ov", "rr": "RR: 6.21", "batting": [{"Player Name": "David Warner", "Dismissed by": "c Sam Billings b David Willey", "Runs": "86", "Balls Faced": "84", "Fours": "10", "Sixes": "1", "Strike Rate": "102.38"}, {"Player Name": "Travis Head", "Dismissed by": "c Phil Salt b Chris Jordan", "Runs": "69", "Balls Faced": "57", "Fours": "10", "Sixes": "1", "Strike Rate": "121.05"}, {"Player Name": "Steve Smith", "Dismissed by": "", "Runs": "80", "Balls Faced": "78", "Fours": "9", "Sixes": "1", "Strike Rate": "102.56"}, {"Player Name": "Marnus Labuschagne", "Dismissed by": "c Jos Buttler b David Willey", "Runs": "4", "Balls Faced": "6", "Fours": "0", "Sixes": "0", "Strike Rate": "66.66"}, {"Player Name": "Alex Carey", "Dismissed by": "c Phil Salt b Liam Dawson", "Runs": "21", "Balls Faced": "28", "Fours": "3", "Sixes": "0", "Strike Rate": "75.00"}, {"Player Name": "Cameron Green", "Dismissed by": "", "Runs": "20", "Balls Faced": "28", "Fours": "3", "Sixes": "0", "Strike Rate": "71.42"}, {"Player Name": "Marcus Stoinis", "Dismissed by": "", "Runs": "-", "Balls Faced": "-", "Fours": "-", "Sixes": "-", "Strike Rate": "-"}, {"Player Name": "Ashton Agar", "Dismissed by": "", "Runs": "-", "Balls Faced": "-", "Fours": "-", "Sixes": "-", "Strike Rate": "-"}, {"Player Name": "Pat Cummins", "Dismissed by": "", "Runs": "-", "Balls Faced": "-", "Fours": "-", "Sixes": "-", "Strike Rate": "-"}, {"Player Name": "Mitchell Starc", "Dismissed by": "", "Runs": "-", "Balls Faced": "-", "Fours": "-", "Sixes": "-", "Strike Rate": "-"}, {"Player Name": "Adam Zampa", "Dismissed by": "", "Runs": "-", "Balls Faced": "-", "Fours": "-", "Sixes": "-", "Strike Rate": "-"}], "Extras": "Extras (w 6, lb 5)", "balling": [{"player_name": "Mitchell Starc", "Overs": "10", "Maidens": "0", "Runs": "45", "Wickets": "1", "Economy": "4.50", "Dots": "34"}, {"player_name": "Pat Cummins", "Overs": "10", "Maidens": "0", "Runs": "62", "Wickets": "3", "Economy": "6.20", "Dots": "32"}, {"player_name": "Cameron Green", "Overs": "7", "Maidens": "0", "Runs": "38", "Wickets": "0", "Economy": "5.42", "Dots": "23"}, {"player_name": "Ashton Agar", "Overs": "10", "Maidens": "0", "Runs": "62", "Wickets": "0", "Economy": "6.20", "Dots": "27"}, {"player_name": "Marcus Stoinis", "Overs": "3", "Maidens": "0", "Runs": "23", "Wickets": "1", "Economy": "7.66", "Dots": "7"}, {"player_name": "Adam Zampa", "Overs": "10", "Maidens": "0", "Runs": "55", "Wickets": "3", "Economy": "5.50", "Dots": "26"}]}, "Team2": {"Name": "England", "score": "287/9", "overs": "50/50 ov", "rr": "RR: 5.74", "batting": [{"Player Name": "Jason Roy", "Dismissed by": "b Mitchell Starc", "Runs": "6", "Balls Faced": "11", "Fours": "0", "Sixes": "0", "Strike Rate": "54.54"}, {"Player Name": "Phil Salt", "Dismissed by": "c Steve Smith b Pat Cummins", "Runs": "14", "Balls Faced": "15", "Fours": "3", "Sixes": "0", "Strike Rate": "93.33"}, {"Player Name": "Dawid Malan", "Dismissed by": "c Ashton Agar b Adam Zampa", "Runs": "134", "Balls Faced": "128", "Fours": "12", "Sixes": "4", "Strike Rate": "104.68"}, {"Player Name": "James Vince", "Dismissed by": "c Alex Carey b Pat Cummins", "Runs": "5", "Balls Faced": "6", "Fours": "0", "Sixes": "0", "Strike Rate": "83.33"}, {"Player Name": "Sam Billings", "Dismissed by": "b Marcus Stoinis", "Runs": "17", "Balls Faced": "22", "Fours": "2", "Sixes": "0", "Strike Rate": "77.27"}, {"Player Name": "Jos Buttler", "Dismissed by": "c Ashton Agar b Adam Zampa", "Runs": "29", "Balls Faced": "34", "Fours": "2", "Sixes": "0", "Strike Rate": "85.29"}, {"Player Name": "Liam Dawson", "Dismissed by": "run out (Ashton Agar)", "Runs": "11", "Balls Faced": "17", "Fours": "0", "Sixes": "0", "Strike Rate": "64.70"}, {"Player Name": "Chris Jordan", "Dismissed by": "lbw Adam Zampa", "Runs": "14", "Balls Faced": "18", "Fours": "0", "Sixes": "0", "Strike Rate": "77.77"}, {"Player Name": "David Willey", "Dismissed by": "", "Runs": "34", "Balls Faced": "40", "Fours": "3", "Sixes": "0", "Strike Rate": "85.00"}, {"Player Name": "Luke Wood", "Dismissed by": "c Alex Carey b Pat Cummins", "Runs": "10", "Balls Faced": "10", "Fours": "1", "Sixes": "0", "Strike Rate": "100.00"}, {"Player Name": "Olly Stone", "Dismissed by": "", "Runs": "0", "Balls Faced": "1", "Fours": "0", "Sixes": "0", "Strike Rate": "0.00"}], "Extras": "Extras (nb 2, w 9, lb 2)", "balling": [{"player_name": "David Willey", "Overs": "8", "Maidens": "0", "Runs": "51", "Wickets": "2", "Economy": "6.37", "Dots": "24"}, {"player_name": "Olly Stone", "Overs": "10", "Maidens": "1", "Runs": "50", "Wickets": "0", "Economy": "5.00", "Dots": "37"}, {"player_name": "Luke Wood", "Overs": "10", "Maidens": "0", "Runs": "59", "Wickets": "0", "Economy": "5.90", "Dots": "29"}, {"player_name": "Chris Jordan", "Overs": "7", "Maidens": "0", "Runs": "49", "Wickets": "1", "Economy": "7.00", "Dots": "17"}, {"player_name": "Liam Dawson", "Overs": "10", "Maidens": "0", "Runs": "65", "Wickets": "1", "Economy": "6.50", "Dots": "25"}, {"player_name": "Dawid Malan", "Overs": "1.5", "Maidens": "0", "Runs": "12", "Wickets": "0", "Economy": "6.54", "Dots": "7"}]}, "match_id": "100700"}