{"date": "01/15/2023 08:00:00 AM", "home": "India", "away": "Sri Lanka", "place": "Greenfield Stadium", "result": "India won by 317 runs", "Team1": {"Name": "India", "score": "390/5", "overs": "50/50 ov", "rr": "RR: 7.80", "batting": [{"Player Name": "Rohit Sharma", "Dismissed by": "c Avishka Fernando b Chamika Karunaratne", "Runs": "42", "Balls Faced": "49", "Fours": "2", "Sixes": "3", "Strike Rate": "85.71"}, {"Player Name": "Shubman Gill", "Dismissed by": "b Kasun Rajitha", "Runs": "116", "Balls Faced": "97", "Fours": "14", "Sixes": "2", "Strike Rate": "119.58"}, {"Player Name": "Virat Kohli", "Dismissed by": "", "Runs": "166", "Balls Faced": "110", "Fours": "13", "Sixes": "8", "Strike Rate": "150.90"}, {"Player Name": "Shreyas Iyer", "Dismissed by": "c Dhananjaya de Silva b Lahiru Kumara", "Runs": "38", "Balls Faced": "32", "Fours": "2", "Sixes": "1", "Strike Rate": "118.75"}, {"Player Name": "KL Rahul", "Dismissed by": "c Dunith Wellalage b Lahiru Kumara", "Runs": "7", "Balls Faced": "6", "Fours": "1", "Sixes": "0", "Strike Rate": "116.66"}, {"Player Name": "Suryakumar Yadav", "Dismissed by": "c Avishka Fernando b Kasun Rajitha", "Runs": "4", "Balls Faced": "4", "Fours": "0", "Sixes": "0", "Strike Rate": "100.00"}, {"Player Name": "Axar Patel", "Dismissed by": "", "Runs": "2", "Balls Faced": "2", "Fours": "0", "Sixes": "0", "Strike Rate": "100.00"}, {"Player Name": "Washington Sundar", "Dismissed by": "", "Runs": "-", "Balls Faced": "-", "Fours": "-", "Sixes": "-", "Strike Rate": "-"}, {"Player Name": "Kuldeep Yadav", "Dismissed by": "", "Runs": "-", "Balls Faced": "-", "Fours": "-", "Sixes": "-", "Strike Rate": "-"}, {"Player Name": "Mohammed Shami", "Dismissed by": "", "Runs": "-", "Balls Faced": "-", "Fours": "-", "Sixes": "-", "Strike Rate": "-"}, {"Player Name": "Mohammed Siraj", "Dismissed by": "", "Runs": "-", "Balls Faced": "-", "Fours": "-", "Sixes": "-", "Strike Rate": "-"}], "Extras": "Extras (w 5, lb 10)", "balling": [{"player_name": "Mohammed Shami", "Overs": "6", "Maidens": "2", "Runs": "20", "Wickets": "2", "Economy": "3.33", "Dots": "31"}, {"player_name": "Mohammed Siraj", "Overs": "10", "Maidens": "1", "Runs": "32", "Wickets": "4", "Economy": "3.20", "Dots": "46"}, {"player_name": "Kuldeep Yadav", "Overs": "5", "Maidens": "1", "Runs": "16", "Wickets": "2", "Economy": "3.20", "Dots": "23"}, {"player_name": "Shreyas Iyer", "Overs": "1", "Maidens": "0", "Runs": "2", "Wickets": "0", "Economy": "2.00", "Dots": "4"}]}, "Team2": {"Name": "Sri Lanka", "score": "73", "overs": "22/50 ov", "rr": "RR: 3.31", "batting": [{"Player Name": "Avishka Fernando", "Dismissed by": "c Shubman Gill b Mohammed Siraj", "Runs": "1", "Balls Faced": "4", "Fours": "0", "Sixes": "0", "Strike Rate": "25.00"}, {"Player Name": "Nuwanidu Fernando", "Dismissed by": "b Mohammed Siraj", "Runs": "19", "Balls Faced": "27", "Fours": "4", "Sixes": "0", "Strike Rate": "70.37"}, {"Player Name": "Kusal Mendis", "Dismissed by": "c KL Rahul b Mohammed Siraj", "Runs": "4", "Balls Faced": "7", "Fours": "1", "Sixes": "0", "Strike Rate": "57.14"}, {"Player Name": "Charith Asalanka", "Dismissed by": "c Axar Patel b Mohammed Shami", "Runs": "1", "Balls Faced": "4", "Fours": "0", "Sixes": "0", "Strike Rate": "25.00"}, {"Player Name": "Dasun Shanaka", "Dismissed by": "b Kuldeep Yadav", "Runs": "11", "Balls Faced": "26", "Fours": "2", "Sixes": "0", "Strike Rate": "42.30"}, {"Player Name": "Wanindu Hasaranga", "Dismissed by": "b Mohammed Siraj", "Runs": "1", "Balls Faced": "7", "Fours": "0", "Sixes": "0", "Strike Rate": "14.28"}, {"Player Name": "Chamika Karunaratne", "Dismissed by": "run out (Mohammed Siraj)", "Runs": "1", "Balls Faced": "6", "Fours": "0", "Sixes": "0", "Strike Rate": "16.66"}, {"Player Name": "Kasun Rajitha", "Dismissed by": "", "Runs": "13", "Balls Faced": "19", "Fours": "2", "Sixes": "0", "Strike Rate": "68.42"}, {"Player Name": "Lahiru Kumara", "Dismissed by": "b Kuldeep Yadav", "Runs": "9", "Balls Faced": "19", "Fours": "2", "Sixes": "0", "Strike Rate": "47.36"}, {"Player Name": "Ashen Bandara", "Dismissed by": "Absent", "Runs": "0", "Balls Faced": "0", "Fours": "0", "Sixes": "0", "Strike Rate": "-"}], "Extras": "Extras (w 7, b 1, lb 2)", "balling": [{"player_name": "Kasun Rajitha", "Overs": "10", "Maidens": "1", "Runs": "81", "Wickets": "2", "Economy": "8.10", "Dots": "27"}, {"player_name": "Lahiru Kumara", "Overs": "10", "Maidens": "1", "Runs": "87", "Wickets": "2", "Economy": "8.70", "Dots": "21"}, {"player_name": "Wanindu Hasaranga", "Overs": "10", "Maidens": "0", "Runs": "54", "Wickets": "0", "Economy": "5.40", "Dots": "23"}, {"player_name": "Chamika Karunaratne", "Overs": "8", "Maidens": "0", "Runs": "58", "Wickets": "1", "Economy": "7.25", "Dots": "20"}, {"player_name": "Dasun Shanaka", "Overs": "3", "Maidens": "0", "Runs": "19", "Wickets": "0", "Economy": "6.33", "Dots": "7"}, {"player_name": "Nuwanidu Fernando", "Overs": "2", "Maidens": "0", "Runs": "22", "Wickets": "0", "Economy": "11.00", "Dots": "1"}]}, "match_id": "101874"}