{"date": "02/18/2015 03:30:00 AM", "home": "Bangladesh", "away": "Afghanistan", "place": "Manuka Oval", "result": "Bangladesh won by 105 runs", "Team1": {"Name": "Bangladesh", "score": "267", "overs": "50/50 ov", "rr": "RR: 5.34", "batting": [{"Player Name": "Anamul Haque", "Dismissed by": "lbw Mirwais Ashraf", "Runs": "29", "Balls Faced": "55", "Fours": "4", "Sixes": "0", "Strike Rate": "52.72"}, {"Player Name": "Tamim Iqbal", "Dismissed by": "c Afsar Zazai b Mirwais Ashraf", "Runs": "19", "Balls Faced": "42", "Fours": "2", "Sixes": "0", "Strike Rate": "45.23"}, {"Player Name": "Soumya Sarkar", "Dismissed by": "lbw Shapoor Zadran", "Runs": "28", "Balls Faced": "25", "Fours": "3", "Sixes": "1", "Strike Rate": "112.00"}, {"Player Name": "Mahmudullah", "Dismissed by": "c Afsar Zazai b Shapoor Zadran", "Runs": "23", "Balls Faced": "46", "Fours": "0", "Sixes": "0", "Strike Rate": "50.00"}, {"Player Name": "Shakib Al Hasan", "Dismissed by": "b Hamid Hassan", "Runs": "63", "Balls Faced": "51", "Fours": "6", "Sixes": "1", "Strike Rate": "123.52"}, {"Player Name": "Mushfiqur Rahim", "Dismissed by": "c Samiullah Shinwari b Mohammad Nabi", "Runs": "71", "Balls Faced": "56", "Fours": "6", "Sixes": "1", "Strike Rate": "126.78"}, {"Player Name": "Sabbir Rahman", "Dismissed by": "b Hamid Hassan", "Runs": "3", "Balls Faced": "8", "Fours": "0", "Sixes": "0", "Strike Rate": "37.50"}, {"Player Name": "Mashrafe Mortaza", "Dismissed by": "b Aftab Alam", "Runs": "14", "Balls Faced": "9", "Fours": "3", "Sixes": "0", "Strike Rate": "155.55"}, {"Player Name": "Mominul Haque", "Dismissed by": "run out (Afsar Zazai)", "Runs": "3", "Balls Faced": "3", "Fours": "0", "Sixes": "0", "Strike Rate": "100.00"}, {"Player Name": "Rubel Hossain", "Dismissed by": "", "Runs": "0", "Balls Faced": "2", "Fours": "0", "Sixes": "0", "Strike Rate": "0.00"}, {"Player Name": "Taskin Ahmed", "Dismissed by": "b Aftab Alam", "Runs": "1", "Balls Faced": "3", "Fours": "0", "Sixes": "0", "Strike Rate": "33.33"}], "Extras": "Extras (w 6, b 3, lb 4)", "balling": [{"player_name": "Mashrafe Mortaza", "Overs": "9", "Maidens": "2", "Runs": "20", "Wickets": "3", "Economy": "2.22", "Dots": "43"}, {"player_name": "Rubel Hossain", "Overs": "6", "Maidens": "0", "Runs": "27", "Wickets": "1", "Economy": "4.50", "Dots": "22"}, {"player_name": "Taskin Ahmed", "Overs": "7", "Maidens": "0", "Runs": "23", "Wickets": "1", "Economy": "3.28", "Dots": "25"}, {"player_name": "Shakib Al Hasan", "Overs": "8.5", "Maidens": "0", "Runs": "43", "Wickets": "2", "Economy": "4.86", "Dots": "30"}, {"player_name": "Mahmudullah", "Overs": "8", "Maidens": "1", "Runs": "31", "Wickets": "1", "Economy": "3.87", "Dots": "26"}, {"player_name": "Soumya Sarkar", "Overs": "3", "Maidens": "0", "Runs": "13", "Wickets": "0", "Economy": "4.33", "Dots": "8"}, {"player_name": "Sabbir Rahman", "Overs": "1", "Maidens": "0", "Runs": "4", "Wickets": "0", "Economy": "4.00", "Dots": "3"}]}, "Team2": {"Name": "Afghanistan", "score": "162", "overs": "42.5/50 ov", "rr": "RR: 3.78", "batting": [{"Player Name": "Javed Ahmadi", "Dismissed by": "c & b Mashrafe Mortaza", "Runs": "1", "Balls Faced": "2", "Fours": "0", "Sixes": "0", "Strike Rate": "50.00"}, {"Player Name": "Afsar Zazai", "Dismissed by": "lbw Rubel Hossain", "Runs": "1", "Balls Faced": "5", "Fours": "0", "Sixes": "0", "Strike Rate": "20.00"}, {"Player Name": "Nawroz Mangal", "Dismissed by": "c Rubel Hossain b Mahmudullah", "Runs": "27", "Balls Faced": "57", "Fours": "1", "Sixes": "0", "Strike Rate": "47.36"}, {"Player Name": "Asghar Afghan", "Dismissed by": "c Mahmudullah b Mashrafe Mortaza", "Runs": "1", "Balls Faced": "7", "Fours": "0", "Sixes": "0", "Strike Rate": "14.28"}, {"Player Name": "Samiullah Shinwari", "Dismissed by": "run out (Sabbir Rahman/Mushfiqur Rahim)", "Runs": "42", "Balls Faced": "75", "Fours": "2", "Sixes": "0", "Strike Rate": "56.00"}, {"Player Name": "Mohammad Nabi", "Dismissed by": "c Soumya Sarkar b Mashrafe Mortaza", "Runs": "44", "Balls Faced": "43", "Fours": "5", "Sixes": "0", "Strike Rate": "102.32"}, {"Player Name": "Najibullah Zadran", "Dismissed by": "lbw Shakib Al Hasan", "Runs": "17", "Balls Faced": "34", "Fours": "1", "Sixes": "0", "Strike Rate": "50.00"}, {"Player Name": "Mirwais Ashraf", "Dismissed by": "c Sabbir Rahman b Shakib Al Hasan", "Runs": "10", "Balls Faced": "15", "Fours": "0", "Sixes": "1", "Strike Rate": "66.66"}, {"Player Name": "Aftab Alam", "Dismissed by": "run out (Soumya Sarkar)", "Runs": "14", "Balls Faced": "12", "Fours": "2", "Sixes": "1", "Strike Rate": "116.66"}, {"Player Name": "Hamid Hassan", "Dismissed by": "c Anamul Haque b Taskin Ahmed", "Runs": "0", "Balls Faced": "5", "Fours": "0", "Sixes": "0", "Strike Rate": "0.00"}, {"Player Name": "Shapoor Zadran", "Dismissed by": "", "Runs": "2", "Balls Faced": "2", "Fours": "0", "Sixes": "0", "Strike Rate": "100.00"}], "Extras": "Extras (w 2, lb 1)", "balling": [{"player_name": "Hamid Hassan", "Overs": "10", "Maidens": "0", "Runs": "61", "Wickets": "2", "Economy": "6.10", "Dots": "32"}, {"player_name": "Shapoor Zadran", "Overs": "7", "Maidens": "1", "Runs": "20", "Wickets": "2", "Economy": "2.85", "Dots": "30"}, {"player_name": "Aftab Alam", "Overs": "9", "Maidens": "0", "Runs": "55", "Wickets": "2", "Economy": "6.11", "Dots": "28"}, {"player_name": "Mirwais Ashraf", "Overs": "9", "Maidens": "3", "Runs": "32", "Wickets": "2", "Economy": "3.55", "Dots": "40"}, {"player_name": "Mohammad Nabi", "Overs": "9", "Maidens": "0", "Runs": "58", "Wickets": "1", "Economy": "6.44", "Dots": "17"}, {"player_name": "Javed Ahmadi", "Overs": "4.5", "Maidens": "0", "Runs": "32", "Wickets": "0", "Economy": "6.62", "Dots": "9"}, {"player_name": "Samiullah Shinwari", "Overs": "1.1", "Maidens": "0", "Runs": "2", "Wickets": "0", "Economy": "1.71", "Dots": "5"}]}, "match_id": "889"}