{"date": "07/11/2019 09:30:00 AM", "home": "Australia", "away": "England", "place": "Edgbaston", "result": "England win by 8 wickets", "Team1": {"Name": "Australia", "score": "223", "overs": "49/50 ov", "rr": "RR: 4.55", "batting": [{"Player Name": "David Warner", "Dismissed by": "c Jonny Bairstow b Chris Woakes", "Runs": "9", "Balls Faced": "11", "Fours": "2", "Sixes": "0", "Strike Rate": "81.81"}, {"Player Name": "Aaron Finch", "Dismissed by": "lbw Jofra Archer", "Runs": "0", "Balls Faced": "1", "Fours": "0", "Sixes": "0", "Strike Rate": "0.00"}, {"Player Name": "Steve Smith", "Dismissed by": "run out (Jos Buttler)", "Runs": "85", "Balls Faced": "119", "Fours": "6", "Sixes": "0", "Strike Rate": "71.42"}, {"Player Name": "Peter Handscomb", "Dismissed by": "b Chris Woakes", "Runs": "4", "Balls Faced": "12", "Fours": "0", "Sixes": "0", "Strike Rate": "33.33"}, {"Player Name": "Alex Carey", "Dismissed by": "c Sub b Adil Rashid", "Runs": "46", "Balls Faced": "70", "Fours": "4", "Sixes": "0", "Strike Rate": "65.71"}, {"Player Name": "Marcus Stoinis", "Dismissed by": "lbw Adil Rashid", "Runs": "0", "Balls Faced": "2", "Fours": "0", "Sixes": "0", "Strike Rate": "0.00"}, {"Player Name": "Glenn Maxwell", "Dismissed by": "c Eoin Morgan b Jofra Archer", "Runs": "22", "Balls Faced": "23", "Fours": "2", "Sixes": "1", "Strike Rate": "95.65"}, {"Player Name": "Pat Cummins", "Dismissed by": "c Joe Root b Adil Rashid", "Runs": "6", "Balls Faced": "10", "Fours": "0", "Sixes": "0", "Strike Rate": "60.00"}, {"Player Name": "Mitchell Starc", "Dismissed by": "c Jos Buttler b Chris Woakes", "Runs": "29", "Balls Faced": "36", "Fours": "1", "Sixes": "1", "Strike Rate": "80.55"}, {"Player Name": "Jason Behrendorff", "Dismissed by": "b Mark Wood", "Runs": "1", "Balls Faced": "4", "Fours": "0", "Sixes": "0", "Strike Rate": "25.00"}, {"Player Name": "Nathan Lyon", "Dismissed by": "", "Runs": "5", "Balls Faced": "6", "Fours": "0", "Sixes": "0", "Strike Rate": "83.33"}], "Extras": "Extras (w 10, lb 6)", "balling": [{"player_name": "Jason Behrendorff", "Overs": "8.1", "Maidens": "2", "Runs": "38", "Wickets": "0", "Economy": "4.65", "Dots": "31"}, {"player_name": "Mitchell Starc", "Overs": "9", "Maidens": "0", "Runs": "70", "Wickets": "1", "Economy": "7.77", "Dots": "31"}, {"player_name": "Pat Cummins", "Overs": "7", "Maidens": "0", "Runs": "34", "Wickets": "1", "Economy": "4.85", "Dots": "28"}, {"player_name": "Nathan Lyon", "Overs": "5", "Maidens": "0", "Runs": "49", "Wickets": "0", "Economy": "9.80", "Dots": "9"}, {"player_name": "Steve Smith", "Overs": "1", "Maidens": "0", "Runs": "21", "Wickets": "0", "Economy": "21.00", "Dots": "1"}, {"player_name": "Marcus Stoinis", "Overs": "2", "Maidens": "0", "Runs": "13", "Wickets": "0", "Economy": "6.50", "Dots": "7"}]}, "Team2": {"Name": "England", "score": "226/2", "overs": "32.1/50 ov", "rr": "RR: 7.02", "batting": [{"Player Name": "Jason Roy", "Dismissed by": "c Alex Carey b Pat Cummins", "Runs": "85", "Balls Faced": "65", "Fours": "9", "Sixes": "5", "Strike Rate": "130.76"}, {"Player Name": "Jonny Bairstow", "Dismissed by": "lbw Mitchell Starc", "Runs": "34", "Balls Faced": "43", "Fours": "5", "Sixes": "0", "Strike Rate": "79.06"}, {"Player Name": "Joe Root", "Dismissed by": "", "Runs": "49", "Balls Faced": "46", "Fours": "8", "Sixes": "0", "Strike Rate": "106.52"}, {"Player Name": "Eoin Morgan", "Dismissed by": "", "Runs": "45", "Balls Faced": "39", "Fours": "8", "Sixes": "0", "Strike Rate": "115.38"}, {"Player Name": "Ben Stokes", "Dismissed by": "", "Runs": "-", "Balls Faced": "-", "Fours": "-", "Sixes": "-", "Strike Rate": "-"}, {"Player Name": "Jos Buttler", "Dismissed by": "", "Runs": "-", "Balls Faced": "-", "Fours": "-", "Sixes": "-", "Strike Rate": "-"}, {"Player Name": "Chris Woakes", "Dismissed by": "", "Runs": "-", "Balls Faced": "-", "Fours": "-", "Sixes": "-", "Strike Rate": "-"}, {"Player Name": "Liam Plunkett", "Dismissed by": "", "Runs": "-", "Balls Faced": "-", "Fours": "-", "Sixes": "-", "Strike Rate": "-"}, {"Player Name": "Adil Rashid", "Dismissed by": "", "Runs": "-", "Balls Faced": "-", "Fours": "-", "Sixes": "-", "Strike Rate": "-"}, {"Player Name": "Jofra Archer", "Dismissed by": "", "Runs": "-", "Balls Faced": "-", "Fours": "-", "Sixes": "-", "Strike Rate": "-"}, {"Player Name": "Mark Wood", "Dismissed by": "", "Runs": "-", "Balls Faced": "-", "Fours": "-", "Sixes": "-", "Strike Rate": "-"}], "Extras": "Extras (w 12, lb 1)", "balling": [{"player_name": "Chris Woakes", "Overs": "8", "Maidens": "0", "Runs": "20", "Wickets": "3", "Economy": "2.50", "Dots": "37"}, {"player_name": "Jofra Archer", "Overs": "10", "Maidens": "0", "Runs": "32", "Wickets": "2", "Economy": "3.20", "Dots": "38"}, {"player_name": "Ben Stokes", "Overs": "4", "Maidens": "0", "Runs": "22", "Wickets": "0", "Economy": "5.50", "Dots": "12"}, {"player_name": "Mark Wood", "Overs": "9", "Maidens": "0", "Runs": "45", "Wickets": "1", "Economy": "5.00", "Dots": "27"}, {"player_name": "Liam Plunkett", "Overs": "8", "Maidens": "0", "Runs": "44", "Wickets": "0", "Economy": "5.50", "Dots": "25"}, {"player_name": "Adil Rashid", "Overs": "10", "Maidens": "0", "Runs": "54", "Wickets": "3", "Economy": "5.40", "Dots": "26"}]}, "match_id": "8238"}