{"date": "06/24/2019 09:30:00 AM", "home": "Bangladesh", "away": "Afghanistan", "place": "The Ageas Bowl", "result": "Bangladesh win by 62 runs", "Team1": {"Name": "Bangladesh", "score": "262/7", "overs": "50/50 ov", "rr": "RR: 5.24", "batting": [{"Player Name": "Litton Das", "Dismissed by": "c Hashmatullah Shahidi b Mujeeb Ur Rahman", "Runs": "16", "Balls Faced": "17", "Fours": "2", "Sixes": "0", "Strike Rate": "94.11"}, {"Player Name": "Tamim Iqbal", "Dismissed by": "b Mohammad Nabi", "Runs": "36", "Balls Faced": "53", "Fours": "4", "Sixes": "0", "Strike Rate": "67.92"}, {"Player Name": "Shakib Al Hasan", "Dismissed by": "lbw Mujeeb Ur Rahman", "Runs": "51", "Balls Faced": "69", "Fours": "1", "Sixes": "0", "Strike Rate": "73.91"}, {"Player Name": "Mushfiqur Rahim", "Dismissed by": "c Mohammad Nabi b Dawlat Zadran", "Runs": "83", "Balls Faced": "87", "Fours": "4", "Sixes": "1", "Strike Rate": "95.40"}, {"Player Name": "Soumya Sarkar", "Dismissed by": "lbw Mujeeb Ur Rahman", "Runs": "3", "Balls Faced": "10", "Fours": "0", "Sixes": "0", "Strike Rate": "30.00"}, {"Player Name": "Mahmudullah", "Dismissed by": "c Mohammad Nabi b Gulbadin Naib", "Runs": "27", "Balls Faced": "38", "Fours": "2", "Sixes": "0", "Strike Rate": "71.05"}, {"Player Name": "Mosaddek Hossain", "Dismissed by": "b Gulbadin Naib", "Runs": "35", "Balls Faced": "24", "Fours": "4", "Sixes": "0", "Strike Rate": "145.83"}, {"Player Name": "Mohammad Saifuddin", "Dismissed by": "", "Runs": "2", "Balls Faced": "2", "Fours": "0", "Sixes": "0", "Strike Rate": "100.00"}, {"Player Name": "Mehidy Hasan", "Dismissed by": "", "Runs": "-", "Balls Faced": "-", "Fours": "-", "Sixes": "-", "Strike Rate": "-"}, {"Player Name": "Mashrafe Mortaza", "Dismissed by": "", "Runs": "-", "Balls Faced": "-", "Fours": "-", "Sixes": "-", "Strike Rate": "-"}, {"Player Name": "Mustafizur Rahman", "Dismissed by": "", "Runs": "-", "Balls Faced": "-", "Fours": "-", "Sixes": "-", "Strike Rate": "-"}], "Extras": "Extras (w 9)", "balling": [{"player_name": "Mashrafe Mortaza", "Overs": "7", "Maidens": "0", "Runs": "37", "Wickets": "0", "Economy": "5.28", "Dots": "23"}, {"player_name": "Mustafizur Rahman", "Overs": "8", "Maidens": "1", "Runs": "32", "Wickets": "2", "Economy": "4.00", "Dots": "31"}, {"player_name": "Mohammad Saifuddin", "Overs": "8", "Maidens": "0", "Runs": "33", "Wickets": "1", "Economy": "4.12", "Dots": "23"}, {"player_name": "Shakib Al Hasan", "Overs": "10", "Maidens": "1", "Runs": "29", "Wickets": "5", "Economy": "2.90", "Dots": "40"}, {"player_name": "Mehidy Hasan", "Overs": "8", "Maidens": "0", "Runs": "37", "Wickets": "0", "Economy": "4.62", "Dots": "24"}, {"player_name": "Mosaddek Hossain", "Overs": "6", "Maidens": "0", "Runs": "25", "Wickets": "1", "Economy": "4.16", "Dots": "21"}]}, "Team2": {"Name": "Afghanistan", "score": "200", "overs": "47/50 ov", "rr": "RR: 4.25", "batting": [{"Player Name": "Gulbadin Naib", "Dismissed by": "c Litton Das b Shakib Al Hasan", "Runs": "47", "Balls Faced": "75", "Fours": "3", "Sixes": "0", "Strike Rate": "62.66"}, {"Player Name": "Rahmat Shah", "Dismissed by": "c Tamim Iqbal b Shakib Al Hasan", "Runs": "24", "Balls Faced": "35", "Fours": "3", "Sixes": "0", "Strike Rate": "68.57"}, {"Player Name": "Hashmatullah Shahidi", "Dismissed by": "st Mushfiqur Rahim b Mosaddek Hossain", "Runs": "11", "Balls Faced": "31", "Fours": "0", "Sixes": "0", "Strike Rate": "35.48"}, {"Player Name": "Asghar Afghan", "Dismissed by": "c Sub b Shakib Al Hasan", "Runs": "20", "Balls Faced": "38", "Fours": "1", "Sixes": "0", "Strike Rate": "52.63"}, {"Player Name": "Mohammad Nabi", "Dismissed by": "b Shakib Al Hasan", "Runs": "0", "Balls Faced": "2", "Fours": "0", "Sixes": "0", "Strike Rate": "0.00"}, {"Player Name": "Samiullah Shinwari", "Dismissed by": "", "Runs": "49", "Balls Faced": "51", "Fours": "3", "Sixes": "1", "Strike Rate": "96.07"}, {"Player Name": "Ikram Ali Khil", "Dismissed by": "run out (Litton Das)", "Runs": "11", "Balls Faced": "12", "Fours": "1", "Sixes": "0", "Strike Rate": "91.66"}, {"Player Name": "Najibullah Zadran", "Dismissed by": "st Mushfiqur Rahim b Shakib Al Hasan", "Runs": "23", "Balls Faced": "23", "Fours": "2", "Sixes": "0", "Strike Rate": "100.00"}, {"Player Name": "Rashid Khan", "Dismissed by": "c Mashrafe Mortaza b Mustafizur Rahman", "Runs": "2", "Balls Faced": "3", "Fours": "0", "Sixes": "0", "Strike Rate": "66.66"}, {"Player Name": "Dawlat Zadran", "Dismissed by": "c Mushfiqur Rahim b Mustafizur Rahman", "Runs": "0", "Balls Faced": "8", "Fours": "0", "Sixes": "0", "Strike Rate": "0.00"}, {"Player Name": "Mujeeb Ur Rahman", "Dismissed by": "b Mohammad Saifuddin", "Runs": "0", "Balls Faced": "4", "Fours": "0", "Sixes": "0", "Strike Rate": "0.00"}], "Extras": "Extras (w 6, b 1, lb 6)", "balling": [{"player_name": "Mujeeb Ur Rahman", "Overs": "10", "Maidens": "0", "Runs": "39", "Wickets": "3", "Economy": "3.90", "Dots": "33"}, {"player_name": "Dawlat Zadran", "Overs": "9", "Maidens": "0", "Runs": "64", "Wickets": "1", "Economy": "7.11", "Dots": "23"}, {"player_name": "Mohammad Nabi", "Overs": "10", "Maidens": "0", "Runs": "44", "Wickets": "1", "Economy": "4.40", "Dots": "30"}, {"player_name": "Gulbadin Naib", "Overs": "10", "Maidens": "1", "Runs": "56", "Wickets": "2", "Economy": "5.60", "Dots": "23"}, {"player_name": "Rashid Khan", "Overs": "10", "Maidens": "0", "Runs": "52", "Wickets": "0", "Economy": "5.20", "Dots": "27"}, {"player_name": "Rahmat Shah", "Overs": "1", "Maidens": "0", "Runs": "7", "Wickets": "0", "Economy": "7.00", "Dots": "2"}]}, "match_id": "8222"}