{"date": "03/16/2007 11:00:00 AM", "home": "Netherlands", "away": "South Africa", "place": "Warner Park", "result": "South Africa won by 221 runs", "Team1": {"Name": "Netherlands", "score": "132/9", "overs": "40/50 ov", "rr": "RR: 3.30", "batting": [{"Player Name": "Bastiaan Zuiderent", "Dismissed by": "b Shaun Pollock", "Runs": "1", "Balls Faced": "10", "Fours": "0", "Sixes": "0", "Strike Rate": "10.00"}, {"Player Name": "Darron Reekers", "Dismissed by": "run out (Ashwell Prince)", "Runs": "4", "Balls Faced": "6", "Fours": "1", "Sixes": "0", "Strike Rate": "66.66"}, {"Player Name": "Alexei Kervezee", "Dismissed by": "c Shaun Pollock b Charl Langeveldt", "Runs": "17", "Balls Faced": "52", "Fours": "2", "Sixes": "0", "Strike Rate": "32.69"}, {"Player Name": "Ryan ten Doeschate", "Dismissed by": "run out (AB de Villiers)", "Runs": "57", "Balls Faced": "74", "Fours": "8", "Sixes": "1", "Strike Rate": "77.02"}, {"Player Name": "Daan van Bunge", "Dismissed by": "lbw Andrew Hall", "Runs": "5", "Balls Faced": "16", "Fours": "1", "Sixes": "0", "Strike Rate": "31.25"}, {"Player Name": "Eric Szwarczynski", "Dismissed by": "lbw Graeme Smith", "Runs": "12", "Balls Faced": "31", "Fours": "2", "Sixes": "0", "Strike Rate": "38.70"}, {"Player Name": "Tim de Leede", "Dismissed by": "b Justin Kemp", "Runs": "21", "Balls Faced": "36", "Fours": "2", "Sixes": "0", "Strike Rate": "58.33"}, {"Player Name": "Peter Borren", "Dismissed by": "run out (Graeme Smith)", "Runs": "2", "Balls Faced": "6", "Fours": "0", "Sixes": "0", "Strike Rate": "33.33"}, {"Player Name": "Luuk Troost", "Dismissed by": "c Graeme Smith b Justin Kemp", "Runs": "5", "Balls Faced": "6", "Fours": "1", "Sixes": "0", "Strike Rate": "83.33"}, {"Player Name": "Billy Stelling", "Dismissed by": "", "Runs": "1", "Balls Faced": "4", "Fours": "0", "Sixes": "0", "Strike Rate": "25.00"}, {"Player Name": "Jeroen Smits", "Dismissed by": "", "Runs": "-", "Balls Faced": "-", "Fours": "-", "Sixes": "-", "Strike Rate": "-"}], "Extras": "Extras (nb 1, w 2, lb 4)", "balling": [{"player_name": "Billy Stelling", "Overs": "8", "Maidens": "1", "Runs": "43", "Wickets": "1", "Economy": "5.37", "Dots": "25"}, {"player_name": "Darron Reekers", "Overs": "5", "Maidens": "1", "Runs": "35", "Wickets": "0", "Economy": "7.00", "Dots": "17"}, {"player_name": "Ryan ten Doeschate", "Overs": "7", "Maidens": "0", "Runs": "58", "Wickets": "0", "Economy": "8.28", "Dots": "19"}, {"player_name": "Tim de Leede", "Overs": "4", "Maidens": "0", "Runs": "48", "Wickets": "0", "Economy": "12.00", "Dots": "1"}, {"player_name": "Peter Borren", "Overs": "8", "Maidens": "0", "Runs": "52", "Wickets": "1", "Economy": "6.50", "Dots": "13"}, {"player_name": "Daan van Bunge", "Overs": "4", "Maidens": "0", "Runs": "56", "Wickets": "0", "Economy": "14.00", "Dots": "9"}, {"player_name": "Luuk Troost", "Overs": "4", "Maidens": "0", "Runs": "59", "Wickets": "1", "Economy": "14.75", "Dots": "8"}]}, "Team2": {"Name": "South Africa", "score": "353/3", "overs": "40/50 ov", "rr": "RR: 8.82", "batting": [{"Player Name": "AB de Villiers", "Dismissed by": "c Jeroen Smits b Billy Stelling", "Runs": "0", "Balls Faced": "2", "Fours": "0", "Sixes": "0", "Strike Rate": "0.00"}, {"Player Name": "Graeme Smith", "Dismissed by": "c Daan van Bunge b Peter Borren", "Runs": "67", "Balls Faced": "58", "Fours": "6", "Sixes": "2", "Strike Rate": "115.51"}, {"Player Name": "Jacques Kallis", "Dismissed by": "", "Runs": "128", "Balls Faced": "109", "Fours": "11", "Sixes": "5", "Strike Rate": "117.43"}, {"Player Name": "Herschelle Gibbs", "Dismissed by": "c Eric Szwarczynski b Luuk Troost", "Runs": "72", "Balls Faced": "40", "Fours": "4", "Sixes": "7", "Strike Rate": "180.00"}, {"Player Name": "Mark Boucher", "Dismissed by": "", "Runs": "75", "Balls Faced": "31", "Fours": "9", "Sixes": "4", "Strike Rate": "241.93"}, {"Player Name": "Andrew Hall", "Dismissed by": "", "Runs": "-", "Balls Faced": "-", "Fours": "-", "Sixes": "-", "Strike Rate": "-"}, {"Player Name": "Andre Nel", "Dismissed by": "", "Runs": "-", "Balls Faced": "-", "Fours": "-", "Sixes": "-", "Strike Rate": "-"}, {"Player Name": "Shaun Pollock", "Dismissed by": "", "Runs": "-", "Balls Faced": "-", "Fours": "-", "Sixes": "-", "Strike Rate": "-"}, {"Player Name": "Charl Langeveldt", "Dismissed by": "", "Runs": "-", "Balls Faced": "-", "Fours": "-", "Sixes": "-", "Strike Rate": "-"}, {"Player Name": "Ashwell Prince", "Dismissed by": "", "Runs": "-", "Balls Faced": "-", "Fours": "-", "Sixes": "-", "Strike Rate": "-"}, {"Player Name": "Justin Kemp", "Dismissed by": "", "Runs": "-", "Balls Faced": "-", "Fours": "-", "Sixes": "-", "Strike Rate": "-"}], "Extras": "Extras (nb 1, w 8, lb 2)", "balling": [{"player_name": "Shaun Pollock", "Overs": "5.5", "Maidens": "3", "Runs": "4", "Wickets": "1", "Economy": "0.68", "Dots": "32"}, {"player_name": "Graeme Smith", "Overs": "8.1", "Maidens": "0", "Runs": "32", "Wickets": "1", "Economy": "3.91", "Dots": "31"}, {"player_name": "Andre Nel", "Overs": "6", "Maidens": "1", "Runs": "19", "Wickets": "0", "Economy": "3.16", "Dots": "28"}, {"player_name": "Charl Langeveldt", "Overs": "6", "Maidens": "0", "Runs": "22", "Wickets": "1", "Economy": "3.66", "Dots": "26"}, {"player_name": "Andrew Hall", "Overs": "6", "Maidens": "1", "Runs": "15", "Wickets": "1", "Economy": "2.50", "Dots": "27"}, {"player_name": "Jacques Kallis", "Overs": "4", "Maidens": "0", "Runs": "18", "Wickets": "0", "Economy": "4.50", "Dots": "14"}, {"player_name": "Justin Kemp", "Overs": "4", "Maidens": "0", "Runs": "18", "Wickets": "2", "Economy": "4.50", "Dots": "18"}]}, "match_id": "3130"}