{"date": "09/08/2023 11:30:00 AM", "home": "England", "away": "New Zealand", "place": "Cardiff Wales Stadium", "result": "New Zealand won by 8 wickets", "Team1": {"Name": "England", "score": "291/6", "overs": "50/50 ov", "rr": "RR: 5.82", "batting": [{"Player Name": "Dawid Malan", "Dismissed by": "b Rachin Ravindra", "Runs": "54", "Balls Faced": "53", "Fours": "9", "Sixes": "0", "Strike Rate": "101.88"}, {"Player Name": "Harry Brook", "Dismissed by": "c Tom Latham b Lockie Ferguson", "Runs": "25", "Balls Faced": "41", "Fours": "2", "Sixes": "0", "Strike Rate": "60.97"}, {"Player Name": "Joe Root", "Dismissed by": "c Daryl Mitchell b Rachin Ravindra", "Runs": "6", "Balls Faced": "15", "Fours": "0", "Sixes": "0", "Strike Rate": "40.00"}, {"Player Name": "Ben Stokes", "Dismissed by": "c Henry Nicholls b Rachin Ravindra", "Runs": "52", "Balls Faced": "69", "Fours": "3", "Sixes": "1", "Strike Rate": "75.36"}, {"Player Name": "Jos Buttler", "Dismissed by": "c Lockie Ferguson b Tim Southee", "Runs": "72", "Balls Faced": "68", "Fours": "5", "Sixes": "2", "Strike Rate": "105.88"}, {"Player Name": "Liam Livingstone", "Dismissed by": "c Daryl Mitchell b Tim Southee", "Runs": "52", "Balls Faced": "40", "Fours": "3", "Sixes": "3", "Strike Rate": "130.00"}, {"Player Name": "Chris Woakes", "Dismissed by": "", "Runs": "4", "Balls Faced": "4", "Fours": "0", "Sixes": "0", "Strike Rate": "100.00"}, {"Player Name": "David Willey", "Dismissed by": "", "Runs": "21", "Balls Faced": "11", "Fours": "2", "Sixes": "1", "Strike Rate": "190.90"}, {"Player Name": "Adil Rashid", "Dismissed by": "", "Runs": "-", "Balls Faced": "-", "Fours": "-", "Sixes": "-", "Strike Rate": "-"}, {"Player Name": "Gus Atkinson", "Dismissed by": "", "Runs": "-", "Balls Faced": "-", "Fours": "-", "Sixes": "-", "Strike Rate": "-"}, {"Player Name": "Reece Topley", "Dismissed by": "", "Runs": "-", "Balls Faced": "-", "Fours": "-", "Sixes": "-", "Strike Rate": "-"}], "Extras": "Extras (nb 1, w 4)", "balling": [{"player_name": "Chris Woakes", "Overs": "7", "Maidens": "1", "Runs": "27", "Wickets": "0", "Economy": "3.85", "Dots": "28"}, {"player_name": "Reece Topley", "Overs": "6", "Maidens": "0", "Runs": "47", "Wickets": "0", "Economy": "7.83", "Dots": "18"}, {"player_name": "David Willey", "Overs": "6", "Maidens": "0", "Runs": "32", "Wickets": "1", "Economy": "5.33", "Dots": "21"}, {"player_name": "Adil Rashid", "Overs": "8", "Maidens": "0", "Runs": "70", "Wickets": "1", "Economy": "8.75", "Dots": "17"}, {"player_name": "Joe Root", "Overs": "4", "Maidens": "0", "Runs": "25", "Wickets": "0", "Economy": "6.25", "Dots": "9"}, {"player_name": "Gus Atkinson", "Overs": "7", "Maidens": "0", "Runs": "47", "Wickets": "0", "Economy": "6.71", "Dots": "18"}, {"player_name": "Liam Livingstone", "Overs": "7.4", "Maidens": "0", "Runs": "47", "Wickets": "0", "Economy": "6.13", "Dots": "18"}]}, "Team2": {"Name": "New Zealand", "score": "297/2", "overs": "45.4/50 ov", "rr": "RR: 6.50", "batting": [{"Player Name": "Devon Conway", "Dismissed by": "", "Runs": "111", "Balls Faced": "121", "Fours": "13", "Sixes": "1", "Strike Rate": "91.73"}, {"Player Name": "Will Young", "Dismissed by": "b Adil Rashid", "Runs": "29", "Balls Faced": "33", "Fours": "5", "Sixes": "0", "Strike Rate": "87.87"}, {"Player Name": "Henry Nicholls", "Dismissed by": "c Jos Buttler b David Willey", "Runs": "26", "Balls Faced": "30", "Fours": "3", "Sixes": "0", "Strike Rate": "86.66"}, {"Player Name": "Daryl Mitchell", "Dismissed by": "", "Runs": "118", "Balls Faced": "91", "Fours": "7", "Sixes": "7", "Strike Rate": "129.67"}, {"Player Name": "Tom Latham", "Dismissed by": "", "Runs": "-", "Balls Faced": "-", "Fours": "-", "Sixes": "-", "Strike Rate": "-"}, {"Player Name": "Glenn Phillips", "Dismissed by": "", "Runs": "-", "Balls Faced": "-", "Fours": "-", "Sixes": "-", "Strike Rate": "-"}, {"Player Name": "Rachin Ravindra", "Dismissed by": "", "Runs": "-", "Balls Faced": "-", "Fours": "-", "Sixes": "-", "Strike Rate": "-"}, {"Player Name": "Kyle Jamieson", "Dismissed by": "", "Runs": "-", "Balls Faced": "-", "Fours": "-", "Sixes": "-", "Strike Rate": "-"}, {"Player Name": "Matt Henry", "Dismissed by": "", "Runs": "-", "Balls Faced": "-", "Fours": "-", "Sixes": "-", "Strike Rate": "-"}, {"Player Name": "Tim Southee", "Dismissed by": "", "Runs": "-", "Balls Faced": "-", "Fours": "-", "Sixes": "-", "Strike Rate": "-"}, {"Player Name": "Lockie Ferguson", "Dismissed by": "", "Runs": "-", "Balls Faced": "-", "Fours": "-", "Sixes": "-", "Strike Rate": "-"}], "Extras": "Extras (nb 1, w 10, lb 2)", "balling": [{"player_name": "Tim Southee", "Overs": "10", "Maidens": "0", "Runs": "71", "Wickets": "2", "Economy": "7.10", "Dots": "28"}, {"player_name": "Matt Henry", "Overs": "10", "Maidens": "0", "Runs": "45", "Wickets": "0", "Economy": "4.50", "Dots": "26"}, {"player_name": "Kyle Jamieson", "Overs": "7", "Maidens": "0", "Runs": "61", "Wickets": "0", "Economy": "8.71", "Dots": "14"}, {"player_name": "Lockie Ferguson", "Overs": "9", "Maidens": "0", "Runs": "50", "Wickets": "1", "Economy": "5.55", "Dots": "22"}, {"player_name": "Rachin Ravindra", "Overs": "10", "Maidens": "0", "Runs": "48", "Wickets": "3", "Economy": "4.80", "Dots": "30"}, {"player_name": "Glenn Phillips", "Overs": "4", "Maidens": "0", "Runs": "16", "Wickets": "0", "Economy": "4.00", "Dots": "11"}]}, "match_id": "101733"}