{"date": "04/02/2021 08:00:00 AM", "home": "South Africa", "away": "Pakistan", "place": "Supersport Park", "result": "Pakistan win by 3 wickets", "Team1": {"Name": "South Africa", "score": "273/6", "overs": "50/50 ov", "rr": "RR: 5.46", "batting": [{"Player Name": "Aiden Markram", "Dismissed by": "c Faheem Ashraf b Shaheen Afridi", "Runs": "19", "Balls Faced": "23", "Fours": "3", "Sixes": "1", "Strike Rate": "82.60"}, {"Player Name": "Quinton de Kock", "Dismissed by": "c Babar Azam b Shaheen Afridi", "Runs": "20", "Balls Faced": "18", "Fours": "3", "Sixes": "1", "Strike Rate": "111.11"}, {"Player Name": "Temba Bavuma", "Dismissed by": "c Shaheen Afridi b Mohammad Hasnain", "Runs": "1", "Balls Faced": "4", "Fours": "0", "Sixes": "0", "Strike Rate": "25.00"}, {"Player Name": "Rassie van der Dussen", "Dismissed by": "", "Runs": "123", "Balls Faced": "134", "Fours": "10", "Sixes": "2", "Strike Rate": "91.79"}, {"Player Name": "Heinrich Klaasen", "Dismissed by": "c Mohammad Rizwan b Faheem Ashraf", "Runs": "1", "Balls Faced": "21", "Fours": "0", "Sixes": "0", "Strike Rate": "4.76"}, {"Player Name": "David Miller", "Dismissed by": "c Mohammad Rizwan b Haris Rauf", "Runs": "50", "Balls Faced": "56", "Fours": "5", "Sixes": "0", "Strike Rate": "89.28"}, {"Player Name": "Andile Phehlukwayo", "Dismissed by": "c Shadab Khan b Haris Rauf", "Runs": "29", "Balls Faced": "34", "Fours": "4", "Sixes": "0", "Strike Rate": "85.29"}, {"Player Name": "Kagiso Rabada", "Dismissed by": "", "Runs": "13", "Balls Faced": "10", "Fours": "2", "Sixes": "0", "Strike Rate": "130.00"}, {"Player Name": "Anrich Nortje", "Dismissed by": "", "Runs": "-", "Balls Faced": "-", "Fours": "-", "Sixes": "-", "Strike Rate": "-"}, {"Player Name": "Lungi Ngidi", "Dismissed by": "", "Runs": "-", "Balls Faced": "-", "Fours": "-", "Sixes": "-", "Strike Rate": "-"}, {"Player Name": "Tabraiz Shamsi", "Dismissed by": "", "Runs": "-", "Balls Faced": "-", "Fours": "-", "Sixes": "-", "Strike Rate": "-"}], "Extras": "Extras (nb 1, w 14, lb 2)", "balling": [{"player_name": "Kagiso Rabada", "Overs": "10", "Maidens": "1", "Runs": "51", "Wickets": "1", "Economy": "5.10", "Dots": "40"}, {"player_name": "Lungi Ngidi", "Overs": "10", "Maidens": "1", "Runs": "65", "Wickets": "0", "Economy": "6.50", "Dots": "29"}, {"player_name": "Anrich Nortje", "Overs": "10", "Maidens": "0", "Runs": "51", "Wickets": "4", "Economy": "5.10", "Dots": "33"}, {"player_name": "Andile Phehlukwayo", "Overs": "10", "Maidens": "0", "Runs": "56", "Wickets": "2", "Economy": "5.60", "Dots": "23"}, {"player_name": "Tabraiz Shamsi", "Overs": "10", "Maidens": "0", "Runs": "51", "Wickets": "0", "Economy": "5.10", "Dots": "27"}]}, "Team2": {"Name": "Pakistan", "score": "274/7", "overs": "50/50 ov", "rr": "RR: 5.48", "batting": [{"Player Name": "Imam-ul-Haq", "Dismissed by": "c Kagiso Rabada b Anrich Nortje", "Runs": "70", "Balls Faced": "80", "Fours": "3", "Sixes": "1", "Strike Rate": "87.50"}, {"Player Name": "Fakhar Zaman", "Dismissed by": "b Kagiso Rabada", "Runs": "8", "Balls Faced": "12", "Fours": "1", "Sixes": "0", "Strike Rate": "66.66"}, {"Player Name": "Babar Azam", "Dismissed by": "c Quinton de Kock b Anrich Nortje", "Runs": "103", "Balls Faced": "104", "Fours": "17", "Sixes": "0", "Strike Rate": "99.03"}, {"Player Name": "Mohammad Rizwan", "Dismissed by": "c Kagiso Rabada b Andile Phehlukwayo", "Runs": "40", "Balls Faced": "52", "Fours": "4", "Sixes": "0", "Strike Rate": "76.92"}, {"Player Name": "Danish Aziz", "Dismissed by": "c Quinton de Kock b Anrich Nortje", "Runs": "3", "Balls Faced": "6", "Fours": "0", "Sixes": "0", "Strike Rate": "50.00"}, {"Player Name": "Asif Ali", "Dismissed by": "c Andile Phehlukwayo b Anrich Nortje", "Runs": "2", "Balls Faced": "7", "Fours": "0", "Sixes": "0", "Strike Rate": "28.57"}, {"Player Name": "Shadab Khan", "Dismissed by": "c Rassie van der Dussen b Andile Phehlukwayo", "Runs": "33", "Balls Faced": "30", "Fours": "2", "Sixes": "1", "Strike Rate": "110.00"}, {"Player Name": "Faheem Ashraf", "Dismissed by": "", "Runs": "5", "Balls Faced": "10", "Fours": "0", "Sixes": "0", "Strike Rate": "50.00"}, {"Player Name": "Shaheen Afridi", "Dismissed by": "", "Runs": "0", "Balls Faced": "0", "Fours": "0", "Sixes": "0", "Strike Rate": "-"}, {"Player Name": "Mohammad Hasnain", "Dismissed by": "", "Runs": "-", "Balls Faced": "-", "Fours": "-", "Sixes": "-", "Strike Rate": "-"}, {"Player Name": "Haris Rauf", "Dismissed by": "", "Runs": "-", "Balls Faced": "-", "Fours": "-", "Sixes": "-", "Strike Rate": "-"}], "Extras": "Extras (nb 1, w 9)", "balling": [{"player_name": "Shaheen Afridi", "Overs": "10", "Maidens": "1", "Runs": "61", "Wickets": "2", "Economy": "6.10", "Dots": "34"}, {"player_name": "Mohammad Hasnain", "Overs": "10", "Maidens": "2", "Runs": "52", "Wickets": "1", "Economy": "5.20", "Dots": "37"}, {"player_name": "Faheem Ashraf", "Overs": "9", "Maidens": "0", "Runs": "25", "Wickets": "1", "Economy": "2.77", "Dots": "37"}, {"player_name": "Haris Rauf", "Overs": "10", "Maidens": "0", "Runs": "72", "Wickets": "2", "Economy": "7.20", "Dots": "23"}, {"player_name": "Shadab Khan", "Overs": "8", "Maidens": "0", "Runs": "45", "Wickets": "0", "Economy": "5.62", "Dots": "20"}, {"player_name": "Danish Aziz", "Overs": "3", "Maidens": "0", "Runs": "16", "Wickets": "0", "Economy": "5.33", "Dots": "8"}]}, "match_id": "23179"}