{"date": "01/21/2022 08:30:00 AM", "home": "South Africa", "away": "India", "place": "Boland Park", "result": "South Africa won by 7 wickets", "Team1": {"Name": "South Africa", "score": "288/3", "overs": "48.1/50 ov", "rr": "RR: 5.97", "batting": [{"Player Name": "Quinton de Kock", "Dismissed by": "lbw Shardul Thakur", "Runs": "78", "Balls Faced": "66", "Fours": "7", "Sixes": "3", "Strike Rate": "118.18"}, {"Player Name": "Janneman Malan", "Dismissed by": "b Jasprit Bumrah", "Runs": "91", "Balls Faced": "108", "Fours": "8", "Sixes": "1", "Strike Rate": "84.25"}, {"Player Name": "Temba Bavuma", "Dismissed by": "c & b Yuzvendra Chahal", "Runs": "35", "Balls Faced": "36", "Fours": "3", "Sixes": "0", "Strike Rate": "97.22"}, {"Player Name": "Aiden Markram", "Dismissed by": "", "Runs": "37", "Balls Faced": "41", "Fours": "4", "Sixes": "0", "Strike Rate": "90.24"}, {"Player Name": "Rassie van der Dussen", "Dismissed by": "", "Runs": "37", "Balls Faced": "38", "Fours": "2", "Sixes": "0", "Strike Rate": "97.36"}, {"Player Name": "David Miller", "Dismissed by": "", "Runs": "-", "Balls Faced": "-", "Fours": "-", "Sixes": "-", "Strike Rate": "-"}, {"Player Name": "Andile Phehlukwayo", "Dismissed by": "", "Runs": "-", "Balls Faced": "-", "Fours": "-", "Sixes": "-", "Strike Rate": "-"}, {"Player Name": "Keshav Maharaj", "Dismissed by": "", "Runs": "-", "Balls Faced": "-", "Fours": "-", "Sixes": "-", "Strike Rate": "-"}, {"Player Name": "Sisanda Magala", "Dismissed by": "", "Runs": "-", "Balls Faced": "-", "Fours": "-", "Sixes": "-", "Strike Rate": "-"}, {"Player Name": "Lungi Ngidi", "Dismissed by": "", "Runs": "-", "Balls Faced": "-", "Fours": "-", "Sixes": "-", "Strike Rate": "-"}, {"Player Name": "Tabraiz Shamsi", "Dismissed by": "", "Runs": "-", "Balls Faced": "-", "Fours": "-", "Sixes": "-", "Strike Rate": "-"}], "Extras": "Extras (w 5, b 4, lb 1)", "balling": [{"player_name": "Lungi Ngidi", "Overs": "8", "Maidens": "0", "Runs": "35", "Wickets": "0", "Economy": "4.37", "Dots": "28"}, {"player_name": "Sisanda Magala", "Overs": "8", "Maidens": "0", "Runs": "64", "Wickets": "1", "Economy": "8.00", "Dots": "19"}, {"player_name": "Aiden Markram", "Overs": "8", "Maidens": "0", "Runs": "34", "Wickets": "1", "Economy": "4.25", "Dots": "26"}, {"player_name": "Keshav Maharaj", "Overs": "9", "Maidens": "0", "Runs": "52", "Wickets": "1", "Economy": "5.77", "Dots": "23"}, {"player_name": "Andile Phehlukwayo", "Overs": "8", "Maidens": "0", "Runs": "44", "Wickets": "1", "Economy": "5.50", "Dots": "20"}, {"player_name": "Tabraiz Shamsi", "Overs": "9", "Maidens": "0", "Runs": "57", "Wickets": "2", "Economy": "6.33", "Dots": "26"}]}, "Team2": {"Name": "India", "score": "287/6", "overs": "50/50 ov", "rr": "RR: 5.74", "batting": [{"Player Name": "KL Rahul", "Dismissed by": "c Rassie van der Dussen b Sisanda Magala", "Runs": "55", "Balls Faced": "79", "Fours": "4", "Sixes": "0", "Strike Rate": "69.62"}, {"Player Name": "Shikhar Dhawan", "Dismissed by": "c Sisanda Magala b Aiden Markram", "Runs": "29", "Balls Faced": "38", "Fours": "5", "Sixes": "0", "Strike Rate": "76.31"}, {"Player Name": "Virat Kohli", "Dismissed by": "c Temba Bavuma b Keshav Maharaj", "Runs": "0", "Balls Faced": "5", "Fours": "0", "Sixes": "0", "Strike Rate": "0.00"}, {"Player Name": "Rishabh Pant", "Dismissed by": "c Aiden Markram b Tabraiz Shamsi", "Runs": "85", "Balls Faced": "71", "Fours": "10", "Sixes": "2", "Strike Rate": "119.71"}, {"Player Name": "Shreyas Iyer", "Dismissed by": "lbw Tabraiz Shamsi", "Runs": "11", "Balls Faced": "14", "Fours": "0", "Sixes": "0", "Strike Rate": "78.57"}, {"Player Name": "Venkatesh Iyer", "Dismissed by": "st Quinton de Kock b Andile Phehlukwayo", "Runs": "22", "Balls Faced": "33", "Fours": "0", "Sixes": "1", "Strike Rate": "66.66"}, {"Player Name": "Shardul Thakur", "Dismissed by": "", "Runs": "40", "Balls Faced": "38", "Fours": "3", "Sixes": "1", "Strike Rate": "105.26"}, {"Player Name": "Ravichandran Ashwin", "Dismissed by": "", "Runs": "25", "Balls Faced": "24", "Fours": "1", "Sixes": "1", "Strike Rate": "104.16"}, {"Player Name": "Bhuvneshwar Kumar", "Dismissed by": "", "Runs": "-", "Balls Faced": "-", "Fours": "-", "Sixes": "-", "Strike Rate": "-"}, {"Player Name": "Jasprit Bumrah", "Dismissed by": "", "Runs": "-", "Balls Faced": "-", "Fours": "-", "Sixes": "-", "Strike Rate": "-"}, {"Player Name": "Yuzvendra Chahal", "Dismissed by": "", "Runs": "-", "Balls Faced": "-", "Fours": "-", "Sixes": "-", "Strike Rate": "-"}], "Extras": "Extras (nb 2, w 17, lb 1)", "balling": [{"player_name": "Jasprit Bumrah", "Overs": "10", "Maidens": "0", "Runs": "37", "Wickets": "1", "Economy": "3.70", "Dots": "38"}, {"player_name": "Bhuvneshwar Kumar", "Overs": "8", "Maidens": "0", "Runs": "67", "Wickets": "0", "Economy": "8.37", "Dots": "15"}, {"player_name": "Ravichandran Ashwin", "Overs": "10", "Maidens": "1", "Runs": "68", "Wickets": "0", "Economy": "6.80", "Dots": "24"}, {"player_name": "Yuzvendra Chahal", "Overs": "10", "Maidens": "0", "Runs": "47", "Wickets": "1", "Economy": "4.70", "Dots": "26"}, {"player_name": "Shardul Thakur", "Overs": "5", "Maidens": "0", "Runs": "35", "Wickets": "1", "Economy": "7.00", "Dots": "13"}, {"player_name": "Venkatesh Iyer", "Overs": "5", "Maidens": "0", "Runs": "28", "Wickets": "0", "Economy": "5.60", "Dots": "10"}, {"player_name": "Shreyas Iyer", "Overs": "0.1", "Maidens": "0", "Runs": "1", "Wickets": "0", "Economy": "6.00", "Dots": "0"}]}, "match_id": "33715"}