{"date": "03/14/2011 11:00:00 AM", "home": "Bangladesh", "away": "Netherlands", "place": "Chittagong Divisional Stadium", "result": "Bangladesh won by 6 wickets", "Team1": {"Name": "Bangladesh", "score": "166/4", "overs": "41.2/50 ov", "rr": "RR: 4.01", "batting": [{"Player Name": "Tamim Iqbal", "Dismissed by": "b Mudassar Bukhari", "Runs": "0", "Balls Faced": "4", "Fours": "0", "Sixes": "0", "Strike Rate": "0.00"}, {"Player Name": "Imrul Kayes", "Dismissed by": "", "Runs": "73", "Balls Faced": "113", "Fours": "6", "Sixes": "0", "Strike Rate": "64.60"}, {"Player Name": "Junaid Siddique", "Dismissed by": "c Pieter Seelaar b Peter Borren", "Runs": "35", "Balls Faced": "53", "Fours": "4", "Sixes": "0", "Strike Rate": "66.03"}, {"Player Name": "Shahriar Nafees", "Dismissed by": "b Tom Cooper", "Runs": "37", "Balls Faced": "60", "Fours": "4", "Sixes": "0", "Strike Rate": "61.66"}, {"Player Name": "Shakib Al Hasan", "Dismissed by": "c Ryan ten Doeschate b Tom Cooper", "Runs": "1", "Balls Faced": "7", "Fours": "0", "Sixes": "0", "Strike Rate": "14.28"}, {"Player Name": "Mushfiqur Rahim", "Dismissed by": "", "Runs": "11", "Balls Faced": "12", "Fours": "1", "Sixes": "1", "Strike Rate": "91.66"}, {"Player Name": "Shafiul Islam", "Dismissed by": "", "Runs": "-", "Balls Faced": "-", "Fours": "-", "Sixes": "-", "Strike Rate": "-"}, {"Player Name": "Khan Abdur Razzak", "Dismissed by": "", "Runs": "-", "Balls Faced": "-", "Fours": "-", "Sixes": "-", "Strike Rate": "-"}, {"Player Name": "Mahmudullah", "Dismissed by": "", "Runs": "-", "Balls Faced": "-", "Fours": "-", "Sixes": "-", "Strike Rate": "-"}, {"Player Name": "Suhrawadi Shuvo", "Dismissed by": "", "Runs": "-", "Balls Faced": "-", "Fours": "-", "Sixes": "-", "Strike Rate": "-"}, {"Player Name": "Rubel Hossain", "Dismissed by": "", "Runs": "-", "Balls Faced": "-", "Fours": "-", "Sixes": "-", "Strike Rate": "-"}], "Extras": "Extras (nb 1, w 3, b 2, lb 3)", "balling": [{"player_name": "Shafiul Islam", "Overs": "9.2", "Maidens": "3", "Runs": "15", "Wickets": "0", "Economy": "1.60", "Dots": "44"}, {"player_name": "Khan Abdur Razzak", "Overs": "10", "Maidens": "2", "Runs": "29", "Wickets": "3", "Economy": "2.90", "Dots": "41"}, {"player_name": "Shakib Al Hasan", "Overs": "8", "Maidens": "0", "Runs": "38", "Wickets": "1", "Economy": "4.75", "Dots": "29"}, {"player_name": "Rubel Hossain", "Overs": "9", "Maidens": "0", "Runs": "36", "Wickets": "1", "Economy": "4.00", "Dots": "34"}, {"player_name": "Suhrawadi Shuvo", "Overs": "10", "Maidens": "1", "Runs": "33", "Wickets": "1", "Economy": "3.30", "Dots": "37"}]}, "Team2": {"Name": "Netherlands", "score": "160", "overs": "46.2/50 ov", "rr": "RR: 3.45", "batting": [{"Player Name": "Eric Szwarczynski", "Dismissed by": "run out (Shakib Al Hasan)", "Runs": "28", "Balls Faced": "63", "Fours": "0", "Sixes": "1", "Strike Rate": "44.44"}, {"Player Name": "Wesley Barresi", "Dismissed by": "lbw Shakib Al Hasan", "Runs": "10", "Balls Faced": "29", "Fours": "1", "Sixes": "0", "Strike Rate": "34.48"}, {"Player Name": "Mudassar Bukhari", "Dismissed by": "c Mushfiqur Rahim b Khan Abdur Razzak", "Runs": "6", "Balls Faced": "13", "Fours": "1", "Sixes": "0", "Strike Rate": "46.15"}, {"Player Name": "Tom Cooper", "Dismissed by": "run out (Mushfiqur Rahim)", "Runs": "29", "Balls Faced": "41", "Fours": "2", "Sixes": "0", "Strike Rate": "70.73"}, {"Player Name": "Ryan ten Doeschate", "Dismissed by": "", "Runs": "53", "Balls Faced": "71", "Fours": "2", "Sixes": "1", "Strike Rate": "74.64"}, {"Player Name": "Alexei Kervezee", "Dismissed by": "st Mushfiqur Rahim b Suhrawadi Shuvo", "Runs": "18", "Balls Faced": "24", "Fours": "2", "Sixes": "0", "Strike Rate": "75.00"}, {"Player Name": "Tom de Grooth", "Dismissed by": "lbw Khan Abdur Razzak", "Runs": "4", "Balls Faced": "15", "Fours": "0", "Sixes": "0", "Strike Rate": "26.66"}, {"Player Name": "Atse Buurman", "Dismissed by": "c Imrul Kayes b Khan Abdur Razzak", "Runs": "0", "Balls Faced": "2", "Fours": "0", "Sixes": "0", "Strike Rate": "0.00"}, {"Player Name": "Peter Borren", "Dismissed by": "run out (Suhrawadi Shuvo)", "Runs": "3", "Balls Faced": "9", "Fours": "0", "Sixes": "0", "Strike Rate": "33.33"}, {"Player Name": "Pieter Seelaar", "Dismissed by": "lbw Rubel Hossain", "Runs": "0", "Balls Faced": "6", "Fours": "0", "Sixes": "0", "Strike Rate": "0.00"}, {"Player Name": "Adeel Raja", "Dismissed by": "run out (Shahriar Nafees)", "Runs": "0", "Balls Faced": "5", "Fours": "0", "Sixes": "0", "Strike Rate": "0.00"}], "Extras": "Extras (lb 9)", "balling": [{"player_name": "Mudassar Bukhari", "Overs": "6", "Maidens": "2", "Runs": "14", "Wickets": "1", "Economy": "2.33", "Dots": "31"}, {"player_name": "Adeel Raja", "Overs": "7", "Maidens": "0", "Runs": "31", "Wickets": "0", "Economy": "4.42", "Dots": "26"}, {"player_name": "Ryan ten Doeschate", "Overs": "6", "Maidens": "1", "Runs": "30", "Wickets": "0", "Economy": "5.00", "Dots": "23"}, {"player_name": "Pieter Seelaar", "Overs": "10", "Maidens": "1", "Runs": "25", "Wickets": "0", "Economy": "2.50", "Dots": "40"}, {"player_name": "Peter Borren", "Overs": "5", "Maidens": "0", "Runs": "28", "Wickets": "1", "Economy": "5.60", "Dots": "12"}, {"player_name": "Tom Cooper", "Overs": "7.2", "Maidens": "2", "Runs": "33", "Wickets": "2", "Economy": "4.50", "Dots": "29"}]}, "match_id": "3207"}