{"date": "11/25/2022 01:30:00 AM", "home": "New Zealand", "away": "India", "place": "Eden Park", "result": "New Zealand won by 7 wickets", "Team1": {"Name": "New Zealand", "score": "309/3", "overs": "47.1/50 ov", "rr": "RR: 6.55", "batting": [{"Player Name": "Finn Allen", "Dismissed by": "c Rishabh Pant b Shardul Thakur", "Runs": "22", "Balls Faced": "25", "Fours": "2", "Sixes": "1", "Strike Rate": "88.00"}, {"Player Name": "Devon Conway", "Dismissed by": "c Rishabh Pant b Umran Malik", "Runs": "24", "Balls Faced": "42", "Fours": "3", "Sixes": "0", "Strike Rate": "57.14"}, {"Player Name": "Kane Williamson", "Dismissed by": "", "Runs": "94", "Balls Faced": "98", "Fours": "7", "Sixes": "1", "Strike Rate": "95.91"}, {"Player Name": "Daryl Mitchell", "Dismissed by": "c Deepak Hooda b Umran Malik", "Runs": "11", "Balls Faced": "16", "Fours": "0", "Sixes": "1", "Strike Rate": "68.75"}, {"Player Name": "Tom Latham", "Dismissed by": "", "Runs": "145", "Balls Faced": "104", "Fours": "19", "Sixes": "5", "Strike Rate": "139.42"}, {"Player Name": "Glenn Phillips", "Dismissed by": "", "Runs": "-", "Balls Faced": "-", "Fours": "-", "Sixes": "-", "Strike Rate": "-"}, {"Player Name": "Mitch Santner", "Dismissed by": "", "Runs": "-", "Balls Faced": "-", "Fours": "-", "Sixes": "-", "Strike Rate": "-"}, {"Player Name": "Adam Milne", "Dismissed by": "", "Runs": "-", "Balls Faced": "-", "Fours": "-", "Sixes": "-", "Strike Rate": "-"}, {"Player Name": "Matt Henry", "Dismissed by": "", "Runs": "-", "Balls Faced": "-", "Fours": "-", "Sixes": "-", "Strike Rate": "-"}, {"Player Name": "Tim Southee", "Dismissed by": "", "Runs": "-", "Balls Faced": "-", "Fours": "-", "Sixes": "-", "Strike Rate": "-"}, {"Player Name": "Lockie Ferguson", "Dismissed by": "", "Runs": "-", "Balls Faced": "-", "Fours": "-", "Sixes": "-", "Strike Rate": "-"}], "Extras": "Extras (nb 2, w 8, lb 3)", "balling": [{"player_name": "Tim Southee", "Overs": "10", "Maidens": "0", "Runs": "73", "Wickets": "3", "Economy": "7.30", "Dots": "27"}, {"player_name": "Matt Henry", "Overs": "10", "Maidens": "1", "Runs": "48", "Wickets": "0", "Economy": "4.80", "Dots": "39"}, {"player_name": "Lockie Ferguson", "Overs": "10", "Maidens": "1", "Runs": "59", "Wickets": "3", "Economy": "5.90", "Dots": "32"}, {"player_name": "Mitch Santner", "Overs": "10", "Maidens": "0", "Runs": "56", "Wickets": "0", "Economy": "5.60", "Dots": "25"}, {"player_name": "Adam Milne", "Overs": "10", "Maidens": "0", "Runs": "67", "Wickets": "1", "Economy": "6.70", "Dots": "31"}]}, "Team2": {"Name": "India", "score": "306/7", "overs": "50/50 ov", "rr": "RR: 6.12", "batting": [{"Player Name": "Shikhar Dhawan", "Dismissed by": "c Finn Allen b Tim Southee", "Runs": "72", "Balls Faced": "77", "Fours": "13", "Sixes": "0", "Strike Rate": "93.50"}, {"Player Name": "Shubman Gill", "Dismissed by": "c Devon Conway b Lockie Ferguson", "Runs": "50", "Balls Faced": "65", "Fours": "1", "Sixes": "3", "Strike Rate": "76.92"}, {"Player Name": "Shreyas Iyer", "Dismissed by": "c Devon Conway b Tim Southee", "Runs": "80", "Balls Faced": "76", "Fours": "4", "Sixes": "4", "Strike Rate": "105.26"}, {"Player Name": "Rishabh Pant", "Dismissed by": "b Lockie Ferguson", "Runs": "15", "Balls Faced": "23", "Fours": "2", "Sixes": "0", "Strike Rate": "65.21"}, {"Player Name": "Suryakumar Yadav", "Dismissed by": "c Finn Allen b Lockie Ferguson", "Runs": "4", "Balls Faced": "3", "Fours": "1", "Sixes": "0", "Strike Rate": "133.33"}, {"Player Name": "Sanju Samson", "Dismissed by": "c Glenn Phillips b Adam Milne", "Runs": "36", "Balls Faced": "38", "Fours": "4", "Sixes": "0", "Strike Rate": "94.73"}, {"Player Name": "Washington Sundar", "Dismissed by": "", "Runs": "37", "Balls Faced": "16", "Fours": "3", "Sixes": "3", "Strike Rate": "231.25"}, {"Player Name": "Shardul Thakur", "Dismissed by": "c Tom Latham b Tim Southee", "Runs": "1", "Balls Faced": "2", "Fours": "0", "Sixes": "0", "Strike Rate": "50.00"}, {"Player Name": "Umran Malik", "Dismissed by": "", "Runs": "-", "Balls Faced": "-", "Fours": "-", "Sixes": "-", "Strike Rate": "-"}, {"Player Name": "Arshdeep Singh", "Dismissed by": "", "Runs": "-", "Balls Faced": "-", "Fours": "-", "Sixes": "-", "Strike Rate": "-"}, {"Player Name": "Yuzvendra Chahal", "Dismissed by": "", "Runs": "-", "Balls Faced": "-", "Fours": "-", "Sixes": "-", "Strike Rate": "-"}], "Extras": "Extras (w 8, b 2, lb 1)", "balling": [{"player_name": "Arshdeep Singh", "Overs": "8.1", "Maidens": "0", "Runs": "68", "Wickets": "0", "Economy": "8.32", "Dots": "22"}, {"player_name": "Shardul Thakur", "Overs": "9", "Maidens": "1", "Runs": "63", "Wickets": "1", "Economy": "7.00", "Dots": "31"}, {"player_name": "Washington Sundar", "Overs": "10", "Maidens": "0", "Runs": "42", "Wickets": "0", "Economy": "4.20", "Dots": "31"}, {"player_name": "Umran Malik", "Overs": "10", "Maidens": "0", "Runs": "66", "Wickets": "2", "Economy": "6.60", "Dots": "30"}, {"player_name": "Yuzvendra Chahal", "Overs": "10", "Maidens": "0", "Runs": "67", "Wickets": "0", "Economy": "6.70", "Dots": "25"}]}, "match_id": "100836"}