{"date": "03/23/2021 01:00:00 AM", "home": "New Zealand", "away": "Bangladesh", "place": "Hagley Oval", "result": "New Zealand win by 5 wickets", "Team1": {"Name": "New Zealand", "score": "275/5", "overs": "48.2/50 ov", "rr": "RR: 5.68", "batting": [{"Player Name": "Martin Guptill", "Dismissed by": "c & b Mustafizur Rahman", "Runs": "20", "Balls Faced": "24", "Fours": "3", "Sixes": "1", "Strike Rate": "83.33"}, {"Player Name": "Henry Nicholls", "Dismissed by": "b Mahedi Hasan", "Runs": "13", "Balls Faced": "18", "Fours": "1", "Sixes": "0", "Strike Rate": "72.22"}, {"Player Name": "Devon Conway", "Dismissed by": "run out (Tamim Iqbal)", "Runs": "72", "Balls Faced": "93", "Fours": "7", "Sixes": "0", "Strike Rate": "77.41"}, {"Player Name": "Will Young", "Dismissed by": "b Mahedi Hasan", "Runs": "1", "Balls Faced": "7", "Fours": "0", "Sixes": "0", "Strike Rate": "14.28"}, {"Player Name": "Tom Latham", "Dismissed by": "", "Runs": "110", "Balls Faced": "108", "Fours": "10", "Sixes": "0", "Strike Rate": "101.85"}, {"Player Name": "Jimmy Neesham", "Dismissed by": "c Soumya Sarkar b Mustafizur Rahman", "Runs": "30", "Balls Faced": "34", "Fours": "2", "Sixes": "0", "Strike Rate": "88.23"}, {"Player Name": "Daryl Mitchell", "Dismissed by": "", "Runs": "12", "Balls Faced": "6", "Fours": "2", "Sixes": "0", "Strike Rate": "200.00"}, {"Player Name": "Mitchell Santner", "Dismissed by": "", "Runs": "-", "Balls Faced": "-", "Fours": "-", "Sixes": "-", "Strike Rate": "-"}, {"Player Name": "Kyle Jamieson", "Dismissed by": "", "Runs": "-", "Balls Faced": "-", "Fours": "-", "Sixes": "-", "Strike Rate": "-"}, {"Player Name": "Matt Henry", "Dismissed by": "", "Runs": "-", "Balls Faced": "-", "Fours": "-", "Sixes": "-", "Strike Rate": "-"}, {"Player Name": "Trent Boult", "Dismissed by": "", "Runs": "-", "Balls Faced": "-", "Fours": "-", "Sixes": "-", "Strike Rate": "-"}], "Extras": "Extras (w 13, lb 4)", "balling": [{"player_name": "Trent Boult", "Overs": "10", "Maidens": "0", "Runs": "49", "Wickets": "1", "Economy": "4.90", "Dots": "32"}, {"player_name": "Matt Henry", "Overs": "10", "Maidens": "3", "Runs": "48", "Wickets": "1", "Economy": "4.80", "Dots": "41"}, {"player_name": "Kyle Jamieson", "Overs": "10", "Maidens": "2", "Runs": "36", "Wickets": "1", "Economy": "3.60", "Dots": "37"}, {"player_name": "Jimmy Neesham", "Overs": "9", "Maidens": "0", "Runs": "73", "Wickets": "0", "Economy": "8.11", "Dots": "23"}, {"player_name": "Mitchell Santner", "Overs": "10", "Maidens": "0", "Runs": "51", "Wickets": "2", "Economy": "5.10", "Dots": "32"}, {"player_name": "Daryl Mitchell", "Overs": "1", "Maidens": "0", "Runs": "8", "Wickets": "0", "Economy": "8.00", "Dots": "3"}]}, "Team2": {"Name": "Bangladesh", "score": "271/6", "overs": "50/50 ov", "rr": "RR: 5.42", "batting": [{"Player Name": "Tamim Iqbal", "Dismissed by": "run out (Jimmy Neesham)", "Runs": "78", "Balls Faced": "108", "Fours": "11", "Sixes": "0", "Strike Rate": "72.22"}, {"Player Name": "Litton Das", "Dismissed by": "c Will Young b Matt Henry", "Runs": "0", "Balls Faced": "4", "Fours": "0", "Sixes": "0", "Strike Rate": "0.00"}, {"Player Name": "Soumya Sarkar", "Dismissed by": "st Tom Latham b Mitchell Santner", "Runs": "32", "Balls Faced": "46", "Fours": "3", "Sixes": "1", "Strike Rate": "69.56"}, {"Player Name": "Mushfiqur Rahim", "Dismissed by": "c Henry Nicholls b Mitchell Santner", "Runs": "34", "Balls Faced": "59", "Fours": "3", "Sixes": "0", "Strike Rate": "57.62"}, {"Player Name": "Mohammad Mithun", "Dismissed by": "", "Runs": "73", "Balls Faced": "57", "Fours": "6", "Sixes": "2", "Strike Rate": "128.07"}, {"Player Name": "Mahmudullah", "Dismissed by": "c Martin Guptill b Kyle Jamieson", "Runs": "16", "Balls Faced": "18", "Fours": "1", "Sixes": "0", "Strike Rate": "88.88"}, {"Player Name": "Mahedi Hasan", "Dismissed by": "c Henry Nicholls b Trent Boult", "Runs": "7", "Balls Faced": "5", "Fours": "0", "Sixes": "1", "Strike Rate": "140.00"}, {"Player Name": "Mohammad Saifuddin", "Dismissed by": "", "Runs": "7", "Balls Faced": "4", "Fours": "0", "Sixes": "0", "Strike Rate": "175.00"}, {"Player Name": "Mehidy Hasan", "Dismissed by": "", "Runs": "-", "Balls Faced": "-", "Fours": "-", "Sixes": "-", "Strike Rate": "-"}, {"Player Name": "Taskin Ahmed", "Dismissed by": "", "Runs": "-", "Balls Faced": "-", "Fours": "-", "Sixes": "-", "Strike Rate": "-"}, {"Player Name": "Mustafizur Rahman", "Dismissed by": "", "Runs": "-", "Balls Faced": "-", "Fours": "-", "Sixes": "-", "Strike Rate": "-"}], "Extras": "Extras (nb 1, w 17, lb 6)", "balling": [{"player_name": "Mustafizur Rahman", "Overs": "8.3", "Maidens": "0", "Runs": "62", "Wickets": "2", "Economy": "7.29", "Dots": "20"}, {"player_name": "Taskin Ahmed", "Overs": "10", "Maidens": "0", "Runs": "67", "Wickets": "0", "Economy": "6.70", "Dots": "30"}, {"player_name": "Mahedi Hasan", "Overs": "10", "Maidens": "1", "Runs": "42", "Wickets": "2", "Economy": "4.20", "Dots": "32"}, {"player_name": "Mohammad Saifuddin", "Overs": "7.2", "Maidens": "0", "Runs": "43", "Wickets": "0", "Economy": "5.86", "Dots": "18"}, {"player_name": "Mehidy Hasan", "Overs": "10", "Maidens": "1", "Runs": "38", "Wickets": "0", "Economy": "3.80", "Dots": "32"}, {"player_name": "Mohammad Mithun", "Overs": "2", "Maidens": "0", "Runs": "12", "Wickets": "0", "Economy": "6.00", "Dots": "6"}, {"player_name": "Soumya Sarkar", "Overs": "0.3", "Maidens": "0", "Runs": "7", "Wickets": "0", "Economy": "14.00", "Dots": "0"}]}, "match_id": "22390"}