{"date": "03/04/2015 06:30:00 AM", "home": "Australia", "away": "Afghanistan", "place": "WACA", "result": "Australia won by 275 runs", "Team1": {"Name": "Australia", "score": "417/6", "overs": "50/50 ov", "rr": "RR: 8.34", "batting": [{"Player Name": "David Warner", "Dismissed by": "c Mohammad Nabi b Shapoor Zadran", "Runs": "178", "Balls Faced": "133", "Fours": "19", "Sixes": "5", "Strike Rate": "133.83"}, {"Player Name": "Aaron Finch", "Dismissed by": "c Nawroz Mangal b Dawlat Zadran", "Runs": "4", "Balls Faced": "9", "Fours": "0", "Sixes": "0", "Strike Rate": "44.44"}, {"Player Name": "Steve Smith", "Dismissed by": "c Najibullah Zadran b Shapoor Zadran", "Runs": "95", "Balls Faced": "98", "Fours": "8", "Sixes": "1", "Strike Rate": "96.93"}, {"Player Name": "Glenn Maxwell", "Dismissed by": "c Mohammad Nabi b Dawlat Zadran", "Runs": "88", "Balls Faced": "39", "Fours": "6", "Sixes": "7", "Strike Rate": "225.64"}, {"Player Name": "James Faulkner", "Dismissed by": "b Hamid Hassan", "Runs": "7", "Balls Faced": "6", "Fours": "1", "Sixes": "0", "Strike Rate": "116.66"}, {"Player Name": "Mitchell Marsh", "Dismissed by": "c Najibullah Zadran b Nawroz Mangal", "Runs": "8", "Balls Faced": "9", "Fours": "0", "Sixes": "0", "Strike Rate": "88.88"}, {"Player Name": "Brad Haddin", "Dismissed by": "", "Runs": "20", "Balls Faced": "9", "Fours": "2", "Sixes": "1", "Strike Rate": "222.22"}, {"Player Name": "Michael Clarke", "Dismissed by": "", "Runs": "-", "Balls Faced": "-", "Fours": "-", "Sixes": "-", "Strike Rate": "-"}, {"Player Name": "Mitchell Johnson", "Dismissed by": "", "Runs": "-", "Balls Faced": "-", "Fours": "-", "Sixes": "-", "Strike Rate": "-"}, {"Player Name": "Mitchell Starc", "Dismissed by": "", "Runs": "-", "Balls Faced": "-", "Fours": "-", "Sixes": "-", "Strike Rate": "-"}, {"Player Name": "Josh Hazlewood", "Dismissed by": "", "Runs": "-", "Balls Faced": "-", "Fours": "-", "Sixes": "-", "Strike Rate": "-"}], "Extras": "Extras (nb 3, w 7, b 2, lb 5)", "balling": [{"player_name": "Mitchell Starc", "Overs": "6", "Maidens": "0", "Runs": "18", "Wickets": "2", "Economy": "3.00", "Dots": "24"}, {"player_name": "Josh Hazlewood", "Overs": "8", "Maidens": "1", "Runs": "25", "Wickets": "2", "Economy": "3.12", "Dots": "37"}, {"player_name": "Mitchell Johnson", "Overs": "7.3", "Maidens": "0", "Runs": "22", "Wickets": "4", "Economy": "2.93", "Dots": "35"}, {"player_name": "Michael Clarke", "Overs": "5", "Maidens": "0", "Runs": "14", "Wickets": "1", "Economy": "2.80", "Dots": "18"}, {"player_name": "Mitchell Marsh", "Overs": "3", "Maidens": "0", "Runs": "25", "Wickets": "0", "Economy": "8.33", "Dots": "10"}, {"player_name": "James Faulkner", "Overs": "4", "Maidens": "0", "Runs": "8", "Wickets": "0", "Economy": "2.00", "Dots": "19"}, {"player_name": "Glenn Maxwell", "Overs": "4", "Maidens": "1", "Runs": "21", "Wickets": "1", "Economy": "5.25", "Dots": "15"}]}, "Team2": {"Name": "Afghanistan", "score": "142", "overs": "37.3/50 ov", "rr": "RR: 3.78", "batting": [{"Player Name": "Javed Ahmadi", "Dismissed by": "c Michael Clarke b Josh Hazlewood", "Runs": "13", "Balls Faced": "24", "Fours": "1", "Sixes": "0", "Strike Rate": "54.16"}, {"Player Name": "Usman Ghani", "Dismissed by": "c James Faulkner b Mitchell Johnson", "Runs": "12", "Balls Faced": "19", "Fours": "0", "Sixes": "0", "Strike Rate": "63.15"}, {"Player Name": "Nawroz Mangal", "Dismissed by": "c Aaron Finch b Mitchell Johnson", "Runs": "33", "Balls Faced": "35", "Fours": "2", "Sixes": "2", "Strike Rate": "94.28"}, {"Player Name": "Asghar Afghan", "Dismissed by": "c Steve Smith b Mitchell Johnson", "Runs": "4", "Balls Faced": "10", "Fours": "0", "Sixes": "0", "Strike Rate": "40.00"}, {"Player Name": "Samiullah Shinwari", "Dismissed by": "c Mitchell Johnson b Michael Clarke", "Runs": "17", "Balls Faced": "31", "Fours": "2", "Sixes": "0", "Strike Rate": "54.83"}, {"Player Name": "Mohammad Nabi", "Dismissed by": "c Michael Clarke b Glenn Maxwell", "Runs": "2", "Balls Faced": "10", "Fours": "0", "Sixes": "0", "Strike Rate": "20.00"}, {"Player Name": "Najibullah Zadran", "Dismissed by": "b Mitchell Starc", "Runs": "24", "Balls Faced": "31", "Fours": "1", "Sixes": "1", "Strike Rate": "77.41"}, {"Player Name": "Afsar Zazai", "Dismissed by": "c Brad Haddin b Josh Hazlewood", "Runs": "10", "Balls Faced": "40", "Fours": "0", "Sixes": "0", "Strike Rate": "25.00"}, {"Player Name": "Dawlat Zadran", "Dismissed by": "b Mitchell Starc", "Runs": "0", "Balls Faced": "4", "Fours": "0", "Sixes": "0", "Strike Rate": "0.00"}, {"Player Name": "Hamid Hassan", "Dismissed by": "c David Warner b Mitchell Johnson", "Runs": "7", "Balls Faced": "18", "Fours": "0", "Sixes": "0", "Strike Rate": "38.88"}, {"Player Name": "Shapoor Zadran", "Dismissed by": "", "Runs": "0", "Balls Faced": "4", "Fours": "0", "Sixes": "0", "Strike Rate": "0.00"}], "Extras": "Extras (nb 1, w 10, b 4, lb 5)", "balling": [{"player_name": "Dawlat Zadran", "Overs": "10", "Maidens": "1", "Runs": "101", "Wickets": "2", "Economy": "10.10", "Dots": "27"}, {"player_name": "Shapoor Zadran", "Overs": "10", "Maidens": "0", "Runs": "89", "Wickets": "2", "Economy": "8.90", "Dots": "25"}, {"player_name": "Hamid Hassan", "Overs": "10", "Maidens": "0", "Runs": "70", "Wickets": "1", "Economy": "7.00", "Dots": "18"}, {"player_name": "Mohammad Nabi", "Overs": "10", "Maidens": "0", "Runs": "84", "Wickets": "0", "Economy": "8.40", "Dots": "22"}, {"player_name": "Samiullah Shinwari", "Overs": "5", "Maidens": "0", "Runs": "34", "Wickets": "0", "Economy": "6.80", "Dots": "13"}, {"player_name": "Javed Ahmadi", "Overs": "4", "Maidens": "0", "Runs": "18", "Wickets": "0", "Economy": "4.50", "Dots": "8"}, {"player_name": "Nawroz Mangal", "Overs": "1", "Maidens": "0", "Runs": "14", "Wickets": "1", "Economy": "14.00", "Dots": "1"}]}, "match_id": "908"}