{"date": "11/27/2020 03:40:00 AM", "home": "Australia", "away": "India", "place": "SCG", "result": "Australia won by 66 runs", "Team1": {"Name": "Australia", "score": "374/6", "overs": "50/50 ov", "rr": "RR: 7.48", "batting": [{"Player Name": "David Warner", "Dismissed by": "c KL Rahul b Mohammad Shami", "Runs": "69", "Balls Faced": "76", "Fours": "6", "Sixes": "0", "Strike Rate": "90.78"}, {"Player Name": "Aaron Finch", "Dismissed by": "c KL Rahul b Jasprit Bumrah", "Runs": "114", "Balls Faced": "124", "Fours": "9", "Sixes": "2", "Strike Rate": "91.93"}, {"Player Name": "Steve Smith", "Dismissed by": "b Mohammad Shami", "Runs": "105", "Balls Faced": "66", "Fours": "11", "Sixes": "4", "Strike Rate": "159.09"}, {"Player Name": "Marcus Stoinis", "Dismissed by": "c KL Rahul b Yuzvendra Chahal", "Runs": "0", "Balls Faced": "1", "Fours": "0", "Sixes": "0", "Strike Rate": "0.00"}, {"Player Name": "Glenn Maxwell", "Dismissed by": "c Ravindra Jadeja b Mohammad Shami", "Runs": "45", "Balls Faced": "19", "Fours": "5", "Sixes": "3", "Strike Rate": "236.84"}, {"Player Name": "Marnus Labuschagne", "Dismissed by": "c Shikhar Dhawan b Navdeep Saini", "Runs": "2", "Balls Faced": "2", "Fours": "0", "Sixes": "0", "Strike Rate": "100.00"}, {"Player Name": "Alex Carey", "Dismissed by": "", "Runs": "17", "Balls Faced": "13", "Fours": "2", "Sixes": "0", "Strike Rate": "130.76"}, {"Player Name": "Pat Cummins", "Dismissed by": "", "Runs": "1", "Balls Faced": "1", "Fours": "0", "Sixes": "0", "Strike Rate": "100.00"}, {"Player Name": "Mitchell Starc", "Dismissed by": "", "Runs": "-", "Balls Faced": "-", "Fours": "-", "Sixes": "-", "Strike Rate": "-"}, {"Player Name": "Adam Zampa", "Dismissed by": "", "Runs": "-", "Balls Faced": "-", "Fours": "-", "Sixes": "-", "Strike Rate": "-"}, {"Player Name": "Josh Hazlewood", "Dismissed by": "", "Runs": "-", "Balls Faced": "-", "Fours": "-", "Sixes": "-", "Strike Rate": "-"}], "Extras": "Extras (nb 2, w 12, b 1, lb 6)", "balling": [{"player_name": "Mitchell Starc", "Overs": "9", "Maidens": "0", "Runs": "65", "Wickets": "1", "Economy": "7.22", "Dots": "29"}, {"player_name": "Josh Hazlewood", "Overs": "10", "Maidens": "0", "Runs": "55", "Wickets": "3", "Economy": "5.50", "Dots": "31"}, {"player_name": "Pat Cummins", "Overs": "8", "Maidens": "0", "Runs": "52", "Wickets": "0", "Economy": "6.50", "Dots": "26"}, {"player_name": "Adam Zampa", "Overs": "10", "Maidens": "0", "Runs": "54", "Wickets": "4", "Economy": "5.40", "Dots": "26"}, {"player_name": "Marcus Stoinis", "Overs": "6.2", "Maidens": "0", "Runs": "25", "Wickets": "0", "Economy": "3.94", "Dots": "20"}, {"player_name": "Glenn Maxwell", "Overs": "6.4", "Maidens": "0", "Runs": "55", "Wickets": "0", "Economy": "8.25", "Dots": "16"}]}, "Team2": {"Name": "India", "score": "308/8", "overs": "50/50 ov", "rr": "RR: 6.16", "batting": [{"Player Name": "Mayank Agarwal", "Dismissed by": "c Glenn Maxwell b Josh Hazlewood", "Runs": "22", "Balls Faced": "18", "Fours": "2", "Sixes": "1", "Strike Rate": "122.22"}, {"Player Name": "Shikhar Dhawan", "Dismissed by": "c Mitchell Starc b Adam Zampa", "Runs": "74", "Balls Faced": "86", "Fours": "10", "Sixes": "0", "Strike Rate": "86.04"}, {"Player Name": "Virat Kohli", "Dismissed by": "c Aaron Finch b Josh Hazlewood", "Runs": "21", "Balls Faced": "21", "Fours": "2", "Sixes": "1", "Strike Rate": "100.00"}, {"Player Name": "Shreyas Iyer", "Dismissed by": "c Alex Carey b Josh Hazlewood", "Runs": "2", "Balls Faced": "2", "Fours": "0", "Sixes": "0", "Strike Rate": "100.00"}, {"Player Name": "KL Rahul", "Dismissed by": "c Steve Smith b Adam Zampa", "Runs": "12", "Balls Faced": "15", "Fours": "1", "Sixes": "0", "Strike Rate": "80.00"}, {"Player Name": "Hardik Pandya", "Dismissed by": "c Mitchell Starc b Adam Zampa", "Runs": "90", "Balls Faced": "76", "Fours": "7", "Sixes": "4", "Strike Rate": "118.42"}, {"Player Name": "Ravindra Jadeja", "Dismissed by": "c Mitchell Starc b Adam Zampa", "Runs": "25", "Balls Faced": "37", "Fours": "0", "Sixes": "1", "Strike Rate": "67.56"}, {"Player Name": "Navdeep Saini", "Dismissed by": "", "Runs": "29", "Balls Faced": "35", "Fours": "1", "Sixes": "1", "Strike Rate": "82.85"}, {"Player Name": "Mohammad Shami", "Dismissed by": "b Mitchell Starc", "Runs": "13", "Balls Faced": "10", "Fours": "1", "Sixes": "1", "Strike Rate": "130.00"}, {"Player Name": "Jasprit Bumrah", "Dismissed by": "", "Runs": "0", "Balls Faced": "3", "Fours": "0", "Sixes": "0", "Strike Rate": "0.00"}, {"Player Name": "Yuzvendra Chahal", "Dismissed by": "", "Runs": "-", "Balls Faced": "-", "Fours": "-", "Sixes": "-", "Strike Rate": "-"}], "Extras": "Extras (nb 3, w 15, lb 2)", "balling": [{"player_name": "Mohammad Shami", "Overs": "10", "Maidens": "0", "Runs": "59", "Wickets": "3", "Economy": "5.90", "Dots": "30"}, {"player_name": "Jasprit Bumrah", "Overs": "10", "Maidens": "0", "Runs": "73", "Wickets": "1", "Economy": "7.30", "Dots": "25"}, {"player_name": "Navdeep Saini", "Overs": "10", "Maidens": "0", "Runs": "83", "Wickets": "1", "Economy": "8.30", "Dots": "21"}, {"player_name": "Yuzvendra Chahal", "Overs": "10", "Maidens": "0", "Runs": "89", "Wickets": "1", "Economy": "8.90", "Dots": "25"}, {"player_name": "Ravindra Jadeja", "Overs": "10", "Maidens": "0", "Runs": "63", "Wickets": "0", "Economy": "6.30", "Dots": "27"}]}, "match_id": "22401"}