{"date": "01/18/2023 08:00:00 AM", "home": "India", "away": "New Zealand", "place": "Rajiv Gandhi International Stadium", "result": "India won by 12 runs", "Team1": {"Name": "India", "score": "349/8", "overs": "50/50 ov", "rr": "RR: 6.98", "batting": [{"Player Name": "Rohit Sharma", "Dismissed by": "c Daryl Mitchell b Blair Tickner", "Runs": "34", "Balls Faced": "38", "Fours": "4", "Sixes": "2", "Strike Rate": "89.47"}, {"Player Name": "Shubman Gill", "Dismissed by": "c Glenn Phillips b Henry Burton Shipley", "Runs": "208", "Balls Faced": "149", "Fours": "19", "Sixes": "9", "Strike Rate": "139.59"}, {"Player Name": "Virat Kohli", "Dismissed by": "b Mitch Santner", "Runs": "8", "Balls Faced": "10", "Fours": "1", "Sixes": "0", "Strike Rate": "80.00"}, {"Player Name": "Ishan Kishan", "Dismissed by": "c Tom Latham b Lockie Ferguson", "Runs": "5", "Balls Faced": "14", "Fours": "0", "Sixes": "0", "Strike Rate": "35.71"}, {"Player Name": "Suryakumar Yadav", "Dismissed by": "c Mitch Santner b Daryl Mitchell", "Runs": "31", "Balls Faced": "26", "Fours": "4", "Sixes": "0", "Strike Rate": "119.23"}, {"Player Name": "Hardik Pandya", "Dismissed by": "b Daryl Mitchell", "Runs": "28", "Balls Faced": "38", "Fours": "3", "Sixes": "0", "Strike Rate": "73.68"}, {"Player Name": "Washington Sundar", "Dismissed by": "lbw Henry Burton Shipley", "Runs": "12", "Balls Faced": "14", "Fours": "0", "Sixes": "0", "Strike Rate": "85.71"}, {"Player Name": "Shardul Thakur", "Dismissed by": "run out (Mitch Santner/Tom Latham)", "Runs": "3", "Balls Faced": "3", "Fours": "0", "Sixes": "0", "Strike Rate": "100.00"}, {"Player Name": "Kuldeep Yadav", "Dismissed by": "", "Runs": "5", "Balls Faced": "6", "Fours": "0", "Sixes": "0", "Strike Rate": "83.33"}, {"Player Name": "Mohammed Shami", "Dismissed by": "", "Runs": "2", "Balls Faced": "2", "Fours": "0", "Sixes": "0", "Strike Rate": "100.00"}, {"Player Name": "Mohammed Siraj", "Dismissed by": "", "Runs": "-", "Balls Faced": "-", "Fours": "-", "Sixes": "-", "Strike Rate": "-"}], "Extras": "Extras (w 13)", "balling": [{"player_name": "Mohammed Shami", "Overs": "10", "Maidens": "1", "Runs": "69", "Wickets": "1", "Economy": "6.90", "Dots": "30"}, {"player_name": "Mohammed Siraj", "Overs": "10", "Maidens": "2", "Runs": "46", "Wickets": "4", "Economy": "4.60", "Dots": "39"}, {"player_name": "Hardik Pandya", "Overs": "7", "Maidens": "0", "Runs": "70", "Wickets": "1", "Economy": "10.00", "Dots": "14"}, {"player_name": "Kuldeep Yadav", "Overs": "8", "Maidens": "1", "Runs": "43", "Wickets": "2", "Economy": "5.37", "Dots": "29"}, {"player_name": "Shardul Thakur", "Overs": "7.2", "Maidens": "0", "Runs": "54", "Wickets": "2", "Economy": "7.36", "Dots": "27"}, {"player_name": "Washington Sundar", "Overs": "7", "Maidens": "0", "Runs": "50", "Wickets": "0", "Economy": "7.14", "Dots": "18"}]}, "Team2": {"Name": "New Zealand", "score": "337", "overs": "49.2/50 ov", "rr": "RR: 6.83", "batting": [{"Player Name": "Finn Allen", "Dismissed by": "c Shahbaz Ahmed b Shardul Thakur", "Runs": "40", "Balls Faced": "39", "Fours": "7", "Sixes": "1", "Strike Rate": "102.56"}, {"Player Name": "Devon Conway", "Dismissed by": "c Kuldeep Yadav b Mohammed Siraj", "Runs": "10", "Balls Faced": "16", "Fours": "2", "Sixes": "0", "Strike Rate": "62.50"}, {"Player Name": "Henry Nicholls", "Dismissed by": "b Kuldeep Yadav", "Runs": "18", "Balls Faced": "31", "Fours": "3", "Sixes": "0", "Strike Rate": "58.06"}, {"Player Name": "Daryl Mitchell", "Dismissed by": "lbw Kuldeep Yadav", "Runs": "9", "Balls Faced": "12", "Fours": "0", "Sixes": "0", "Strike Rate": "75.00"}, {"Player Name": "Tom Latham", "Dismissed by": "c Washington Sundar b Mohammed Siraj", "Runs": "24", "Balls Faced": "46", "Fours": "3", "Sixes": "0", "Strike Rate": "52.17"}, {"Player Name": "Glenn Phillips", "Dismissed by": "b Mohammed Shami", "Runs": "11", "Balls Faced": "20", "Fours": "0", "Sixes": "1", "Strike Rate": "55.00"}, {"Player Name": "Michael Bracewell", "Dismissed by": "lbw Shardul Thakur", "Runs": "140", "Balls Faced": "78", "Fours": "12", "Sixes": "10", "Strike Rate": "179.48"}, {"Player Name": "Mitch Santner", "Dismissed by": "c Suryakumar Yadav b Mohammed Siraj", "Runs": "57", "Balls Faced": "45", "Fours": "7", "Sixes": "1", "Strike Rate": "126.66"}, {"Player Name": "Henry Burton Shipley", "Dismissed by": "b Mohammed Siraj", "Runs": "0", "Balls Faced": "1", "Fours": "0", "Sixes": "0", "Strike Rate": "0.00"}, {"Player Name": "Lockie Ferguson", "Dismissed by": "c Shubman Gill b Hardik Pandya", "Runs": "8", "Balls Faced": "7", "Fours": "1", "Sixes": "0", "Strike Rate": "114.28"}, {"Player Name": "Blair Tickner", "Dismissed by": "", "Runs": "1", "Balls Faced": "1", "Fours": "0", "Sixes": "0", "Strike Rate": "100.00"}], "Extras": "Extras (w 14, lb 5)", "balling": [{"player_name": "Henry Burton Shipley", "Overs": "9", "Maidens": "0", "Runs": "74", "Wickets": "2", "Economy": "8.22", "Dots": "26"}, {"player_name": "Lockie Ferguson", "Overs": "10", "Maidens": "0", "Runs": "77", "Wickets": "1", "Economy": "7.70", "Dots": "29"}, {"player_name": "Blair Tickner", "Overs": "10", "Maidens": "0", "Runs": "69", "Wickets": "1", "Economy": "6.90", "Dots": "23"}, {"player_name": "Mitch Santner", "Overs": "10", "Maidens": "0", "Runs": "56", "Wickets": "1", "Economy": "5.60", "Dots": "28"}, {"player_name": "Michael Bracewell", "Overs": "6", "Maidens": "0", "Runs": "43", "Wickets": "0", "Economy": "7.16", "Dots": "11"}, {"player_name": "Daryl Mitchell", "Overs": "5", "Maidens": "0", "Runs": "30", "Wickets": "2", "Economy": "6.00", "Dots": "8"}]}, "match_id": "101868"}