{"date": "06/24/2022 09:00:00 AM", "home": "Sri Lanka", "away": "Australia", "place": "R.Premadasa Stadium", "result": "Australia won by 4 wickets", "Team1": {"Name": "Sri Lanka", "score": "160", "overs": "43.1/50 ov", "rr": "RR: 3.70", "batting": [{"Player Name": "Danushka Gunathilaka", "Dismissed by": "c Aaron Finch b Josh Hazlewood", "Runs": "8", "Balls Faced": "14", "Fours": "1", "Sixes": "0", "Strike Rate": "57.14"}, {"Player Name": "Pathum Nissanka", "Dismissed by": "c Alex Carey b Josh Hazlewood", "Runs": "2", "Balls Faced": "4", "Fours": "0", "Sixes": "0", "Strike Rate": "50.00"}, {"Player Name": "Kusal Mendis", "Dismissed by": "Hit wicket", "Runs": "26", "Balls Faced": "40", "Fours": "3", "Sixes": "0", "Strike Rate": "65.00"}, {"Player Name": "Dinesh Chandimal", "Dismissed by": "c Aaron Finch b Pat Cummins", "Runs": "6", "Balls Faced": "11", "Fours": "1", "Sixes": "0", "Strike Rate": "54.54"}, {"Player Name": "Charith Asalanka", "Dismissed by": "run out (Matthew Kuhnemann/Glenn Maxwell)", "Runs": "14", "Balls Faced": "27", "Fours": "1", "Sixes": "0", "Strike Rate": "51.85"}, {"Player Name": "Dasun Shanaka", "Dismissed by": "b Matthew Kuhnemann", "Runs": "1", "Balls Faced": "3", "Fours": "0", "Sixes": "0", "Strike Rate": "33.33"}, {"Player Name": "Dunith Wellalage", "Dismissed by": "c Pat Cummins b Matthew Kuhnemann", "Runs": "4", "Balls Faced": "2", "Fours": "1", "Sixes": "0", "Strike Rate": "200.00"}, {"Player Name": "Chamika Karunaratne", "Dismissed by": "c Alex Carey b Pat Cummins", "Runs": "75", "Balls Faced": "75", "Fours": "8", "Sixes": "2", "Strike Rate": "100.00"}, {"Player Name": "Jeffrey Vandersay", "Dismissed by": "run out (Marnus Labuschagne)", "Runs": "4", "Balls Faced": "23", "Fours": "0", "Sixes": "0", "Strike Rate": "17.39"}, {"Player Name": "Pramod Madushan", "Dismissed by": "c & b Cameron Green", "Runs": "15", "Balls Faced": "52", "Fours": "2", "Sixes": "0", "Strike Rate": "28.84"}, {"Player Name": "Maheesh Theekshana", "Dismissed by": "", "Runs": "2", "Balls Faced": "8", "Fours": "0", "Sixes": "0", "Strike Rate": "25.00"}], "Extras": "Extras (w 3)", "balling": [{"player_name": "Chamika Karunaratne", "Overs": "3", "Maidens": "0", "Runs": "19", "Wickets": "0", "Economy": "6.33", "Dots": "8"}, {"player_name": "Maheesh Theekshana", "Overs": "10", "Maidens": "1", "Runs": "26", "Wickets": "2", "Economy": "2.60", "Dots": "45"}, {"player_name": "Dunith Wellalage", "Overs": "10", "Maidens": "0", "Runs": "42", "Wickets": "3", "Economy": "4.20", "Dots": "35"}, {"player_name": "Jeffrey Vandersay", "Overs": "9.3", "Maidens": "0", "Runs": "46", "Wickets": "0", "Economy": "4.84", "Dots": "31"}, {"player_name": "Pramod Madushan", "Overs": "3", "Maidens": "0", "Runs": "13", "Wickets": "1", "Economy": "4.33", "Dots": "12"}, {"player_name": "Charith Asalanka", "Overs": "4", "Maidens": "0", "Runs": "18", "Wickets": "0", "Economy": "4.50", "Dots": "12"}]}, "Team2": {"Name": "Australia", "score": "164/6", "overs": "39.3/50 ov", "rr": "RR: 4.15", "batting": [{"Player Name": "David Warner", "Dismissed by": "c Danushka Gunathilaka b Dunith Wellalage", "Runs": "10", "Balls Faced": "8", "Fours": "2", "Sixes": "0", "Strike Rate": "125.00"}, {"Player Name": "Aaron Finch", "Dismissed by": "c Charith Asalanka b Maheesh Theekshana", "Runs": "0", "Balls Faced": "3", "Fours": "0", "Sixes": "0", "Strike Rate": "0.00"}, {"Player Name": "Mitchell Marsh", "Dismissed by": "c Pathum Nissanka b Pramod Madushan", "Runs": "24", "Balls Faced": "50", "Fours": "3", "Sixes": "0", "Strike Rate": "48.00"}, {"Player Name": "Josh Inglis", "Dismissed by": "c Pathum Nissanka b Maheesh Theekshana", "Runs": "5", "Balls Faced": "10", "Fours": "1", "Sixes": "0", "Strike Rate": "50.00"}, {"Player Name": "Marnus Labuschagne", "Dismissed by": "lbw Dunith Wellalage", "Runs": "31", "Balls Faced": "58", "Fours": "2", "Sixes": "0", "Strike Rate": "53.44"}, {"Player Name": "Alex Carey", "Dismissed by": "", "Runs": "45", "Balls Faced": "65", "Fours": "1", "Sixes": "0", "Strike Rate": "69.23"}, {"Player Name": "Glenn Maxwell", "Dismissed by": "b Dunith Wellalage", "Runs": "16", "Balls Faced": "17", "Fours": "2", "Sixes": "0", "Strike Rate": "94.11"}, {"Player Name": "Cameron Green", "Dismissed by": "", "Runs": "25", "Balls Faced": "26", "Fours": "3", "Sixes": "1", "Strike Rate": "96.15"}, {"Player Name": "Pat Cummins", "Dismissed by": "", "Runs": "-", "Balls Faced": "-", "Fours": "-", "Sixes": "-", "Strike Rate": "-"}, {"Player Name": "Matthew Kuhnemann", "Dismissed by": "", "Runs": "-", "Balls Faced": "-", "Fours": "-", "Sixes": "-", "Strike Rate": "-"}, {"Player Name": "Josh Hazlewood", "Dismissed by": "", "Runs": "-", "Balls Faced": "-", "Fours": "-", "Sixes": "-", "Strike Rate": "-"}], "Extras": "Extras (w 8)", "balling": [{"player_name": "Josh Hazlewood", "Overs": "7", "Maidens": "3", "Runs": "22", "Wickets": "2", "Economy": "3.14", "Dots": "31"}, {"player_name": "Glenn Maxwell", "Overs": "10", "Maidens": "0", "Runs": "38", "Wickets": "1", "Economy": "3.80", "Dots": "33"}, {"player_name": "Matthew Kuhnemann", "Overs": "10", "Maidens": "3", "Runs": "26", "Wickets": "2", "Economy": "2.60", "Dots": "47"}, {"player_name": "Pat Cummins", "Overs": "6.1", "Maidens": "1", "Runs": "22", "Wickets": "2", "Economy": "3.56", "Dots": "28"}, {"player_name": "Mitchell Marsh", "Overs": "1", "Maidens": "0", "Runs": "3", "Wickets": "0", "Economy": "3.00", "Dots": "4"}, {"player_name": "Marnus Labuschagne", "Overs": "7", "Maidens": "1", "Runs": "36", "Wickets": "0", "Economy": "5.14", "Dots": "29"}, {"player_name": "Cameron Green", "Overs": "2", "Maidens": "0", "Runs": "13", "Wickets": "1", "Economy": "6.50", "Dots": "6"}]}, "match_id": "100570"}