{"date": "10/01/2016 08:30:00 AM", "home": "Bangladesh", "away": "Afghanistan", "place": "Sher-e-Bangla National Cricket Stadium", "result": "Bangladesh won by 141 runs (Bangladesh won the series 2-1)", "Team1": {"Name": "Bangladesh", "score": "279/8", "overs": "50/50 ov", "rr": "RR: 5.58", "batting": [{"Player Name": "Tamim Iqbal", "Dismissed by": "c sub (Naveen-ul-Haq) b Mohammad Nabi", "Runs": "118", "Balls Faced": "118", "Fours": "12", "Sixes": "2", "Strike Rate": "100.00"}, {"Player Name": "Soumya Sarkar", "Dismissed by": "c Mohammad Shahzad b Mirwais Ashraf", "Runs": "11", "Balls Faced": "11", "Fours": "1", "Sixes": "0", "Strike Rate": "100.00"}, {"Player Name": "Sabbir Rahman", "Dismissed by": "c Nawroz Mangal b Rahmat Shah", "Runs": "65", "Balls Faced": "79", "Fours": "6", "Sixes": "3", "Strike Rate": "82.27"}, {"Player Name": "Shakib Al Hasan", "Dismissed by": "c Mohammad Shahzad b Dawlat Zadran", "Runs": "17", "Balls Faced": "35", "Fours": "1", "Sixes": "0", "Strike Rate": "48.57"}, {"Player Name": "Mushfiqur Rahim", "Dismissed by": "lbw Rashid Khan", "Runs": "12", "Balls Faced": "13", "Fours": "1", "Sixes": "0", "Strike Rate": "92.30"}, {"Player Name": "Mahmudullah", "Dismissed by": "", "Runs": "32", "Balls Faced": "22", "Fours": "4", "Sixes": "0", "Strike Rate": "145.45"}, {"Player Name": "Mosaddek Hossain", "Dismissed by": "st Mohammad Shahzad b Rashid Khan", "Runs": "4", "Balls Faced": "4", "Fours": "1", "Sixes": "0", "Strike Rate": "100.00"}, {"Player Name": "Mosharraf Hossain", "Dismissed by": "c Najibullah Zadran b Mohammad Nabi", "Runs": "4", "Balls Faced": "14", "Fours": "0", "Sixes": "0", "Strike Rate": "28.57"}, {"Player Name": "Mashrafe Mortaza", "Dismissed by": "c Nawroz Mangal b Mirwais Ashraf", "Runs": "2", "Balls Faced": "4", "Fours": "0", "Sixes": "0", "Strike Rate": "50.00"}, {"Player Name": "Shafiul Islam", "Dismissed by": "", "Runs": "2", "Balls Faced": "1", "Fours": "0", "Sixes": "0", "Strike Rate": "200.00"}, {"Player Name": "Taskin Ahmed", "Dismissed by": "", "Runs": "-", "Balls Faced": "-", "Fours": "-", "Sixes": "-", "Strike Rate": "-"}], "Extras": "Extras (nb 1, w 8, b 1, lb 2)", "balling": [{"player_name": "Mashrafe Mortaza", "Overs": "6", "Maidens": "2", "Runs": "15", "Wickets": "1", "Economy": "2.50", "Dots": "26"}, {"player_name": "Shafiul Islam", "Overs": "5.5", "Maidens": "0", "Runs": "28", "Wickets": "1", "Economy": "4.80", "Dots": "23"}, {"player_name": "Shakib Al Hasan", "Overs": "6", "Maidens": "0", "Runs": "34", "Wickets": "0", "Economy": "5.66", "Dots": "16"}, {"player_name": "Mosharraf Hossain", "Overs": "8", "Maidens": "1", "Runs": "24", "Wickets": "3", "Economy": "3.00", "Dots": "32"}, {"player_name": "Taskin Ahmed", "Overs": "7", "Maidens": "0", "Runs": "31", "Wickets": "2", "Economy": "4.42", "Dots": "26"}, {"player_name": "Mosaddek Hossain", "Overs": "1", "Maidens": "0", "Runs": "5", "Wickets": "1", "Economy": "5.00", "Dots": "5"}]}, "Team2": {"Name": "Afghanistan", "score": "138", "overs": "33.5/50 ov", "rr": "RR: 4.07", "batting": [{"Player Name": "Mohammad Shahzad", "Dismissed by": "b Mashrafe Mortaza", "Runs": "0", "Balls Faced": "7", "Fours": "0", "Sixes": "0", "Strike Rate": "0.00"}, {"Player Name": "Nawroz Mangal", "Dismissed by": "lbw Mosharraf Hossain", "Runs": "33", "Balls Faced": "38", "Fours": "4", "Sixes": "0", "Strike Rate": "86.84"}, {"Player Name": "Rahmat Shah", "Dismissed by": "c sub (Nasir Hossain) b Taskin Ahmed", "Runs": "36", "Balls Faced": "73", "Fours": "1", "Sixes": "0", "Strike Rate": "49.31"}, {"Player Name": "Hashmatullah Shahidi", "Dismissed by": "c Tamim Iqbal b Mosharraf Hossain", "Runs": "0", "Balls Faced": "3", "Fours": "0", "Sixes": "0", "Strike Rate": "0.00"}, {"Player Name": "Asghar Afghan", "Dismissed by": "run out (Shakib Al Hasan)", "Runs": "1", "Balls Faced": "4", "Fours": "0", "Sixes": "0", "Strike Rate": "25.00"}, {"Player Name": "Samiullah Shinwari", "Dismissed by": "c Mushfiqur Rahim b Taskin Ahmed", "Runs": "13", "Balls Faced": "18", "Fours": "1", "Sixes": "0", "Strike Rate": "72.22"}, {"Player Name": "Mohammad Nabi", "Dismissed by": "c & b Mosharraf Hossain", "Runs": "3", "Balls Faced": "10", "Fours": "0", "Sixes": "0", "Strike Rate": "30.00"}, {"Player Name": "Najibullah Zadran", "Dismissed by": "c Sabbir Rahman b Mosaddek Hossain", "Runs": "26", "Balls Faced": "19", "Fours": "0", "Sixes": "4", "Strike Rate": "136.84"}, {"Player Name": "Rashid Khan", "Dismissed by": "run out (Mahmudullah)", "Runs": "17", "Balls Faced": "22", "Fours": "3", "Sixes": "0", "Strike Rate": "77.27"}, {"Player Name": "Mirwais Ashraf", "Dismissed by": "", "Runs": "4", "Balls Faced": "3", "Fours": "1", "Sixes": "0", "Strike Rate": "133.33"}, {"Player Name": "Dawlat Zadran", "Dismissed by": "c & b Shafiul Islam", "Runs": "0", "Balls Faced": "6", "Fours": "0", "Sixes": "0", "Strike Rate": "0.00"}], "Extras": "Extras (w 4, b 1)", "balling": [{"player_name": "Mohammad Nabi", "Overs": "10", "Maidens": "1", "Runs": "41", "Wickets": "2", "Economy": "4.10", "Dots": "35"}, {"player_name": "Dawlat Zadran", "Overs": "10", "Maidens": "0", "Runs": "57", "Wickets": "1", "Economy": "5.70", "Dots": "31"}, {"player_name": "Mirwais Ashraf", "Overs": "8", "Maidens": "0", "Runs": "43", "Wickets": "2", "Economy": "5.37", "Dots": "22"}, {"player_name": "Samiullah Shinwari", "Overs": "3", "Maidens": "0", "Runs": "28", "Wickets": "0", "Economy": "9.33", "Dots": "4"}, {"player_name": "Rashid Khan", "Overs": "10", "Maidens": "0", "Runs": "39", "Wickets": "2", "Economy": "3.90", "Dots": "37"}, {"player_name": "Rahmat Shah", "Overs": "8", "Maidens": "0", "Runs": "59", "Wickets": "1", "Economy": "7.37", "Dots": "22"}, {"player_name": "Nawroz Mangal", "Overs": "1", "Maidens": "0", "Runs": "9", "Wickets": "0", "Economy": "9.00", "Dots": "2"}]}, "match_id": "4416"}