{"date": "09/13/2020 12:00:00 PM", "home": "England", "away": "Australia", "place": "Old Trafford", "result": "England win by 24 runs", "Team1": {"Name": "England", "score": "231/9", "overs": "50/50 ov", "rr": "RR: 4.62", "batting": [{"Player Name": "Jason Roy", "Dismissed by": "run out (Marcus Stoinis)", "Runs": "21", "Balls Faced": "22", "Fours": "4", "Sixes": "0", "Strike Rate": "95.45"}, {"Player Name": "Jonny Bairstow", "Dismissed by": "c Alex Carey b Mitchell Starc", "Runs": "0", "Balls Faced": "7", "Fours": "0", "Sixes": "0", "Strike Rate": "0.00"}, {"Player Name": "Joe Root", "Dismissed by": "c Aaron Finch b Adam Zampa", "Runs": "39", "Balls Faced": "73", "Fours": "4", "Sixes": "1", "Strike Rate": "53.42"}, {"Player Name": "Eoin Morgan", "Dismissed by": "lbw Adam Zampa", "Runs": "42", "Balls Faced": "52", "Fours": "5", "Sixes": "0", "Strike Rate": "80.76"}, {"Player Name": "Jos Buttler", "Dismissed by": "lbw Pat Cummins", "Runs": "3", "Balls Faced": "7", "Fours": "0", "Sixes": "0", "Strike Rate": "42.85"}, {"Player Name": "Sam Billings", "Dismissed by": "b Adam Zampa", "Runs": "8", "Balls Faced": "28", "Fours": "0", "Sixes": "0", "Strike Rate": "28.57"}, {"Player Name": "Chris Woakes", "Dismissed by": "c Alex Carey b Josh Hazlewood", "Runs": "26", "Balls Faced": "39", "Fours": "4", "Sixes": "0", "Strike Rate": "66.66"}, {"Player Name": "Sam Curran", "Dismissed by": "c Alex Carey b Mitchell Starc", "Runs": "1", "Balls Faced": "5", "Fours": "0", "Sixes": "0", "Strike Rate": "20.00"}, {"Player Name": "Tom Curran", "Dismissed by": "b Mitchell Marsh", "Runs": "37", "Balls Faced": "39", "Fours": "5", "Sixes": "0", "Strike Rate": "94.87"}, {"Player Name": "Adil Rashid", "Dismissed by": "", "Runs": "35", "Balls Faced": "26", "Fours": "3", "Sixes": "1", "Strike Rate": "134.61"}, {"Player Name": "Jofra Archer", "Dismissed by": "", "Runs": "6", "Balls Faced": "2", "Fours": "1", "Sixes": "0", "Strike Rate": "300.00"}], "Extras": "Extras (w 8, lb 5)", "balling": [{"player_name": "Chris Woakes", "Overs": "10", "Maidens": "1", "Runs": "32", "Wickets": "3", "Economy": "3.20", "Dots": "40"}, {"player_name": "Jofra Archer", "Overs": "10", "Maidens": "2", "Runs": "34", "Wickets": "3", "Economy": "3.40", "Dots": "40"}, {"player_name": "Tom Curran", "Overs": "10", "Maidens": "2", "Runs": "28", "Wickets": "0", "Economy": "2.80", "Dots": "36"}, {"player_name": "Adil Rashid", "Overs": "9.4", "Maidens": "0", "Runs": "67", "Wickets": "1", "Economy": "6.93", "Dots": "21"}, {"player_name": "Sam Curran", "Overs": "9", "Maidens": "0", "Runs": "35", "Wickets": "3", "Economy": "3.88", "Dots": "30"}]}, "Team2": {"Name": "Australia", "score": "207", "overs": "48.4/50 ov", "rr": "RR: 4.25", "batting": [{"Player Name": "David Warner", "Dismissed by": "c Jos Buttler b Jofra Archer", "Runs": "6", "Balls Faced": "11", "Fours": "0", "Sixes": "0", "Strike Rate": "54.54"}, {"Player Name": "Aaron Finch", "Dismissed by": "b Chris Woakes", "Runs": "73", "Balls Faced": "105", "Fours": "8", "Sixes": "1", "Strike Rate": "69.52"}, {"Player Name": "Marcus Stoinis", "Dismissed by": "c Jos Buttler b Jofra Archer", "Runs": "9", "Balls Faced": "14", "Fours": "0", "Sixes": "1", "Strike Rate": "64.28"}, {"Player Name": "Marnus Labuschagne", "Dismissed by": "lbw Chris Woakes", "Runs": "48", "Balls Faced": "59", "Fours": "3", "Sixes": "0", "Strike Rate": "81.35"}, {"Player Name": "Mitchell Marsh", "Dismissed by": "b Jofra Archer", "Runs": "1", "Balls Faced": "6", "Fours": "0", "Sixes": "0", "Strike Rate": "16.66"}, {"Player Name": "Alex Carey", "Dismissed by": "st Jos Buttler b Adil Rashid", "Runs": "36", "Balls Faced": "41", "Fours": "2", "Sixes": "0", "Strike Rate": "87.80"}, {"Player Name": "Glenn Maxwell", "Dismissed by": "b Chris Woakes", "Runs": "1", "Balls Faced": "8", "Fours": "0", "Sixes": "0", "Strike Rate": "12.50"}, {"Player Name": "Pat Cummins", "Dismissed by": "b Sam Curran", "Runs": "11", "Balls Faced": "19", "Fours": "0", "Sixes": "1", "Strike Rate": "57.89"}, {"Player Name": "Mitchell Starc", "Dismissed by": "c Jos Buttler b Sam Curran", "Runs": "0", "Balls Faced": "1", "Fours": "0", "Sixes": "0", "Strike Rate": "0.00"}, {"Player Name": "Adam Zampa", "Dismissed by": "c Jofra Archer b Sam Curran", "Runs": "2", "Balls Faced": "19", "Fours": "0", "Sixes": "0", "Strike Rate": "10.52"}, {"Player Name": "Josh Hazlewood", "Dismissed by": "", "Runs": "7", "Balls Faced": "10", "Fours": "0", "Sixes": "0", "Strike Rate": "70.00"}], "Extras": "Extras (nb 1, w 1, lb 11)", "balling": [{"player_name": "Mitchell Starc", "Overs": "10", "Maidens": "1", "Runs": "38", "Wickets": "2", "Economy": "3.80", "Dots": "40"}, {"player_name": "Josh Hazlewood", "Overs": "10", "Maidens": "2", "Runs": "27", "Wickets": "1", "Economy": "2.70", "Dots": "45"}, {"player_name": "Pat Cummins", "Overs": "10", "Maidens": "3", "Runs": "56", "Wickets": "1", "Economy": "5.60", "Dots": "38"}, {"player_name": "Mitchell Marsh", "Overs": "8", "Maidens": "1", "Runs": "49", "Wickets": "1", "Economy": "6.12", "Dots": "23"}, {"player_name": "Marcus Stoinis", "Overs": "2", "Maidens": "0", "Runs": "20", "Wickets": "0", "Economy": "10.00", "Dots": "4"}, {"player_name": "Adam Zampa", "Overs": "10", "Maidens": "0", "Runs": "36", "Wickets": "3", "Economy": "3.60", "Dots": "37"}]}, "match_id": "22108"}