{"date": "12/02/2020 03:40:00 AM", "home": "Australia", "away": "India", "place": "Manuka Oval", "result": "India won by 13 runs", "Team1": {"Name": "Australia", "score": "289", "overs": "49.3/50 ov", "rr": "RR: 5.83", "batting": [{"Player Name": "Marnus Labuschagne", "Dismissed by": "b T Natarajan", "Runs": "7", "Balls Faced": "13", "Fours": "1", "Sixes": "0", "Strike Rate": "53.84"}, {"Player Name": "Aaron Finch", "Dismissed by": "c Shikhar Dhawan b Ravindra Jadeja", "Runs": "75", "Balls Faced": "82", "Fours": "7", "Sixes": "3", "Strike Rate": "91.46"}, {"Player Name": "Steve Smith", "Dismissed by": "c KL Rahul b Shardul Thakur", "Runs": "7", "Balls Faced": "15", "Fours": "0", "Sixes": "0", "Strike Rate": "46.66"}, {"Player Name": "Moises Henriques", "Dismissed by": "c Shikhar Dhawan b Shardul Thakur", "Runs": "22", "Balls Faced": "31", "Fours": "3", "Sixes": "0", "Strike Rate": "70.96"}, {"Player Name": "Cameron Green", "Dismissed by": "c Ravindra Jadeja b Kuldeep Yadav", "Runs": "21", "Balls Faced": "27", "Fours": "1", "Sixes": "1", "Strike Rate": "77.77"}, {"Player Name": "Alex Carey", "Dismissed by": "run out (Virat Kohli/KL Rahul)", "Runs": "38", "Balls Faced": "42", "Fours": "4", "Sixes": "0", "Strike Rate": "90.47"}, {"Player Name": "Glenn Maxwell", "Dismissed by": "b Jasprit Bumrah", "Runs": "59", "Balls Faced": "38", "Fours": "3", "Sixes": "4", "Strike Rate": "155.26"}, {"Player Name": "Ashton Agar", "Dismissed by": "c Kuldeep Yadav b T Natarajan", "Runs": "28", "Balls Faced": "28", "Fours": "2", "Sixes": "0", "Strike Rate": "100.00"}, {"Player Name": "Sean Abbott", "Dismissed by": "c KL Rahul b Shardul Thakur", "Runs": "4", "Balls Faced": "9", "Fours": "0", "Sixes": "0", "Strike Rate": "44.44"}, {"Player Name": "Adam Zampa", "Dismissed by": "lbw Jasprit Bumrah", "Runs": "4", "Balls Faced": "7", "Fours": "0", "Sixes": "0", "Strike Rate": "57.14"}, {"Player Name": "Josh Hazlewood", "Dismissed by": "", "Runs": "7", "Balls Faced": "7", "Fours": "0", "Sixes": "0", "Strike Rate": "100.00"}], "Extras": "Extras (nb 2, w 9, lb 6)", "balling": [{"player_name": "Josh Hazlewood", "Overs": "10", "Maidens": "1", "Runs": "66", "Wickets": "1", "Economy": "6.60", "Dots": "31"}, {"player_name": "Glenn Maxwell", "Overs": "5", "Maidens": "0", "Runs": "27", "Wickets": "0", "Economy": "5.40", "Dots": "13"}, {"player_name": "Sean Abbott", "Overs": "10", "Maidens": "0", "Runs": "84", "Wickets": "1", "Economy": "8.40", "Dots": "23"}, {"player_name": "Cameron Green", "Overs": "4", "Maidens": "0", "Runs": "27", "Wickets": "0", "Economy": "6.75", "Dots": "14"}, {"player_name": "Ashton Agar", "Overs": "10", "Maidens": "0", "Runs": "44", "Wickets": "2", "Economy": "4.40", "Dots": "23"}, {"player_name": "Adam Zampa", "Overs": "10", "Maidens": "0", "Runs": "45", "Wickets": "1", "Economy": "4.50", "Dots": "23"}, {"player_name": "Moises Henriques", "Overs": "1", "Maidens": "0", "Runs": "7", "Wickets": "0", "Economy": "7.00", "Dots": "2"}]}, "Team2": {"Name": "India", "score": "302/5", "overs": "50/50 ov", "rr": "RR: 6.04", "batting": [{"Player Name": "Shikhar Dhawan", "Dismissed by": "c Ashton Agar b Sean Abbott", "Runs": "16", "Balls Faced": "27", "Fours": "2", "Sixes": "0", "Strike Rate": "59.25"}, {"Player Name": "Shubman Gill", "Dismissed by": "lbw Ashton Agar", "Runs": "33", "Balls Faced": "39", "Fours": "3", "Sixes": "1", "Strike Rate": "84.61"}, {"Player Name": "Virat Kohli", "Dismissed by": "c Alex Carey b Josh Hazlewood", "Runs": "63", "Balls Faced": "78", "Fours": "5", "Sixes": "0", "Strike Rate": "80.76"}, {"Player Name": "Shreyas Iyer", "Dismissed by": "c Marnus Labuschagne b Adam Zampa", "Runs": "19", "Balls Faced": "21", "Fours": "2", "Sixes": "0", "Strike Rate": "90.47"}, {"Player Name": "KL Rahul", "Dismissed by": "lbw Ashton Agar", "Runs": "5", "Balls Faced": "11", "Fours": "0", "Sixes": "0", "Strike Rate": "45.45"}, {"Player Name": "Hardik Pandya", "Dismissed by": "", "Runs": "92", "Balls Faced": "76", "Fours": "7", "Sixes": "1", "Strike Rate": "121.05"}, {"Player Name": "Ravindra Jadeja", "Dismissed by": "", "Runs": "66", "Balls Faced": "50", "Fours": "5", "Sixes": "3", "Strike Rate": "132.00"}, {"Player Name": "Shardul Thakur", "Dismissed by": "", "Runs": "-", "Balls Faced": "-", "Fours": "-", "Sixes": "-", "Strike Rate": "-"}, {"Player Name": "Kuldeep Yadav", "Dismissed by": "", "Runs": "-", "Balls Faced": "-", "Fours": "-", "Sixes": "-", "Strike Rate": "-"}, {"Player Name": "Jasprit Bumrah", "Dismissed by": "", "Runs": "-", "Balls Faced": "-", "Fours": "-", "Sixes": "-", "Strike Rate": "-"}, {"Player Name": "T Natarajan", "Dismissed by": "", "Runs": "-", "Balls Faced": "-", "Fours": "-", "Sixes": "-", "Strike Rate": "-"}], "Extras": "Extras (nb 2, w 4, b 1, lb 1)", "balling": [{"player_name": "Jasprit Bumrah", "Overs": "9.3", "Maidens": "0", "Runs": "43", "Wickets": "2", "Economy": "4.52", "Dots": "35"}, {"player_name": "T Natarajan", "Overs": "10", "Maidens": "1", "Runs": "70", "Wickets": "2", "Economy": "7.00", "Dots": "30"}, {"player_name": "Shardul Thakur", "Overs": "10", "Maidens": "1", "Runs": "51", "Wickets": "3", "Economy": "5.10", "Dots": "29"}, {"player_name": "Kuldeep Yadav", "Overs": "10", "Maidens": "0", "Runs": "57", "Wickets": "1", "Economy": "5.70", "Dots": "26"}, {"player_name": "Ravindra Jadeja", "Overs": "10", "Maidens": "0", "Runs": "62", "Wickets": "1", "Economy": "6.20", "Dots": "31"}]}, "match_id": "22403"}