{"date": "06/22/2019 09:30:00 AM", "home": "India", "away": "Afghanistan", "place": "The Ageas Bowl", "result": "India win by 11 runs", "Team1": {"Name": "India", "score": "224/8", "overs": "50/50 ov", "rr": "RR: 4.48", "batting": [{"Player Name": "KL Rahul", "Dismissed by": "c Hazratullah Zazai b Mohammad Nabi", "Runs": "30", "Balls Faced": "53", "Fours": "2", "Sixes": "0", "Strike Rate": "56.60"}, {"Player Name": "Rohit Sharma", "Dismissed by": "b Mujeeb Ur Rahman", "Runs": "1", "Balls Faced": "10", "Fours": "0", "Sixes": "0", "Strike Rate": "10.00"}, {"Player Name": "Virat Kohli", "Dismissed by": "c Rahmat Shah b Mohammad Nabi", "Runs": "67", "Balls Faced": "63", "Fours": "5", "Sixes": "0", "Strike Rate": "106.34"}, {"Player Name": "Vijay Shankar", "Dismissed by": "lbw Rahmat Shah", "Runs": "29", "Balls Faced": "41", "Fours": "2", "Sixes": "0", "Strike Rate": "70.73"}, {"Player Name": "MS Dhoni", "Dismissed by": "st Ikram Ali Khil b Rashid Khan", "Runs": "28", "Balls Faced": "52", "Fours": "3", "Sixes": "0", "Strike Rate": "53.84"}, {"Player Name": "Kedar Jadhav", "Dismissed by": "c sub (Noor Ali Zadran) b Gulbadin Naib", "Runs": "52", "Balls Faced": "68", "Fours": "3", "Sixes": "1", "Strike Rate": "76.47"}, {"Player Name": "Hardik Pandya", "Dismissed by": "c Ikram Ali Khil b Aftab Alam", "Runs": "7", "Balls Faced": "9", "Fours": "0", "Sixes": "0", "Strike Rate": "77.77"}, {"Player Name": "Mohammad Shami", "Dismissed by": "b Gulbadin Naib", "Runs": "1", "Balls Faced": "2", "Fours": "0", "Sixes": "0", "Strike Rate": "50.00"}, {"Player Name": "Kuldeep Yadav", "Dismissed by": "", "Runs": "1", "Balls Faced": "1", "Fours": "0", "Sixes": "0", "Strike Rate": "100.00"}, {"Player Name": "Jasprit Bumrah", "Dismissed by": "", "Runs": "1", "Balls Faced": "1", "Fours": "0", "Sixes": "0", "Strike Rate": "100.00"}, {"Player Name": "Yuzvendra Chahal", "Dismissed by": "", "Runs": "-", "Balls Faced": "-", "Fours": "-", "Sixes": "-", "Strike Rate": "-"}], "Extras": "Extras (w 7)", "balling": [{"player_name": "Mohammad Shami", "Overs": "9.5", "Maidens": "1", "Runs": "40", "Wickets": "4", "Economy": "4.06", "Dots": "38"}, {"player_name": "Jasprit Bumrah", "Overs": "10", "Maidens": "1", "Runs": "39", "Wickets": "2", "Economy": "3.90", "Dots": "37"}, {"player_name": "Yuzvendra Chahal", "Overs": "10", "Maidens": "0", "Runs": "36", "Wickets": "2", "Economy": "3.60", "Dots": "41"}, {"player_name": "Hardik Pandya", "Overs": "10", "Maidens": "1", "Runs": "51", "Wickets": "2", "Economy": "5.10", "Dots": "32"}, {"player_name": "Kuldeep Yadav", "Overs": "10", "Maidens": "0", "Runs": "39", "Wickets": "0", "Economy": "3.90", "Dots": "30"}]}, "Team2": {"Name": "Afghanistan", "score": "213", "overs": "49.5/50 ov", "rr": "RR: 4.27", "batting": [{"Player Name": "Hazratullah Zazai", "Dismissed by": "b Mohammad Shami", "Runs": "10", "Balls Faced": "24", "Fours": "1", "Sixes": "0", "Strike Rate": "41.66"}, {"Player Name": "Gulbadin Naib", "Dismissed by": "c Vijay Shankar b Hardik Pandya", "Runs": "27", "Balls Faced": "42", "Fours": "2", "Sixes": "0", "Strike Rate": "64.28"}, {"Player Name": "Rahmat Shah", "Dismissed by": "c Yuzvendra Chahal b Jasprit Bumrah", "Runs": "36", "Balls Faced": "63", "Fours": "3", "Sixes": "0", "Strike Rate": "57.14"}, {"Player Name": "Hashmatullah Shahidi", "Dismissed by": "c & b Jasprit Bumrah", "Runs": "21", "Balls Faced": "45", "Fours": "2", "Sixes": "0", "Strike Rate": "46.66"}, {"Player Name": "Asghar Afghan", "Dismissed by": "b Yuzvendra Chahal", "Runs": "8", "Balls Faced": "19", "Fours": "0", "Sixes": "0", "Strike Rate": "42.10"}, {"Player Name": "Mohammad Nabi", "Dismissed by": "c Hardik Pandya b Mohammad Shami", "Runs": "52", "Balls Faced": "55", "Fours": "4", "Sixes": "1", "Strike Rate": "94.54"}, {"Player Name": "Najibullah Zadran", "Dismissed by": "c Yuzvendra Chahal b Hardik Pandya", "Runs": "21", "Balls Faced": "23", "Fours": "2", "Sixes": "0", "Strike Rate": "91.30"}, {"Player Name": "Rashid Khan", "Dismissed by": "st MS Dhoni b Yuzvendra Chahal", "Runs": "14", "Balls Faced": "16", "Fours": "1", "Sixes": "0", "Strike Rate": "87.50"}, {"Player Name": "Ikram Ali Khil", "Dismissed by": "", "Runs": "7", "Balls Faced": "10", "Fours": "0", "Sixes": "0", "Strike Rate": "70.00"}, {"Player Name": "Aftab Alam", "Dismissed by": "b Mohammad Shami", "Runs": "0", "Balls Faced": "1", "Fours": "0", "Sixes": "0", "Strike Rate": "0.00"}, {"Player Name": "Mujeeb Ur Rahman", "Dismissed by": "b Mohammad Shami", "Runs": "0", "Balls Faced": "1", "Fours": "0", "Sixes": "0", "Strike Rate": "0.00"}], "Extras": "Extras (w 9, b 4, lb 4)", "balling": [{"player_name": "Mujeeb Ur Rahman", "Overs": "10", "Maidens": "0", "Runs": "26", "Wickets": "1", "Economy": "2.60", "Dots": "38"}, {"player_name": "Aftab Alam", "Overs": "7", "Maidens": "1", "Runs": "54", "Wickets": "1", "Economy": "7.71", "Dots": "19"}, {"player_name": "Gulbadin Naib", "Overs": "9", "Maidens": "0", "Runs": "51", "Wickets": "2", "Economy": "5.66", "Dots": "20"}, {"player_name": "Mohammad Nabi", "Overs": "9", "Maidens": "0", "Runs": "33", "Wickets": "2", "Economy": "3.66", "Dots": "23"}, {"player_name": "Rashid Khan", "Overs": "10", "Maidens": "0", "Runs": "38", "Wickets": "1", "Economy": "3.80", "Dots": "36"}, {"player_name": "Rahmat Shah", "Overs": "5", "Maidens": "0", "Runs": "22", "Wickets": "1", "Economy": "4.40", "Dots": "16"}]}, "match_id": "8219"}