{"date": "09/15/2023 09:30:00 AM", "home": "INDIA", "away": "Bangladesh", "place": "R.Premadasa Stadium", "result": "Bangladesh won by 6 runs", "Team1": {"Name": "INDIA", "score": "259", "overs": "49.5/50 ov", "rr": "RR: 5.19", "batting": [{"Player Name": "Rohit Sharma", "Dismissed by": "c Anamul Haque b Tanzim Hasan Sakib", "Runs": "0", "Balls Faced": "2", "Fours": "0", "Sixes": "0", "Strike Rate": "0.00"}, {"Player Name": "Shubman Gill", "Dismissed by": "c Towhid Hridoy b Mahedi Hasan", "Runs": "121", "Balls Faced": "133", "Fours": "8", "Sixes": "5", "Strike Rate": "90.97"}, {"Player Name": "Tilak Varma", "Dismissed by": "b Tanzim Hasan Sakib", "Runs": "5", "Balls Faced": "9", "Fours": "1", "Sixes": "0", "Strike Rate": "55.55"}, {"Player Name": "KL Rahul", "Dismissed by": "c Shamim Hossain b Mahedi Hasan", "Runs": "19", "Balls Faced": "39", "Fours": "2", "Sixes": "0", "Strike Rate": "48.71"}, {"Player Name": "Ishan Kishan", "Dismissed by": "lbw Mehidy Hasan Miraz", "Runs": "5", "Balls Faced": "15", "Fours": "0", "Sixes": "0", "Strike Rate": "33.33"}, {"Player Name": "Suryakumar Yadav", "Dismissed by": "b Shakib Al Hasan", "Runs": "26", "Balls Faced": "34", "Fours": "3", "Sixes": "0", "Strike Rate": "76.47"}, {"Player Name": "Ravindra Jadeja", "Dismissed by": "b Mustafizur Rahman", "Runs": "7", "Balls Faced": "12", "Fours": "0", "Sixes": "0", "Strike Rate": "58.33"}, {"Player Name": "Axar Patel", "Dismissed by": "c Tanzid Hasan Tamim b Mustafizur Rahman", "Runs": "42", "Balls Faced": "34", "Fours": "3", "Sixes": "2", "Strike Rate": "123.52"}, {"Player Name": "Shardul Thakur", "Dismissed by": "c Mehidy Hasan Miraz b Mustafizur Rahman", "Runs": "11", "Balls Faced": "13", "Fours": "0", "Sixes": "0", "Strike Rate": "84.61"}, {"Player Name": "Mohammed Shami", "Dismissed by": "run out (Tanzid Hasan Tamim/Litton Das)", "Runs": "6", "Balls Faced": "6", "Fours": "1", "Sixes": "0", "Strike Rate": "100.00"}, {"Player Name": "Prasidh Krishna", "Dismissed by": "", "Runs": "0", "Balls Faced": "2", "Fours": "0", "Sixes": "0", "Strike Rate": "0.00"}], "Extras": "Extras (w 12, b 2, lb 3)", "balling": [{"player_name": "Mohammed Shami", "Overs": "8", "Maidens": "1", "Runs": "32", "Wickets": "2", "Economy": "4.00", "Dots": "34"}, {"player_name": "Shardul Thakur", "Overs": "10", "Maidens": "0", "Runs": "65", "Wickets": "3", "Economy": "6.50", "Dots": "35"}, {"player_name": "Prasidh Krishna", "Overs": "9", "Maidens": "0", "Runs": "43", "Wickets": "1", "Economy": "4.77", "Dots": "27"}, {"player_name": "Axar Patel", "Overs": "9", "Maidens": "0", "Runs": "47", "Wickets": "1", "Economy": "5.22", "Dots": "31"}, {"player_name": "Tilak Varma", "Overs": "4", "Maidens": "0", "Runs": "21", "Wickets": "0", "Economy": "5.25", "Dots": "13"}, {"player_name": "Ravindra Jadeja", "Overs": "10", "Maidens": "1", "Runs": "53", "Wickets": "1", "Economy": "5.30", "Dots": "37"}]}, "Team2": {"Name": "Bangladesh", "score": "265/8", "overs": "50/50 ov", "rr": "RR: 5.30", "batting": [{"Player Name": "Tanzid Hasan Tamim", "Dismissed by": "b Shardul Thakur", "Runs": "13", "Balls Faced": "12", "Fours": "3", "Sixes": "0", "Strike Rate": "108.33"}, {"Player Name": "Litton Das", "Dismissed by": "b Mohammed Shami", "Runs": "0", "Balls Faced": "2", "Fours": "0", "Sixes": "0", "Strike Rate": "0.00"}, {"Player Name": "Anamul Haque", "Dismissed by": "c KL Rahul b Shardul Thakur", "Runs": "4", "Balls Faced": "11", "Fours": "1", "Sixes": "0", "Strike Rate": "36.36"}, {"Player Name": "Shakib Al Hasan", "Dismissed by": "b Shardul Thakur", "Runs": "80", "Balls Faced": "85", "Fours": "6", "Sixes": "3", "Strike Rate": "94.11"}, {"Player Name": "Mehidy Hasan Miraz", "Dismissed by": "c Rohit Sharma b Axar Patel", "Runs": "13", "Balls Faced": "28", "Fours": "1", "Sixes": "0", "Strike Rate": "46.42"}, {"Player Name": "Towhid Hridoy", "Dismissed by": "c Tilak Varma b Mohammed Shami", "Runs": "54", "Balls Faced": "81", "Fours": "5", "Sixes": "2", "Strike Rate": "66.66"}, {"Player Name": "Shamim Hossain", "Dismissed by": "lbw Ravindra Jadeja", "Runs": "1", "Balls Faced": "5", "Fours": "0", "Sixes": "0", "Strike Rate": "20.00"}, {"Player Name": "Nasum Ahmed", "Dismissed by": "b Prasidh Krishna", "Runs": "44", "Balls Faced": "45", "Fours": "6", "Sixes": "1", "Strike Rate": "97.77"}, {"Player Name": "Mahedi Hasan", "Dismissed by": "", "Runs": "29", "Balls Faced": "23", "Fours": "3", "Sixes": "0", "Strike Rate": "126.08"}, {"Player Name": "Tanzim Hasan Sakib", "Dismissed by": "", "Runs": "14", "Balls Faced": "8", "Fours": "1", "Sixes": "1", "Strike Rate": "175.00"}, {"Player Name": "Mustafizur Rahman", "Dismissed by": "", "Runs": "-", "Balls Faced": "-", "Fours": "-", "Sixes": "-", "Strike Rate": "-"}], "Extras": "Extras (w 9, b 1, lb 3)", "balling": [{"player_name": "Tanzim Hasan Sakib", "Overs": "7.5", "Maidens": "1", "Runs": "32", "Wickets": "2", "Economy": "4.08", "Dots": "33"}, {"player_name": "Mustafizur Rahman", "Overs": "8", "Maidens": "0", "Runs": "50", "Wickets": "3", "Economy": "6.25", "Dots": "24"}, {"player_name": "Nasum Ahmed", "Overs": "10", "Maidens": "0", "Runs": "50", "Wickets": "0", "Economy": "5.00", "Dots": "30"}, {"player_name": "Shakib Al Hasan", "Overs": "10", "Maidens": "2", "Runs": "43", "Wickets": "1", "Economy": "4.30", "Dots": "32"}, {"player_name": "Mahedi Hasan", "Overs": "9", "Maidens": "1", "Runs": "50", "Wickets": "2", "Economy": "5.55", "Dots": "28"}, {"player_name": "Mehidy Hasan Miraz", "Overs": "5", "Maidens": "0", "Runs": "29", "Wickets": "1", "Economy": "5.80", "Dots": "14"}]}, "match_id": "102840"}