{"date": "06/16/2019 09:30:00 AM", "home": "India", "away": "Pakistan", "place": "Old Trafford", "result": "India win by 89 runs (DLS Method)", "Team1": {"Name": "India", "score": "336/5", "overs": "50/50 ov", "rr": "RR: 6.72", "batting": [{"Player Name": "KL Rahul", "Dismissed by": "c Babar Azam b Wahab Riaz", "Runs": "57", "Balls Faced": "78", "Fours": "3", "Sixes": "2", "Strike Rate": "73.07"}, {"Player Name": "Rohit Sharma", "Dismissed by": "c Wahab Riaz b Hasan Ali", "Runs": "140", "Balls Faced": "113", "Fours": "14", "Sixes": "3", "Strike Rate": "123.89"}, {"Player Name": "Virat Kohli", "Dismissed by": "c Sarfaraz Ahmed b Mohammad Amir", "Runs": "77", "Balls Faced": "65", "Fours": "7", "Sixes": "0", "Strike Rate": "118.46"}, {"Player Name": "Hardik Pandya", "Dismissed by": "c Babar Azam b Mohammad Amir", "Runs": "26", "Balls Faced": "19", "Fours": "2", "Sixes": "1", "Strike Rate": "136.84"}, {"Player Name": "MS Dhoni", "Dismissed by": "c Sarfaraz Ahmed b Mohammad Amir", "Runs": "1", "Balls Faced": "2", "Fours": "0", "Sixes": "0", "Strike Rate": "50.00"}, {"Player Name": "Vijay Shankar", "Dismissed by": "", "Runs": "15", "Balls Faced": "15", "Fours": "1", "Sixes": "0", "Strike Rate": "100.00"}, {"Player Name": "Kedar Jadhav", "Dismissed by": "", "Runs": "9", "Balls Faced": "8", "Fours": "1", "Sixes": "0", "Strike Rate": "112.50"}, {"Player Name": "Bhuvneshwar Kumar", "Dismissed by": "", "Runs": "-", "Balls Faced": "-", "Fours": "-", "Sixes": "-", "Strike Rate": "-"}, {"Player Name": "Kuldeep Yadav", "Dismissed by": "", "Runs": "-", "Balls Faced": "-", "Fours": "-", "Sixes": "-", "Strike Rate": "-"}, {"Player Name": "Yuzvendra Chahal", "Dismissed by": "", "Runs": "-", "Balls Faced": "-", "Fours": "-", "Sixes": "-", "Strike Rate": "-"}, {"Player Name": "Jasprit Bumrah", "Dismissed by": "", "Runs": "-", "Balls Faced": "-", "Fours": "-", "Sixes": "-", "Strike Rate": "-"}], "Extras": "Extras (w 9, b 1, lb 1)", "balling": [{"player_name": "Bhuvneshwar Kumar", "Overs": "2.4", "Maidens": "0", "Runs": "8", "Wickets": "0", "Economy": "3.00", "Dots": "12"}, {"player_name": "Jasprit Bumrah", "Overs": "8", "Maidens": "0", "Runs": "52", "Wickets": "0", "Economy": "6.50", "Dots": "24"}, {"player_name": "Vijay Shankar", "Overs": "5.2", "Maidens": "0", "Runs": "22", "Wickets": "2", "Economy": "4.12", "Dots": "19"}, {"player_name": "Hardik Pandya", "Overs": "8", "Maidens": "0", "Runs": "44", "Wickets": "2", "Economy": "5.50", "Dots": "21"}, {"player_name": "Kuldeep Yadav", "Overs": "9", "Maidens": "1", "Runs": "32", "Wickets": "2", "Economy": "3.55", "Dots": "28"}, {"player_name": "Yuzvendra Chahal", "Overs": "7", "Maidens": "0", "Runs": "53", "Wickets": "0", "Economy": "7.57", "Dots": "13"}]}, "Team2": {"Name": "Pakistan", "score": "212/6", "overs": "40/40 ov", "rr": "RR: 5.30", "batting": [{"Player Name": "Imam-ul-Haq", "Dismissed by": "lbw Vijay Shankar", "Runs": "7", "Balls Faced": "18", "Fours": "1", "Sixes": "0", "Strike Rate": "38.88"}, {"Player Name": "Fakhar Zaman", "Dismissed by": "c Yuzvendra Chahal b Kuldeep Yadav", "Runs": "62", "Balls Faced": "75", "Fours": "7", "Sixes": "1", "Strike Rate": "82.66"}, {"Player Name": "Babar Azam", "Dismissed by": "b Kuldeep Yadav", "Runs": "48", "Balls Faced": "57", "Fours": "3", "Sixes": "1", "Strike Rate": "84.21"}, {"Player Name": "Mohammad Hafeez", "Dismissed by": "c Vijay Shankar b Hardik Pandya", "Runs": "9", "Balls Faced": "7", "Fours": "0", "Sixes": "1", "Strike Rate": "128.57"}, {"Player Name": "Sarfaraz Ahmed", "Dismissed by": "b Vijay Shankar", "Runs": "12", "Balls Faced": "30", "Fours": "0", "Sixes": "0", "Strike Rate": "40.00"}, {"Player Name": "Shoaib Malik", "Dismissed by": "b Hardik Pandya", "Runs": "0", "Balls Faced": "1", "Fours": "0", "Sixes": "0", "Strike Rate": "0.00"}, {"Player Name": "Imad Wasim", "Dismissed by": "", "Runs": "46", "Balls Faced": "39", "Fours": "6", "Sixes": "0", "Strike Rate": "117.94"}, {"Player Name": "Shadab Khan", "Dismissed by": "", "Runs": "20", "Balls Faced": "14", "Fours": "1", "Sixes": "0", "Strike Rate": "142.85"}, {"Player Name": "Hasan Ali", "Dismissed by": "", "Runs": "-", "Balls Faced": "-", "Fours": "-", "Sixes": "-", "Strike Rate": "-"}, {"Player Name": "Wahab Riaz", "Dismissed by": "", "Runs": "-", "Balls Faced": "-", "Fours": "-", "Sixes": "-", "Strike Rate": "-"}, {"Player Name": "Mohammad Amir", "Dismissed by": "", "Runs": "-", "Balls Faced": "-", "Fours": "-", "Sixes": "-", "Strike Rate": "-"}], "Extras": "Extras (nb 1, w 6, lb 1)", "balling": [{"player_name": "Mohammad Amir", "Overs": "10", "Maidens": "1", "Runs": "47", "Wickets": "3", "Economy": "4.70", "Dots": "33"}, {"player_name": "Hasan Ali", "Overs": "9", "Maidens": "0", "Runs": "84", "Wickets": "1", "Economy": "9.33", "Dots": "20"}, {"player_name": "Wahab Riaz", "Overs": "10", "Maidens": "0", "Runs": "71", "Wickets": "1", "Economy": "7.10", "Dots": "20"}, {"player_name": "Imad Wasim", "Overs": "10", "Maidens": "0", "Runs": "49", "Wickets": "0", "Economy": "4.90", "Dots": "23"}, {"player_name": "Shadab Khan", "Overs": "9", "Maidens": "0", "Runs": "61", "Wickets": "0", "Economy": "6.77", "Dots": "19"}, {"player_name": "Shoaib Malik", "Overs": "1", "Maidens": "0", "Runs": "11", "Wickets": "0", "Economy": "11.00", "Dots": "0"}, {"player_name": "Mohammad Hafeez", "Overs": "1", "Maidens": "0", "Runs": "11", "Wickets": "0", "Economy": "11.00", "Dots": "3"}]}, "match_id": "8213"}