{"date": "04/04/2022 02:00:00 AM", "home": "New Zealand", "away": "Netherlands", "place": "Seddon Park", "result": "New Zealand won by 115 runs", "Team1": {"Name": "New Zealand", "score": "333/8", "overs": "50/50 ov", "rr": "RR: 6.66", "batting": [{"Player Name": "Martin Guptill", "Dismissed by": "c Scott Edwards b Fred Klaassen", "Runs": "106", "Balls Faced": "123", "Fours": "11", "Sixes": "2", "Strike Rate": "86.17"}, {"Player Name": "Henry Nicholls", "Dismissed by": "c Scott Edwards b Fred Klaassen", "Runs": "2", "Balls Faced": "12", "Fours": "0", "Sixes": "0", "Strike Rate": "16.66"}, {"Player Name": "Will Young", "Dismissed by": "lbw Aryan Dutt", "Runs": "120", "Balls Faced": "112", "Fours": "6", "Sixes": "4", "Strike Rate": "107.14"}, {"Player Name": "Ross Taylor", "Dismissed by": "c & b Logan van Beek", "Runs": "14", "Balls Faced": "16", "Fours": "0", "Sixes": "1", "Strike Rate": "87.50"}, {"Player Name": "Michael Bracewell", "Dismissed by": "st Scott Edwards b Clayton Floyd", "Runs": "3", "Balls Faced": "2", "Fours": "0", "Sixes": "0", "Strike Rate": "150.00"}, {"Player Name": "Colin de Grandhomme", "Dismissed by": "c Scott Edwards b Clayton Floyd", "Runs": "4", "Balls Faced": "5", "Fours": "0", "Sixes": "0", "Strike Rate": "80.00"}, {"Player Name": "Doug Bracewell", "Dismissed by": "c Bas de Leede b Aryan Dutt", "Runs": "22", "Balls Faced": "9", "Fours": "1", "Sixes": "2", "Strike Rate": "244.44"}, {"Player Name": "Tom Latham", "Dismissed by": "Caught b Logan van Beek", "Runs": "23", "Balls Faced": "17", "Fours": "3", "Sixes": "0", "Strike Rate": "135.29"}, {"Player Name": "Ish Sodhi", "Dismissed by": "", "Runs": "13", "Balls Faced": "5", "Fours": "1", "Sixes": "1", "Strike Rate": "260.00"}, {"Player Name": "Kyle Jamieson", "Dismissed by": "", "Runs": "6", "Balls Faced": "3", "Fours": "1", "Sixes": "0", "Strike Rate": "200.00"}, {"Player Name": "Matt Henry", "Dismissed by": "", "Runs": "-", "Balls Faced": "-", "Fours": "-", "Sixes": "-", "Strike Rate": "-"}], "Extras": "Extras (nb 4, w 12, lb 4)", "balling": [{"player_name": "Matt Henry", "Overs": "7.3", "Maidens": "1", "Runs": "36", "Wickets": "4", "Economy": "4.80", "Dots": "29"}, {"player_name": "Kyle Jamieson", "Overs": "6", "Maidens": "1", "Runs": "43", "Wickets": "1", "Economy": "7.16", "Dots": "23"}, {"player_name": "Doug Bracewell", "Overs": "7", "Maidens": "1", "Runs": "23", "Wickets": "2", "Economy": "3.28", "Dots": "31"}, {"player_name": "Michael Bracewell", "Overs": "6", "Maidens": "0", "Runs": "53", "Wickets": "1", "Economy": "8.83", "Dots": "17"}, {"player_name": "Colin de Grandhomme", "Overs": "6", "Maidens": "1", "Runs": "20", "Wickets": "1", "Economy": "3.33", "Dots": "24"}, {"player_name": "Ish Sodhi", "Overs": "10", "Maidens": "1", "Runs": "39", "Wickets": "1", "Economy": "3.90", "Dots": "38"}]}, "Team2": {"Name": "Netherlands", "score": "218", "overs": "42.3/50 ov", "rr": "RR: 5.12", "batting": [{"Player Name": "Stephan Myburgh", "Dismissed by": "c Doug Bracewell b Colin de Grandhomme", "Runs": "64", "Balls Faced": "43", "Fours": "13", "Sixes": "1", "Strike Rate": "148.83"}, {"Player Name": "Max O'Dowd", "Dismissed by": "lbw Doug Bracewell", "Runs": "16", "Balls Faced": "33", "Fours": "2", "Sixes": "0", "Strike Rate": "48.48"}, {"Player Name": "Vikramjit Singh", "Dismissed by": "lbw Matt Henry", "Runs": "25", "Balls Faced": "47", "Fours": "1", "Sixes": "1", "Strike Rate": "53.19"}, {"Player Name": "Bas de Leede", "Dismissed by": "b Matt Henry", "Runs": "21", "Balls Faced": "34", "Fours": "2", "Sixes": "0", "Strike Rate": "61.76"}, {"Player Name": "Scott Edwards", "Dismissed by": "c Tom Latham b Kyle Jamieson", "Runs": "9", "Balls Faced": "9", "Fours": "1", "Sixes": "0", "Strike Rate": "100.00"}, {"Player Name": "Michael Rippon", "Dismissed by": "c Michael Bracewell b Ish Sodhi", "Runs": "24", "Balls Faced": "23", "Fours": "3", "Sixes": "1", "Strike Rate": "104.34"}, {"Player Name": "Pieter Seelaar", "Dismissed by": "c Martin Guptill b Matt Henry", "Runs": "0", "Balls Faced": "1", "Fours": "0", "Sixes": "0", "Strike Rate": "0.00"}, {"Player Name": "Logan van Beek", "Dismissed by": "lbw Michael Bracewell", "Runs": "32", "Balls Faced": "36", "Fours": "1", "Sixes": "3", "Strike Rate": "88.88"}, {"Player Name": "Aryan Dutt", "Dismissed by": "c Ross Taylor b Matt Henry", "Runs": "9", "Balls Faced": "22", "Fours": "1", "Sixes": "0", "Strike Rate": "40.90"}, {"Player Name": "Clayton Floyd", "Dismissed by": "b Doug Bracewell", "Runs": "2", "Balls Faced": "5", "Fours": "0", "Sixes": "0", "Strike Rate": "40.00"}, {"Player Name": "Fred Klaassen", "Dismissed by": "", "Runs": "1", "Balls Faced": "4", "Fours": "0", "Sixes": "0", "Strike Rate": "25.00"}], "Extras": "Extras (nb 2, w 9, lb 4)", "balling": [{"player_name": "Fred Klaassen", "Overs": "10", "Maidens": "0", "Runs": "62", "Wickets": "2", "Economy": "6.20", "Dots": "29"}, {"player_name": "Logan van Beek", "Overs": "9", "Maidens": "0", "Runs": "58", "Wickets": "2", "Economy": "6.44", "Dots": "28"}, {"player_name": "Clayton Floyd", "Overs": "7", "Maidens": "0", "Runs": "41", "Wickets": "2", "Economy": "5.85", "Dots": "19"}, {"player_name": "Bas de Leede", "Overs": "6", "Maidens": "0", "Runs": "37", "Wickets": "0", "Economy": "6.16", "Dots": "15"}, {"player_name": "Pieter Seelaar", "Overs": "5", "Maidens": "0", "Runs": "27", "Wickets": "0", "Economy": "5.40", "Dots": "13"}, {"player_name": "Michael Rippon", "Overs": "7", "Maidens": "0", "Runs": "55", "Wickets": "0", "Economy": "7.85", "Dots": "14"}, {"player_name": "Aryan Dutt", "Overs": "6", "Maidens": "0", "Runs": "49", "Wickets": "2", "Economy": "8.16", "Dots": "8"}]}, "match_id": "34378"}