{"date": "06/25/2019 09:30:00 AM", "home": "England", "away": "Australia", "place": "Lord's Cricket Ground", "result": "Australia win by 64 runs", "Team1": {"Name": "England", "score": "221", "overs": "44.4/50 ov", "rr": "RR: 4.94", "batting": [{"Player Name": "James Vince", "Dismissed by": "b Jason Behrendorff", "Runs": "0", "Balls Faced": "2", "Fours": "0", "Sixes": "0", "Strike Rate": "0.00"}, {"Player Name": "Jonny Bairstow", "Dismissed by": "c Pat Cummins b Jason Behrendorff", "Runs": "27", "Balls Faced": "39", "Fours": "5", "Sixes": "0", "Strike Rate": "69.23"}, {"Player Name": "Joe Root", "Dismissed by": "lbw Mitchell Starc", "Runs": "8", "Balls Faced": "9", "Fours": "2", "Sixes": "0", "Strike Rate": "88.88"}, {"Player Name": "Eoin Morgan", "Dismissed by": "c Pat Cummins b Mitchell Starc", "Runs": "4", "Balls Faced": "7", "Fours": "1", "Sixes": "0", "Strike Rate": "57.14"}, {"Player Name": "Ben Stokes", "Dismissed by": "b Mitchell Starc", "Runs": "89", "Balls Faced": "115", "Fours": "8", "Sixes": "2", "Strike Rate": "77.39"}, {"Player Name": "Jos Buttler", "Dismissed by": "c Usman Khawaja b Marcus Stoinis", "Runs": "25", "Balls Faced": "27", "Fours": "2", "Sixes": "0", "Strike Rate": "92.59"}, {"Player Name": "Chris Woakes", "Dismissed by": "c Aaron Finch b Jason Behrendorff", "Runs": "26", "Balls Faced": "34", "Fours": "2", "Sixes": "0", "Strike Rate": "76.47"}, {"Player Name": "Moeen Ali", "Dismissed by": "c Alex Carey b Jason Behrendorff", "Runs": "6", "Balls Faced": "9", "Fours": "1", "Sixes": "0", "Strike Rate": "66.66"}, {"Player Name": "Adil Rashid", "Dismissed by": "c Marcus Stoinis b Mitchell Starc", "Runs": "25", "Balls Faced": "20", "Fours": "3", "Sixes": "1", "Strike Rate": "125.00"}, {"Player Name": "Jofra Archer", "Dismissed by": "c David Warner b Jason Behrendorff", "Runs": "1", "Balls Faced": "4", "Fours": "0", "Sixes": "0", "Strike Rate": "25.00"}, {"Player Name": "Mark Wood", "Dismissed by": "", "Runs": "1", "Balls Faced": "2", "Fours": "0", "Sixes": "0", "Strike Rate": "50.00"}], "Extras": "Extras (w 3, b 1, lb 5)", "balling": [{"player_name": "Chris Woakes", "Overs": "10", "Maidens": "0", "Runs": "46", "Wickets": "2", "Economy": "4.60", "Dots": "35"}, {"player_name": "Jofra Archer", "Overs": "9", "Maidens": "0", "Runs": "56", "Wickets": "1", "Economy": "6.22", "Dots": "31"}, {"player_name": "Mark Wood", "Overs": "9", "Maidens": "0", "Runs": "59", "Wickets": "1", "Economy": "6.55", "Dots": "27"}, {"player_name": "Ben Stokes", "Overs": "6", "Maidens": "0", "Runs": "29", "Wickets": "1", "Economy": "4.83", "Dots": "17"}, {"player_name": "Moeen Ali", "Overs": "6", "Maidens": "0", "Runs": "42", "Wickets": "1", "Economy": "7.00", "Dots": "12"}, {"player_name": "Adil Rashid", "Overs": "10", "Maidens": "0", "Runs": "49", "Wickets": "0", "Economy": "4.90", "Dots": "31"}]}, "Team2": {"Name": "Australia", "score": "285/7", "overs": "50/50 ov", "rr": "RR: 5.70", "batting": [{"Player Name": "Aaron Finch", "Dismissed by": "c Chris Woakes b Jofra Archer", "Runs": "100", "Balls Faced": "115", "Fours": "11", "Sixes": "2", "Strike Rate": "86.95"}, {"Player Name": "David Warner", "Dismissed by": "c Joe Root b Moeen Ali", "Runs": "53", "Balls Faced": "61", "Fours": "6", "Sixes": "0", "Strike Rate": "86.88"}, {"Player Name": "Usman Khawaja", "Dismissed by": "b Ben Stokes", "Runs": "23", "Balls Faced": "29", "Fours": "1", "Sixes": "0", "Strike Rate": "79.31"}, {"Player Name": "Steve Smith", "Dismissed by": "c Jofra Archer b Chris Woakes", "Runs": "38", "Balls Faced": "34", "Fours": "5", "Sixes": "0", "Strike Rate": "111.76"}, {"Player Name": "Glenn Maxwell", "Dismissed by": "c Jos Buttler b Mark Wood", "Runs": "12", "Balls Faced": "8", "Fours": "1", "Sixes": "1", "Strike Rate": "150.00"}, {"Player Name": "Marcus Stoinis", "Dismissed by": "run out (Jonny Bairstow/Adil Rashid)", "Runs": "8", "Balls Faced": "15", "Fours": "1", "Sixes": "0", "Strike Rate": "53.33"}, {"Player Name": "Alex Carey", "Dismissed by": "", "Runs": "38", "Balls Faced": "27", "Fours": "5", "Sixes": "0", "Strike Rate": "140.74"}, {"Player Name": "Pat Cummins", "Dismissed by": "c Jos Buttler b Chris Woakes", "Runs": "1", "Balls Faced": "4", "Fours": "0", "Sixes": "0", "Strike Rate": "25.00"}, {"Player Name": "Mitchell Starc", "Dismissed by": "", "Runs": "4", "Balls Faced": "6", "Fours": "0", "Sixes": "0", "Strike Rate": "66.66"}, {"Player Name": "Jason Behrendorff", "Dismissed by": "", "Runs": "-", "Balls Faced": "-", "Fours": "-", "Sixes": "-", "Strike Rate": "-"}, {"Player Name": "Nathan Lyon", "Dismissed by": "", "Runs": "-", "Balls Faced": "-", "Fours": "-", "Sixes": "-", "Strike Rate": "-"}], "Extras": "Extras (w 4, lb 4)", "balling": [{"player_name": "Jason Behrendorff", "Overs": "10", "Maidens": "0", "Runs": "44", "Wickets": "5", "Economy": "4.40", "Dots": "41"}, {"player_name": "Mitchell Starc", "Overs": "8.4", "Maidens": "1", "Runs": "43", "Wickets": "4", "Economy": "4.96", "Dots": "29"}, {"player_name": "Pat Cummins", "Overs": "8", "Maidens": "1", "Runs": "41", "Wickets": "0", "Economy": "5.12", "Dots": "30"}, {"player_name": "Nathan Lyon", "Overs": "9", "Maidens": "0", "Runs": "43", "Wickets": "0", "Economy": "4.77", "Dots": "27"}, {"player_name": "Marcus Stoinis", "Overs": "7", "Maidens": "0", "Runs": "29", "Wickets": "1", "Economy": "4.14", "Dots": "21"}, {"player_name": "Glenn Maxwell", "Overs": "2", "Maidens": "0", "Runs": "15", "Wickets": "0", "Economy": "7.50", "Dots": "7"}]}, "match_id": "8223"}