{"date": "03/19/2023 08:00:00 AM", "home": "India", "away": "Australia", "place": "YS Raja Reddy Stadium", "result": "Australia won by 10 wickets", "Team1": {"Name": "India", "score": "117", "overs": "26/50 ov", "rr": "RR: 4.50", "batting": [{"Player Name": "Rohit Sharma", "Dismissed by": "c Steve Smith b Mitchell Starc", "Runs": "13", "Balls Faced": "15", "Fours": "2", "Sixes": "0", "Strike Rate": "86.66"}, {"Player Name": "Shubman Gill", "Dismissed by": "c Marnus Labuschagne b Mitchell Starc", "Runs": "0", "Balls Faced": "2", "Fours": "0", "Sixes": "0", "Strike Rate": "0.00"}, {"Player Name": "Virat Kohli", "Dismissed by": "lbw Nathan Ellis", "Runs": "31", "Balls Faced": "35", "Fours": "4", "Sixes": "0", "Strike Rate": "88.57"}, {"Player Name": "Suryakumar Yadav", "Dismissed by": "lbw Mitchell Starc", "Runs": "0", "Balls Faced": "1", "Fours": "0", "Sixes": "0", "Strike Rate": "0.00"}, {"Player Name": "KL Rahul", "Dismissed by": "lbw Mitchell Starc", "Runs": "9", "Balls Faced": "12", "Fours": "1", "Sixes": "0", "Strike Rate": "75.00"}, {"Player Name": "Hardik Pandya", "Dismissed by": "c Steve Smith b Sean Abbott", "Runs": "1", "Balls Faced": "3", "Fours": "0", "Sixes": "0", "Strike Rate": "33.33"}, {"Player Name": "Ravindra Jadeja", "Dismissed by": "c Alex Carey b Nathan Ellis", "Runs": "16", "Balls Faced": "39", "Fours": "1", "Sixes": "0", "Strike Rate": "41.02"}, {"Player Name": "Axar Patel", "Dismissed by": "", "Runs": "29", "Balls Faced": "29", "Fours": "1", "Sixes": "2", "Strike Rate": "100.00"}, {"Player Name": "Kuldeep Yadav", "Dismissed by": "c Travis Head b Sean Abbott", "Runs": "4", "Balls Faced": "17", "Fours": "0", "Sixes": "0", "Strike Rate": "23.52"}, {"Player Name": "Mohammed Shami", "Dismissed by": "c Alex Carey b Sean Abbott", "Runs": "0", "Balls Faced": "1", "Fours": "0", "Sixes": "0", "Strike Rate": "0.00"}, {"Player Name": "Mohammed Siraj", "Dismissed by": "b Mitchell Starc", "Runs": "0", "Balls Faced": "3", "Fours": "0", "Sixes": "0", "Strike Rate": "0.00"}], "Extras": "Extras (nb 1, w 11, lb 2)", "balling": [{"player_name": "Mohammed Shami", "Overs": "3", "Maidens": "0", "Runs": "29", "Wickets": "0", "Economy": "9.66", "Dots": "11"}, {"player_name": "Mohammed Siraj", "Overs": "3", "Maidens": "0", "Runs": "37", "Wickets": "0", "Economy": "12.33", "Dots": "6"}, {"player_name": "Axar Patel", "Overs": "3", "Maidens": "0", "Runs": "25", "Wickets": "0", "Economy": "8.33", "Dots": "7"}, {"player_name": "Hardik Pandya", "Overs": "1", "Maidens": "0", "Runs": "18", "Wickets": "0", "Economy": "18.00", "Dots": "3"}, {"player_name": "Kuldeep Yadav", "Overs": "1", "Maidens": "0", "Runs": "12", "Wickets": "0", "Economy": "12.00", "Dots": "2"}]}, "Team2": {"Name": "Australia", "score": "121/0", "overs": "11/50 ov", "rr": "RR: 11.00", "batting": [{"Player Name": "Travis Head", "Dismissed by": "", "Runs": "51", "Balls Faced": "30", "Fours": "10", "Sixes": "0", "Strike Rate": "170.00"}, {"Player Name": "Mitchell Marsh", "Dismissed by": "", "Runs": "66", "Balls Faced": "36", "Fours": "6", "Sixes": "6", "Strike Rate": "183.33"}, {"Player Name": "Steve Smith", "Dismissed by": "", "Runs": "-", "Balls Faced": "-", "Fours": "-", "Sixes": "-", "Strike Rate": "-"}, {"Player Name": "Marcus Stoinis", "Dismissed by": "", "Runs": "-", "Balls Faced": "-", "Fours": "-", "Sixes": "-", "Strike Rate": "-"}, {"Player Name": "Marnus Labuschagne", "Dismissed by": "", "Runs": "-", "Balls Faced": "-", "Fours": "-", "Sixes": "-", "Strike Rate": "-"}, {"Player Name": "Alex Carey", "Dismissed by": "", "Runs": "-", "Balls Faced": "-", "Fours": "-", "Sixes": "-", "Strike Rate": "-"}, {"Player Name": "Sean Abbott", "Dismissed by": "", "Runs": "-", "Balls Faced": "-", "Fours": "-", "Sixes": "-", "Strike Rate": "-"}, {"Player Name": "Mitchell Starc", "Dismissed by": "", "Runs": "-", "Balls Faced": "-", "Fours": "-", "Sixes": "-", "Strike Rate": "-"}, {"Player Name": "Cameron Green", "Dismissed by": "", "Runs": "-", "Balls Faced": "-", "Fours": "-", "Sixes": "-", "Strike Rate": "-"}, {"Player Name": "Nathan Ellis", "Dismissed by": "", "Runs": "-", "Balls Faced": "-", "Fours": "-", "Sixes": "-", "Strike Rate": "-"}, {"Player Name": "Adam Zampa", "Dismissed by": "", "Runs": "-", "Balls Faced": "-", "Fours": "-", "Sixes": "-", "Strike Rate": "-"}], "Extras": "Extras (w 4)", "balling": [{"player_name": "Mitchell Starc", "Overs": "8", "Maidens": "1", "Runs": "53", "Wickets": "5", "Economy": "6.62", "Dots": "27"}, {"player_name": "Cameron Green", "Overs": "5", "Maidens": "0", "Runs": "20", "Wickets": "0", "Economy": "4.00", "Dots": "18"}, {"player_name": "Sean Abbott", "Overs": "6", "Maidens": "0", "Runs": "23", "Wickets": "3", "Economy": "3.83", "Dots": "24"}, {"player_name": "Nathan Ellis", "Overs": "5", "Maidens": "0", "Runs": "13", "Wickets": "2", "Economy": "2.60", "Dots": "21"}, {"player_name": "Adam Zampa", "Overs": "2", "Maidens": "0", "Runs": "6", "Wickets": "0", "Economy": "3.00", "Dots": "7"}]}, "match_id": "101866"}