{"date": "01/17/2020 08:00:00 AM", "home": "India", "away": "Australia", "place": "Saurashtra Cricket Association Stadium", "result": "India won by 36 runs", "Team1": {"Name": "India", "score": "340/6", "overs": "50/50 ov", "rr": "RR: 6.80", "batting": [{"Player Name": "Rohit Sharma", "Dismissed by": "lbw Adam Zampa", "Runs": "42", "Balls Faced": "44", "Fours": "6", "Sixes": "0", "Strike Rate": "95.45"}, {"Player Name": "Shikhar Dhawan", "Dismissed by": "c Mitchell Starc b Kane Richardson", "Runs": "96", "Balls Faced": "90", "Fours": "13", "Sixes": "1", "Strike Rate": "106.66"}, {"Player Name": "Virat Kohli", "Dismissed by": "c Mitchell Starc b Adam Zampa", "Runs": "78", "Balls Faced": "76", "Fours": "6", "Sixes": "0", "Strike Rate": "102.63"}, {"Player Name": "Shreyas Iyer", "Dismissed by": "b Adam Zampa", "Runs": "7", "Balls Faced": "17", "Fours": "1", "Sixes": "0", "Strike Rate": "41.17"}, {"Player Name": "KL Rahul", "Dismissed by": "run out (Alex Carey)", "Runs": "80", "Balls Faced": "52", "Fours": "6", "Sixes": "3", "Strike Rate": "153.84"}, {"Player Name": "Manish Pandey", "Dismissed by": "c Ashton Agar b Kane Richardson", "Runs": "2", "Balls Faced": "4", "Fours": "0", "Sixes": "0", "Strike Rate": "50.00"}, {"Player Name": "Ravindra Jadeja", "Dismissed by": "", "Runs": "20", "Balls Faced": "16", "Fours": "1", "Sixes": "0", "Strike Rate": "125.00"}, {"Player Name": "Mohammad Shami", "Dismissed by": "", "Runs": "1", "Balls Faced": "1", "Fours": "0", "Sixes": "0", "Strike Rate": "100.00"}, {"Player Name": "Kuldeep Yadav", "Dismissed by": "", "Runs": "-", "Balls Faced": "-", "Fours": "-", "Sixes": "-", "Strike Rate": "-"}, {"Player Name": "Navdeep Saini", "Dismissed by": "", "Runs": "-", "Balls Faced": "-", "Fours": "-", "Sixes": "-", "Strike Rate": "-"}, {"Player Name": "Jasprit Bumrah", "Dismissed by": "", "Runs": "-", "Balls Faced": "-", "Fours": "-", "Sixes": "-", "Strike Rate": "-"}], "Extras": "Extras (w 5, b 5, lb 4)", "balling": [{"player_name": "Jasprit Bumrah", "Overs": "9.1", "Maidens": "2", "Runs": "32", "Wickets": "1", "Economy": "3.49", "Dots": "37"}, {"player_name": "Mohammad Shami", "Overs": "10", "Maidens": "0", "Runs": "77", "Wickets": "3", "Economy": "7.70", "Dots": "24"}, {"player_name": "Navdeep Saini", "Overs": "10", "Maidens": "0", "Runs": "62", "Wickets": "2", "Economy": "6.20", "Dots": "24"}, {"player_name": "Ravindra Jadeja", "Overs": "10", "Maidens": "0", "Runs": "58", "Wickets": "2", "Economy": "5.80", "Dots": "22"}, {"player_name": "Kuldeep Yadav", "Overs": "10", "Maidens": "0", "Runs": "65", "Wickets": "2", "Economy": "6.50", "Dots": "19"}]}, "Team2": {"Name": "Australia", "score": "304", "overs": "49.1/50 ov", "rr": "RR: 6.18", "batting": [{"Player Name": "David Warner", "Dismissed by": "c Manish Pandey b Mohammad Shami", "Runs": "15", "Balls Faced": "12", "Fours": "2", "Sixes": "0", "Strike Rate": "125.00"}, {"Player Name": "Aaron Finch", "Dismissed by": "st KL Rahul b Ravindra Jadeja", "Runs": "33", "Balls Faced": "48", "Fours": "3", "Sixes": "0", "Strike Rate": "68.75"}, {"Player Name": "Steve Smith", "Dismissed by": "b Kuldeep Yadav", "Runs": "98", "Balls Faced": "102", "Fours": "9", "Sixes": "1", "Strike Rate": "96.07"}, {"Player Name": "Marnus Labuschagne", "Dismissed by": "c Mohammad Shami b Ravindra Jadeja", "Runs": "46", "Balls Faced": "47", "Fours": "4", "Sixes": "0", "Strike Rate": "97.87"}, {"Player Name": "Alex Carey", "Dismissed by": "c Virat Kohli b Kuldeep Yadav", "Runs": "18", "Balls Faced": "17", "Fours": "0", "Sixes": "1", "Strike Rate": "105.88"}, {"Player Name": "Ashton Turner", "Dismissed by": "b Mohammad Shami", "Runs": "13", "Balls Faced": "15", "Fours": "0", "Sixes": "0", "Strike Rate": "86.66"}, {"Player Name": "Ashton Agar", "Dismissed by": "lbw Navdeep Saini", "Runs": "25", "Balls Faced": "25", "Fours": "3", "Sixes": "0", "Strike Rate": "100.00"}, {"Player Name": "Pat Cummins", "Dismissed by": "b Mohammad Shami", "Runs": "0", "Balls Faced": "1", "Fours": "0", "Sixes": "0", "Strike Rate": "0.00"}, {"Player Name": "Mitchell Starc", "Dismissed by": "c KL Rahul b Navdeep Saini", "Runs": "6", "Balls Faced": "11", "Fours": "0", "Sixes": "0", "Strike Rate": "54.54"}, {"Player Name": "Kane Richardson", "Dismissed by": "", "Runs": "24", "Balls Faced": "11", "Fours": "4", "Sixes": "1", "Strike Rate": "218.18"}, {"Player Name": "Adam Zampa", "Dismissed by": "c KL Rahul b Jasprit Bumrah", "Runs": "6", "Balls Faced": "6", "Fours": "1", "Sixes": "0", "Strike Rate": "100.00"}], "Extras": "Extras (w 10, lb 10)", "balling": [{"player_name": "Pat Cummins", "Overs": "10", "Maidens": "1", "Runs": "53", "Wickets": "0", "Economy": "5.30", "Dots": "35"}, {"player_name": "Mitchell Starc", "Overs": "10", "Maidens": "0", "Runs": "78", "Wickets": "0", "Economy": "7.80", "Dots": "22"}, {"player_name": "Kane Richardson", "Overs": "10", "Maidens": "0", "Runs": "73", "Wickets": "2", "Economy": "7.30", "Dots": "17"}, {"player_name": "Adam Zampa", "Overs": "10", "Maidens": "0", "Runs": "50", "Wickets": "3", "Economy": "5.00", "Dots": "21"}, {"player_name": "Ashton Agar", "Overs": "8", "Maidens": "0", "Runs": "63", "Wickets": "0", "Economy": "7.87", "Dots": "13"}, {"player_name": "Marnus Labuschagne", "Overs": "2", "Maidens": "0", "Runs": "14", "Wickets": "0", "Economy": "7.00", "Dots": "4"}]}, "match_id": "15318"}