{"date": "04/27/2023 10:30:00 AM", "home": "Pakistan", "away": "New Zealand", "place": "Rawalpindi Cricket Stadium", "result": "Pakistan won by 5 wickets", "Team1": {"Name": "Pakistan", "score": "291/5", "overs": "48.3/50 ov", "rr": "RR: 6.00", "batting": [{"Player Name": "Fakhar Zaman", "Dismissed by": "c Chad Jayson Bowes b Rachin Ravindra", "Runs": "117", "Balls Faced": "114", "Fours": "13", "Sixes": "1", "Strike Rate": "102.63"}, {"Player Name": "Imam-ul-Haq", "Dismissed by": "lbw Ish Sodhi", "Runs": "60", "Balls Faced": "65", "Fours": "5", "Sixes": "1", "Strike Rate": "92.30"}, {"Player Name": "Babar Azam", "Dismissed by": "Caught b Adam Milne", "Runs": "49", "Balls Faced": "46", "Fours": "3", "Sixes": "1", "Strike Rate": "106.52"}, {"Player Name": "Shan Masood", "Dismissed by": "c Henry Nicholls b Adam Milne", "Runs": "1", "Balls Faced": "12", "Fours": "0", "Sixes": "0", "Strike Rate": "8.33"}, {"Player Name": "Muhammad Rizwan", "Dismissed by": "", "Runs": "42", "Balls Faced": "34", "Fours": "6", "Sixes": "1", "Strike Rate": "123.52"}, {"Player Name": "Salman Ali Agha", "Dismissed by": "c Tom Latham b Blair Tickner", "Runs": "7", "Balls Faced": "10", "Fours": "1", "Sixes": "0", "Strike Rate": "70.00"}, {"Player Name": "Mohammad Nawaz", "Dismissed by": "", "Runs": "8", "Balls Faced": "10", "Fours": "1", "Sixes": "0", "Strike Rate": "80.00"}, {"Player Name": "Shadab Khan", "Dismissed by": "", "Runs": "-", "Balls Faced": "-", "Fours": "-", "Sixes": "-", "Strike Rate": "-"}, {"Player Name": "Shaheen Shah Afridi", "Dismissed by": "", "Runs": "-", "Balls Faced": "-", "Fours": "-", "Sixes": "-", "Strike Rate": "-"}, {"Player Name": "Naseem Shah", "Dismissed by": "", "Runs": "-", "Balls Faced": "-", "Fours": "-", "Sixes": "-", "Strike Rate": "-"}, {"Player Name": "Haris Rauf", "Dismissed by": "", "Runs": "-", "Balls Faced": "-", "Fours": "-", "Sixes": "-", "Strike Rate": "-"}], "Extras": "Extras (w 4, lb 3)", "balling": [{"player_name": "Shaheen Shah Afridi", "Overs": "10", "Maidens": "0", "Runs": "63", "Wickets": "2", "Economy": "6.30", "Dots": "28"}, {"player_name": "Naseem Shah", "Overs": "10", "Maidens": "2", "Runs": "29", "Wickets": "2", "Economy": "2.90", "Dots": "39"}, {"player_name": "Mohammad Nawaz", "Overs": "8", "Maidens": "0", "Runs": "55", "Wickets": "0", "Economy": "6.87", "Dots": "18"}, {"player_name": "Haris Rauf", "Overs": "10", "Maidens": "0", "Runs": "65", "Wickets": "2", "Economy": "6.50", "Dots": "23"}, {"player_name": "Shadab Khan", "Overs": "10", "Maidens": "0", "Runs": "56", "Wickets": "1", "Economy": "5.60", "Dots": "21"}, {"player_name": "Salman Ali Agha", "Overs": "2", "Maidens": "0", "Runs": "15", "Wickets": "0", "Economy": "7.50", "Dots": "5"}]}, "Team2": {"Name": "New Zealand", "score": "288/7", "overs": "50/50 ov", "rr": "RR: 5.76", "batting": [{"Player Name": "Chad Jayson Bowes", "Dismissed by": "c Muhammad Rizwan b Haris Rauf", "Runs": "18", "Balls Faced": "26", "Fours": "3", "Sixes": "0", "Strike Rate": "69.23"}, {"Player Name": "Will Young", "Dismissed by": "c Haris Rauf b Shadab Khan", "Runs": "86", "Balls Faced": "78", "Fours": "8", "Sixes": "2", "Strike Rate": "110.25"}, {"Player Name": "Daryl Mitchell", "Dismissed by": "c Fakhar Zaman b Shaheen Shah Afridi", "Runs": "113", "Balls Faced": "115", "Fours": "11", "Sixes": "1", "Strike Rate": "98.26"}, {"Player Name": "Tom Latham", "Dismissed by": "lbw Shaheen Shah Afridi", "Runs": "20", "Balls Faced": "36", "Fours": "0", "Sixes": "0", "Strike Rate": "55.55"}, {"Player Name": "Mark Chapman", "Dismissed by": "b Haris Rauf", "Runs": "15", "Balls Faced": "14", "Fours": "2", "Sixes": "0", "Strike Rate": "107.14"}, {"Player Name": "Henry Nicholls", "Dismissed by": "", "Runs": "20", "Balls Faced": "21", "Fours": "1", "Sixes": "0", "Strike Rate": "95.23"}, {"Player Name": "Rachin Ravindra", "Dismissed by": "c Mohammad Nawaz b Naseem Shah", "Runs": "9", "Balls Faced": "9", "Fours": "0", "Sixes": "0", "Strike Rate": "100.00"}, {"Player Name": "Adam Milne", "Dismissed by": "b Naseem Shah", "Runs": "0", "Balls Faced": "1", "Fours": "0", "Sixes": "0", "Strike Rate": "0.00"}, {"Player Name": "Ish Sodhi", "Dismissed by": "", "Runs": "-", "Balls Faced": "-", "Fours": "-", "Sixes": "-", "Strike Rate": "-"}, {"Player Name": "Matt Henry", "Dismissed by": "", "Runs": "-", "Balls Faced": "-", "Fours": "-", "Sixes": "-", "Strike Rate": "-"}, {"Player Name": "Blair Tickner", "Dismissed by": "", "Runs": "-", "Balls Faced": "-", "Fours": "-", "Sixes": "-", "Strike Rate": "-"}], "Extras": "Extras (w 2, b 1, lb 4)", "balling": [{"player_name": "Adam Milne", "Overs": "9", "Maidens": "0", "Runs": "60", "Wickets": "2", "Economy": "6.66", "Dots": "27"}, {"player_name": "Matt Henry", "Overs": "10", "Maidens": "0", "Runs": "45", "Wickets": "0", "Economy": "4.50", "Dots": "35"}, {"player_name": "Blair Tickner", "Overs": "9", "Maidens": "0", "Runs": "52", "Wickets": "1", "Economy": "5.77", "Dots": "22"}, {"player_name": "Ish Sodhi", "Overs": "10", "Maidens": "0", "Runs": "51", "Wickets": "1", "Economy": "5.10", "Dots": "33"}, {"player_name": "Daryl Mitchell", "Overs": "3", "Maidens": "0", "Runs": "27", "Wickets": "0", "Economy": "9.00", "Dots": "5"}, {"player_name": "Rachin Ravindra", "Overs": "7.3", "Maidens": "0", "Runs": "53", "Wickets": "1", "Economy": "7.06", "Dots": "18"}]}, "match_id": "101618"}