{"date": "09/06/2023 09:30:00 AM", "home": "Pakistan", "away": "Bangladesh", "place": "Gaddafi Stadium", "result": "Pakistan won by 7 wickets", "Team1": {"Name": "Pakistan", "score": "194/3", "overs": "39.3/50 ov", "rr": "RR: 4.91", "batting": [{"Player Name": "Fakhar Zaman", "Dismissed by": "lbw Shoriful Islam", "Runs": "20", "Balls Faced": "31", "Fours": "3", "Sixes": "0", "Strike Rate": "64.51"}, {"Player Name": "Imam-ul-Haq", "Dismissed by": "b Mehidy Hasan Miraz", "Runs": "78", "Balls Faced": "84", "Fours": "5", "Sixes": "4", "Strike Rate": "92.85"}, {"Player Name": "Babar Azam", "Dismissed by": "b Taskin Ahmed", "Runs": "17", "Balls Faced": "22", "Fours": "1", "Sixes": "0", "Strike Rate": "77.27"}, {"Player Name": "Muhammad Rizwan", "Dismissed by": "", "Runs": "63", "Balls Faced": "79", "Fours": "7", "Sixes": "1", "Strike Rate": "79.74"}, {"Player Name": "Salman Ali Agha", "Dismissed by": "", "Runs": "12", "Balls Faced": "21", "Fours": "1", "Sixes": "0", "Strike Rate": "57.14"}, {"Player Name": "Iftikhar Ahmed", "Dismissed by": "", "Runs": "-", "Balls Faced": "-", "Fours": "-", "Sixes": "-", "Strike Rate": "-"}, {"Player Name": "Shadab Khan", "Dismissed by": "", "Runs": "-", "Balls Faced": "-", "Fours": "-", "Sixes": "-", "Strike Rate": "-"}, {"Player Name": "Faheem Ashraf", "Dismissed by": "", "Runs": "-", "Balls Faced": "-", "Fours": "-", "Sixes": "-", "Strike Rate": "-"}, {"Player Name": "Shaheen Shah Afridi", "Dismissed by": "", "Runs": "-", "Balls Faced": "-", "Fours": "-", "Sixes": "-", "Strike Rate": "-"}, {"Player Name": "Naseem Shah", "Dismissed by": "", "Runs": "-", "Balls Faced": "-", "Fours": "-", "Sixes": "-", "Strike Rate": "-"}, {"Player Name": "Haris Rauf", "Dismissed by": "", "Runs": "-", "Balls Faced": "-", "Fours": "-", "Sixes": "-", "Strike Rate": "-"}], "Extras": "Extras (w 2, lb 2)", "balling": [{"player_name": "Shaheen Shah Afridi", "Overs": "7", "Maidens": "1", "Runs": "42", "Wickets": "1", "Economy": "6.00", "Dots": "22"}, {"player_name": "Naseem Shah", "Overs": "5.4", "Maidens": "0", "Runs": "34", "Wickets": "3", "Economy": "6.00", "Dots": "21"}, {"player_name": "Haris Rauf", "Overs": "6", "Maidens": "0", "Runs": "19", "Wickets": "4", "Economy": "3.16", "Dots": "23"}, {"player_name": "Faheem Ashraf", "Overs": "7", "Maidens": "0", "Runs": "27", "Wickets": "1", "Economy": "3.85", "Dots": "24"}, {"player_name": "Shadab Khan", "Overs": "7", "Maidens": "0", "Runs": "35", "Wickets": "0", "Economy": "5.00", "Dots": "17"}, {"player_name": "Salman Ali Agha", "Overs": "1", "Maidens": "0", "Runs": "11", "Wickets": "0", "Economy": "11.00", "Dots": "1"}, {"player_name": "Iftikhar Ahmed", "Overs": "5", "Maidens": "0", "Runs": "20", "Wickets": "1", "Economy": "4.00", "Dots": "16"}]}, "Team2": {"Name": "Bangladesh", "score": "193", "overs": "38.4/50 ov", "rr": "RR: 4.99", "batting": [{"Player Name": "Mohammad Naim", "Dismissed by": "c & b Haris Rauf", "Runs": "20", "Balls Faced": "25", "Fours": "4", "Sixes": "0", "Strike Rate": "80.00"}, {"Player Name": "Mehidy Hasan Miraz", "Dismissed by": "c Fakhar Zaman b Naseem Shah", "Runs": "0", "Balls Faced": "1", "Fours": "0", "Sixes": "0", "Strike Rate": "0.00"}, {"Player Name": "Litton Das", "Dismissed by": "c Muhammad Rizwan b Shaheen Shah Afridi", "Runs": "16", "Balls Faced": "13", "Fours": "4", "Sixes": "0", "Strike Rate": "123.07"}, {"Player Name": "Shakib Al Hasan", "Dismissed by": "c Fakhar Zaman b Faheem Ashraf", "Runs": "53", "Balls Faced": "57", "Fours": "7", "Sixes": "0", "Strike Rate": "92.98"}, {"Player Name": "Towhid Hridoy", "Dismissed by": "b Haris Rauf", "Runs": "2", "Balls Faced": "9", "Fours": "0", "Sixes": "0", "Strike Rate": "22.22"}, {"Player Name": "Mushfiqur Rahim", "Dismissed by": "c Muhammad Rizwan b Haris Rauf", "Runs": "64", "Balls Faced": "87", "Fours": "5", "Sixes": "0", "Strike Rate": "73.56"}, {"Player Name": "Shamim Hossain", "Dismissed by": "c Imam-ul-Haq b Iftikhar Ahmed", "Runs": "16", "Balls Faced": "23", "Fours": "0", "Sixes": "1", "Strike Rate": "69.56"}, {"Player Name": "Afif Hossain", "Dismissed by": "c Faheem Ashraf b Naseem Shah", "Runs": "12", "Balls Faced": "11", "Fours": "0", "Sixes": "1", "Strike Rate": "109.09"}, {"Player Name": "Taskin Ahmed", "Dismissed by": "c Muhammad Rizwan b Haris Rauf", "Runs": "0", "Balls Faced": "1", "Fours": "0", "Sixes": "0", "Strike Rate": "0.00"}, {"Player Name": "Shoriful Islam", "Dismissed by": "b Naseem Shah", "Runs": "1", "Balls Faced": "3", "Fours": "0", "Sixes": "0", "Strike Rate": "33.33"}, {"Player Name": "Hasan Mahmud", "Dismissed by": "", "Runs": "1", "Balls Faced": "2", "Fours": "0", "Sixes": "0", "Strike Rate": "50.00"}], "Extras": "Extras (w 3, lb 5)", "balling": [{"player_name": "Taskin Ahmed", "Overs": "8", "Maidens": "1", "Runs": "32", "Wickets": "1", "Economy": "4.00", "Dots": "33"}, {"player_name": "Shoriful Islam", "Overs": "8", "Maidens": "1", "Runs": "24", "Wickets": "1", "Economy": "3.00", "Dots": "33"}, {"player_name": "Hasan Mahmud", "Overs": "7", "Maidens": "0", "Runs": "46", "Wickets": "0", "Economy": "6.57", "Dots": "20"}, {"player_name": "Mehidy Hasan Miraz", "Overs": "10", "Maidens": "0", "Runs": "51", "Wickets": "1", "Economy": "5.10", "Dots": "28"}, {"player_name": "Shakib Al Hasan", "Overs": "5.3", "Maidens": "0", "Runs": "31", "Wickets": "0", "Economy": "5.63", "Dots": "16"}, {"player_name": "Shamim Hossain", "Overs": "1", "Maidens": "0", "Runs": "8", "Wickets": "0", "Economy": "8.00", "Dots": "1"}]}, "match_id": "102841"}