{"date": "06/19/2022 09:00:00 AM", "home": "Sri Lanka", "away": "Australia", "place": "R.Premadasa Stadium", "result": "Sri Lanka won by 6 wickets", "Team1": {"Name": "Sri Lanka", "score": "292/4", "overs": "48.3/50 ov", "rr": "RR: 6.02", "batting": [{"Player Name": "Niroshan Dickwella", "Dismissed by": "b Glenn Maxwell", "Runs": "25", "Balls Faced": "26", "Fours": "5", "Sixes": "0", "Strike Rate": "96.15"}, {"Player Name": "Pathum Nissanka", "Dismissed by": "c David Warner b Jhye Richardson", "Runs": "137", "Balls Faced": "147", "Fours": "11", "Sixes": "2", "Strike Rate": "93.19"}, {"Player Name": "Kusal Mendis", "Dismissed by": "Retired Hurt", "Runs": "87", "Balls Faced": "85", "Fours": "8", "Sixes": "0", "Strike Rate": "102.35"}, {"Player Name": "Dhananjaya de Silva", "Dismissed by": "c & b Josh Hazlewood", "Runs": "25", "Balls Faced": "17", "Fours": "4", "Sixes": "0", "Strike Rate": "147.05"}, {"Player Name": "Charith Asalanka", "Dismissed by": "", "Runs": "13", "Balls Faced": "12", "Fours": "0", "Sixes": "1", "Strike Rate": "108.33"}, {"Player Name": "Dasun Shanaka", "Dismissed by": "b Jhye Richardson", "Runs": "0", "Balls Faced": "2", "Fours": "0", "Sixes": "0", "Strike Rate": "0.00"}, {"Player Name": "Chamika Karunaratne", "Dismissed by": "", "Runs": "0", "Balls Faced": "2", "Fours": "0", "Sixes": "0", "Strike Rate": "0.00"}, {"Player Name": "Jeffrey Vandersay", "Dismissed by": "", "Runs": "-", "Balls Faced": "-", "Fours": "-", "Sixes": "-", "Strike Rate": "-"}, {"Player Name": "Dushmantha Chameera", "Dismissed by": "", "Runs": "-", "Balls Faced": "-", "Fours": "-", "Sixes": "-", "Strike Rate": "-"}, {"Player Name": "Maheesh Theekshana", "Dismissed by": "", "Runs": "-", "Balls Faced": "-", "Fours": "-", "Sixes": "-", "Strike Rate": "-"}, {"Player Name": "Dunith Wellalage", "Dismissed by": "", "Runs": "-", "Balls Faced": "-", "Fours": "-", "Sixes": "-", "Strike Rate": "-"}], "Extras": "Extras (w 2, b 2, lb 1)", "balling": [{"player_name": "Dushmantha Chameera", "Overs": "8", "Maidens": "0", "Runs": "49", "Wickets": "1", "Economy": "6.12", "Dots": "25"}, {"player_name": "Maheesh Theekshana", "Overs": "10", "Maidens": "0", "Runs": "37", "Wickets": "0", "Economy": "3.70", "Dots": "33"}, {"player_name": "Chamika Karunaratne", "Overs": "5", "Maidens": "0", "Runs": "46", "Wickets": "0", "Economy": "9.20", "Dots": "10"}, {"player_name": "Dunith Wellalage", "Overs": "10", "Maidens": "0", "Runs": "56", "Wickets": "1", "Economy": "5.60", "Dots": "29"}, {"player_name": "Jeffrey Vandersay", "Overs": "10", "Maidens": "0", "Runs": "49", "Wickets": "3", "Economy": "4.90", "Dots": "23"}, {"player_name": "Dhananjaya de Silva", "Overs": "6", "Maidens": "0", "Runs": "35", "Wickets": "1", "Economy": "5.83", "Dots": "15"}, {"player_name": "Dasun Shanaka", "Overs": "1", "Maidens": "0", "Runs": "10", "Wickets": "0", "Economy": "10.00", "Dots": "1"}]}, "Team2": {"Name": "Australia", "score": "291/6", "overs": "50/50 ov", "rr": "RR: 5.82", "batting": [{"Player Name": "David Warner", "Dismissed by": "c Maheesh Theekshana b Dushmantha Chameera", "Runs": "9", "Balls Faced": "12", "Fours": "2", "Sixes": "0", "Strike Rate": "75.00"}, {"Player Name": "Aaron Finch", "Dismissed by": "c Dhananjaya de Silva b Jeffrey Vandersay", "Runs": "62", "Balls Faced": "85", "Fours": "4", "Sixes": "1", "Strike Rate": "72.94"}, {"Player Name": "Mitchell Marsh", "Dismissed by": "c Kusal Mendis b Dunith Wellalage", "Runs": "10", "Balls Faced": "23", "Fours": "1", "Sixes": "0", "Strike Rate": "43.47"}, {"Player Name": "Marnus Labuschagne", "Dismissed by": "st Niroshan Dickwella b Jeffrey Vandersay", "Runs": "29", "Balls Faced": "36", "Fours": "1", "Sixes": "0", "Strike Rate": "80.55"}, {"Player Name": "Alex Carey", "Dismissed by": "lbw Dhananjaya de Silva", "Runs": "49", "Balls Faced": "52", "Fours": "3", "Sixes": "1", "Strike Rate": "94.23"}, {"Player Name": "Travis Head", "Dismissed by": "", "Runs": "70", "Balls Faced": "65", "Fours": "3", "Sixes": "3", "Strike Rate": "107.69"}, {"Player Name": "Glenn Maxwell", "Dismissed by": "c Dunith Wellalage b Jeffrey Vandersay", "Runs": "33", "Balls Faced": "18", "Fours": "3", "Sixes": "1", "Strike Rate": "183.33"}, {"Player Name": "Cameron Green", "Dismissed by": "", "Runs": "15", "Balls Faced": "12", "Fours": "0", "Sixes": "1", "Strike Rate": "125.00"}, {"Player Name": "Jhye Richardson", "Dismissed by": "", "Runs": "-", "Balls Faced": "-", "Fours": "-", "Sixes": "-", "Strike Rate": "-"}, {"Player Name": "Matthew Kuhnemann", "Dismissed by": "", "Runs": "-", "Balls Faced": "-", "Fours": "-", "Sixes": "-", "Strike Rate": "-"}, {"Player Name": "Josh Hazlewood", "Dismissed by": "", "Runs": "-", "Balls Faced": "-", "Fours": "-", "Sixes": "-", "Strike Rate": "-"}], "Extras": "Extras (nb 3, w 2, b 5, lb 4)", "balling": [{"player_name": "Josh Hazlewood", "Overs": "9.3", "Maidens": "0", "Runs": "57", "Wickets": "1", "Economy": "6.00", "Dots": "30"}, {"player_name": "Jhye Richardson", "Overs": "9", "Maidens": "0", "Runs": "39", "Wickets": "2", "Economy": "4.33", "Dots": "30"}, {"player_name": "Glenn Maxwell", "Overs": "7", "Maidens": "0", "Runs": "44", "Wickets": "1", "Economy": "6.28", "Dots": "18"}, {"player_name": "Matthew Kuhnemann", "Overs": "10", "Maidens": "0", "Runs": "61", "Wickets": "0", "Economy": "6.10", "Dots": "20"}, {"player_name": "Cameron Green", "Overs": "5", "Maidens": "0", "Runs": "30", "Wickets": "0", "Economy": "6.00", "Dots": "9"}, {"player_name": "Marnus Labuschagne", "Overs": "7", "Maidens": "0", "Runs": "49", "Wickets": "0", "Economy": "7.00", "Dots": "13"}, {"player_name": "Travis Head", "Overs": "1", "Maidens": "0", "Runs": "9", "Wickets": "0", "Economy": "9.00", "Dots": "3"}]}, "match_id": "100568"}