{"date": "06/04/2023 04:30:00 AM", "home": "Sri Lanka", "away": "Afghanistan", "place": "Mahinda Rajapaksa International Cricket Stadium", "result": "Sri Lanka won by 132 runs", "Team1": {"Name": "Sri Lanka", "score": "323/6", "overs": "50/50 ov", "rr": "RR: 6.46", "batting": [{"Player Name": "Dimuth Karunaratne", "Dismissed by": "lbw Noor Ahmad", "Runs": "52", "Balls Faced": "62", "Fours": "7", "Sixes": "0", "Strike Rate": "83.87"}, {"Player Name": "Pathum Nissanka", "Dismissed by": "lbw Mohammad Nabi", "Runs": "43", "Balls Faced": "56", "Fours": "6", "Sixes": "0", "Strike Rate": "76.78"}, {"Player Name": "Kusal Mendis", "Dismissed by": "c Rahmanullah Gurbaz b Fareed Malik", "Runs": "78", "Balls Faced": "75", "Fours": "7", "Sixes": "1", "Strike Rate": "104.00"}, {"Player Name": "Sadeera Samarawickrama", "Dismissed by": "b Mujeeb Ur Rahman", "Runs": "44", "Balls Faced": "46", "Fours": "5", "Sixes": "0", "Strike Rate": "95.65"}, {"Player Name": "Charith Asalanka", "Dismissed by": "lbw Mohammad Nabi", "Runs": "6", "Balls Faced": "12", "Fours": "0", "Sixes": "0", "Strike Rate": "50.00"}, {"Player Name": "Dhananjaya de Silva", "Dismissed by": "", "Runs": "29", "Balls Faced": "24", "Fours": "1", "Sixes": "1", "Strike Rate": "120.83"}, {"Player Name": "Dasun Shanaka", "Dismissed by": "c Rahmanullah Gurbaz b Fareed Malik", "Runs": "23", "Balls Faced": "13", "Fours": "2", "Sixes": "1", "Strike Rate": "176.92"}, {"Player Name": "Wanindu Hasaranga", "Dismissed by": "", "Runs": "29", "Balls Faced": "12", "Fours": "4", "Sixes": "1", "Strike Rate": "241.66"}, {"Player Name": "Maheesh Theekshana", "Dismissed by": "", "Runs": "-", "Balls Faced": "-", "Fours": "-", "Sixes": "-", "Strike Rate": "-"}, {"Player Name": "Dushmantha Vasan Dushmantha Chameera", "Dismissed by": "", "Runs": "-", "Balls Faced": "-", "Fours": "-", "Sixes": "-", "Strike Rate": "-"}, {"Player Name": "Kasun Rajitha", "Dismissed by": "", "Runs": "-", "Balls Faced": "-", "Fours": "-", "Sixes": "-", "Strike Rate": "-"}], "Extras": "Extras (w 10, b 6, lb 3)", "balling": [{"player_name": "Kasun Rajitha", "Overs": "5", "Maidens": "0", "Runs": "26", "Wickets": "0", "Economy": "5.20", "Dots": "18"}, {"player_name": "Dushmantha Vasan Dushmantha Chameera", "Overs": "7", "Maidens": "0", "Runs": "18", "Wickets": "2", "Economy": "2.57", "Dots": "29"}, {"player_name": "Maheesh Theekshana", "Overs": "7.1", "Maidens": "0", "Runs": "35", "Wickets": "1", "Economy": "4.88", "Dots": "22"}, {"player_name": "Dasun Shanaka", "Overs": "4", "Maidens": "0", "Runs": "29", "Wickets": "1", "Economy": "7.25", "Dots": "7"}, {"player_name": "Wanindu Hasaranga", "Overs": "9", "Maidens": "2", "Runs": "42", "Wickets": "3", "Economy": "4.66", "Dots": "31"}, {"player_name": "Dhananjaya de Silva", "Overs": "10", "Maidens": "0", "Runs": "39", "Wickets": "3", "Economy": "3.90", "Dots": "32"}]}, "Team2": {"Name": "Afghanistan", "score": "191", "overs": "42.1/50 ov", "rr": "RR: 4.52", "batting": [{"Player Name": "Rahmanullah Gurbaz", "Dismissed by": "c Kusal Mendis b Dushmantha Vasan Dushmantha Chameera", "Runs": "2", "Balls Faced": "12", "Fours": "0", "Sixes": "0", "Strike Rate": "16.66"}, {"Player Name": "Ibrahim Zadran", "Dismissed by": "c Kusal Mendis b Dhananjaya de Silva", "Runs": "54", "Balls Faced": "75", "Fours": "2", "Sixes": "2", "Strike Rate": "72.00"}, {"Player Name": "Rahmat Shah", "Dismissed by": "lbw Dasun Shanaka", "Runs": "36", "Balls Faced": "42", "Fours": "3", "Sixes": "0", "Strike Rate": "85.71"}, {"Player Name": "Hashmatullah Shahidi", "Dismissed by": "lbw Dhananjaya de Silva", "Runs": "57", "Balls Faced": "62", "Fours": "6", "Sixes": "0", "Strike Rate": "91.93"}, {"Player Name": "Najib Zadran", "Dismissed by": "c Pathum Nissanka b Dhananjaya de Silva", "Runs": "2", "Balls Faced": "8", "Fours": "0", "Sixes": "0", "Strike Rate": "25.00"}, {"Player Name": "Mohammad Nabi", "Dismissed by": "c Kusal Mendis b Dushmantha Vasan Dushmantha Chameera", "Runs": "2", "Balls Faced": "5", "Fours": "0", "Sixes": "0", "Strike Rate": "40.00"}, {"Player Name": "Azmat Omarzai", "Dismissed by": "c Dasun Shanaka b Maheesh Theekshana", "Runs": "28", "Balls Faced": "31", "Fours": "4", "Sixes": "1", "Strike Rate": "90.32"}, {"Player Name": "Noor Ahmad", "Dismissed by": "b Wanindu Hasaranga", "Runs": "3", "Balls Faced": "7", "Fours": "0", "Sixes": "0", "Strike Rate": "42.85"}, {"Player Name": "Mujeeb Ur Rahman", "Dismissed by": "lbw Wanindu Hasaranga", "Runs": "0", "Balls Faced": "2", "Fours": "0", "Sixes": "0", "Strike Rate": "0.00"}, {"Player Name": "Fareed Malik", "Dismissed by": "b Wanindu Hasaranga", "Runs": "0", "Balls Faced": "5", "Fours": "0", "Sixes": "0", "Strike Rate": "0.00"}, {"Player Name": "Fazalhaq Farooqi", "Dismissed by": "", "Runs": "0", "Balls Faced": "4", "Fours": "0", "Sixes": "0", "Strike Rate": "0.00"}], "Extras": "Extras (w 5, lb 2)", "balling": [{"player_name": "Fazalhaq Farooqi", "Overs": "7", "Maidens": "0", "Runs": "44", "Wickets": "0", "Economy": "6.28", "Dots": "23"}, {"player_name": "Azmat Omarzai", "Overs": "5", "Maidens": "0", "Runs": "48", "Wickets": "0", "Economy": "9.60", "Dots": "12"}, {"player_name": "Mujeeb Ur Rahman", "Overs": "10", "Maidens": "0", "Runs": "39", "Wickets": "1", "Economy": "3.90", "Dots": "30"}, {"player_name": "Fareed Malik", "Overs": "9", "Maidens": "0", "Runs": "61", "Wickets": "2", "Economy": "6.77", "Dots": "24"}, {"player_name": "Mohammad Nabi", "Overs": "10", "Maidens": "0", "Runs": "52", "Wickets": "2", "Economy": "5.20", "Dots": "27"}, {"player_name": "Noor Ahmad", "Overs": "9", "Maidens": "0", "Runs": "70", "Wickets": "1", "Economy": "7.77", "Dots": "19"}]}, "match_id": "102115"}