{"date": "03/31/2022 10:00:00 AM", "home": "Pakistan", "away": "Australia", "place": "Gaddafi Stadium", "result": "Pakistan won by 6 wickets", "Team1": {"Name": "Pakistan", "score": "349/4", "overs": "49/50 ov", "rr": "RR: 7.12", "batting": [{"Player Name": "Fakhar Zaman", "Dismissed by": "b Marcus Stoinis", "Runs": "67", "Balls Faced": "64", "Fours": "7", "Sixes": "2", "Strike Rate": "104.68"}, {"Player Name": "Imam-ul-Haq", "Dismissed by": "c Marnus Labuschagne b Adam Zampa", "Runs": "106", "Balls Faced": "97", "Fours": "6", "Sixes": "3", "Strike Rate": "109.27"}, {"Player Name": "Babar Azam", "Dismissed by": "c Marnus Labuschagne b Nathan Ellis", "Runs": "114", "Balls Faced": "83", "Fours": "11", "Sixes": "1", "Strike Rate": "137.34"}, {"Player Name": "Mohammad Rizwan", "Dismissed by": "c Sean Abbott b Adam Zampa", "Runs": "23", "Balls Faced": "26", "Fours": "0", "Sixes": "0", "Strike Rate": "88.46"}, {"Player Name": "Khushdil Shah", "Dismissed by": "", "Runs": "27", "Balls Faced": "17", "Fours": "2", "Sixes": "2", "Strike Rate": "158.82"}, {"Player Name": "Iftikhar Ahmed", "Dismissed by": "", "Runs": "8", "Balls Faced": "7", "Fours": "0", "Sixes": "0", "Strike Rate": "114.28"}, {"Player Name": "Saud Shakeel", "Dismissed by": "", "Runs": "-", "Balls Faced": "-", "Fours": "-", "Sixes": "-", "Strike Rate": "-"}, {"Player Name": "Shaheen Shah Afridi", "Dismissed by": "", "Runs": "-", "Balls Faced": "-", "Fours": "-", "Sixes": "-", "Strike Rate": "-"}, {"Player Name": "Mohammad Wasim", "Dismissed by": "", "Runs": "-", "Balls Faced": "-", "Fours": "-", "Sixes": "-", "Strike Rate": "-"}, {"Player Name": "Zahid Mahmood", "Dismissed by": "", "Runs": "-", "Balls Faced": "-", "Fours": "-", "Sixes": "-", "Strike Rate": "-"}, {"Player Name": "Haris Rauf", "Dismissed by": "", "Runs": "-", "Balls Faced": "-", "Fours": "-", "Sixes": "-", "Strike Rate": "-"}], "Extras": "Extras (w 2, b 1, lb 1)", "balling": [{"player_name": "Shaheen Shah Afridi", "Overs": "10", "Maidens": "0", "Runs": "63", "Wickets": "4", "Economy": "6.30", "Dots": "30"}, {"player_name": "Haris Rauf", "Overs": "10", "Maidens": "1", "Runs": "57", "Wickets": "0", "Economy": "5.70", "Dots": "29"}, {"player_name": "Mohammad Wasim", "Overs": "10", "Maidens": "0", "Runs": "56", "Wickets": "2", "Economy": "5.60", "Dots": "31"}, {"player_name": "Zahid Mahmood", "Overs": "10", "Maidens": "0", "Runs": "71", "Wickets": "1", "Economy": "7.10", "Dots": "20"}, {"player_name": "Iftikhar Ahmed", "Overs": "4", "Maidens": "0", "Runs": "38", "Wickets": "0", "Economy": "9.50", "Dots": "5"}, {"player_name": "Khushdil Shah", "Overs": "6", "Maidens": "0", "Runs": "57", "Wickets": "1", "Economy": "9.50", "Dots": "7"}]}, "Team2": {"Name": "Australia", "score": "348/8", "overs": "50/50 ov", "rr": "RR: 6.96", "batting": [{"Player Name": "Aaron Finch", "Dismissed by": "lbw Shaheen Shah Afridi", "Runs": "0", "Balls Faced": "1", "Fours": "0", "Sixes": "0", "Strike Rate": "0.00"}, {"Player Name": "Travis Head", "Dismissed by": "c Shaheen Shah Afridi b Zahid Mahmood", "Runs": "89", "Balls Faced": "70", "Fours": "6", "Sixes": "5", "Strike Rate": "127.14"}, {"Player Name": "Ben McDermott", "Dismissed by": "c Haris Rauf b Mohammad Wasim", "Runs": "104", "Balls Faced": "108", "Fours": "10", "Sixes": "4", "Strike Rate": "96.29"}, {"Player Name": "Marnus Labuschagne", "Dismissed by": "c Saud Shakeel b Khushdil Shah", "Runs": "59", "Balls Faced": "49", "Fours": "5", "Sixes": "0", "Strike Rate": "120.40"}, {"Player Name": "Marcus Stoinis", "Dismissed by": "c Babar Azam b Shaheen Shah Afridi", "Runs": "49", "Balls Faced": "33", "Fours": "5", "Sixes": "1", "Strike Rate": "148.48"}, {"Player Name": "Alex Carey", "Dismissed by": "c Mohammad Rizwan b Mohammad Wasim", "Runs": "5", "Balls Faced": "10", "Fours": "0", "Sixes": "0", "Strike Rate": "50.00"}, {"Player Name": "Cameron Green", "Dismissed by": "c Iftikhar Ahmed b Shaheen Shah Afridi", "Runs": "5", "Balls Faced": "11", "Fours": "0", "Sixes": "0", "Strike Rate": "45.45"}, {"Player Name": "Sean Abbott", "Dismissed by": "c Haris Rauf b Shaheen Shah Afridi", "Runs": "28", "Balls Faced": "16", "Fours": "4", "Sixes": "0", "Strike Rate": "175.00"}, {"Player Name": "Nathan Ellis", "Dismissed by": "", "Runs": "1", "Balls Faced": "1", "Fours": "0", "Sixes": "0", "Strike Rate": "100.00"}, {"Player Name": "Adam Zampa", "Dismissed by": "", "Runs": "0", "Balls Faced": "1", "Fours": "0", "Sixes": "0", "Strike Rate": "0.00"}, {"Player Name": "Mitchell Swepson", "Dismissed by": "", "Runs": "-", "Balls Faced": "-", "Fours": "-", "Sixes": "-", "Strike Rate": "-"}], "Extras": "Extras (w 2, lb 6)", "balling": [{"player_name": "Sean Abbott", "Overs": "9", "Maidens": "0", "Runs": "74", "Wickets": "0", "Economy": "8.22", "Dots": "21"}, {"player_name": "Cameron Green", "Overs": "6", "Maidens": "0", "Runs": "35", "Wickets": "0", "Economy": "5.83", "Dots": "17"}, {"player_name": "Nathan Ellis", "Overs": "9", "Maidens": "0", "Runs": "66", "Wickets": "1", "Economy": "7.33", "Dots": "16"}, {"player_name": "Travis Head", "Overs": "4", "Maidens": "0", "Runs": "28", "Wickets": "0", "Economy": "7.00", "Dots": "9"}, {"player_name": "Adam Zampa", "Overs": "10", "Maidens": "0", "Runs": "71", "Wickets": "2", "Economy": "7.10", "Dots": "17"}, {"player_name": "Mitchell Swepson", "Overs": "8", "Maidens": "0", "Runs": "50", "Wickets": "0", "Economy": "6.25", "Dots": "17"}, {"player_name": "Marcus Stoinis", "Overs": "3", "Maidens": "0", "Runs": "23", "Wickets": "1", "Economy": "7.66", "Dots": "5"}]}, "match_id": "34308"}