{"date": "06/12/2019 09:30:00 AM", "home": "Australia", "away": "Pakistan", "place": "The County Ground", "result": "Australia win by 41 runs", "Team1": {"Name": "Australia", "score": "307", "overs": "49/50 ov", "rr": "RR: 6.26", "batting": [{"Player Name": "Aaron Finch", "Dismissed by": "c Mohammad Hafeez b Mohammad Amir", "Runs": "82", "Balls Faced": "84", "Fours": "6", "Sixes": "4", "Strike Rate": "97.61"}, {"Player Name": "David Warner", "Dismissed by": "c Imam-ul-Haq b Shaheen Afridi", "Runs": "107", "Balls Faced": "111", "Fours": "11", "Sixes": "1", "Strike Rate": "96.39"}, {"Player Name": "Steve Smith", "Dismissed by": "c Asif Ali b Mohammad Hafeez", "Runs": "10", "Balls Faced": "13", "Fours": "1", "Sixes": "0", "Strike Rate": "76.92"}, {"Player Name": "Glenn Maxwell", "Dismissed by": "b Shaheen Afridi", "Runs": "20", "Balls Faced": "10", "Fours": "2", "Sixes": "1", "Strike Rate": "200.00"}, {"Player Name": "Shaun Marsh", "Dismissed by": "c Shoaib Malik b Mohammad Amir", "Runs": "23", "Balls Faced": "26", "Fours": "2", "Sixes": "0", "Strike Rate": "88.46"}, {"Player Name": "Usman Khawaja", "Dismissed by": "c Wahab Riaz b Mohammad Amir", "Runs": "18", "Balls Faced": "16", "Fours": "3", "Sixes": "0", "Strike Rate": "112.50"}, {"Player Name": "Alex Carey", "Dismissed by": "lbw Mohammad Amir", "Runs": "20", "Balls Faced": "21", "Fours": "2", "Sixes": "0", "Strike Rate": "95.23"}, {"Player Name": "Nathan Coulter-Nile", "Dismissed by": "c Sarfaraz Ahmed b Wahab Riaz", "Runs": "2", "Balls Faced": "3", "Fours": "0", "Sixes": "0", "Strike Rate": "66.66"}, {"Player Name": "Pat Cummins", "Dismissed by": "c Sarfaraz Ahmed b Hasan Ali", "Runs": "2", "Balls Faced": "6", "Fours": "0", "Sixes": "0", "Strike Rate": "33.33"}, {"Player Name": "Mitchell Starc", "Dismissed by": "c Shoaib Malik b Mohammad Amir", "Runs": "3", "Balls Faced": "6", "Fours": "0", "Sixes": "0", "Strike Rate": "50.00"}, {"Player Name": "Kane Richardson", "Dismissed by": "", "Runs": "1", "Balls Faced": "1", "Fours": "0", "Sixes": "0", "Strike Rate": "100.00"}], "Extras": "Extras (nb 3, w 6, lb 10)", "balling": [{"player_name": "Pat Cummins", "Overs": "10", "Maidens": "0", "Runs": "33", "Wickets": "3", "Economy": "3.30", "Dots": "41"}, {"player_name": "Mitchell Starc", "Overs": "9", "Maidens": "1", "Runs": "43", "Wickets": "2", "Economy": "4.77", "Dots": "32"}, {"player_name": "Kane Richardson", "Overs": "8.4", "Maidens": "0", "Runs": "62", "Wickets": "2", "Economy": "7.15", "Dots": "22"}, {"player_name": "Nathan Coulter-Nile", "Overs": "9", "Maidens": "0", "Runs": "53", "Wickets": "1", "Economy": "5.88", "Dots": "23"}, {"player_name": "Glenn Maxwell", "Overs": "7", "Maidens": "0", "Runs": "58", "Wickets": "0", "Economy": "8.28", "Dots": "13"}, {"player_name": "Aaron Finch", "Overs": "2", "Maidens": "0", "Runs": "13", "Wickets": "1", "Economy": "6.50", "Dots": "4"}]}, "Team2": {"Name": "Pakistan", "score": "266", "overs": "45.4/50 ov", "rr": "RR: 5.82", "batting": [{"Player Name": "Imam-ul-Haq", "Dismissed by": "c Alex Carey b Pat Cummins", "Runs": "53", "Balls Faced": "75", "Fours": "7", "Sixes": "0", "Strike Rate": "70.66"}, {"Player Name": "Fakhar Zaman", "Dismissed by": "c Kane Richardson b Pat Cummins", "Runs": "0", "Balls Faced": "3", "Fours": "0", "Sixes": "0", "Strike Rate": "0.00"}, {"Player Name": "Babar Azam", "Dismissed by": "c Kane Richardson b Nathan Coulter-Nile", "Runs": "30", "Balls Faced": "28", "Fours": "7", "Sixes": "0", "Strike Rate": "107.14"}, {"Player Name": "Mohammad Hafeez", "Dismissed by": "c Mitchell Starc b Aaron Finch", "Runs": "46", "Balls Faced": "49", "Fours": "3", "Sixes": "1", "Strike Rate": "93.87"}, {"Player Name": "Sarfaraz Ahmed", "Dismissed by": "run out (Glenn Maxwell)", "Runs": "40", "Balls Faced": "48", "Fours": "1", "Sixes": "0", "Strike Rate": "83.33"}, {"Player Name": "Shoaib Malik", "Dismissed by": "c Alex Carey b Pat Cummins", "Runs": "0", "Balls Faced": "2", "Fours": "0", "Sixes": "0", "Strike Rate": "0.00"}, {"Player Name": "Asif Ali", "Dismissed by": "c Alex Carey b Kane Richardson", "Runs": "5", "Balls Faced": "8", "Fours": "0", "Sixes": "0", "Strike Rate": "62.50"}, {"Player Name": "Hasan Ali", "Dismissed by": "c Usman Khawaja b Kane Richardson", "Runs": "32", "Balls Faced": "15", "Fours": "3", "Sixes": "3", "Strike Rate": "213.33"}, {"Player Name": "Wahab Riaz", "Dismissed by": "c Alex Carey b Mitchell Starc", "Runs": "45", "Balls Faced": "39", "Fours": "2", "Sixes": "3", "Strike Rate": "115.38"}, {"Player Name": "Mohammad Amir", "Dismissed by": "b Mitchell Starc", "Runs": "0", "Balls Faced": "2", "Fours": "0", "Sixes": "0", "Strike Rate": "0.00"}, {"Player Name": "Shaheen Afridi", "Dismissed by": "", "Runs": "1", "Balls Faced": "6", "Fours": "0", "Sixes": "0", "Strike Rate": "16.66"}], "Extras": "Extras (nb 1, w 9, lb 4)", "balling": [{"player_name": "Mohammad Amir", "Overs": "10", "Maidens": "2", "Runs": "30", "Wickets": "5", "Economy": "3.00", "Dots": "37"}, {"player_name": "Shaheen Afridi", "Overs": "10", "Maidens": "0", "Runs": "70", "Wickets": "2", "Economy": "7.00", "Dots": "28"}, {"player_name": "Hasan Ali", "Overs": "10", "Maidens": "0", "Runs": "67", "Wickets": "1", "Economy": "6.70", "Dots": "28"}, {"player_name": "Wahab Riaz", "Overs": "8", "Maidens": "0", "Runs": "44", "Wickets": "1", "Economy": "5.50", "Dots": "23"}, {"player_name": "Mohammad Hafeez", "Overs": "7", "Maidens": "0", "Runs": "60", "Wickets": "1", "Economy": "8.57", "Dots": "14"}, {"player_name": "Shoaib Malik", "Overs": "4", "Maidens": "0", "Runs": "26", "Wickets": "0", "Economy": "6.50", "Dots": "11"}]}, "match_id": "8208"}