{"date": "05/03/2023 10:30:00 AM", "home": "Pakistan", "away": "New Zealand", "place": "National Stadium", "result": "Pakistan won by 26 runs", "Team1": {"Name": "Pakistan", "score": "287/6", "overs": "50/50 ov", "rr": "RR: 5.74", "batting": [{"Player Name": "Fakhar Zaman", "Dismissed by": "c Tom Blundell b Matt Henry", "Runs": "19", "Balls Faced": "26", "Fours": "4", "Sixes": "0", "Strike Rate": "73.07"}, {"Player Name": "Imam-ul-Haq", "Dismissed by": "b Adam Milne", "Runs": "90", "Balls Faced": "107", "Fours": "7", "Sixes": "1", "Strike Rate": "84.11"}, {"Player Name": "Babar Azam", "Dismissed by": "b Matt Henry", "Runs": "54", "Balls Faced": "62", "Fours": "3", "Sixes": "1", "Strike Rate": "87.09"}, {"Player Name": "Abdullah Shafique", "Dismissed by": "c Tom Latham b Cole McConchie", "Runs": "19", "Balls Faced": "23", "Fours": "0", "Sixes": "1", "Strike Rate": "82.60"}, {"Player Name": "Muhammad Rizwan", "Dismissed by": "c Cole McConchie b Adam Milne", "Runs": "32", "Balls Faced": "34", "Fours": "0", "Sixes": "1", "Strike Rate": "94.11"}, {"Player Name": "Salman Ali Agha", "Dismissed by": "c Adam Milne b Matt Henry", "Runs": "31", "Balls Faced": "29", "Fours": "3", "Sixes": "0", "Strike Rate": "106.89"}, {"Player Name": "Mohammad Nawaz", "Dismissed by": "", "Runs": "11", "Balls Faced": "9", "Fours": "1", "Sixes": "0", "Strike Rate": "122.22"}, {"Player Name": "Shadab Khan", "Dismissed by": "", "Runs": "21", "Balls Faced": "10", "Fours": "1", "Sixes": "2", "Strike Rate": "210.00"}, {"Player Name": "Shaheen Shah Afridi", "Dismissed by": "", "Runs": "-", "Balls Faced": "-", "Fours": "-", "Sixes": "-", "Strike Rate": "-"}, {"Player Name": "Mohammad Wasim", "Dismissed by": "", "Runs": "-", "Balls Faced": "-", "Fours": "-", "Sixes": "-", "Strike Rate": "-"}, {"Player Name": "Naseem Shah", "Dismissed by": "", "Runs": "-", "Balls Faced": "-", "Fours": "-", "Sixes": "-", "Strike Rate": "-"}], "Extras": "Extras (w 8, lb 2)", "balling": [{"player_name": "Shaheen Shah Afridi", "Overs": "9", "Maidens": "0", "Runs": "52", "Wickets": "2", "Economy": "5.77", "Dots": "27"}, {"player_name": "Naseem Shah", "Overs": "8.1", "Maidens": "0", "Runs": "41", "Wickets": "2", "Economy": "5.02", "Dots": "28"}, {"player_name": "Mohammad Wasim", "Overs": "7.5", "Maidens": "1", "Runs": "50", "Wickets": "2", "Economy": "6.38", "Dots": "22"}, {"player_name": "Mohammad Nawaz", "Overs": "5.1", "Maidens": "0", "Runs": "26", "Wickets": "0", "Economy": "5.03", "Dots": "9"}, {"player_name": "Shadab Khan", "Overs": "10", "Maidens": "0", "Runs": "45", "Wickets": "0", "Economy": "4.50", "Dots": "25"}, {"player_name": "Salman Ali Agha", "Overs": "9", "Maidens": "0", "Runs": "42", "Wickets": "1", "Economy": "4.66", "Dots": "24"}]}, "Team2": {"Name": "New Zealand", "score": "261", "overs": "49.1/50 ov", "rr": "RR: 5.30", "batting": [{"Player Name": "Will Young", "Dismissed by": "run out (Salman Ali Agha)", "Runs": "33", "Balls Faced": "41", "Fours": "3", "Sixes": "0", "Strike Rate": "80.48"}, {"Player Name": "Tom Blundell", "Dismissed by": "run out (Mohammad Wasim/Muhammad Rizwan)", "Runs": "65", "Balls Faced": "78", "Fours": "7", "Sixes": "0", "Strike Rate": "83.33"}, {"Player Name": "Daryl Mitchell", "Dismissed by": "c Abdullah Shafique b Mohammad Wasim", "Runs": "21", "Balls Faced": "24", "Fours": "2", "Sixes": "0", "Strike Rate": "87.50"}, {"Player Name": "Tom Latham", "Dismissed by": "b Mohammad Wasim", "Runs": "45", "Balls Faced": "60", "Fours": "3", "Sixes": "0", "Strike Rate": "75.00"}, {"Player Name": "Mark Chapman", "Dismissed by": "b Naseem Shah", "Runs": "13", "Balls Faced": "21", "Fours": "0", "Sixes": "0", "Strike Rate": "61.90"}, {"Player Name": "Henry Nicholls", "Dismissed by": "c Abdullah Shafique b Salman Ali Agha", "Runs": "1", "Balls Faced": "5", "Fours": "0", "Sixes": "0", "Strike Rate": "20.00"}, {"Player Name": "Cole McConchie", "Dismissed by": "", "Runs": "63", "Balls Faced": "45", "Fours": "6", "Sixes": "2", "Strike Rate": "140.00"}, {"Player Name": "Adam Milne", "Dismissed by": "b Shaheen Shah Afridi", "Runs": "3", "Balls Faced": "9", "Fours": "0", "Sixes": "0", "Strike Rate": "33.33"}, {"Player Name": "Henry Shipley", "Dismissed by": "c Mohammad Wasim b Naseem Shah", "Runs": "6", "Balls Faced": "8", "Fours": "0", "Sixes": "0", "Strike Rate": "75.00"}, {"Player Name": "Ish Sodhi", "Dismissed by": "b Shaheen Shah Afridi", "Runs": "1", "Balls Faced": "3", "Fours": "0", "Sixes": "0", "Strike Rate": "33.33"}, {"Player Name": "Matt Henry", "Dismissed by": "run out (Naseem Shah/Babar Azam)", "Runs": "1", "Balls Faced": "1", "Fours": "0", "Sixes": "0", "Strike Rate": "100.00"}], "Extras": "Extras (w 4, lb 5)", "balling": [{"player_name": "Matt Henry", "Overs": "10", "Maidens": "2", "Runs": "54", "Wickets": "3", "Economy": "5.40", "Dots": "33"}, {"player_name": "Adam Milne", "Overs": "10", "Maidens": "1", "Runs": "56", "Wickets": "2", "Economy": "5.60", "Dots": "27"}, {"player_name": "Henry Shipley", "Overs": "10", "Maidens": "0", "Runs": "73", "Wickets": "0", "Economy": "7.30", "Dots": "21"}, {"player_name": "Cole McConchie", "Overs": "10", "Maidens": "0", "Runs": "46", "Wickets": "1", "Economy": "4.60", "Dots": "29"}, {"player_name": "Ish Sodhi", "Overs": "10", "Maidens": "0", "Runs": "56", "Wickets": "0", "Economy": "5.60", "Dots": "20"}]}, "match_id": "101620"}