{"date": "09/04/2021 09:00:00 AM", "home": "Sri Lanka", "away": "South Africa", "place": "R Premadasa Stadium", "result": "South Africa win by 67 runs (DLS Method)", "Team1": {"Name": "Sri Lanka", "score": "197", "overs": "36.4/41 ov", "rr": "RR: 5.37", "batting": [{"Player Name": "Avishka Fernando", "Dismissed by": "c Reeza Hendricks b Kagiso Rabada", "Runs": "8", "Balls Faced": "15", "Fours": "1", "Sixes": "0", "Strike Rate": "53.33"}, {"Player Name": "Minod Bhanuka", "Dismissed by": "c Heinrich Klaasen b Wiaan Mulder", "Runs": "7", "Balls Faced": "13", "Fours": "0", "Sixes": "0", "Strike Rate": "53.84"}, {"Player Name": "Bhanuka Rajapaksa", "Dismissed by": "c Heinrich Klaasen b Kagiso Rabada", "Runs": "0", "Balls Faced": "3", "Fours": "0", "Sixes": "0", "Strike Rate": "0.00"}, {"Player Name": "Dhananjaya de Silva", "Dismissed by": "c Heinrich Klaasen b Tabraiz Shamsi", "Runs": "12", "Balls Faced": "24", "Fours": "0", "Sixes": "0", "Strike Rate": "50.00"}, {"Player Name": "Charith Asalanka", "Dismissed by": "c Sub b Tabraiz Shamsi", "Runs": "77", "Balls Faced": "69", "Fours": "5", "Sixes": "3", "Strike Rate": "111.59"}, {"Player Name": "Dasun Shanaka", "Dismissed by": "c George Linde b Tabraiz Shamsi", "Runs": "30", "Balls Faced": "41", "Fours": "2", "Sixes": "0", "Strike Rate": "73.17"}, {"Player Name": "Wanindu Hasaranga", "Dismissed by": "c & b George Linde", "Runs": "3", "Balls Faced": "4", "Fours": "0", "Sixes": "0", "Strike Rate": "75.00"}, {"Player Name": "Chamika Karunaratne", "Dismissed by": "b Keshav Maharaj", "Runs": "36", "Balls Faced": "23", "Fours": "1", "Sixes": "2", "Strike Rate": "156.52"}, {"Player Name": "Dushmantha Chameera", "Dismissed by": "b Tabraiz Shamsi", "Runs": "11", "Balls Faced": "23", "Fours": "0", "Sixes": "0", "Strike Rate": "47.82"}, {"Player Name": "Akila Dananjaya", "Dismissed by": "c Aiden Markram b Tabraiz Shamsi", "Runs": "3", "Balls Faced": "4", "Fours": "0", "Sixes": "0", "Strike Rate": "75.00"}, {"Player Name": "Praveen Jayawickrama", "Dismissed by": "", "Runs": "1", "Balls Faced": "1", "Fours": "0", "Sixes": "0", "Strike Rate": "100.00"}], "Extras": "Extras (w 7, lb 2)", "balling": [{"player_name": "Dushmantha Chameera", "Overs": "7", "Maidens": "0", "Runs": "52", "Wickets": "2", "Economy": "7.42", "Dots": "18"}, {"player_name": "Praveen Jayawickrama", "Overs": "8", "Maidens": "0", "Runs": "46", "Wickets": "0", "Economy": "5.75", "Dots": "22"}, {"player_name": "Akila Dananjaya", "Overs": "7", "Maidens": "0", "Runs": "46", "Wickets": "0", "Economy": "6.57", "Dots": "17"}, {"player_name": "Chamika Karunaratne", "Overs": "5", "Maidens": "0", "Runs": "24", "Wickets": "2", "Economy": "4.80", "Dots": "12"}, {"player_name": "Wanindu Hasaranga", "Overs": "10", "Maidens": "0", "Runs": "63", "Wickets": "1", "Economy": "6.30", "Dots": "23"}, {"player_name": "Dasun Shanaka", "Overs": "3", "Maidens": "0", "Runs": "21", "Wickets": "0", "Economy": "7.00", "Dots": "8"}, {"player_name": "Dhananjaya de Silva", "Overs": "7", "Maidens": "0", "Runs": "30", "Wickets": "1", "Economy": "4.28", "Dots": "15"}]}, "Team2": {"Name": "South Africa", "score": "283/6", "overs": "47/47 ov", "rr": "RR: 6.02", "batting": [{"Player Name": "Janneman Malan", "Dismissed by": "lbw Dushmantha Chameera", "Runs": "121", "Balls Faced": "135", "Fours": "9", "Sixes": "1", "Strike Rate": "89.62"}, {"Player Name": "Aiden Markram", "Dismissed by": "c Minod Bhanuka b Chamika Karunaratne", "Runs": "21", "Balls Faced": "29", "Fours": "1", "Sixes": "1", "Strike Rate": "72.41"}, {"Player Name": "Reeza Hendricks", "Dismissed by": "b Dhananjaya de Silva", "Runs": "51", "Balls Faced": "54", "Fours": "5", "Sixes": "0", "Strike Rate": "94.44"}, {"Player Name": "Rassie van der Dussen", "Dismissed by": "st Minod Bhanuka b Wanindu Hasaranga", "Runs": "16", "Balls Faced": "25", "Fours": "1", "Sixes": "0", "Strike Rate": "64.00"}, {"Player Name": "Heinrich Klaasen", "Dismissed by": "c Dasun Shanaka b Dushmantha Chameera", "Runs": "43", "Balls Faced": "27", "Fours": "4", "Sixes": "1", "Strike Rate": "159.25"}, {"Player Name": "Andile Phehlukwayo", "Dismissed by": "c & b Chamika Karunaratne", "Runs": "4", "Balls Faced": "4", "Fours": "0", "Sixes": "0", "Strike Rate": "100.00"}, {"Player Name": "Wiaan Mulder", "Dismissed by": "", "Runs": "5", "Balls Faced": "4", "Fours": "0", "Sixes": "0", "Strike Rate": "125.00"}, {"Player Name": "George Linde", "Dismissed by": "", "Runs": "9", "Balls Faced": "5", "Fours": "1", "Sixes": "0", "Strike Rate": "180.00"}, {"Player Name": "Keshav Maharaj", "Dismissed by": "", "Runs": "-", "Balls Faced": "-", "Fours": "-", "Sixes": "-", "Strike Rate": "-"}, {"Player Name": "Kagiso Rabada", "Dismissed by": "", "Runs": "-", "Balls Faced": "-", "Fours": "-", "Sixes": "-", "Strike Rate": "-"}, {"Player Name": "Tabraiz Shamsi", "Dismissed by": "", "Runs": "-", "Balls Faced": "-", "Fours": "-", "Sixes": "-", "Strike Rate": "-"}], "Extras": "Extras (nb 1, w 11, b 1)", "balling": [{"player_name": "Kagiso Rabada", "Overs": "6", "Maidens": "0", "Runs": "16", "Wickets": "2", "Economy": "2.66", "Dots": "26"}, {"player_name": "Wiaan Mulder", "Overs": "5", "Maidens": "0", "Runs": "30", "Wickets": "1", "Economy": "6.00", "Dots": "19"}, {"player_name": "Keshav Maharaj", "Overs": "8", "Maidens": "0", "Runs": "32", "Wickets": "1", "Economy": "4.00", "Dots": "22"}, {"player_name": "Tabraiz Shamsi", "Overs": "7.4", "Maidens": "0", "Runs": "49", "Wickets": "5", "Economy": "6.39", "Dots": "19"}, {"player_name": "Andile Phehlukwayo", "Overs": "5", "Maidens": "0", "Runs": "28", "Wickets": "0", "Economy": "5.60", "Dots": "11"}, {"player_name": "George Linde", "Overs": "5", "Maidens": "0", "Runs": "40", "Wickets": "1", "Economy": "8.00", "Dots": "9"}]}, "match_id": "32257"}