{"date": "09/02/2021 09:00:00 AM", "home": "Sri Lanka", "away": "South Africa", "place": "R Premadasa Stadium", "result": "Sri Lanka win by 14 runs", "Team1": {"Name": "Sri Lanka", "score": "300/9", "overs": "50/50 ov", "rr": "RR: 6.00", "batting": [{"Player Name": "Avishka Fernando", "Dismissed by": "c Andile Phehlukwayo b Tabraiz Shamsi", "Runs": "118", "Balls Faced": "115", "Fours": "10", "Sixes": "2", "Strike Rate": "102.60"}, {"Player Name": "Minod Bhanuka", "Dismissed by": "b Aiden Markram", "Runs": "27", "Balls Faced": "39", "Fours": "3", "Sixes": "0", "Strike Rate": "69.23"}, {"Player Name": "Bhanuka Rajapaksa", "Dismissed by": "c Kyle Verreynne b Keshav Maharaj", "Runs": "0", "Balls Faced": "3", "Fours": "0", "Sixes": "0", "Strike Rate": "0.00"}, {"Player Name": "Dhananjaya de Silva", "Dismissed by": "st Heinrich Klaasen b Keshav Maharaj", "Runs": "44", "Balls Faced": "62", "Fours": "5", "Sixes": "0", "Strike Rate": "70.96"}, {"Player Name": "Charith Asalanka", "Dismissed by": "c Heinrich Klaasen b Kagiso Rabada", "Runs": "72", "Balls Faced": "62", "Fours": "6", "Sixes": "1", "Strike Rate": "116.12"}, {"Player Name": "Dasun Shanaka", "Dismissed by": "run out (Kagiso Rabada)", "Runs": "6", "Balls Faced": "9", "Fours": "1", "Sixes": "0", "Strike Rate": "66.66"}, {"Player Name": "Wanindu Hasaranga", "Dismissed by": "b Kagiso Rabada", "Runs": "3", "Balls Faced": "6", "Fours": "0", "Sixes": "0", "Strike Rate": "50.00"}, {"Player Name": "Chamika Karunaratne", "Dismissed by": "", "Runs": "7", "Balls Faced": "7", "Fours": "0", "Sixes": "0", "Strike Rate": "100.00"}, {"Player Name": "Dushmantha Chameera", "Dismissed by": "run out (Anrich Nortje/Kagiso Rabada)", "Runs": "0", "Balls Faced": "0", "Fours": "0", "Sixes": "0", "Strike Rate": "-"}, {"Player Name": "Akila Dananjaya", "Dismissed by": "run out (Anrich Nortje/Kagiso Rabada)", "Runs": "0", "Balls Faced": "0", "Fours": "0", "Sixes": "0", "Strike Rate": "-"}, {"Player Name": "Praveen Jayawickrama", "Dismissed by": "", "Runs": "-", "Balls Faced": "-", "Fours": "-", "Sixes": "-", "Strike Rate": "-"}], "Extras": "Extras (nb 2, w 11, b 4, lb 6)", "balling": [{"player_name": "Dushmantha Chameera", "Overs": "7", "Maidens": "0", "Runs": "55", "Wickets": "0", "Economy": "7.85", "Dots": "17"}, {"player_name": "Chamika Karunaratne", "Overs": "3", "Maidens": "0", "Runs": "18", "Wickets": "1", "Economy": "6.00", "Dots": "10"}, {"player_name": "Wanindu Hasaranga", "Overs": "10", "Maidens": "1", "Runs": "52", "Wickets": "1", "Economy": "5.20", "Dots": "26"}, {"player_name": "Praveen Jayawickrama", "Overs": "10", "Maidens": "0", "Runs": "47", "Wickets": "1", "Economy": "4.70", "Dots": "26"}, {"player_name": "Akila Dananjaya", "Overs": "10", "Maidens": "0", "Runs": "65", "Wickets": "2", "Economy": "6.50", "Dots": "22"}, {"player_name": "Dasun Shanaka", "Overs": "2", "Maidens": "0", "Runs": "14", "Wickets": "0", "Economy": "7.00", "Dots": "4"}, {"player_name": "Dhananjaya de Silva", "Overs": "8", "Maidens": "0", "Runs": "35", "Wickets": "0", "Economy": "4.37", "Dots": "23"}]}, "Team2": {"Name": "South Africa", "score": "286/6", "overs": "50/50 ov", "rr": "RR: 5.72", "batting": [{"Player Name": "Janneman Malan", "Dismissed by": "lbw Wanindu Hasaranga", "Runs": "23", "Balls Faced": "31", "Fours": "3", "Sixes": "0", "Strike Rate": "74.19"}, {"Player Name": "Aiden Markram", "Dismissed by": "c Wanindu Hasaranga b Praveen Jayawickrama", "Runs": "96", "Balls Faced": "90", "Fours": "5", "Sixes": "4", "Strike Rate": "106.66"}, {"Player Name": "Temba Bavuma", "Dismissed by": "", "Runs": "38", "Balls Faced": "53", "Fours": "1", "Sixes": "0", "Strike Rate": "71.69"}, {"Player Name": "Rassie van der Dussen", "Dismissed by": "b Akila Dananjaya", "Runs": "59", "Balls Faced": "59", "Fours": "6", "Sixes": "0", "Strike Rate": "100.00"}, {"Player Name": "Kyle Verreynne", "Dismissed by": "lbw Akila Dananjaya", "Runs": "12", "Balls Faced": "20", "Fours": "0", "Sixes": "0", "Strike Rate": "60.00"}, {"Player Name": "Heinrich Klaasen", "Dismissed by": "run out (Chamika Karunaratne/Minod Bhanuka)", "Runs": "36", "Balls Faced": "31", "Fours": "2", "Sixes": "0", "Strike Rate": "116.12"}, {"Player Name": "Andile Phehlukwayo", "Dismissed by": "b Chamika Karunaratne", "Runs": "5", "Balls Faced": "8", "Fours": "0", "Sixes": "0", "Strike Rate": "62.50"}, {"Player Name": "Kagiso Rabada", "Dismissed by": "", "Runs": "13", "Balls Faced": "7", "Fours": "2", "Sixes": "0", "Strike Rate": "185.71"}, {"Player Name": "Keshav Maharaj", "Dismissed by": "", "Runs": "0", "Balls Faced": "1", "Fours": "0", "Sixes": "0", "Strike Rate": "0.00"}, {"Player Name": "Tabraiz Shamsi", "Dismissed by": "", "Runs": "-", "Balls Faced": "-", "Fours": "-", "Sixes": "-", "Strike Rate": "-"}, {"Player Name": "Anrich Nortje", "Dismissed by": "", "Runs": "-", "Balls Faced": "-", "Fours": "-", "Sixes": "-", "Strike Rate": "-"}], "Extras": "Extras (w 4)", "balling": [{"player_name": "Kagiso Rabada", "Overs": "9", "Maidens": "0", "Runs": "66", "Wickets": "2", "Economy": "7.33", "Dots": "28"}, {"player_name": "Anrich Nortje", "Overs": "10", "Maidens": "0", "Runs": "69", "Wickets": "0", "Economy": "6.90", "Dots": "25"}, {"player_name": "Keshav Maharaj", "Overs": "10", "Maidens": "1", "Runs": "30", "Wickets": "2", "Economy": "3.00", "Dots": "35"}, {"player_name": "Aiden Markram", "Overs": "6", "Maidens": "0", "Runs": "33", "Wickets": "1", "Economy": "5.50", "Dots": "16"}, {"player_name": "Andile Phehlukwayo", "Overs": "5", "Maidens": "0", "Runs": "37", "Wickets": "0", "Economy": "7.40", "Dots": "10"}, {"player_name": "Tabraiz Shamsi", "Overs": "10", "Maidens": "0", "Runs": "55", "Wickets": "1", "Economy": "5.50", "Dots": "31"}]}, "match_id": "32256"}