{"date": "05/08/2019 12:00:00 PM", "home": "England", "away": "Pakistan", "place": "The Oval", "result": "No Result", "Team1": {"Name": "England", "score": "Did not bat", "overs": "", "rr": "", "batting": "None", "Extras": "None", "balling": [{"player_name": "Chris Woakes", "Overs": "5", "Maidens": "0", "Runs": "19", "Wickets": "0", "Economy": "3.80", "Dots": "21"}, {"player_name": "Jofra Archer", "Overs": "4", "Maidens": "2", "Runs": "6", "Wickets": "1", "Economy": "1.50", "Dots": "22"}, {"player_name": "Liam Plunkett", "Overs": "4", "Maidens": "0", "Runs": "27", "Wickets": "1", "Economy": "6.75", "Dots": "10"}, {"player_name": "Ben Stokes", "Overs": "3", "Maidens": "0", "Runs": "13", "Wickets": "0", "Economy": "4.33", "Dots": "9"}, {"player_name": "Joe Root", "Overs": "2", "Maidens": "0", "Runs": "10", "Wickets": "0", "Economy": "5.00", "Dots": "5"}, {"player_name": "Adil Rashid", "Overs": "1", "Maidens": "0", "Runs": "3", "Wickets": "0", "Economy": "3.00", "Dots": "3"}]}, "Team2": {"Name": "Pakistan", "score": "80/2", "overs": "19/41 ov", "rr": "RR: 4.21", "batting": [{"Player Name": "Imam-ul-Haq", "Dismissed by": "", "Runs": "42", "Balls Faced": "68", "Fours": "5", "Sixes": "0", "Strike Rate": "61.76"}, {"Player Name": "Fakhar Zaman", "Dismissed by": "c Joe Root b Jofra Archer", "Runs": "3", "Balls Faced": "11", "Fours": "0", "Sixes": "0", "Strike Rate": "27.27"}, {"Player Name": "Babar Azam", "Dismissed by": "c Jos Buttler b Liam Plunkett", "Runs": "16", "Balls Faced": "20", "Fours": "3", "Sixes": "0", "Strike Rate": "80.00"}, {"Player Name": "Haris Sohail", "Dismissed by": "", "Runs": "14", "Balls Faced": "15", "Fours": "2", "Sixes": "0", "Strike Rate": "93.33"}, {"Player Name": "Sarfaraz Ahmed", "Dismissed by": "", "Runs": "-", "Balls Faced": "-", "Fours": "-", "Sixes": "-", "Strike Rate": "-"}, {"Player Name": "Asif Ali", "Dismissed by": "", "Runs": "-", "Balls Faced": "-", "Fours": "-", "Sixes": "-", "Strike Rate": "-"}, {"Player Name": "Imad Wasim", "Dismissed by": "", "Runs": "-", "Balls Faced": "-", "Fours": "-", "Sixes": "-", "Strike Rate": "-"}, {"Player Name": "Faheem Ashraf", "Dismissed by": "", "Runs": "-", "Balls Faced": "-", "Fours": "-", "Sixes": "-", "Strike Rate": "-"}, {"Player Name": "Hasan Ali", "Dismissed by": "", "Runs": "-", "Balls Faced": "-", "Fours": "-", "Sixes": "-", "Strike Rate": "-"}, {"Player Name": "Shaheen Afridi", "Dismissed by": "", "Runs": "-", "Balls Faced": "-", "Fours": "-", "Sixes": "-", "Strike Rate": "-"}, {"Player Name": "Mohammad Amir", "Dismissed by": "", "Runs": "-", "Balls Faced": "-", "Fours": "-", "Sixes": "-", "Strike Rate": "-"}], "Extras": "Extras (w 3, lb 2)", "balling": []}, "match_id": "8965"}