{"date": "07/10/2021 10:00:00 AM", "home": "England", "away": "Pakistan", "place": "Lord's Cricket Ground", "result": "England win by 52 runs", "Team1": {"Name": "England", "score": "247", "overs": "45.2/47 ov", "rr": "RR: 5.44", "batting": [{"Player Name": "Philip Salt", "Dismissed by": "b Saud Shakeel", "Runs": "60", "Balls Faced": "54", "Fours": "10", "Sixes": "0", "Strike Rate": "111.11"}, {"Player Name": "Dawid Malan", "Dismissed by": "c Shadab Khan b Hasan Ali", "Runs": "0", "Balls Faced": "6", "Fours": "0", "Sixes": "0", "Strike Rate": "0.00"}, {"Player Name": "Zak Crawley", "Dismissed by": "b Shaheen Afridi", "Runs": "0", "Balls Faced": "1", "Fours": "0", "Sixes": "0", "Strike Rate": "0.00"}, {"Player Name": "James Vince", "Dismissed by": "b Shadab Khan", "Runs": "56", "Balls Faced": "52", "Fours": "8", "Sixes": "0", "Strike Rate": "107.69"}, {"Player Name": "Ben Stokes", "Dismissed by": "b Hasan Ali", "Runs": "22", "Balls Faced": "26", "Fours": "2", "Sixes": "1", "Strike Rate": "84.61"}, {"Player Name": "John Simpson", "Dismissed by": "b Hasan Ali", "Runs": "17", "Balls Faced": "19", "Fours": "2", "Sixes": "0", "Strike Rate": "89.47"}, {"Player Name": "Lewis Gregory", "Dismissed by": "c Fakhar Zaman b Haris Rauf", "Runs": "40", "Balls Faced": "47", "Fours": "4", "Sixes": "0", "Strike Rate": "85.10"}, {"Player Name": "Craig Overton", "Dismissed by": "c Mohammad Rizwan b Hasan Ali", "Runs": "0", "Balls Faced": "3", "Fours": "0", "Sixes": "0", "Strike Rate": "0.00"}, {"Player Name": "Brydon Carse", "Dismissed by": "b Haris Rauf", "Runs": "31", "Balls Faced": "41", "Fours": "2", "Sixes": "0", "Strike Rate": "75.60"}, {"Player Name": "Saqib Mahmood", "Dismissed by": "c Haris Rauf b Hasan Ali", "Runs": "8", "Balls Faced": "16", "Fours": "1", "Sixes": "0", "Strike Rate": "50.00"}, {"Player Name": "Matt Parkinson", "Dismissed by": "", "Runs": "7", "Balls Faced": "8", "Fours": "1", "Sixes": "0", "Strike Rate": "87.50"}], "Extras": "Extras (nb 1, w 5)", "balling": [{"player_name": "Saqib Mahmood", "Overs": "8", "Maidens": "0", "Runs": "21", "Wickets": "2", "Economy": "2.62", "Dots": "36"}, {"player_name": "Lewis Gregory", "Overs": "8", "Maidens": "0", "Runs": "44", "Wickets": "3", "Economy": "5.50", "Dots": "26"}, {"player_name": "Craig Overton", "Overs": "9", "Maidens": "2", "Runs": "39", "Wickets": "2", "Economy": "4.33", "Dots": "37"}, {"player_name": "Brydon Carse", "Overs": "8", "Maidens": "0", "Runs": "44", "Wickets": "1", "Economy": "5.50", "Dots": "25"}, {"player_name": "Matt Parkinson", "Overs": "8", "Maidens": "0", "Runs": "42", "Wickets": "2", "Economy": "5.25", "Dots": "27"}]}, "Team2": {"Name": "Pakistan", "score": "195", "overs": "41/47 ov", "rr": "RR: 4.75", "batting": [{"Player Name": "Imam-ul-Haq", "Dismissed by": "c John Simpson b Lewis Gregory", "Runs": "1", "Balls Faced": "2", "Fours": "0", "Sixes": "0", "Strike Rate": "50.00"}, {"Player Name": "Fakhar Zaman", "Dismissed by": "b Craig Overton", "Runs": "10", "Balls Faced": "45", "Fours": "0", "Sixes": "0", "Strike Rate": "22.22"}, {"Player Name": "Babar Azam", "Dismissed by": "lbw Saqib Mahmood", "Runs": "19", "Balls Faced": "15", "Fours": "4", "Sixes": "0", "Strike Rate": "126.66"}, {"Player Name": "Mohammad Rizwan", "Dismissed by": "c John Simpson b Saqib Mahmood", "Runs": "5", "Balls Faced": "11", "Fours": "1", "Sixes": "0", "Strike Rate": "45.45"}, {"Player Name": "Saud Shakeel", "Dismissed by": "c Craig Overton b Matt Parkinson", "Runs": "56", "Balls Faced": "77", "Fours": "4", "Sixes": "0", "Strike Rate": "72.72"}, {"Player Name": "Sohaib Maqsood", "Dismissed by": "c John Simpson b Craig Overton", "Runs": "19", "Balls Faced": "17", "Fours": "0", "Sixes": "2", "Strike Rate": "111.76"}, {"Player Name": "Shadab Khan", "Dismissed by": "c Matt Parkinson b Lewis Gregory", "Runs": "21", "Balls Faced": "20", "Fours": "3", "Sixes": "0", "Strike Rate": "105.00"}, {"Player Name": "Faheem Ashraf", "Dismissed by": "c John Simpson b Matt Parkinson", "Runs": "1", "Balls Faced": "9", "Fours": "0", "Sixes": "0", "Strike Rate": "11.11"}, {"Player Name": "Hasan Ali", "Dismissed by": "c Craig Overton b Brydon Carse", "Runs": "31", "Balls Faced": "17", "Fours": "2", "Sixes": "3", "Strike Rate": "182.35"}, {"Player Name": "Shaheen Afridi", "Dismissed by": "", "Runs": "18", "Balls Faced": "31", "Fours": "1", "Sixes": "0", "Strike Rate": "58.06"}, {"Player Name": "Haris Rauf", "Dismissed by": "c John Simpson b Lewis Gregory", "Runs": "1", "Balls Faced": "4", "Fours": "0", "Sixes": "0", "Strike Rate": "25.00"}], "Extras": "Extras (nb 2, w 6, lb 5)", "balling": [{"player_name": "Shaheen Afridi", "Overs": "8", "Maidens": "0", "Runs": "37", "Wickets": "1", "Economy": "4.62", "Dots": "29"}, {"player_name": "Hasan Ali", "Overs": "9.2", "Maidens": "0", "Runs": "51", "Wickets": "5", "Economy": "5.46", "Dots": "35"}, {"player_name": "Faheem Ashraf", "Overs": "6", "Maidens": "0", "Runs": "45", "Wickets": "0", "Economy": "7.50", "Dots": "16"}, {"player_name": "Haris Rauf", "Overs": "9", "Maidens": "0", "Runs": "54", "Wickets": "2", "Economy": "6.00", "Dots": "28"}, {"player_name": "Shadab Khan", "Overs": "10", "Maidens": "1", "Runs": "46", "Wickets": "1", "Economy": "4.60", "Dots": "30"}, {"player_name": "Saud Shakeel", "Overs": "3", "Maidens": "0", "Runs": "14", "Wickets": "1", "Economy": "4.66", "Dots": "10"}]}, "match_id": "22430"}