{"date": "09/17/2018 11:30:00 AM", "home": "Sri Lanka", "away": "Afghanistan", "place": "Zayed Cricket Stadium", "result": "Afghanistan win by 91 runs", "Team1": {"Name": "Sri Lanka", "score": "158", "overs": "41.2/50 ov", "rr": "RR: 3.82", "batting": [{"Player Name": "Kusal Mendis", "Dismissed by": "lbw Mujeeb Ur Rahman", "Runs": "0", "Balls Faced": "2", "Fours": "0", "Sixes": "0", "Strike Rate": "0.00"}, {"Player Name": "Upul Tharanga", "Dismissed by": "c Asghar Afghan b Gulbadin Naib", "Runs": "36", "Balls Faced": "64", "Fours": "3", "Sixes": "0", "Strike Rate": "56.25"}, {"Player Name": "Dhananjaya de Silva", "Dismissed by": "run out ()", "Runs": "23", "Balls Faced": "38", "Fours": "2", "Sixes": "1", "Strike Rate": "60.52"}, {"Player Name": "Kusal Perera", "Dismissed by": "b Rashid Khan", "Runs": "17", "Balls Faced": "17", "Fours": "2", "Sixes": "0", "Strike Rate": "100.00"}, {"Player Name": "Angelo Mathews", "Dismissed by": "c Rashid Khan b Mohammad Nabi", "Runs": "22", "Balls Faced": "39", "Fours": "1", "Sixes": "0", "Strike Rate": "56.41"}, {"Player Name": "Shehan Jayasuriya", "Dismissed by": "run out (Rashid Khan)", "Runs": "14", "Balls Faced": "28", "Fours": "0", "Sixes": "0", "Strike Rate": "50.00"}, {"Player Name": "Thisara Perera", "Dismissed by": "b Gulbadin Naib", "Runs": "28", "Balls Faced": "36", "Fours": "2", "Sixes": "0", "Strike Rate": "77.77"}, {"Player Name": "Dasun Shanaka", "Dismissed by": "b Mujeeb Ur Rahman", "Runs": "0", "Balls Faced": "2", "Fours": "0", "Sixes": "0", "Strike Rate": "0.00"}, {"Player Name": "Akila Dananjaya", "Dismissed by": "b Mohammad Nabi", "Runs": "2", "Balls Faced": "10", "Fours": "0", "Sixes": "0", "Strike Rate": "20.00"}, {"Player Name": "Lasith Malinga", "Dismissed by": "lbw Rashid Khan", "Runs": "1", "Balls Faced": "7", "Fours": "0", "Sixes": "0", "Strike Rate": "14.28"}, {"Player Name": "Dushmantha Chameera", "Dismissed by": "", "Runs": "2", "Balls Faced": "5", "Fours": "0", "Sixes": "0", "Strike Rate": "40.00"}], "Extras": "Extras (w 6, b 2, lb 5)", "balling": [{"player_name": "Lasith Malinga", "Overs": "10", "Maidens": "0", "Runs": "66", "Wickets": "1", "Economy": "6.60", "Dots": "28"}, {"player_name": "Dushmantha Chameera", "Overs": "10", "Maidens": "2", "Runs": "43", "Wickets": "1", "Economy": "4.30", "Dots": "34"}, {"player_name": "Thisara Perera", "Overs": "9", "Maidens": "0", "Runs": "55", "Wickets": "5", "Economy": "6.11", "Dots": "26"}, {"player_name": "Akila Dananjaya", "Overs": "10", "Maidens": "0", "Runs": "39", "Wickets": "2", "Economy": "3.90", "Dots": "35"}, {"player_name": "Dhananjaya de Silva", "Overs": "5", "Maidens": "0", "Runs": "22", "Wickets": "0", "Economy": "4.40", "Dots": "11"}, {"player_name": "Shehan Jayasuriya", "Overs": "6", "Maidens": "0", "Runs": "22", "Wickets": "1", "Economy": "3.66", "Dots": "20"}]}, "Team2": {"Name": "Afghanistan", "score": "249", "overs": "50/50 ov", "rr": "RR: 4.98", "batting": [{"Player Name": "Mohammad Shahzad", "Dismissed by": "lbw Akila Dananjaya", "Runs": "34", "Balls Faced": "47", "Fours": "4", "Sixes": "1", "Strike Rate": "72.34"}, {"Player Name": "Ihsanullah", "Dismissed by": "lbw Akila Dananjaya", "Runs": "45", "Balls Faced": "65", "Fours": "6", "Sixes": "0", "Strike Rate": "69.23"}, {"Player Name": "Rahmat Shah", "Dismissed by": "c Thisara Perera b Dushmantha Chameera", "Runs": "72", "Balls Faced": "90", "Fours": "5", "Sixes": "0", "Strike Rate": "80.00"}, {"Player Name": "Asghar Afghan", "Dismissed by": "lbw Shehan Jayasuriya", "Runs": "1", "Balls Faced": "5", "Fours": "0", "Sixes": "0", "Strike Rate": "20.00"}, {"Player Name": "Hashmatullah Shahidi", "Dismissed by": "b Thisara Perera", "Runs": "37", "Balls Faced": "52", "Fours": "2", "Sixes": "0", "Strike Rate": "71.15"}, {"Player Name": "Mohammad Nabi", "Dismissed by": "c Thisara Perera b Lasith Malinga", "Runs": "15", "Balls Faced": "12", "Fours": "0", "Sixes": "1", "Strike Rate": "125.00"}, {"Player Name": "Najibullah Zadran", "Dismissed by": "b Thisara Perera", "Runs": "12", "Balls Faced": "14", "Fours": "0", "Sixes": "0", "Strike Rate": "85.71"}, {"Player Name": "Gulbadin Naib", "Dismissed by": "c Akila Dananjaya b Thisara Perera", "Runs": "4", "Balls Faced": "5", "Fours": "0", "Sixes": "0", "Strike Rate": "80.00"}, {"Player Name": "Rashid Khan", "Dismissed by": "b Thisara Perera", "Runs": "13", "Balls Faced": "6", "Fours": "2", "Sixes": "0", "Strike Rate": "216.66"}, {"Player Name": "Aftab Alam", "Dismissed by": "", "Runs": "7", "Balls Faced": "2", "Fours": "0", "Sixes": "1", "Strike Rate": "350.00"}, {"Player Name": "Mujeeb Ur Rahman", "Dismissed by": "b Thisara Perera", "Runs": "0", "Balls Faced": "2", "Fours": "0", "Sixes": "0", "Strike Rate": "0.00"}], "Extras": "Extras (w 7, lb 2)", "balling": [{"player_name": "Mujeeb Ur Rahman", "Overs": "9", "Maidens": "1", "Runs": "32", "Wickets": "2", "Economy": "3.55", "Dots": "33"}, {"player_name": "Aftab Alam", "Overs": "7", "Maidens": "0", "Runs": "34", "Wickets": "0", "Economy": "4.85", "Dots": "23"}, {"player_name": "Gulbadin Naib", "Overs": "8", "Maidens": "0", "Runs": "29", "Wickets": "2", "Economy": "3.62", "Dots": "31"}, {"player_name": "Mohammad Nabi", "Overs": "10", "Maidens": "1", "Runs": "30", "Wickets": "2", "Economy": "3.00", "Dots": "39"}, {"player_name": "Rashid Khan", "Overs": "7.2", "Maidens": "0", "Runs": "26", "Wickets": "2", "Economy": "3.54", "Dots": "24"}]}, "match_id": "8983"}