{"date": "05/30/2019 09:30:00 AM", "home": "England", "away": "South Africa", "place": "The Oval", "result": "England win by 104 runs", "Team1": {"Name": "England", "score": "311/8", "overs": "50/50 ov", "rr": "RR: 6.22", "batting": [{"Player Name": "Jason Roy", "Dismissed by": "c Faf du Plessis b Andile Phehlukwayo", "Runs": "54", "Balls Faced": "53", "Fours": "8", "Sixes": "0", "Strike Rate": "101.88"}, {"Player Name": "Jonny Bairstow", "Dismissed by": "c Quinton de Kock b Imran Tahir", "Runs": "0", "Balls Faced": "1", "Fours": "0", "Sixes": "0", "Strike Rate": "0.00"}, {"Player Name": "Joe Root", "Dismissed by": "c JP Duminy b Kagiso Rabada", "Runs": "51", "Balls Faced": "59", "Fours": "5", "Sixes": "0", "Strike Rate": "86.44"}, {"Player Name": "Eoin Morgan", "Dismissed by": "c Aiden Markram b Imran Tahir", "Runs": "57", "Balls Faced": "60", "Fours": "4", "Sixes": "3", "Strike Rate": "95.00"}, {"Player Name": "Ben Stokes", "Dismissed by": "c Hashim Amla b Lungi Ngidi", "Runs": "89", "Balls Faced": "79", "Fours": "9", "Sixes": "0", "Strike Rate": "112.65"}, {"Player Name": "Jos Buttler", "Dismissed by": "b Lungi Ngidi", "Runs": "18", "Balls Faced": "16", "Fours": "0", "Sixes": "0", "Strike Rate": "112.50"}, {"Player Name": "Moeen Ali", "Dismissed by": "c Faf du Plessis b Lungi Ngidi", "Runs": "3", "Balls Faced": "9", "Fours": "0", "Sixes": "0", "Strike Rate": "33.33"}, {"Player Name": "Chris Woakes", "Dismissed by": "c Faf du Plessis b Kagiso Rabada", "Runs": "13", "Balls Faced": "14", "Fours": "1", "Sixes": "0", "Strike Rate": "92.85"}, {"Player Name": "Liam Plunkett", "Dismissed by": "", "Runs": "9", "Balls Faced": "6", "Fours": "1", "Sixes": "0", "Strike Rate": "150.00"}, {"Player Name": "Jofra Archer", "Dismissed by": "", "Runs": "7", "Balls Faced": "3", "Fours": "1", "Sixes": "0", "Strike Rate": "233.33"}, {"Player Name": "Adil Rashid", "Dismissed by": "", "Runs": "-", "Balls Faced": "-", "Fours": "-", "Sixes": "-", "Strike Rate": "-"}], "Extras": "Extras (w 8, lb 2)", "balling": [{"player_name": "Chris Woakes", "Overs": "5", "Maidens": "0", "Runs": "24", "Wickets": "0", "Economy": "4.80", "Dots": "20"}, {"player_name": "Jofra Archer", "Overs": "7", "Maidens": "1", "Runs": "27", "Wickets": "3", "Economy": "3.85", "Dots": "29"}, {"player_name": "Adil Rashid", "Overs": "8", "Maidens": "0", "Runs": "35", "Wickets": "1", "Economy": "4.37", "Dots": "27"}, {"player_name": "Moeen Ali", "Overs": "10", "Maidens": "0", "Runs": "63", "Wickets": "1", "Economy": "6.30", "Dots": "28"}, {"player_name": "Liam Plunkett", "Overs": "7", "Maidens": "0", "Runs": "37", "Wickets": "2", "Economy": "5.28", "Dots": "20"}, {"player_name": "Ben Stokes", "Overs": "2.5", "Maidens": "0", "Runs": "12", "Wickets": "2", "Economy": "4.23", "Dots": "11"}]}, "Team2": {"Name": "South Africa", "score": "207", "overs": "39.5/50 ov", "rr": "RR: 5.19", "batting": [{"Player Name": "Quinton de Kock", "Dismissed by": "c Joe Root b Liam Plunkett", "Runs": "68", "Balls Faced": "74", "Fours": "6", "Sixes": "2", "Strike Rate": "91.89"}, {"Player Name": "Hashim Amla", "Dismissed by": "c Jos Buttler b Liam Plunkett", "Runs": "13", "Balls Faced": "23", "Fours": "1", "Sixes": "0", "Strike Rate": "56.52"}, {"Player Name": "Aiden Markram", "Dismissed by": "c Joe Root b Jofra Archer", "Runs": "11", "Balls Faced": "12", "Fours": "2", "Sixes": "0", "Strike Rate": "91.66"}, {"Player Name": "Faf du Plessis", "Dismissed by": "c Moeen Ali b Jofra Archer", "Runs": "5", "Balls Faced": "7", "Fours": "1", "Sixes": "0", "Strike Rate": "71.42"}, {"Player Name": "Rassie van der Dussen", "Dismissed by": "c Moeen Ali b Jofra Archer", "Runs": "50", "Balls Faced": "61", "Fours": "4", "Sixes": "1", "Strike Rate": "81.96"}, {"Player Name": "JP Duminy", "Dismissed by": "c Ben Stokes b Moeen Ali", "Runs": "8", "Balls Faced": "11", "Fours": "1", "Sixes": "0", "Strike Rate": "72.72"}, {"Player Name": "Dwaine Pretorius", "Dismissed by": "run out (Ben Stokes/Eoin Morgan)", "Runs": "1", "Balls Faced": "1", "Fours": "0", "Sixes": "0", "Strike Rate": "100.00"}, {"Player Name": "Andile Phehlukwayo", "Dismissed by": "c Ben Stokes b Adil Rashid", "Runs": "24", "Balls Faced": "25", "Fours": "4", "Sixes": "0", "Strike Rate": "96.00"}, {"Player Name": "Kagiso Rabada", "Dismissed by": "c Liam Plunkett b Ben Stokes", "Runs": "11", "Balls Faced": "19", "Fours": "2", "Sixes": "0", "Strike Rate": "57.89"}, {"Player Name": "Lungi Ngidi", "Dismissed by": "", "Runs": "6", "Balls Faced": "5", "Fours": "0", "Sixes": "1", "Strike Rate": "120.00"}, {"Player Name": "Imran Tahir", "Dismissed by": "c Joe Root b Ben Stokes", "Runs": "0", "Balls Faced": "1", "Fours": "0", "Sixes": "0", "Strike Rate": "0.00"}], "Extras": "Extras (w 1, b 4, lb 5)", "balling": [{"player_name": "Imran Tahir", "Overs": "10", "Maidens": "0", "Runs": "61", "Wickets": "2", "Economy": "6.10", "Dots": "20"}, {"player_name": "Lungi Ngidi", "Overs": "10", "Maidens": "0", "Runs": "66", "Wickets": "3", "Economy": "6.60", "Dots": "28"}, {"player_name": "Kagiso Rabada", "Overs": "10", "Maidens": "0", "Runs": "66", "Wickets": "2", "Economy": "6.60", "Dots": "24"}, {"player_name": "Dwaine Pretorius", "Overs": "7", "Maidens": "0", "Runs": "42", "Wickets": "0", "Economy": "6.00", "Dots": "17"}, {"player_name": "Andile Phehlukwayo", "Overs": "8", "Maidens": "0", "Runs": "44", "Wickets": "1", "Economy": "5.50", "Dots": "23"}, {"player_name": "JP Duminy", "Overs": "2", "Maidens": "0", "Runs": "14", "Wickets": "0", "Economy": "7.00", "Dots": "3"}, {"player_name": "Aiden Markram", "Overs": "3", "Maidens": "0", "Runs": "16", "Wickets": "0", "Economy": "5.33", "Dots": "10"}]}, "match_id": "8192"}