{"date": "11/25/2022 09:00:00 AM", "home": "Sri Lanka", "away": "Afghanistan", "place": "Pallekele International Cricket Stadium", "result": "Afghanistan won by 60 runs", "Team1": {"Name": "Sri Lanka", "score": "234", "overs": "38/50 ov", "rr": "RR: 6.15", "batting": [{"Player Name": "Pathum Nissanka", "Dismissed by": "b Fazalhaq Farooqi", "Runs": "85", "Balls Faced": "83", "Fours": "10", "Sixes": "0", "Strike Rate": "102.40"}, {"Player Name": "Kusal Mendis", "Dismissed by": "lbw Yamin Ahmadzai", "Runs": "1", "Balls Faced": "5", "Fours": "0", "Sixes": "0", "Strike Rate": "20.00"}, {"Player Name": "Dinesh Chandimal", "Dismissed by": "b Fazalhaq Farooqi", "Runs": "14", "Balls Faced": "11", "Fours": "3", "Sixes": "0", "Strike Rate": "127.27"}, {"Player Name": "Dhananjaya de Silva", "Dismissed by": "b Gulbadin Naib", "Runs": "16", "Balls Faced": "16", "Fours": "3", "Sixes": "0", "Strike Rate": "100.00"}, {"Player Name": "Charith Asalanka", "Dismissed by": "c Ibrahim Zadran b Gulbadin Naib", "Runs": "10", "Balls Faced": "18", "Fours": "0", "Sixes": "0", "Strike Rate": "55.55"}, {"Player Name": "Dasun Shanaka", "Dismissed by": "c Yamin Ahmadzai b Gulbadin Naib", "Runs": "16", "Balls Faced": "27", "Fours": "2", "Sixes": "0", "Strike Rate": "59.25"}, {"Player Name": "Wanindu Hasaranga", "Dismissed by": "b Fazalhaq Farooqi", "Runs": "66", "Balls Faced": "46", "Fours": "10", "Sixes": "2", "Strike Rate": "143.47"}, {"Player Name": "Pothotuwa Arachchige Dhananjaya Lakshan", "Dismissed by": "b Fazalhaq Farooqi", "Runs": "2", "Balls Faced": "4", "Fours": "0", "Sixes": "0", "Strike Rate": "50.00"}, {"Player Name": "Maheesh Theekshana", "Dismissed by": "lbw Yamin Ahmadzai", "Runs": "3", "Balls Faced": "12", "Fours": "0", "Sixes": "0", "Strike Rate": "25.00"}, {"Player Name": "Kasun Rajitha", "Dismissed by": "lbw Rashid Khan", "Runs": "8", "Balls Faced": "5", "Fours": "2", "Sixes": "0", "Strike Rate": "160.00"}, {"Player Name": "Lahiru Kumara", "Dismissed by": "", "Runs": "0", "Balls Faced": "1", "Fours": "0", "Sixes": "0", "Strike Rate": "0.00"}], "Extras": "Extras (w 8, lb 5)", "balling": [{"player_name": "Kasun Rajitha", "Overs": "10", "Maidens": "0", "Runs": "56", "Wickets": "1", "Economy": "5.60", "Dots": "30"}, {"player_name": "Pothotuwa Arachchige Dhananjaya Lakshan", "Overs": "6", "Maidens": "0", "Runs": "43", "Wickets": "1", "Economy": "7.16", "Dots": "11"}, {"player_name": "Lahiru Kumara", "Overs": "8", "Maidens": "0", "Runs": "54", "Wickets": "1", "Economy": "6.75", "Dots": "21"}, {"player_name": "Dasun Shanaka", "Overs": "3", "Maidens": "0", "Runs": "19", "Wickets": "0", "Economy": "6.33", "Dots": "9"}, {"player_name": "Wanindu Hasaranga", "Overs": "10", "Maidens": "0", "Runs": "42", "Wickets": "2", "Economy": "4.20", "Dots": "31"}, {"player_name": "Maheesh Theekshana", "Overs": "10", "Maidens": "0", "Runs": "62", "Wickets": "1", "Economy": "6.20", "Dots": "23"}, {"player_name": "Dhananjaya de Silva", "Overs": "3", "Maidens": "0", "Runs": "14", "Wickets": "0", "Economy": "4.66", "Dots": "5"}]}, "Team2": {"Name": "Afghanistan", "score": "294/8", "overs": "50/50 ov", "rr": "RR: 5.88", "batting": [{"Player Name": "Ibrahim Zadran", "Dismissed by": "c Wanindu Hasaranga b Maheesh Theekshana", "Runs": "106", "Balls Faced": "120", "Fours": "11", "Sixes": "0", "Strike Rate": "88.33"}, {"Player Name": "Gurbaz", "Dismissed by": "lbw Wanindu Hasaranga", "Runs": "53", "Balls Faced": "55", "Fours": "9", "Sixes": "0", "Strike Rate": "96.36"}, {"Player Name": "Rahmat Shah", "Dismissed by": "c Kusal Mendis b Lahiru Kumara", "Runs": "52", "Balls Faced": "64", "Fours": "2", "Sixes": "0", "Strike Rate": "81.25"}, {"Player Name": "Najib Zadran", "Dismissed by": "c Kusal Mendis b Wanindu Hasaranga", "Runs": "42", "Balls Faced": "25", "Fours": "5", "Sixes": "1", "Strike Rate": "168.00"}, {"Player Name": "Gulbadin Naib", "Dismissed by": "c Wanindu Hasaranga b Pothotuwa Arachchige Dhananjaya Lakshan", "Runs": "22", "Balls Faced": "24", "Fours": "2", "Sixes": "1", "Strike Rate": "91.66"}, {"Player Name": "Rashid Khan", "Dismissed by": "run out (Ashen Bandara/Kusal Mendis)", "Runs": "4", "Balls Faced": "5", "Fours": "0", "Sixes": "0", "Strike Rate": "80.00"}, {"Player Name": "Mohammad Nabi", "Dismissed by": "c Pothotuwa Arachchige Dhananjaya Lakshan b Kasun Rajitha", "Runs": "2", "Balls Faced": "3", "Fours": "0", "Sixes": "0", "Strike Rate": "66.66"}, {"Player Name": "Hashmatullah Shahidi", "Dismissed by": "run out (Ashen Bandara)", "Runs": "2", "Balls Faced": "2", "Fours": "0", "Sixes": "0", "Strike Rate": "100.00"}, {"Player Name": "Mujeeb Zadran", "Dismissed by": "", "Runs": "1", "Balls Faced": "1", "Fours": "0", "Sixes": "0", "Strike Rate": "100.00"}, {"Player Name": "Yamin Ahmadzai", "Dismissed by": "", "Runs": "0", "Balls Faced": "1", "Fours": "0", "Sixes": "0", "Strike Rate": "0.00"}, {"Player Name": "Fazalhaq Farooqi", "Dismissed by": "", "Runs": "-", "Balls Faced": "-", "Fours": "-", "Sixes": "-", "Strike Rate": "-"}], "Extras": "Extras (w 6, b 1, lb 3)", "balling": [{"player_name": "Fazalhaq Farooqi", "Overs": "9", "Maidens": "0", "Runs": "49", "Wickets": "4", "Economy": "5.44", "Dots": "33"}, {"player_name": "Yamin Ahmadzai", "Overs": "6", "Maidens": "0", "Runs": "46", "Wickets": "2", "Economy": "7.66", "Dots": "19"}, {"player_name": "Mujeeb Zadran", "Overs": "5", "Maidens": "0", "Runs": "33", "Wickets": "0", "Economy": "6.60", "Dots": "11"}, {"player_name": "Gulbadin Naib", "Overs": "8", "Maidens": "0", "Runs": "34", "Wickets": "3", "Economy": "4.25", "Dots": "26"}, {"player_name": "Rashid Khan", "Overs": "8", "Maidens": "0", "Runs": "40", "Wickets": "1", "Economy": "5.00", "Dots": "22"}, {"player_name": "Mohammad Nabi", "Overs": "2", "Maidens": "0", "Runs": "27", "Wickets": "0", "Economy": "13.50", "Dots": "5"}]}, "match_id": "101689"}