{"date": "01/21/2023 08:00:00 AM", "home": "India", "away": "New Zealand", "place": "Shaheed Veer Narayan Singh International Cricket Stadium", "result": "India won by 8 wickets", "Team1": {"Name": "India", "score": "111/2", "overs": "20.1/50 ov", "rr": "RR: 5.50", "batting": [{"Player Name": "Rohit Sharma", "Dismissed by": "lbw Henry Burton Shipley", "Runs": "51", "Balls Faced": "50", "Fours": "7", "Sixes": "2", "Strike Rate": "102.00"}, {"Player Name": "Shubman Gill", "Dismissed by": "", "Runs": "40", "Balls Faced": "53", "Fours": "6", "Sixes": "0", "Strike Rate": "75.47"}, {"Player Name": "Virat Kohli", "Dismissed by": "st Tom Latham b Mitch Santner", "Runs": "11", "Balls Faced": "9", "Fours": "2", "Sixes": "0", "Strike Rate": "122.22"}, {"Player Name": "Ishan Kishan", "Dismissed by": "", "Runs": "8", "Balls Faced": "9", "Fours": "2", "Sixes": "0", "Strike Rate": "88.88"}, {"Player Name": "Suryakumar Yadav", "Dismissed by": "", "Runs": "-", "Balls Faced": "-", "Fours": "-", "Sixes": "-", "Strike Rate": "-"}, {"Player Name": "Hardik Pandya", "Dismissed by": "", "Runs": "-", "Balls Faced": "-", "Fours": "-", "Sixes": "-", "Strike Rate": "-"}, {"Player Name": "Washington Sundar", "Dismissed by": "", "Runs": "-", "Balls Faced": "-", "Fours": "-", "Sixes": "-", "Strike Rate": "-"}, {"Player Name": "Shardul Thakur", "Dismissed by": "", "Runs": "-", "Balls Faced": "-", "Fours": "-", "Sixes": "-", "Strike Rate": "-"}, {"Player Name": "Kuldeep Yadav", "Dismissed by": "", "Runs": "-", "Balls Faced": "-", "Fours": "-", "Sixes": "-", "Strike Rate": "-"}, {"Player Name": "Mohammed Shami", "Dismissed by": "", "Runs": "-", "Balls Faced": "-", "Fours": "-", "Sixes": "-", "Strike Rate": "-"}, {"Player Name": "Mohammed Siraj", "Dismissed by": "", "Runs": "-", "Balls Faced": "-", "Fours": "-", "Sixes": "-", "Strike Rate": "-"}], "Extras": "Extras (lb 1)", "balling": [{"player_name": "Mohammed Shami", "Overs": "6", "Maidens": "1", "Runs": "18", "Wickets": "3", "Economy": "3.00", "Dots": "30"}, {"player_name": "Mohammed Siraj", "Overs": "6", "Maidens": "1", "Runs": "10", "Wickets": "1", "Economy": "1.66", "Dots": "30"}, {"player_name": "Shardul Thakur", "Overs": "6", "Maidens": "1", "Runs": "26", "Wickets": "1", "Economy": "4.33", "Dots": "26"}, {"player_name": "Hardik Pandya", "Overs": "6", "Maidens": "3", "Runs": "16", "Wickets": "2", "Economy": "2.66", "Dots": "29"}, {"player_name": "Kuldeep Yadav", "Overs": "7.3", "Maidens": "0", "Runs": "29", "Wickets": "1", "Economy": "3.86", "Dots": "22"}, {"player_name": "Washington Sundar", "Overs": "3", "Maidens": "1", "Runs": "7", "Wickets": "2", "Economy": "2.33", "Dots": "13"}]}, "Team2": {"Name": "New Zealand", "score": "108", "overs": "34.3/50 ov", "rr": "RR: 3.13", "batting": [{"Player Name": "Finn Allen", "Dismissed by": "b Mohammed Shami", "Runs": "0", "Balls Faced": "5", "Fours": "0", "Sixes": "0", "Strike Rate": "0.00"}, {"Player Name": "Devon Conway", "Dismissed by": "c & b Hardik Pandya", "Runs": "7", "Balls Faced": "16", "Fours": "1", "Sixes": "0", "Strike Rate": "43.75"}, {"Player Name": "Henry Nicholls", "Dismissed by": "c Shubman Gill b Mohammed Siraj", "Runs": "2", "Balls Faced": "20", "Fours": "0", "Sixes": "0", "Strike Rate": "10.00"}, {"Player Name": "Daryl Mitchell", "Dismissed by": "c & b Mohammed Shami", "Runs": "1", "Balls Faced": "3", "Fours": "0", "Sixes": "0", "Strike Rate": "33.33"}, {"Player Name": "Tom Latham", "Dismissed by": "c Shubman Gill b Shardul Thakur", "Runs": "1", "Balls Faced": "17", "Fours": "0", "Sixes": "0", "Strike Rate": "5.88"}, {"Player Name": "Glenn Phillips", "Dismissed by": "c Suryakumar Yadav b Washington Sundar", "Runs": "36", "Balls Faced": "52", "Fours": "5", "Sixes": "0", "Strike Rate": "69.23"}, {"Player Name": "Michael Bracewell", "Dismissed by": "c Ishan Kishan b Mohammed Shami", "Runs": "22", "Balls Faced": "30", "Fours": "4", "Sixes": "0", "Strike Rate": "73.33"}, {"Player Name": "Mitch Santner", "Dismissed by": "b Hardik Pandya", "Runs": "27", "Balls Faced": "39", "Fours": "3", "Sixes": "0", "Strike Rate": "69.23"}, {"Player Name": "Henry Burton Shipley", "Dismissed by": "", "Runs": "2", "Balls Faced": "9", "Fours": "0", "Sixes": "0", "Strike Rate": "22.22"}, {"Player Name": "Lockie Ferguson", "Dismissed by": "c Suryakumar Yadav b Washington Sundar", "Runs": "1", "Balls Faced": "9", "Fours": "0", "Sixes": "0", "Strike Rate": "11.11"}, {"Player Name": "Blair Tickner", "Dismissed by": "lbw Kuldeep Yadav", "Runs": "2", "Balls Faced": "7", "Fours": "0", "Sixes": "0", "Strike Rate": "28.57"}], "Extras": "Extras (w 5, lb 2)", "balling": [{"player_name": "Lockie Ferguson", "Overs": "5", "Maidens": "0", "Runs": "21", "Wickets": "0", "Economy": "4.20", "Dots": "22"}, {"player_name": "Henry Burton Shipley", "Overs": "5", "Maidens": "0", "Runs": "29", "Wickets": "1", "Economy": "5.80", "Dots": "16"}, {"player_name": "Blair Tickner", "Overs": "4", "Maidens": "0", "Runs": "19", "Wickets": "0", "Economy": "4.75", "Dots": "17"}, {"player_name": "Mitch Santner", "Overs": "4.1", "Maidens": "0", "Runs": "28", "Wickets": "1", "Economy": "6.72", "Dots": "14"}, {"player_name": "Michael Bracewell", "Overs": "2", "Maidens": "0", "Runs": "13", "Wickets": "0", "Economy": "6.50", "Dots": "8"}]}, "match_id": "101869"}