{"date": "04/02/2023 08:00:00 AM", "home": "South Africa", "away": "Netherlands", "place": "Supersport Park", "result": "South Africa won by 146 runs", "Team1": {"Name": "South Africa", "score": "370/8", "overs": "50/50 ov", "rr": "RR: 7.40", "batting": [{"Player Name": "Quinton de Kock", "Dismissed by": "c Tom Cooper b Vivian Kingma", "Runs": "8", "Balls Faced": "19", "Fours": "1", "Sixes": "0", "Strike Rate": "42.10"}, {"Player Name": "Temba Bavuma", "Dismissed by": "c Wesley Barresi b Vivian Kingma", "Runs": "6", "Balls Faced": "12", "Fours": "1", "Sixes": "0", "Strike Rate": "50.00"}, {"Player Name": "Rassie van der Dussen", "Dismissed by": "c Paul van Meekeren b Aryan Dutt", "Runs": "25", "Balls Faced": "40", "Fours": "2", "Sixes": "0", "Strike Rate": "62.50"}, {"Player Name": "Aiden Markram", "Dismissed by": "c Tom Cooper b Fred Klaassen", "Runs": "175", "Balls Faced": "126", "Fours": "17", "Sixes": "7", "Strike Rate": "138.88"}, {"Player Name": "Heinrich Klaasen", "Dismissed by": "c Scott Edwards b Shariz Ahmad", "Runs": "28", "Balls Faced": "21", "Fours": "4", "Sixes": "0", "Strike Rate": "133.33"}, {"Player Name": "David Miller", "Dismissed by": "c & b Paul van Meekeren", "Runs": "91", "Balls Faced": "61", "Fours": "6", "Sixes": "4", "Strike Rate": "149.18"}, {"Player Name": "Marco Jansen", "Dismissed by": "", "Runs": "11", "Balls Faced": "13", "Fours": "0", "Sixes": "0", "Strike Rate": "84.61"}, {"Player Name": "Sisanda Magala", "Dismissed by": "c Paul van Meekeren b Fred Klaassen", "Runs": "5", "Balls Faced": "5", "Fours": "1", "Sixes": "0", "Strike Rate": "100.00"}, {"Player Name": "Anrich Nortje", "Dismissed by": "b Paul van Meekeren", "Runs": "5", "Balls Faced": "6", "Fours": "1", "Sixes": "0", "Strike Rate": "83.33"}, {"Player Name": "Lungi Ngidi", "Dismissed by": "", "Runs": "1", "Balls Faced": "2", "Fours": "0", "Sixes": "0", "Strike Rate": "50.00"}, {"Player Name": "Tabraiz Shamsi", "Dismissed by": "", "Runs": "-", "Balls Faced": "-", "Fours": "-", "Sixes": "-", "Strike Rate": "-"}], "Extras": "Extras (nb 5, w 7, lb 3)", "balling": [{"player_name": "Lungi Ngidi", "Overs": "8", "Maidens": "0", "Runs": "33", "Wickets": "1", "Economy": "4.12", "Dots": "34"}, {"player_name": "Marco Jansen", "Overs": "7", "Maidens": "1", "Runs": "39", "Wickets": "1", "Economy": "5.57", "Dots": "27"}, {"player_name": "Anrich Nortje", "Overs": "5", "Maidens": "0", "Runs": "26", "Wickets": "0", "Economy": "5.20", "Dots": "19"}, {"player_name": "Sisanda Magala", "Overs": "9", "Maidens": "2", "Runs": "43", "Wickets": "5", "Economy": "4.77", "Dots": "34"}, {"player_name": "Tabraiz Shamsi", "Overs": "4.1", "Maidens": "0", "Runs": "38", "Wickets": "1", "Economy": "9.12", "Dots": "14"}, {"player_name": "Aiden Markram", "Overs": "6", "Maidens": "0", "Runs": "40", "Wickets": "2", "Economy": "6.66", "Dots": "15"}]}, "Team2": {"Name": "Netherlands", "score": "224", "overs": "39.1/50 ov", "rr": "RR: 5.71", "batting": [{"Player Name": "Max O'Dowd", "Dismissed by": "b Sisanda Magala", "Runs": "47", "Balls Faced": "49", "Fours": "8", "Sixes": "0", "Strike Rate": "95.91"}, {"Player Name": "Vikram Singh", "Dismissed by": "b Marco Jansen", "Runs": "21", "Balls Faced": "18", "Fours": "5", "Sixes": "0", "Strike Rate": "116.66"}, {"Player Name": "Musa Ahmed", "Dismissed by": "c Heinrich Klaasen b Aiden Markram", "Runs": "61", "Balls Faced": "69", "Fours": "7", "Sixes": "3", "Strike Rate": "88.40"}, {"Player Name": "Wesley Barresi", "Dismissed by": "c Rassie van der Dussen b Sisanda Magala", "Runs": "29", "Balls Faced": "36", "Fours": "3", "Sixes": "0", "Strike Rate": "80.55"}, {"Player Name": "Tom Cooper", "Dismissed by": "c Marco Jansen b Lungi Ngidi", "Runs": "2", "Balls Faced": "5", "Fours": "0", "Sixes": "0", "Strike Rate": "40.00"}, {"Player Name": "Scott Edwards", "Dismissed by": "lbw Aiden Markram", "Runs": "42", "Balls Faced": "33", "Fours": "4", "Sixes": "1", "Strike Rate": "127.27"}, {"Player Name": "Shariz Ahmad", "Dismissed by": "b Sisanda Magala", "Runs": "2", "Balls Faced": "9", "Fours": "0", "Sixes": "0", "Strike Rate": "22.22"}, {"Player Name": "Aryan Dutt", "Dismissed by": "", "Runs": "4", "Balls Faced": "7", "Fours": "1", "Sixes": "0", "Strike Rate": "57.14"}, {"Player Name": "Paul van Meekeren", "Dismissed by": "b Sisanda Magala", "Runs": "0", "Balls Faced": "3", "Fours": "0", "Sixes": "0", "Strike Rate": "0.00"}, {"Player Name": "Fred Klaassen", "Dismissed by": "b Sisanda Magala", "Runs": "0", "Balls Faced": "3", "Fours": "0", "Sixes": "0", "Strike Rate": "0.00"}, {"Player Name": "Vivian Kingma", "Dismissed by": "b Tabraiz Shamsi", "Runs": "1", "Balls Faced": "3", "Fours": "0", "Sixes": "0", "Strike Rate": "33.33"}], "Extras": "Extras (w 10, lb 5)", "balling": [{"player_name": "Fred Klaassen", "Overs": "10", "Maidens": "1", "Runs": "43", "Wickets": "2", "Economy": "4.30", "Dots": "32"}, {"player_name": "Vivian Kingma", "Overs": "10", "Maidens": "0", "Runs": "80", "Wickets": "2", "Economy": "8.00", "Dots": "27"}, {"player_name": "Shariz Ahmad", "Overs": "8", "Maidens": "0", "Runs": "62", "Wickets": "1", "Economy": "7.75", "Dots": "14"}, {"player_name": "Paul van Meekeren", "Overs": "10", "Maidens": "0", "Runs": "79", "Wickets": "2", "Economy": "7.90", "Dots": "29"}, {"player_name": "Aryan Dutt", "Overs": "9", "Maidens": "0", "Runs": "74", "Wickets": "1", "Economy": "8.22", "Dots": "18"}, {"player_name": "Vikram Singh", "Overs": "3", "Maidens": "0", "Runs": "29", "Wickets": "0", "Economy": "9.66", "Dots": "9"}]}, "match_id": "33709"}