{"date": "06/08/2019 09:30:00 AM", "home": "England", "away": "Bangladesh", "place": "Cardiff Wales Stadium", "result": "England win by 106 runs", "Team1": {"Name": "England", "score": "386/6", "overs": "50/50 ov", "rr": "RR: 7.72", "batting": [{"Player Name": "Jason Roy", "Dismissed by": "c Mashrafe Mortaza b Mehidy Hasan", "Runs": "153", "Balls Faced": "121", "Fours": "14", "Sixes": "5", "Strike Rate": "126.44"}, {"Player Name": "Jonny Bairstow", "Dismissed by": "c Mehidy Hasan b Mashrafe Mortaza", "Runs": "51", "Balls Faced": "50", "Fours": "6", "Sixes": "0", "Strike Rate": "102.00"}, {"Player Name": "Joe Root", "Dismissed by": "b Mohammad Saifuddin", "Runs": "21", "Balls Faced": "29", "Fours": "1", "Sixes": "0", "Strike Rate": "72.41"}, {"Player Name": "Jos Buttler", "Dismissed by": "c Soumya Sarkar b Mohammad Saifuddin", "Runs": "64", "Balls Faced": "44", "Fours": "2", "Sixes": "4", "Strike Rate": "145.45"}, {"Player Name": "Eoin Morgan", "Dismissed by": "c Soumya Sarkar b Mehidy Hasan", "Runs": "35", "Balls Faced": "33", "Fours": "1", "Sixes": "2", "Strike Rate": "106.06"}, {"Player Name": "Ben Stokes", "Dismissed by": "c Mashrafe Mortaza b Mustafizur Rahman", "Runs": "6", "Balls Faced": "7", "Fours": "0", "Sixes": "0", "Strike Rate": "85.71"}, {"Player Name": "Chris Woakes", "Dismissed by": "", "Runs": "18", "Balls Faced": "8", "Fours": "0", "Sixes": "2", "Strike Rate": "225.00"}, {"Player Name": "Liam Plunkett", "Dismissed by": "", "Runs": "27", "Balls Faced": "9", "Fours": "4", "Sixes": "1", "Strike Rate": "300.00"}, {"Player Name": "Adil Rashid", "Dismissed by": "", "Runs": "-", "Balls Faced": "-", "Fours": "-", "Sixes": "-", "Strike Rate": "-"}, {"Player Name": "Jofra Archer", "Dismissed by": "", "Runs": "-", "Balls Faced": "-", "Fours": "-", "Sixes": "-", "Strike Rate": "-"}, {"Player Name": "Mark Wood", "Dismissed by": "", "Runs": "-", "Balls Faced": "-", "Fours": "-", "Sixes": "-", "Strike Rate": "-"}], "Extras": "Extras (nb 1, w 7, lb 3)", "balling": [{"player_name": "Chris Woakes", "Overs": "8", "Maidens": "0", "Runs": "67", "Wickets": "0", "Economy": "8.37", "Dots": "13"}, {"player_name": "Jofra Archer", "Overs": "8.5", "Maidens": "2", "Runs": "29", "Wickets": "3", "Economy": "3.28", "Dots": "37"}, {"player_name": "Liam Plunkett", "Overs": "8", "Maidens": "0", "Runs": "36", "Wickets": "1", "Economy": "4.50", "Dots": "17"}, {"player_name": "Mark Wood", "Overs": "8", "Maidens": "0", "Runs": "52", "Wickets": "2", "Economy": "6.50", "Dots": "16"}, {"player_name": "Adil Rashid", "Overs": "10", "Maidens": "0", "Runs": "64", "Wickets": "1", "Economy": "6.40", "Dots": "22"}, {"player_name": "Ben Stokes", "Overs": "6", "Maidens": "1", "Runs": "23", "Wickets": "3", "Economy": "3.83", "Dots": "20"}]}, "Team2": {"Name": "Bangladesh", "score": "280", "overs": "48.5/50 ov", "rr": "RR: 5.73", "batting": [{"Player Name": "Tamim Iqbal", "Dismissed by": "c Eoin Morgan b Mark Wood", "Runs": "19", "Balls Faced": "29", "Fours": "1", "Sixes": "0", "Strike Rate": "65.51"}, {"Player Name": "Soumya Sarkar", "Dismissed by": "b Jofra Archer", "Runs": "2", "Balls Faced": "8", "Fours": "0", "Sixes": "0", "Strike Rate": "25.00"}, {"Player Name": "Shakib Al Hasan", "Dismissed by": "b Ben Stokes", "Runs": "121", "Balls Faced": "119", "Fours": "12", "Sixes": "1", "Strike Rate": "101.68"}, {"Player Name": "Mushfiqur Rahim", "Dismissed by": "c Jason Roy b Liam Plunkett", "Runs": "44", "Balls Faced": "50", "Fours": "2", "Sixes": "0", "Strike Rate": "88.00"}, {"Player Name": "Mohammad Mithun", "Dismissed by": "c Jonny Bairstow b Adil Rashid", "Runs": "0", "Balls Faced": "2", "Fours": "0", "Sixes": "0", "Strike Rate": "0.00"}, {"Player Name": "Mahmudullah", "Dismissed by": "c Jonny Bairstow b Mark Wood", "Runs": "28", "Balls Faced": "41", "Fours": "1", "Sixes": "1", "Strike Rate": "68.29"}, {"Player Name": "Mosaddek Hossain", "Dismissed by": "c Jofra Archer b Ben Stokes", "Runs": "26", "Balls Faced": "16", "Fours": "4", "Sixes": "0", "Strike Rate": "162.50"}, {"Player Name": "Mohammad Saifuddin", "Dismissed by": "b Ben Stokes", "Runs": "5", "Balls Faced": "8", "Fours": "0", "Sixes": "0", "Strike Rate": "62.50"}, {"Player Name": "Mehidy Hasan", "Dismissed by": "c Jonny Bairstow b Jofra Archer", "Runs": "12", "Balls Faced": "8", "Fours": "2", "Sixes": "0", "Strike Rate": "150.00"}, {"Player Name": "Mashrafe Mortaza", "Dismissed by": "", "Runs": "4", "Balls Faced": "9", "Fours": "0", "Sixes": "0", "Strike Rate": "44.44"}, {"Player Name": "Mustafizur Rahman", "Dismissed by": "c Jonny Bairstow b Jofra Archer", "Runs": "0", "Balls Faced": "3", "Fours": "0", "Sixes": "0", "Strike Rate": "0.00"}], "Extras": "Extras (w 10, lb 9)", "balling": [{"player_name": "Shakib Al Hasan", "Overs": "10", "Maidens": "0", "Runs": "71", "Wickets": "0", "Economy": "7.10", "Dots": "28"}, {"player_name": "Mashrafe Mortaza", "Overs": "10", "Maidens": "0", "Runs": "68", "Wickets": "1", "Economy": "6.80", "Dots": "24"}, {"player_name": "Mohammad Saifuddin", "Overs": "9", "Maidens": "0", "Runs": "78", "Wickets": "2", "Economy": "8.66", "Dots": "18"}, {"player_name": "Mustafizur Rahman", "Overs": "9", "Maidens": "0", "Runs": "75", "Wickets": "1", "Economy": "8.33", "Dots": "19"}, {"player_name": "Mehidy Hasan", "Overs": "10", "Maidens": "0", "Runs": "67", "Wickets": "2", "Economy": "6.70", "Dots": "22"}, {"player_name": "Mosaddek Hossain", "Overs": "2", "Maidens": "0", "Runs": "24", "Wickets": "0", "Economy": "12.00", "Dots": "1"}]}, "match_id": "8203"}