{"date": "07/13/2021 12:00:00 PM", "home": "England", "away": "Pakistan", "place": "Edgbaston", "result": "England win by 3 wickets", "Team1": {"Name": "England", "score": "332/7", "overs": "48/50 ov", "rr": "RR: 6.91", "batting": [{"Player Name": "Philip Salt", "Dismissed by": "c Fakhar Zaman b Haris Rauf", "Runs": "37", "Balls Faced": "22", "Fours": "7", "Sixes": "0", "Strike Rate": "168.18"}, {"Player Name": "Dawid Malan", "Dismissed by": "c Mohammad Rizwan b Hasan Ali", "Runs": "0", "Balls Faced": "2", "Fours": "0", "Sixes": "0", "Strike Rate": "0.00"}, {"Player Name": "Zak Crawley", "Dismissed by": "b Haris Rauf", "Runs": "39", "Balls Faced": "34", "Fours": "7", "Sixes": "0", "Strike Rate": "114.70"}, {"Player Name": "James Vince", "Dismissed by": "c Babar Azam b Haris Rauf", "Runs": "102", "Balls Faced": "95", "Fours": "11", "Sixes": "0", "Strike Rate": "107.36"}, {"Player Name": "Ben Stokes", "Dismissed by": "c Mohammad Rizwan b Shadab Khan", "Runs": "32", "Balls Faced": "28", "Fours": "4", "Sixes": "1", "Strike Rate": "114.28"}, {"Player Name": "John Simpson", "Dismissed by": "lbw Shadab Khan", "Runs": "3", "Balls Faced": "12", "Fours": "0", "Sixes": "0", "Strike Rate": "25.00"}, {"Player Name": "Lewis Gregory", "Dismissed by": "c Shadab Khan b Haris Rauf", "Runs": "77", "Balls Faced": "69", "Fours": "6", "Sixes": "3", "Strike Rate": "111.59"}, {"Player Name": "Craig Overton", "Dismissed by": "", "Runs": "18", "Balls Faced": "15", "Fours": "1", "Sixes": "0", "Strike Rate": "120.00"}, {"Player Name": "Brydon Carse", "Dismissed by": "", "Runs": "12", "Balls Faced": "11", "Fours": "1", "Sixes": "0", "Strike Rate": "109.09"}, {"Player Name": "Saqib Mahmood", "Dismissed by": "", "Runs": "-", "Balls Faced": "-", "Fours": "-", "Sixes": "-", "Strike Rate": "-"}, {"Player Name": "Matt Parkinson", "Dismissed by": "", "Runs": "-", "Balls Faced": "-", "Fours": "-", "Sixes": "-", "Strike Rate": "-"}], "Extras": "Extras (w 7, lb 5)", "balling": [{"player_name": "Saqib Mahmood", "Overs": "10", "Maidens": "2", "Runs": "60", "Wickets": "3", "Economy": "6.00", "Dots": "36"}, {"player_name": "Lewis Gregory", "Overs": "7", "Maidens": "0", "Runs": "42", "Wickets": "0", "Economy": "6.00", "Dots": "23"}, {"player_name": "Craig Overton", "Overs": "10", "Maidens": "0", "Runs": "64", "Wickets": "0", "Economy": "6.40", "Dots": "23"}, {"player_name": "Brydon Carse", "Overs": "10", "Maidens": "0", "Runs": "61", "Wickets": "5", "Economy": "6.10", "Dots": "29"}, {"player_name": "Ben Stokes", "Overs": "4", "Maidens": "0", "Runs": "31", "Wickets": "0", "Economy": "7.75", "Dots": "6"}, {"player_name": "Matt Parkinson", "Overs": "9", "Maidens": "0", "Runs": "70", "Wickets": "1", "Economy": "7.77", "Dots": "15"}]}, "Team2": {"Name": "Pakistan", "score": "331/9", "overs": "50/50 ov", "rr": "RR: 6.62", "batting": [{"Player Name": "Imam-ul-Haq", "Dismissed by": "b Matt Parkinson", "Runs": "56", "Balls Faced": "73", "Fours": "7", "Sixes": "0", "Strike Rate": "76.71"}, {"Player Name": "Fakhar Zaman", "Dismissed by": "c Zak Crawley b Saqib Mahmood", "Runs": "6", "Balls Faced": "14", "Fours": "1", "Sixes": "0", "Strike Rate": "42.85"}, {"Player Name": "Babar Azam", "Dismissed by": "c Dawid Malan b Brydon Carse", "Runs": "158", "Balls Faced": "139", "Fours": "14", "Sixes": "4", "Strike Rate": "113.66"}, {"Player Name": "Mohammad Rizwan", "Dismissed by": "c John Simpson b Brydon Carse", "Runs": "74", "Balls Faced": "58", "Fours": "8", "Sixes": "0", "Strike Rate": "127.58"}, {"Player Name": "Sohaib Maqsood", "Dismissed by": "c James Vince b Brydon Carse", "Runs": "8", "Balls Faced": "5", "Fours": "2", "Sixes": "0", "Strike Rate": "160.00"}, {"Player Name": "Hasan Ali", "Dismissed by": "c Zak Crawley b Brydon Carse", "Runs": "4", "Balls Faced": "2", "Fours": "1", "Sixes": "0", "Strike Rate": "200.00"}, {"Player Name": "Faheem Ashraf", "Dismissed by": "b Saqib Mahmood", "Runs": "10", "Balls Faced": "4", "Fours": "1", "Sixes": "1", "Strike Rate": "250.00"}, {"Player Name": "Shadab Khan", "Dismissed by": "c John Simpson b Saqib Mahmood", "Runs": "0", "Balls Faced": "1", "Fours": "0", "Sixes": "0", "Strike Rate": "0.00"}, {"Player Name": "Saud Shakeel", "Dismissed by": "", "Runs": "3", "Balls Faced": "3", "Fours": "0", "Sixes": "0", "Strike Rate": "100.00"}, {"Player Name": "Shaheen Afridi", "Dismissed by": "c James Vince b Brydon Carse", "Runs": "0", "Balls Faced": "1", "Fours": "0", "Sixes": "0", "Strike Rate": "0.00"}, {"Player Name": "Haris Rauf", "Dismissed by": "", "Runs": "0", "Balls Faced": "0", "Fours": "0", "Sixes": "0", "Strike Rate": "-"}], "Extras": "Extras (w 9, lb 3)", "balling": [{"player_name": "Shaheen Afridi", "Overs": "10", "Maidens": "0", "Runs": "78", "Wickets": "0", "Economy": "7.80", "Dots": "25"}, {"player_name": "Hasan Ali", "Overs": "9", "Maidens": "0", "Runs": "69", "Wickets": "1", "Economy": "7.66", "Dots": "25"}, {"player_name": "Haris Rauf", "Overs": "9", "Maidens": "0", "Runs": "65", "Wickets": "4", "Economy": "7.22", "Dots": "31"}, {"player_name": "Faheem Ashraf", "Overs": "6", "Maidens": "0", "Runs": "34", "Wickets": "0", "Economy": "5.66", "Dots": "20"}, {"player_name": "Shadab Khan", "Overs": "10", "Maidens": "0", "Runs": "61", "Wickets": "2", "Economy": "6.10", "Dots": "27"}, {"player_name": "Saud Shakeel", "Overs": "4", "Maidens": "0", "Runs": "20", "Wickets": "0", "Economy": "5.00", "Dots": "6"}]}, "match_id": "22431"}