{"date": "01/21/2022 07:00:00 AM", "home": "Afghanistan", "away": "Netherlands", "place": "West End Park International Cricket Stadium", "result": "Afghanistan won by 36 runs", "Team1": {"Name": "Afghanistan", "score": "222/8", "overs": "50/50 ov", "rr": "RR: 4.44", "batting": [{"Player Name": "Rahmanullah Gurbaz", "Dismissed by": "b Vivian Kingma", "Runs": "13", "Balls Faced": "8", "Fours": "2", "Sixes": "0", "Strike Rate": "162.50"}, {"Player Name": "Usman Ghani", "Dismissed by": "c Colin Ackermann b Philippe Boissevain", "Runs": "24", "Balls Faced": "57", "Fours": "2", "Sixes": "0", "Strike Rate": "42.10"}, {"Player Name": "Rahmat Shah", "Dismissed by": "lbw Colin Ackermann", "Runs": "70", "Balls Faced": "102", "Fours": "3", "Sixes": "2", "Strike Rate": "68.62"}, {"Player Name": "Hashmatullah Shahidi", "Dismissed by": "c Philippe Boissevain b Brandon Glover", "Runs": "73", "Balls Faced": "94", "Fours": "4", "Sixes": "2", "Strike Rate": "77.65"}, {"Player Name": "Najibullah Zadran", "Dismissed by": "lbw Fred Klaassen", "Runs": "9", "Balls Faced": "17", "Fours": "1", "Sixes": "0", "Strike Rate": "52.94"}, {"Player Name": "Shahidullah", "Dismissed by": "c & b Brandon Glover", "Runs": "1", "Balls Faced": "3", "Fours": "0", "Sixes": "0", "Strike Rate": "33.33"}, {"Player Name": "Gulbadin Naib", "Dismissed by": "c Musa Ahmed b Fred Klaassen", "Runs": "16", "Balls Faced": "17", "Fours": "1", "Sixes": "0", "Strike Rate": "94.11"}, {"Player Name": "Rashid Khan", "Dismissed by": "c Bas de Leede b Brandon Glover", "Runs": "5", "Balls Faced": "6", "Fours": "1", "Sixes": "0", "Strike Rate": "83.33"}, {"Player Name": "Sharafuddin Ashraf", "Dismissed by": "", "Runs": "0", "Balls Faced": "0", "Fours": "0", "Sixes": "0", "Strike Rate": "-"}, {"Player Name": "Mujeeb Ur Rahman", "Dismissed by": "", "Runs": "-", "Balls Faced": "-", "Fours": "-", "Sixes": "-", "Strike Rate": "-"}, {"Player Name": "Yamin Ahmadzai", "Dismissed by": "", "Runs": "-", "Balls Faced": "-", "Fours": "-", "Sixes": "-", "Strike Rate": "-"}], "Extras": "Extras (nb 4, w 7)", "balling": [{"player_name": "Yamin Ahmadzai", "Overs": "9", "Maidens": "1", "Runs": "34", "Wickets": "2", "Economy": "3.77", "Dots": "38"}, {"player_name": "Mujeeb Ur Rahman", "Overs": "10", "Maidens": "1", "Runs": "39", "Wickets": "2", "Economy": "3.90", "Dots": "37"}, {"player_name": "Gulbadin Naib", "Overs": "8", "Maidens": "0", "Runs": "38", "Wickets": "0", "Economy": "4.75", "Dots": "29"}, {"player_name": "Sharafuddin Ashraf", "Overs": "9", "Maidens": "1", "Runs": "23", "Wickets": "0", "Economy": "2.55", "Dots": "33"}, {"player_name": "Rashid Khan", "Overs": "9", "Maidens": "0", "Runs": "31", "Wickets": "3", "Economy": "3.44", "Dots": "34"}, {"player_name": "Shahidullah", "Overs": "3", "Maidens": "0", "Runs": "16", "Wickets": "0", "Economy": "5.33", "Dots": "8"}]}, "Team2": {"Name": "Netherlands", "score": "186", "overs": "48/50 ov", "rr": "RR: 3.87", "batting": [{"Player Name": "Scott Edwards", "Dismissed by": "b Mujeeb Ur Rahman", "Runs": "68", "Balls Faced": "82", "Fours": "8", "Sixes": "0", "Strike Rate": "82.92"}, {"Player Name": "Musa Ahmed", "Dismissed by": "c Shahidullah b Yamin Ahmadzai", "Runs": "11", "Balls Faced": "28", "Fours": "2", "Sixes": "0", "Strike Rate": "39.28"}, {"Player Name": "Colin Ackermann", "Dismissed by": "c Gulbadin Naib b Mujeeb Ur Rahman", "Runs": "10", "Balls Faced": "9", "Fours": "2", "Sixes": "0", "Strike Rate": "111.11"}, {"Player Name": "Bas de Leede", "Dismissed by": "lbw Rashid Khan", "Runs": "9", "Balls Faced": "23", "Fours": "0", "Sixes": "0", "Strike Rate": "39.13"}, {"Player Name": "Pieter Seelaar", "Dismissed by": "b Yamin Ahmadzai", "Runs": "32", "Balls Faced": "69", "Fours": "2", "Sixes": "0", "Strike Rate": "46.37"}, {"Player Name": "Boris Gorlee", "Dismissed by": "run out (Rahmanullah Gurbaz)", "Runs": "16", "Balls Faced": "32", "Fours": "2", "Sixes": "0", "Strike Rate": "50.00"}, {"Player Name": "Saqib Zulfiqar", "Dismissed by": "b Rashid Khan", "Runs": "8", "Balls Faced": "15", "Fours": "1", "Sixes": "0", "Strike Rate": "53.33"}, {"Player Name": "Philippe Boissevain", "Dismissed by": "b Rashid Khan", "Runs": "9", "Balls Faced": "16", "Fours": "0", "Sixes": "0", "Strike Rate": "56.25"}, {"Player Name": "Fred Klaassen", "Dismissed by": "run out (Najibullah Zadran)", "Runs": "7", "Balls Faced": "8", "Fours": "0", "Sixes": "0", "Strike Rate": "87.50"}, {"Player Name": "Vivian Kingma", "Dismissed by": "run out (Rashid Khan)", "Runs": "1", "Balls Faced": "6", "Fours": "0", "Sixes": "0", "Strike Rate": "16.66"}, {"Player Name": "Brandon Glover", "Dismissed by": "", "Runs": "0", "Balls Faced": "0", "Fours": "0", "Sixes": "0", "Strike Rate": "-"}], "Extras": "Extras (w 10, lb 5)", "balling": [{"player_name": "Vivian Kingma", "Overs": "6", "Maidens": "0", "Runs": "26", "Wickets": "1", "Economy": "4.33", "Dots": "22"}, {"player_name": "Fred Klaassen", "Overs": "10", "Maidens": "1", "Runs": "39", "Wickets": "2", "Economy": "3.90", "Dots": "37"}, {"player_name": "Bas de Leede", "Overs": "3", "Maidens": "0", "Runs": "5", "Wickets": "0", "Economy": "1.66", "Dots": "13"}, {"player_name": "Brandon Glover", "Overs": "9", "Maidens": "0", "Runs": "43", "Wickets": "3", "Economy": "4.77", "Dots": "29"}, {"player_name": "Philippe Boissevain", "Overs": "10", "Maidens": "0", "Runs": "58", "Wickets": "1", "Economy": "5.80", "Dots": "29"}, {"player_name": "Pieter Seelaar", "Overs": "8", "Maidens": "1", "Runs": "41", "Wickets": "0", "Economy": "5.12", "Dots": "21"}, {"player_name": "Colin Ackermann", "Overs": "4", "Maidens": "0", "Runs": "10", "Wickets": "1", "Economy": "2.50", "Dots": "15"}]}, "match_id": "100375"}