{"date": "06/04/2019 09:30:00 AM", "home": "Afghanistan", "away": "Sri Lanka", "place": "Cardiff Wales Stadium", "result": "Sri Lanka win by 34 runs (DLS Method)", "Team1": {"Name": "Afghanistan", "score": "152", "overs": "32.4/41 ov", "rr": "RR: 4.65", "batting": [{"Player Name": "Mohammad Shahzad", "Dismissed by": "c Dimuth Karunaratne b Lasith Malinga", "Runs": "7", "Balls Faced": "12", "Fours": "1", "Sixes": "0", "Strike Rate": "58.33"}, {"Player Name": "Hazratullah Zazai", "Dismissed by": "c Thisara Perera b Nuwan Pradeep", "Runs": "30", "Balls Faced": "25", "Fours": "3", "Sixes": "1", "Strike Rate": "120.00"}, {"Player Name": "Rahmat Shah", "Dismissed by": "c Angelo Mathews b Isuru Udana", "Runs": "2", "Balls Faced": "11", "Fours": "0", "Sixes": "0", "Strike Rate": "18.18"}, {"Player Name": "Hashmatullah Shahidi", "Dismissed by": "c Kusal Perera b Nuwan Pradeep", "Runs": "4", "Balls Faced": "17", "Fours": "0", "Sixes": "0", "Strike Rate": "23.52"}, {"Player Name": "Mohammad Nabi", "Dismissed by": "b Thisara Perera", "Runs": "11", "Balls Faced": "16", "Fours": "1", "Sixes": "0", "Strike Rate": "68.75"}, {"Player Name": "Gulbadin Naib", "Dismissed by": "lbw Nuwan Pradeep", "Runs": "23", "Balls Faced": "32", "Fours": "2", "Sixes": "0", "Strike Rate": "71.87"}, {"Player Name": "Najibullah Zadran", "Dismissed by": "run out (Dimuth Karunaratne)", "Runs": "43", "Balls Faced": "56", "Fours": "6", "Sixes": "0", "Strike Rate": "76.78"}, {"Player Name": "Rashid Khan", "Dismissed by": "b Nuwan Pradeep", "Runs": "2", "Balls Faced": "4", "Fours": "0", "Sixes": "0", "Strike Rate": "50.00"}, {"Player Name": "Dawlat Zadran", "Dismissed by": "b Lasith Malinga", "Runs": "6", "Balls Faced": "18", "Fours": "1", "Sixes": "0", "Strike Rate": "33.33"}, {"Player Name": "Hamid Hassan", "Dismissed by": "b Lasith Malinga", "Runs": "6", "Balls Faced": "5", "Fours": "0", "Sixes": "1", "Strike Rate": "120.00"}, {"Player Name": "Mujeeb Ur Rahman", "Dismissed by": "", "Runs": "1", "Balls Faced": "1", "Fours": "0", "Sixes": "0", "Strike Rate": "100.00"}], "Extras": "Extras (nb 1, w 15, b 1)", "balling": [{"player_name": "Dawlat Zadran", "Overs": "6", "Maidens": "0", "Runs": "34", "Wickets": "2", "Economy": "5.66", "Dots": "24"}, {"player_name": "Hamid Hassan", "Overs": "7", "Maidens": "0", "Runs": "53", "Wickets": "1", "Economy": "7.57", "Dots": "17"}, {"player_name": "Mujeeb Ur Rahman", "Overs": "3", "Maidens": "0", "Runs": "19", "Wickets": "0", "Economy": "6.33", "Dots": "9"}, {"player_name": "Mohammad Nabi", "Overs": "9", "Maidens": "0", "Runs": "30", "Wickets": "4", "Economy": "3.33", "Dots": "33"}, {"player_name": "Gulbadin Naib", "Overs": "4", "Maidens": "0", "Runs": "38", "Wickets": "0", "Economy": "9.50", "Dots": "6"}, {"player_name": "Rashid Khan", "Overs": "7.5", "Maidens": "1", "Runs": "17", "Wickets": "2", "Economy": "2.17", "Dots": "34"}]}, "Team2": {"Name": "Sri Lanka", "score": "201", "overs": "36.5/41 ov", "rr": "RR: 5.45", "batting": [{"Player Name": "Dimuth Karunaratne", "Dismissed by": "c Najibullah Zadran b Mohammad Nabi", "Runs": "30", "Balls Faced": "45", "Fours": "3", "Sixes": "0", "Strike Rate": "66.66"}, {"Player Name": "Kusal Perera", "Dismissed by": "c Mohammad Shahzad b Rashid Khan", "Runs": "78", "Balls Faced": "81", "Fours": "8", "Sixes": "0", "Strike Rate": "96.29"}, {"Player Name": "Lahiru Thirimanne", "Dismissed by": "b Mohammad Nabi", "Runs": "25", "Balls Faced": "34", "Fours": "1", "Sixes": "0", "Strike Rate": "73.52"}, {"Player Name": "Kusal Mendis", "Dismissed by": "c Rahmat Shah b Mohammad Nabi", "Runs": "2", "Balls Faced": "2", "Fours": "0", "Sixes": "0", "Strike Rate": "100.00"}, {"Player Name": "Angelo Mathews", "Dismissed by": "c Rahmat Shah b Mohammad Nabi", "Runs": "0", "Balls Faced": "2", "Fours": "0", "Sixes": "0", "Strike Rate": "0.00"}, {"Player Name": "Dhananjaya de Silva", "Dismissed by": "c Mohammad Shahzad b Hamid Hassan", "Runs": "0", "Balls Faced": "4", "Fours": "0", "Sixes": "0", "Strike Rate": "0.00"}, {"Player Name": "Thisara Perera", "Dismissed by": "run out (Hashmatullah Shahidi/Mohammad Shahzad)", "Runs": "2", "Balls Faced": "4", "Fours": "0", "Sixes": "0", "Strike Rate": "50.00"}, {"Player Name": "Isuru Udana", "Dismissed by": "b Dawlat Zadran", "Runs": "10", "Balls Faced": "21", "Fours": "0", "Sixes": "1", "Strike Rate": "47.61"}, {"Player Name": "Suranga Lakmal", "Dismissed by": "", "Runs": "15", "Balls Faced": "13", "Fours": "2", "Sixes": "0", "Strike Rate": "115.38"}, {"Player Name": "Lasith Malinga", "Dismissed by": "b Dawlat Zadran", "Runs": "4", "Balls Faced": "14", "Fours": "1", "Sixes": "0", "Strike Rate": "28.57"}, {"Player Name": "Nuwan Pradeep", "Dismissed by": "b Rashid Khan", "Runs": "0", "Balls Faced": "4", "Fours": "0", "Sixes": "0", "Strike Rate": "0.00"}], "Extras": "Extras (nb 3, w 22, lb 10)", "balling": [{"player_name": "Lasith Malinga", "Overs": "6.4", "Maidens": "0", "Runs": "39", "Wickets": "3", "Economy": "5.85", "Dots": "23"}, {"player_name": "Suranga Lakmal", "Overs": "6", "Maidens": "0", "Runs": "27", "Wickets": "0", "Economy": "4.50", "Dots": "23"}, {"player_name": "Isuru Udana", "Overs": "6", "Maidens": "0", "Runs": "28", "Wickets": "1", "Economy": "4.66", "Dots": "22"}, {"player_name": "Nuwan Pradeep", "Overs": "9", "Maidens": "1", "Runs": "31", "Wickets": "4", "Economy": "3.44", "Dots": "41"}, {"player_name": "Thisara Perera", "Overs": "4", "Maidens": "0", "Runs": "19", "Wickets": "1", "Economy": "4.75", "Dots": "16"}, {"player_name": "Dhananjaya de Silva", "Overs": "1", "Maidens": "0", "Runs": "7", "Wickets": "0", "Economy": "7.00", "Dots": "2"}]}, "match_id": "8198"}