{"date": "03/17/2023 08:00:00 AM", "home": "India", "away": "Australia", "place": "Wankhede Stadium", "result": "India won by 5 wickets", "Team1": {"Name": "India", "score": "191/5", "overs": "39.5/50 ov", "rr": "RR: 4.79", "batting": [{"Player Name": "Ishan Kishan", "Dismissed by": "lbw Marcus Stoinis", "Runs": "3", "Balls Faced": "8", "Fours": "0", "Sixes": "0", "Strike Rate": "37.50"}, {"Player Name": "Shubman Gill", "Dismissed by": "c Marnus Labuschagne b Mitchell Starc", "Runs": "20", "Balls Faced": "31", "Fours": "3", "Sixes": "0", "Strike Rate": "64.51"}, {"Player Name": "Virat Kohli", "Dismissed by": "lbw Mitchell Starc", "Runs": "4", "Balls Faced": "9", "Fours": "1", "Sixes": "0", "Strike Rate": "44.44"}, {"Player Name": "Suryakumar Yadav", "Dismissed by": "lbw Mitchell Starc", "Runs": "0", "Balls Faced": "1", "Fours": "0", "Sixes": "0", "Strike Rate": "0.00"}, {"Player Name": "KL Rahul", "Dismissed by": "", "Runs": "75", "Balls Faced": "91", "Fours": "7", "Sixes": "1", "Strike Rate": "82.41"}, {"Player Name": "Hardik Pandya", "Dismissed by": "c Cameron Green b Marcus Stoinis", "Runs": "25", "Balls Faced": "31", "Fours": "3", "Sixes": "1", "Strike Rate": "80.64"}, {"Player Name": "Ravindra Jadeja", "Dismissed by": "", "Runs": "45", "Balls Faced": "69", "Fours": "5", "Sixes": "0", "Strike Rate": "65.21"}, {"Player Name": "Shardul Thakur", "Dismissed by": "", "Runs": "-", "Balls Faced": "-", "Fours": "-", "Sixes": "-", "Strike Rate": "-"}, {"Player Name": "Kuldeep Yadav", "Dismissed by": "", "Runs": "-", "Balls Faced": "-", "Fours": "-", "Sixes": "-", "Strike Rate": "-"}, {"Player Name": "Mohammed Siraj", "Dismissed by": "", "Runs": "-", "Balls Faced": "-", "Fours": "-", "Sixes": "-", "Strike Rate": "-"}, {"Player Name": "Mohammed Shami", "Dismissed by": "", "Runs": "-", "Balls Faced": "-", "Fours": "-", "Sixes": "-", "Strike Rate": "-"}], "Extras": "Extras (nb 1, w 13, lb 5)", "balling": [{"player_name": "Mohammed Shami", "Overs": "6", "Maidens": "2", "Runs": "17", "Wickets": "3", "Economy": "2.83", "Dots": "30"}, {"player_name": "Mohammed Siraj", "Overs": "5.4", "Maidens": "1", "Runs": "29", "Wickets": "3", "Economy": "5.11", "Dots": "26"}, {"player_name": "Hardik Pandya", "Overs": "5", "Maidens": "0", "Runs": "29", "Wickets": "1", "Economy": "5.80", "Dots": "19"}, {"player_name": "Shardul Thakur", "Overs": "2", "Maidens": "0", "Runs": "12", "Wickets": "0", "Economy": "6.00", "Dots": "8"}, {"player_name": "Ravindra Jadeja", "Overs": "9", "Maidens": "0", "Runs": "46", "Wickets": "2", "Economy": "5.11", "Dots": "27"}, {"player_name": "Kuldeep Yadav", "Overs": "8", "Maidens": "1", "Runs": "48", "Wickets": "1", "Economy": "6.00", "Dots": "24"}]}, "Team2": {"Name": "Australia", "score": "188", "overs": "35.4/50 ov", "rr": "RR: 5.27", "batting": [{"Player Name": "Travis Head", "Dismissed by": "b Mohammed Siraj", "Runs": "5", "Balls Faced": "10", "Fours": "1", "Sixes": "0", "Strike Rate": "50.00"}, {"Player Name": "Mitchell Marsh", "Dismissed by": "c Mohammed Siraj b Ravindra Jadeja", "Runs": "81", "Balls Faced": "65", "Fours": "10", "Sixes": "5", "Strike Rate": "124.61"}, {"Player Name": "Steve Smith", "Dismissed by": "c KL Rahul b Hardik Pandya", "Runs": "22", "Balls Faced": "30", "Fours": "4", "Sixes": "0", "Strike Rate": "73.33"}, {"Player Name": "Marnus Labuschagne", "Dismissed by": "c Ravindra Jadeja b Kuldeep Yadav", "Runs": "15", "Balls Faced": "22", "Fours": "1", "Sixes": "0", "Strike Rate": "68.18"}, {"Player Name": "Josh Inglis", "Dismissed by": "b Mohammed Shami", "Runs": "26", "Balls Faced": "27", "Fours": "1", "Sixes": "1", "Strike Rate": "96.29"}, {"Player Name": "Cameron Green", "Dismissed by": "b Mohammed Shami", "Runs": "12", "Balls Faced": "19", "Fours": "0", "Sixes": "0", "Strike Rate": "63.15"}, {"Player Name": "Glenn Maxwell", "Dismissed by": "c Hardik Pandya b Ravindra Jadeja", "Runs": "8", "Balls Faced": "10", "Fours": "1", "Sixes": "0", "Strike Rate": "80.00"}, {"Player Name": "Marcus Stoinis", "Dismissed by": "c Shubman Gill b Mohammed Shami", "Runs": "5", "Balls Faced": "8", "Fours": "1", "Sixes": "0", "Strike Rate": "62.50"}, {"Player Name": "Sean Abbott", "Dismissed by": "c Shubman Gill b Mohammed Siraj", "Runs": "0", "Balls Faced": "7", "Fours": "0", "Sixes": "0", "Strike Rate": "0.00"}, {"Player Name": "Mitchell Starc", "Dismissed by": "", "Runs": "4", "Balls Faced": "10", "Fours": "1", "Sixes": "0", "Strike Rate": "40.00"}, {"Player Name": "Adam Zampa", "Dismissed by": "c KL Rahul b Mohammed Siraj", "Runs": "0", "Balls Faced": "6", "Fours": "0", "Sixes": "0", "Strike Rate": "0.00"}], "Extras": "Extras (w 3, lb 7)", "balling": [{"player_name": "Mitchell Starc", "Overs": "9.5", "Maidens": "0", "Runs": "49", "Wickets": "3", "Economy": "4.98", "Dots": "38"}, {"player_name": "Marcus Stoinis", "Overs": "7", "Maidens": "1", "Runs": "27", "Wickets": "2", "Economy": "3.85", "Dots": "28"}, {"player_name": "Sean Abbott", "Overs": "9", "Maidens": "0", "Runs": "31", "Wickets": "0", "Economy": "3.44", "Dots": "36"}, {"player_name": "Cameron Green", "Overs": "6", "Maidens": "0", "Runs": "35", "Wickets": "0", "Economy": "5.83", "Dots": "18"}, {"player_name": "Adam Zampa", "Overs": "6", "Maidens": "0", "Runs": "37", "Wickets": "0", "Economy": "6.16", "Dots": "14"}, {"player_name": "Glenn Maxwell", "Overs": "2", "Maidens": "0", "Runs": "7", "Wickets": "0", "Economy": "3.50", "Dots": "6"}]}, "match_id": "101865"}