{"date": "03/19/2021 10:00:00 PM", "home": "New Zealand", "away": "Bangladesh", "place": "University Oval", "result": "New Zealand win by 8 wickets", "Team1": {"Name": "New Zealand", "score": "132/2", "overs": "21.2/50 ov", "rr": "RR: 6.18", "batting": [{"Player Name": "Martin Guptill", "Dismissed by": "c Mushfiqur Rahim b Taskin Ahmed", "Runs": "38", "Balls Faced": "19", "Fours": "3", "Sixes": "4", "Strike Rate": "200.00"}, {"Player Name": "Henry Nicholls", "Dismissed by": "", "Runs": "49", "Balls Faced": "53", "Fours": "6", "Sixes": "0", "Strike Rate": "92.45"}, {"Player Name": "Devon Conway", "Dismissed by": "c Mahmudullah b Hasan Mahmud", "Runs": "27", "Balls Faced": "52", "Fours": "2", "Sixes": "0", "Strike Rate": "51.92"}, {"Player Name": "Will Young", "Dismissed by": "", "Runs": "11", "Balls Faced": "6", "Fours": "2", "Sixes": "0", "Strike Rate": "183.33"}, {"Player Name": "Tom Latham", "Dismissed by": "", "Runs": "-", "Balls Faced": "-", "Fours": "-", "Sixes": "-", "Strike Rate": "-"}, {"Player Name": "Jimmy Neesham", "Dismissed by": "", "Runs": "-", "Balls Faced": "-", "Fours": "-", "Sixes": "-", "Strike Rate": "-"}, {"Player Name": "Daryl Mitchell", "Dismissed by": "", "Runs": "-", "Balls Faced": "-", "Fours": "-", "Sixes": "-", "Strike Rate": "-"}, {"Player Name": "Mitchell Santner", "Dismissed by": "", "Runs": "-", "Balls Faced": "-", "Fours": "-", "Sixes": "-", "Strike Rate": "-"}, {"Player Name": "Kyle Jamieson", "Dismissed by": "", "Runs": "-", "Balls Faced": "-", "Fours": "-", "Sixes": "-", "Strike Rate": "-"}, {"Player Name": "Matt Henry", "Dismissed by": "", "Runs": "-", "Balls Faced": "-", "Fours": "-", "Sixes": "-", "Strike Rate": "-"}, {"Player Name": "Trent Boult", "Dismissed by": "", "Runs": "-", "Balls Faced": "-", "Fours": "-", "Sixes": "-", "Strike Rate": "-"}], "Extras": "Extras (nb 2, w 2, b 1, lb 2)", "balling": [{"player_name": "Trent Boult", "Overs": "8.5", "Maidens": "0", "Runs": "27", "Wickets": "4", "Economy": "3.05", "Dots": "43"}, {"player_name": "Matt Henry", "Overs": "9", "Maidens": "1", "Runs": "26", "Wickets": "1", "Economy": "2.88", "Dots": "38"}, {"player_name": "Kyle Jamieson", "Overs": "8", "Maidens": "1", "Runs": "25", "Wickets": "0", "Economy": "3.12", "Dots": "35"}, {"player_name": "Jimmy Neesham", "Overs": "8", "Maidens": "1", "Runs": "27", "Wickets": "2", "Economy": "3.37", "Dots": "37"}, {"player_name": "Mitchell Santner", "Overs": "8", "Maidens": "0", "Runs": "23", "Wickets": "2", "Economy": "2.87", "Dots": "32"}]}, "Team2": {"Name": "Bangladesh", "score": "131", "overs": "41.5/50 ov", "rr": "RR: 3.13", "batting": [{"Player Name": "Tamim Iqbal", "Dismissed by": "lbw Trent Boult", "Runs": "13", "Balls Faced": "15", "Fours": "1", "Sixes": "1", "Strike Rate": "86.66"}, {"Player Name": "Litton Das", "Dismissed by": "c Trent Boult b Jimmy Neesham", "Runs": "19", "Balls Faced": "36", "Fours": "1", "Sixes": "0", "Strike Rate": "52.77"}, {"Player Name": "Soumya Sarkar", "Dismissed by": "c Devon Conway b Trent Boult", "Runs": "0", "Balls Faced": "3", "Fours": "0", "Sixes": "0", "Strike Rate": "0.00"}, {"Player Name": "Mushfiqur Rahim", "Dismissed by": "c Martin Guptill b Jimmy Neesham", "Runs": "23", "Balls Faced": "49", "Fours": "2", "Sixes": "0", "Strike Rate": "46.93"}, {"Player Name": "Mohammad Mithun", "Dismissed by": "run out (Jimmy Neesham)", "Runs": "9", "Balls Faced": "27", "Fours": "1", "Sixes": "0", "Strike Rate": "33.33"}, {"Player Name": "Mahmudullah", "Dismissed by": "c Mitchell Santner b Matt Henry", "Runs": "27", "Balls Faced": "54", "Fours": "1", "Sixes": "1", "Strike Rate": "50.00"}, {"Player Name": "Mehidy Hasan", "Dismissed by": "b Mitchell Santner", "Runs": "1", "Balls Faced": "10", "Fours": "0", "Sixes": "0", "Strike Rate": "10.00"}, {"Player Name": "Mahedi Hasan", "Dismissed by": "c Henry Nicholls b Mitchell Santner", "Runs": "14", "Balls Faced": "20", "Fours": "1", "Sixes": "1", "Strike Rate": "70.00"}, {"Player Name": "Taskin Ahmed", "Dismissed by": "c Mitchell Santner b Trent Boult", "Runs": "10", "Balls Faced": "32", "Fours": "1", "Sixes": "0", "Strike Rate": "31.25"}, {"Player Name": "Hasan Mahmud", "Dismissed by": "b Trent Boult", "Runs": "1", "Balls Faced": "5", "Fours": "0", "Sixes": "0", "Strike Rate": "20.00"}, {"Player Name": "Mustafizur Rahman", "Dismissed by": "", "Runs": "1", "Balls Faced": "1", "Fours": "0", "Sixes": "0", "Strike Rate": "100.00"}], "Extras": "Extras (nb 1, w 9, lb 3)", "balling": [{"player_name": "Mustafizur Rahman", "Overs": "4", "Maidens": "0", "Runs": "26", "Wickets": "0", "Economy": "6.50", "Dots": "16"}, {"player_name": "Hasan Mahmud", "Overs": "4.2", "Maidens": "0", "Runs": "49", "Wickets": "1", "Economy": "11.30", "Dots": "10"}, {"player_name": "Taskin Ahmed", "Overs": "4", "Maidens": "0", "Runs": "23", "Wickets": "1", "Economy": "5.75", "Dots": "14"}, {"player_name": "Mahedi Hasan", "Overs": "6", "Maidens": "0", "Runs": "17", "Wickets": "0", "Economy": "2.83", "Dots": "23"}, {"player_name": "Mehidy Hasan", "Overs": "2", "Maidens": "0", "Runs": "9", "Wickets": "0", "Economy": "4.50", "Dots": "3"}, {"player_name": "Soumya Sarkar", "Overs": "1", "Maidens": "0", "Runs": "5", "Wickets": "0", "Economy": "5.00", "Dots": "1"}]}, "match_id": "22389"}