{"date": "02/22/2011 11:00:00 AM", "home": "England", "away": "Netherlands", "place": "Vidarbha Cricket Association Stadium", "result": "England won by 6 wickets", "Team1": {"Name": "England", "score": "296/4", "overs": "48.4/50 ov", "rr": "RR: 6.08", "batting": [{"Player Name": "Andrew Strauss", "Dismissed by": "c Tom Cooper b Mudassar Bukhari", "Runs": "88", "Balls Faced": "83", "Fours": "9", "Sixes": "0", "Strike Rate": "106.02"}, {"Player Name": "Kevin Pietersen", "Dismissed by": "c Peter Borren b Pieter Seelaar", "Runs": "39", "Balls Faced": "61", "Fours": "5", "Sixes": "0", "Strike Rate": "63.93"}, {"Player Name": "Jonathan Trott", "Dismissed by": "st Wesley Barresi b Ryan ten Doeschate", "Runs": "62", "Balls Faced": "65", "Fours": "4", "Sixes": "0", "Strike Rate": "95.38"}, {"Player Name": "Ian Bell", "Dismissed by": "b Ryan ten Doeschate", "Runs": "33", "Balls Faced": "40", "Fours": "1", "Sixes": "0", "Strike Rate": "82.50"}, {"Player Name": "Paul Collingwood", "Dismissed by": "", "Runs": "30", "Balls Faced": "23", "Fours": "3", "Sixes": "0", "Strike Rate": "130.43"}, {"Player Name": "Ravi Bopara", "Dismissed by": "", "Runs": "30", "Balls Faced": "20", "Fours": "2", "Sixes": "1", "Strike Rate": "150.00"}, {"Player Name": "Graeme Swann", "Dismissed by": "", "Runs": "-", "Balls Faced": "-", "Fours": "-", "Sixes": "-", "Strike Rate": "-"}, {"Player Name": "James Anderson", "Dismissed by": "", "Runs": "-", "Balls Faced": "-", "Fours": "-", "Sixes": "-", "Strike Rate": "-"}, {"Player Name": "Matt Prior", "Dismissed by": "", "Runs": "-", "Balls Faced": "-", "Fours": "-", "Sixes": "-", "Strike Rate": "-"}, {"Player Name": "Tim Bresnan", "Dismissed by": "", "Runs": "-", "Balls Faced": "-", "Fours": "-", "Sixes": "-", "Strike Rate": "-"}, {"Player Name": "Stuart Broad", "Dismissed by": "", "Runs": "-", "Balls Faced": "-", "Fours": "-", "Sixes": "-", "Strike Rate": "-"}], "Extras": "Extras (w 11, b 1, lb 2)", "balling": [{"player_name": "James Anderson", "Overs": "10", "Maidens": "0", "Runs": "72", "Wickets": "0", "Economy": "7.20", "Dots": "20"}, {"player_name": "Stuart Broad", "Overs": "10", "Maidens": "2", "Runs": "65", "Wickets": "2", "Economy": "6.50", "Dots": "31"}, {"player_name": "Tim Bresnan", "Overs": "10", "Maidens": "0", "Runs": "49", "Wickets": "1", "Economy": "4.90", "Dots": "31"}, {"player_name": "Graeme Swann", "Overs": "10", "Maidens": "0", "Runs": "35", "Wickets": "2", "Economy": "3.50", "Dots": "37"}, {"player_name": "Paul Collingwood", "Overs": "8", "Maidens": "0", "Runs": "46", "Wickets": "1", "Economy": "5.75", "Dots": "24"}, {"player_name": "Kevin Pietersen", "Overs": "2", "Maidens": "0", "Runs": "19", "Wickets": "0", "Economy": "9.50", "Dots": "4"}]}, "Team2": {"Name": "Netherlands", "score": "292/6", "overs": "50/50 ov", "rr": "RR: 5.84", "batting": [{"Player Name": "Alexei Kervezee", "Dismissed by": "c Matt Prior b Tim Bresnan", "Runs": "16", "Balls Faced": "25", "Fours": "2", "Sixes": "0", "Strike Rate": "64.00"}, {"Player Name": "Wesley Barresi", "Dismissed by": "st Matt Prior b Graeme Swann", "Runs": "29", "Balls Faced": "25", "Fours": "6", "Sixes": "0", "Strike Rate": "116.00"}, {"Player Name": "Tom Cooper", "Dismissed by": "c James Anderson b Paul Collingwood", "Runs": "47", "Balls Faced": "73", "Fours": "3", "Sixes": "0", "Strike Rate": "64.38"}, {"Player Name": "Ryan ten Doeschate", "Dismissed by": "c Ravi Bopara b Stuart Broad", "Runs": "119", "Balls Faced": "110", "Fours": "9", "Sixes": "3", "Strike Rate": "108.18"}, {"Player Name": "Bastiaan Zuiderent", "Dismissed by": "c Paul Collingwood b Graeme Swann", "Runs": "1", "Balls Faced": "10", "Fours": "0", "Sixes": "0", "Strike Rate": "10.00"}, {"Player Name": "Tom de Grooth", "Dismissed by": "b Stuart Broad", "Runs": "28", "Balls Faced": "31", "Fours": "3", "Sixes": "0", "Strike Rate": "90.32"}, {"Player Name": "Peter Borren", "Dismissed by": "", "Runs": "35", "Balls Faced": "24", "Fours": "4", "Sixes": "0", "Strike Rate": "145.83"}, {"Player Name": "Mudassar Bukhari", "Dismissed by": "", "Runs": "6", "Balls Faced": "5", "Fours": "0", "Sixes": "0", "Strike Rate": "120.00"}, {"Player Name": "Bernardus Loots", "Dismissed by": "", "Runs": "-", "Balls Faced": "-", "Fours": "-", "Sixes": "-", "Strike Rate": "-"}, {"Player Name": "Berend Westdijk", "Dismissed by": "", "Runs": "-", "Balls Faced": "-", "Fours": "-", "Sixes": "-", "Strike Rate": "-"}, {"Player Name": "Pieter Seelaar", "Dismissed by": "", "Runs": "-", "Balls Faced": "-", "Fours": "-", "Sixes": "-", "Strike Rate": "-"}], "Extras": "Extras (nb 3, w 2, b 3, lb 3)", "balling": [{"player_name": "Mudassar Bukhari", "Overs": "9", "Maidens": "0", "Runs": "54", "Wickets": "1", "Economy": "6.00", "Dots": "25"}, {"player_name": "Berend Westdijk", "Overs": "7", "Maidens": "0", "Runs": "41", "Wickets": "0", "Economy": "5.85", "Dots": "26"}, {"player_name": "Bernardus Loots", "Overs": "9.4", "Maidens": "0", "Runs": "74", "Wickets": "0", "Economy": "7.65", "Dots": "18"}, {"player_name": "Pieter Seelaar", "Overs": "10", "Maidens": "0", "Runs": "54", "Wickets": "1", "Economy": "5.40", "Dots": "22"}, {"player_name": "Ryan ten Doeschate", "Overs": "10", "Maidens": "0", "Runs": "47", "Wickets": "2", "Economy": "4.70", "Dots": "24"}, {"player_name": "Tom Cooper", "Overs": "3", "Maidens": "0", "Runs": "23", "Wickets": "0", "Economy": "7.66", "Dots": "4"}]}, "match_id": "3180"}