{"date": "03/29/2022 01:00:00 AM", "home": "New Zealand", "away": "Netherlands", "place": "Bay Oval", "result": "New Zealand won by 7 wickets", "Team1": {"Name": "New Zealand", "score": "204/3", "overs": "38.3/50 ov", "rr": "RR: 5.29", "batting": [{"Player Name": "Martin Guptill", "Dismissed by": "c Scott Edwards b Logan van Beek", "Runs": "2", "Balls Faced": "10", "Fours": "0", "Sixes": "0", "Strike Rate": "20.00"}, {"Player Name": "Henry Nicholls", "Dismissed by": "b Michael Rippon", "Runs": "57", "Balls Faced": "79", "Fours": "3", "Sixes": "1", "Strike Rate": "72.15"}, {"Player Name": "Will Young", "Dismissed by": "", "Runs": "103", "Balls Faced": "114", "Fours": "8", "Sixes": "3", "Strike Rate": "90.35"}, {"Player Name": "Ross Taylor", "Dismissed by": "b Michael Rippon", "Runs": "11", "Balls Faced": "17", "Fours": "1", "Sixes": "0", "Strike Rate": "64.70"}, {"Player Name": "Tom Latham", "Dismissed by": "", "Runs": "8", "Balls Faced": "11", "Fours": "0", "Sixes": "0", "Strike Rate": "72.72"}, {"Player Name": "Michael Bracewell", "Dismissed by": "", "Runs": "-", "Balls Faced": "-", "Fours": "-", "Sixes": "-", "Strike Rate": "-"}, {"Player Name": "Colin de Grandhomme", "Dismissed by": "", "Runs": "-", "Balls Faced": "-", "Fours": "-", "Sixes": "-", "Strike Rate": "-"}, {"Player Name": "Ish Sodhi", "Dismissed by": "", "Runs": "-", "Balls Faced": "-", "Fours": "-", "Sixes": "-", "Strike Rate": "-"}, {"Player Name": "Kyle Jamieson", "Dismissed by": "", "Runs": "-", "Balls Faced": "-", "Fours": "-", "Sixes": "-", "Strike Rate": "-"}, {"Player Name": "Matt Henry", "Dismissed by": "", "Runs": "-", "Balls Faced": "-", "Fours": "-", "Sixes": "-", "Strike Rate": "-"}, {"Player Name": "Blair Tickner", "Dismissed by": "", "Runs": "-", "Balls Faced": "-", "Fours": "-", "Sixes": "-", "Strike Rate": "-"}], "Extras": "Extras (w 14, b 5, lb 4)", "balling": [{"player_name": "Kyle Jamieson", "Overs": "9.4", "Maidens": "1", "Runs": "45", "Wickets": "3", "Economy": "4.65", "Dots": "35"}, {"player_name": "Matt Henry", "Overs": "8", "Maidens": "1", "Runs": "31", "Wickets": "1", "Economy": "3.87", "Dots": "32"}, {"player_name": "Blair Tickner", "Overs": "10", "Maidens": "0", "Runs": "50", "Wickets": "4", "Economy": "5.00", "Dots": "36"}, {"player_name": "Colin de Grandhomme", "Overs": "5", "Maidens": "0", "Runs": "10", "Wickets": "1", "Economy": "2.00", "Dots": "24"}, {"player_name": "Michael Bracewell", "Overs": "8", "Maidens": "1", "Runs": "22", "Wickets": "1", "Economy": "2.75", "Dots": "32"}, {"player_name": "Ish Sodhi", "Overs": "9", "Maidens": "0", "Runs": "40", "Wickets": "0", "Economy": "4.44", "Dots": "27"}]}, "Team2": {"Name": "Netherlands", "score": "202", "overs": "49.4/50 ov", "rr": "RR: 4.06", "batting": [{"Player Name": "Stephan Myburgh", "Dismissed by": "c Martin Guptill b Matt Henry", "Runs": "11", "Balls Faced": "16", "Fours": "2", "Sixes": "0", "Strike Rate": "68.75"}, {"Player Name": "Max O'Dowd", "Dismissed by": "c Tom Latham b Kyle Jamieson", "Runs": "4", "Balls Faced": "9", "Fours": "0", "Sixes": "0", "Strike Rate": "44.44"}, {"Player Name": "Vikramjit Singh", "Dismissed by": "c Ish Sodhi b Blair Tickner", "Runs": "19", "Balls Faced": "21", "Fours": "4", "Sixes": "0", "Strike Rate": "90.47"}, {"Player Name": "Bas de Leede", "Dismissed by": "c Colin de Grandhomme b Blair Tickner", "Runs": "7", "Balls Faced": "21", "Fours": "1", "Sixes": "0", "Strike Rate": "33.33"}, {"Player Name": "Scott Edwards", "Dismissed by": "c & b Colin de Grandhomme", "Runs": "1", "Balls Faced": "7", "Fours": "0", "Sixes": "0", "Strike Rate": "14.28"}, {"Player Name": "Michael Rippon", "Dismissed by": "c Martin Guptill b Kyle Jamieson", "Runs": "67", "Balls Faced": "97", "Fours": "4", "Sixes": "1", "Strike Rate": "69.07"}, {"Player Name": "Pieter Seelaar", "Dismissed by": "c Tom Latham b Blair Tickner", "Runs": "43", "Balls Faced": "75", "Fours": "3", "Sixes": "0", "Strike Rate": "57.33"}, {"Player Name": "Logan van Beek", "Dismissed by": "c Will Young b Blair Tickner", "Runs": "14", "Balls Faced": "14", "Fours": "1", "Sixes": "1", "Strike Rate": "100.00"}, {"Player Name": "Philippe Boissevain", "Dismissed by": "c & b Michael Bracewell", "Runs": "15", "Balls Faced": "27", "Fours": "1", "Sixes": "0", "Strike Rate": "55.55"}, {"Player Name": "Fred Klaassen", "Dismissed by": "c Colin de Grandhomme b Kyle Jamieson", "Runs": "3", "Balls Faced": "8", "Fours": "0", "Sixes": "0", "Strike Rate": "37.50"}, {"Player Name": "Brandon Glover", "Dismissed by": "", "Runs": "6", "Balls Faced": "5", "Fours": "1", "Sixes": "0", "Strike Rate": "120.00"}], "Extras": "Extras (nb 2, w 6, lb 4)", "balling": [{"player_name": "Fred Klaassen", "Overs": "6", "Maidens": "1", "Runs": "23", "Wickets": "0", "Economy": "3.83", "Dots": "23"}, {"player_name": "Logan van Beek", "Overs": "6", "Maidens": "0", "Runs": "34", "Wickets": "1", "Economy": "5.66", "Dots": "18"}, {"player_name": "Bas de Leede", "Overs": "2", "Maidens": "0", "Runs": "17", "Wickets": "0", "Economy": "8.50", "Dots": "7"}, {"player_name": "Brandon Glover", "Overs": "3", "Maidens": "0", "Runs": "24", "Wickets": "0", "Economy": "8.00", "Dots": "10"}, {"player_name": "Pieter Seelaar", "Overs": "10", "Maidens": "0", "Runs": "30", "Wickets": "0", "Economy": "3.00", "Dots": "34"}, {"player_name": "Michael Rippon", "Overs": "8", "Maidens": "0", "Runs": "32", "Wickets": "2", "Economy": "4.00", "Dots": "28"}, {"player_name": "Philippe Boissevain", "Overs": "3.3", "Maidens": "0", "Runs": "35", "Wickets": "0", "Economy": "10.00", "Dots": "6"}]}, "match_id": "34376"}