{"date": "09/17/2023 09:30:00 AM", "home": "India", "away": "Sri Lanka", "place": "R.Premadasa Stadium", "result": "India won by 10 wickets", "Team1": {"Name": "India", "score": "51/0", "overs": "6.1/50 ov", "rr": "RR: 8.27", "batting": [{"Player Name": "Shubman Gill", "Dismissed by": "", "Runs": "27", "Balls Faced": "19", "Fours": "6", "Sixes": "0", "Strike Rate": "142.10"}, {"Player Name": "Ishan Kishan", "Dismissed by": "", "Runs": "23", "Balls Faced": "18", "Fours": "3", "Sixes": "0", "Strike Rate": "127.77"}, {"Player Name": "Rohit Sharma", "Dismissed by": "", "Runs": "-", "Balls Faced": "-", "Fours": "-", "Sixes": "-", "Strike Rate": "-"}, {"Player Name": "Virat Kohli", "Dismissed by": "", "Runs": "-", "Balls Faced": "-", "Fours": "-", "Sixes": "-", "Strike Rate": "-"}, {"Player Name": "KL Rahul", "Dismissed by": "", "Runs": "-", "Balls Faced": "-", "Fours": "-", "Sixes": "-", "Strike Rate": "-"}, {"Player Name": "Hardik Pandya", "Dismissed by": "", "Runs": "-", "Balls Faced": "-", "Fours": "-", "Sixes": "-", "Strike Rate": "-"}, {"Player Name": "Ravindra Jadeja", "Dismissed by": "", "Runs": "-", "Balls Faced": "-", "Fours": "-", "Sixes": "-", "Strike Rate": "-"}, {"Player Name": "Washington Sundar", "Dismissed by": "", "Runs": "-", "Balls Faced": "-", "Fours": "-", "Sixes": "-", "Strike Rate": "-"}, {"Player Name": "Jasprit Bumrah", "Dismissed by": "", "Runs": "-", "Balls Faced": "-", "Fours": "-", "Sixes": "-", "Strike Rate": "-"}, {"Player Name": "Kuldeep Yadav", "Dismissed by": "", "Runs": "-", "Balls Faced": "-", "Fours": "-", "Sixes": "-", "Strike Rate": "-"}, {"Player Name": "Mohammed Siraj", "Dismissed by": "", "Runs": "-", "Balls Faced": "-", "Fours": "-", "Sixes": "-", "Strike Rate": "-"}], "Extras": "Extras (lb 1)", "balling": [{"player_name": "Jasprit Bumrah", "Overs": "5", "Maidens": "1", "Runs": "23", "Wickets": "1", "Economy": "4.60", "Dots": "20"}, {"player_name": "Mohammed Siraj", "Overs": "7", "Maidens": "1", "Runs": "21", "Wickets": "6", "Economy": "3.00", "Dots": "34"}, {"player_name": "Hardik Pandya", "Overs": "2.2", "Maidens": "0", "Runs": "3", "Wickets": "3", "Economy": "1.28", "Dots": "12"}, {"player_name": "Kuldeep Yadav", "Overs": "1", "Maidens": "0", "Runs": "1", "Wickets": "0", "Economy": "1.00", "Dots": "5"}]}, "Team2": {"Name": "Sri Lanka", "score": "50", "overs": "15.2/50 ov", "rr": "RR: 3.26", "batting": [{"Player Name": "Pathum Nissanka", "Dismissed by": "c Ravindra Jadeja b Mohammed Siraj", "Runs": "2", "Balls Faced": "4", "Fours": "0", "Sixes": "0", "Strike Rate": "50.00"}, {"Player Name": "Kusal Perera", "Dismissed by": "c KL Rahul b Jasprit Bumrah", "Runs": "0", "Balls Faced": "2", "Fours": "0", "Sixes": "0", "Strike Rate": "0.00"}, {"Player Name": "Kusal Mendis", "Dismissed by": "b Mohammed Siraj", "Runs": "17", "Balls Faced": "34", "Fours": "3", "Sixes": "0", "Strike Rate": "50.00"}, {"Player Name": "Sadeera Samarawickrama", "Dismissed by": "lbw Mohammed Siraj", "Runs": "0", "Balls Faced": "2", "Fours": "0", "Sixes": "0", "Strike Rate": "0.00"}, {"Player Name": "Charith Asalanka", "Dismissed by": "c Ishan Kishan b Mohammed Siraj", "Runs": "0", "Balls Faced": "1", "Fours": "0", "Sixes": "0", "Strike Rate": "0.00"}, {"Player Name": "Dhananjaya de Silva", "Dismissed by": "c KL Rahul b Mohammed Siraj", "Runs": "4", "Balls Faced": "2", "Fours": "1", "Sixes": "0", "Strike Rate": "200.00"}, {"Player Name": "Dasun Shanaka", "Dismissed by": "b Mohammed Siraj", "Runs": "0", "Balls Faced": "4", "Fours": "0", "Sixes": "0", "Strike Rate": "0.00"}, {"Player Name": "Dunith Wellalage", "Dismissed by": "c KL Rahul b Hardik Pandya", "Runs": "8", "Balls Faced": "21", "Fours": "0", "Sixes": "0", "Strike Rate": "38.09"}, {"Player Name": "Dushan Hemantha", "Dismissed by": "", "Runs": "13", "Balls Faced": "15", "Fours": "1", "Sixes": "0", "Strike Rate": "86.66"}, {"Player Name": "Pramod Madushan", "Dismissed by": "c Virat Kohli b Hardik Pandya", "Runs": "1", "Balls Faced": "6", "Fours": "0", "Sixes": "0", "Strike Rate": "16.66"}, {"Player Name": "Matheesha Pathirana", "Dismissed by": "c Ishan Kishan b Hardik Pandya", "Runs": "0", "Balls Faced": "1", "Fours": "0", "Sixes": "0", "Strike Rate": "0.00"}], "Extras": "Extras (w 3, lb 2)", "balling": [{"player_name": "Pramod Madushan", "Overs": "2", "Maidens": "0", "Runs": "21", "Wickets": "0", "Economy": "10.50", "Dots": "5"}, {"player_name": "Matheesha Pathirana", "Overs": "2", "Maidens": "0", "Runs": "21", "Wickets": "0", "Economy": "10.50", "Dots": "5"}, {"player_name": "Dunith Wellalage", "Overs": "2", "Maidens": "0", "Runs": "7", "Wickets": "0", "Economy": "3.50", "Dots": "8"}, {"player_name": "Charith Asalanka", "Overs": "0.1", "Maidens": "0", "Runs": "1", "Wickets": "0", "Economy": "6.00", "Dots": "0"}]}, "match_id": "102846"}