{"date": "09/20/2018 11:30:00 AM", "home": "Bangladesh", "away": "Afghanistan", "place": "Zayed Cricket Stadium", "result": "Afghanistan win by 136 runs", "Team1": {"Name": "Bangladesh", "score": "119", "overs": "42.1/50 ov", "rr": "RR: 2.82", "batting": [{"Player Name": "Litton Das", "Dismissed by": "lbw Aftab Alam", "Runs": "6", "Balls Faced": "14", "Fours": "0", "Sixes": "0", "Strike Rate": "42.85"}, {"Player Name": "Najmul Hossain Shanto", "Dismissed by": "c Aftab Alam b Mujeeb Ur Rahman", "Runs": "7", "Balls Faced": "13", "Fours": "0", "Sixes": "0", "Strike Rate": "53.84"}, {"Player Name": "Shakib Al Hasan", "Dismissed by": "lbw Rashid Khan", "Runs": "32", "Balls Faced": "55", "Fours": "0", "Sixes": "0", "Strike Rate": "58.18"}, {"Player Name": "Mominul Haque", "Dismissed by": "c Mohammad Shahzad b Gulbadin Naib", "Runs": "9", "Balls Faced": "17", "Fours": "0", "Sixes": "0", "Strike Rate": "52.94"}, {"Player Name": "Mohammad Mithun", "Dismissed by": "b Gulbadin Naib", "Runs": "2", "Balls Faced": "7", "Fours": "0", "Sixes": "0", "Strike Rate": "28.57"}, {"Player Name": "Mahmudullah", "Dismissed by": "b Rashid Khan", "Runs": "27", "Balls Faced": "54", "Fours": "2", "Sixes": "0", "Strike Rate": "50.00"}, {"Player Name": "Mosaddek Hossain", "Dismissed by": "", "Runs": "26", "Balls Faced": "60", "Fours": "3", "Sixes": "0", "Strike Rate": "43.33"}, {"Player Name": "Mehidy Hasan", "Dismissed by": "c Hashmatullah Shahidi b Rahmat Shah", "Runs": "4", "Balls Faced": "10", "Fours": "0", "Sixes": "0", "Strike Rate": "40.00"}, {"Player Name": "Mashrafe Mortaza", "Dismissed by": "c Aftab Alam b Mohammad Nabi", "Runs": "0", "Balls Faced": "11", "Fours": "0", "Sixes": "0", "Strike Rate": "0.00"}, {"Player Name": "Abu Hider", "Dismissed by": "run out (Rashid Khan)", "Runs": "1", "Balls Faced": "11", "Fours": "0", "Sixes": "0", "Strike Rate": "9.09"}, {"Player Name": "Rubel Hossain", "Dismissed by": "lbw Mujeeb Ur Rahman", "Runs": "0", "Balls Faced": "1", "Fours": "0", "Sixes": "0", "Strike Rate": "0.00"}], "Extras": "Extras (w 5)", "balling": [{"player_name": "Rubel Hossain", "Overs": "6", "Maidens": "1", "Runs": "32", "Wickets": "1", "Economy": "5.33", "Dots": "24"}, {"player_name": "Abu Hider", "Overs": "9", "Maidens": "1", "Runs": "50", "Wickets": "2", "Economy": "5.55", "Dots": "32"}, {"player_name": "Mehidy Hasan", "Overs": "8", "Maidens": "0", "Runs": "21", "Wickets": "0", "Economy": "2.62", "Dots": "30"}, {"player_name": "Mashrafe Mortaza", "Overs": "8", "Maidens": "0", "Runs": "67", "Wickets": "0", "Economy": "8.37", "Dots": "15"}, {"player_name": "Shakib Al Hasan", "Overs": "10", "Maidens": "1", "Runs": "42", "Wickets": "4", "Economy": "4.20", "Dots": "29"}, {"player_name": "Mosaddek Hossain", "Overs": "4", "Maidens": "0", "Runs": "18", "Wickets": "0", "Economy": "4.50", "Dots": "12"}, {"player_name": "Mominul Haque", "Overs": "3", "Maidens": "0", "Runs": "15", "Wickets": "0", "Economy": "5.00", "Dots": "7"}, {"player_name": "Mahmudullah", "Overs": "2", "Maidens": "0", "Runs": "5", "Wickets": "0", "Economy": "2.50", "Dots": "7"}]}, "Team2": {"Name": "Afghanistan", "score": "255/7", "overs": "50/50 ov", "rr": "RR: 5.10", "batting": [{"Player Name": "Mohammad Shahzad", "Dismissed by": "c Abu Hider b Shakib Al Hasan", "Runs": "37", "Balls Faced": "47", "Fours": "4", "Sixes": "0", "Strike Rate": "78.72"}, {"Player Name": "Ihsanullah", "Dismissed by": "c Mohammad Mithun b Abu Hider", "Runs": "8", "Balls Faced": "4", "Fours": "2", "Sixes": "0", "Strike Rate": "200.00"}, {"Player Name": "Rahmat Shah", "Dismissed by": "b Abu Hider", "Runs": "10", "Balls Faced": "17", "Fours": "1", "Sixes": "0", "Strike Rate": "58.82"}, {"Player Name": "Hashmatullah Shahidi", "Dismissed by": "c Litton Das b Rubel Hossain", "Runs": "58", "Balls Faced": "92", "Fours": "3", "Sixes": "0", "Strike Rate": "63.04"}, {"Player Name": "Asghar Afghan", "Dismissed by": "b Shakib Al Hasan", "Runs": "8", "Balls Faced": "16", "Fours": "0", "Sixes": "0", "Strike Rate": "50.00"}, {"Player Name": "Samiullah Shinwari", "Dismissed by": "b Shakib Al Hasan", "Runs": "18", "Balls Faced": "31", "Fours": "1", "Sixes": "0", "Strike Rate": "58.06"}, {"Player Name": "Mohammad Nabi", "Dismissed by": "lbw Shakib Al Hasan", "Runs": "10", "Balls Faced": "24", "Fours": "0", "Sixes": "0", "Strike Rate": "41.66"}, {"Player Name": "Gulbadin Naib", "Dismissed by": "", "Runs": "42", "Balls Faced": "38", "Fours": "5", "Sixes": "0", "Strike Rate": "110.52"}, {"Player Name": "Rashid Khan", "Dismissed by": "", "Runs": "57", "Balls Faced": "32", "Fours": "8", "Sixes": "1", "Strike Rate": "178.12"}, {"Player Name": "Aftab Alam", "Dismissed by": "", "Runs": "-", "Balls Faced": "-", "Fours": "-", "Sixes": "-", "Strike Rate": "-"}, {"Player Name": "Mujeeb Ur Rahman", "Dismissed by": "", "Runs": "-", "Balls Faced": "-", "Fours": "-", "Sixes": "-", "Strike Rate": "-"}], "Extras": "Extras (nb 1, w 1, b 5)", "balling": [{"player_name": "Aftab Alam", "Overs": "5", "Maidens": "1", "Runs": "11", "Wickets": "1", "Economy": "2.20", "Dots": "24"}, {"player_name": "Mujeeb Ur Rahman", "Overs": "8.1", "Maidens": "1", "Runs": "22", "Wickets": "2", "Economy": "2.69", "Dots": "31"}, {"player_name": "Gulbadin Naib", "Overs": "6", "Maidens": "0", "Runs": "30", "Wickets": "2", "Economy": "5.00", "Dots": "16"}, {"player_name": "Mohammad Nabi", "Overs": "10", "Maidens": "1", "Runs": "24", "Wickets": "1", "Economy": "2.40", "Dots": "42"}, {"player_name": "Samiullah Shinwari", "Overs": "2", "Maidens": "0", "Runs": "12", "Wickets": "0", "Economy": "6.00", "Dots": "5"}, {"player_name": "Rashid Khan", "Overs": "9", "Maidens": "3", "Runs": "13", "Wickets": "2", "Economy": "1.44", "Dots": "44"}, {"player_name": "Rahmat Shah", "Overs": "2", "Maidens": "1", "Runs": "7", "Wickets": "1", "Economy": "3.50", "Dots": "9"}]}, "match_id": "8986"}