{"date": "06/22/2022 09:00:00 AM", "home": "Netherlands", "away": "England", "place": "VRA Cricket Ground", "result": "England won by 8 wickets", "Team1": {"Name": "Netherlands", "score": "244", "overs": "49.2/50 ov", "rr": "RR: 4.94", "batting": [{"Player Name": "Vikramjit Singh", "Dismissed by": "c Dawid Malan b David Willey", "Runs": "6", "Balls Faced": "13", "Fours": "1", "Sixes": "0", "Strike Rate": "46.15"}, {"Player Name": "Max O'Dowd", "Dismissed by": "c Jos Buttler b Liam Livingstone", "Runs": "50", "Balls Faced": "69", "Fours": "6", "Sixes": "0", "Strike Rate": "72.46"}, {"Player Name": "Tom Cooper", "Dismissed by": "c Liam Livingstone b Brydon Carse", "Runs": "33", "Balls Faced": "37", "Fours": "5", "Sixes": "0", "Strike Rate": "89.18"}, {"Player Name": "Bas de Leede", "Dismissed by": "c Adil Rashid b Brydon Carse", "Runs": "56", "Balls Faced": "78", "Fours": "3", "Sixes": "0", "Strike Rate": "71.79"}, {"Player Name": "Scott Edwards", "Dismissed by": "c Jason Roy b David Payne", "Runs": "64", "Balls Faced": "72", "Fours": "2", "Sixes": "0", "Strike Rate": "88.88"}, {"Player Name": "Teja Nidamanuru", "Dismissed by": "st Jos Buttler b Adil Rashid", "Runs": "4", "Balls Faced": "9", "Fours": "0", "Sixes": "0", "Strike Rate": "44.44"}, {"Player Name": "Logan van Beek", "Dismissed by": "c Adil Rashid b David Willey", "Runs": "0", "Balls Faced": "3", "Fours": "0", "Sixes": "0", "Strike Rate": "0.00"}, {"Player Name": "Tim Pringle", "Dismissed by": "run out (David Payne/Dawid Malan)", "Runs": "6", "Balls Faced": "8", "Fours": "0", "Sixes": "0", "Strike Rate": "75.00"}, {"Player Name": "Aryan Dutt", "Dismissed by": "b David Willey", "Runs": "0", "Balls Faced": "3", "Fours": "0", "Sixes": "0", "Strike Rate": "0.00"}, {"Player Name": "Fred Klaassen", "Dismissed by": "", "Runs": "3", "Balls Faced": "3", "Fours": "0", "Sixes": "0", "Strike Rate": "100.00"}, {"Player Name": "Paul van Meekeren", "Dismissed by": "b David Willey", "Runs": "2", "Balls Faced": "3", "Fours": "0", "Sixes": "0", "Strike Rate": "66.66"}], "Extras": "Extras (nb 2, w 13, b 2, lb 3)", "balling": [{"player_name": "Fred Klaassen", "Overs": "7", "Maidens": "0", "Runs": "42", "Wickets": "0", "Economy": "6.00", "Dots": "22"}, {"player_name": "Logan van Beek", "Overs": "6", "Maidens": "0", "Runs": "48", "Wickets": "0", "Economy": "8.00", "Dots": "16"}, {"player_name": "Paul van Meekeren", "Overs": "7", "Maidens": "0", "Runs": "59", "Wickets": "2", "Economy": "8.42", "Dots": "21"}, {"player_name": "Tim Pringle", "Overs": "6.1", "Maidens": "0", "Runs": "50", "Wickets": "0", "Economy": "8.10", "Dots": "11"}, {"player_name": "Aryan Dutt", "Overs": "2", "Maidens": "0", "Runs": "22", "Wickets": "0", "Economy": "11.00", "Dots": "5"}, {"player_name": "Bas de Leede", "Overs": "2", "Maidens": "0", "Runs": "22", "Wickets": "0", "Economy": "11.00", "Dots": "3"}]}, "Team2": {"Name": "England", "score": "248/2", "overs": "30.1/50 ov", "rr": "RR: 8.22", "batting": [{"Player Name": "Jason Roy", "Dismissed by": "", "Runs": "101", "Balls Faced": "86", "Fours": "15", "Sixes": "0", "Strike Rate": "117.44"}, {"Player Name": "Phil Salt", "Dismissed by": "b Paul van Meekeren", "Runs": "49", "Balls Faced": "30", "Fours": "9", "Sixes": "0", "Strike Rate": "163.33"}, {"Player Name": "Dawid Malan", "Dismissed by": "b Paul van Meekeren", "Runs": "0", "Balls Faced": "2", "Fours": "0", "Sixes": "0", "Strike Rate": "0.00"}, {"Player Name": "Jos Buttler", "Dismissed by": "", "Runs": "86", "Balls Faced": "64", "Fours": "7", "Sixes": "5", "Strike Rate": "134.37"}, {"Player Name": "Liam Livingstone", "Dismissed by": "", "Runs": "-", "Balls Faced": "-", "Fours": "-", "Sixes": "-", "Strike Rate": "-"}, {"Player Name": "Moeen Ali", "Dismissed by": "", "Runs": "-", "Balls Faced": "-", "Fours": "-", "Sixes": "-", "Strike Rate": "-"}, {"Player Name": "Sam Curran", "Dismissed by": "", "Runs": "-", "Balls Faced": "-", "Fours": "-", "Sixes": "-", "Strike Rate": "-"}, {"Player Name": "David Willey", "Dismissed by": "", "Runs": "-", "Balls Faced": "-", "Fours": "-", "Sixes": "-", "Strike Rate": "-"}, {"Player Name": "Brydon Carse", "Dismissed by": "", "Runs": "-", "Balls Faced": "-", "Fours": "-", "Sixes": "-", "Strike Rate": "-"}, {"Player Name": "Adil Rashid", "Dismissed by": "", "Runs": "-", "Balls Faced": "-", "Fours": "-", "Sixes": "-", "Strike Rate": "-"}, {"Player Name": "David Payne", "Dismissed by": "", "Runs": "-", "Balls Faced": "-", "Fours": "-", "Sixes": "-", "Strike Rate": "-"}], "Extras": "Extras (nb 1, w 6, lb 5)", "balling": [{"player_name": "David Willey", "Overs": "8.2", "Maidens": "0", "Runs": "36", "Wickets": "4", "Economy": "4.32", "Dots": "29"}, {"player_name": "David Payne", "Overs": "9", "Maidens": "1", "Runs": "38", "Wickets": "1", "Economy": "4.22", "Dots": "34"}, {"player_name": "Sam Curran", "Overs": "6", "Maidens": "0", "Runs": "35", "Wickets": "0", "Economy": "5.83", "Dots": "14"}, {"player_name": "Brydon Carse", "Overs": "8", "Maidens": "0", "Runs": "49", "Wickets": "2", "Economy": "6.12", "Dots": "26"}, {"player_name": "Liam Livingstone", "Overs": "8", "Maidens": "0", "Runs": "40", "Wickets": "1", "Economy": "5.00", "Dots": "20"}, {"player_name": "Adil Rashid", "Overs": "10", "Maidens": "0", "Runs": "41", "Wickets": "1", "Economy": "4.10", "Dots": "28"}]}, "match_id": "34012"}