{"date": "06/01/2019 12:30:00 PM", "home": "Afghanistan", "away": "Australia", "place": "Bristol County Ground", "result": "Australia win by 7 wickets", "Team1": {"Name": "Afghanistan", "score": "207", "overs": "38.2/50 ov", "rr": "RR: 5.40", "batting": [{"Player Name": "Mohammad Shahzad", "Dismissed by": "b Mitchell Starc", "Runs": "0", "Balls Faced": "3", "Fours": "0", "Sixes": "0", "Strike Rate": "0.00"}, {"Player Name": "Hazratullah Zazai", "Dismissed by": "c Alex Carey b Pat Cummins", "Runs": "0", "Balls Faced": "2", "Fours": "0", "Sixes": "0", "Strike Rate": "0.00"}, {"Player Name": "Rahmat Shah", "Dismissed by": "c Steve Smith b Adam Zampa", "Runs": "43", "Balls Faced": "60", "Fours": "6", "Sixes": "0", "Strike Rate": "71.66"}, {"Player Name": "Hashmatullah Shahidi", "Dismissed by": "st Alex Carey b Adam Zampa", "Runs": "18", "Balls Faced": "34", "Fours": "3", "Sixes": "0", "Strike Rate": "52.94"}, {"Player Name": "Mohammad Nabi", "Dismissed by": "run out (Steve Smith/Alex Carey)", "Runs": "7", "Balls Faced": "22", "Fours": "0", "Sixes": "0", "Strike Rate": "31.81"}, {"Player Name": "Gulbadin Naib", "Dismissed by": "c Alex Carey b Marcus Stoinis", "Runs": "31", "Balls Faced": "33", "Fours": "4", "Sixes": "1", "Strike Rate": "93.93"}, {"Player Name": "Najibullah Zadran", "Dismissed by": "c Alex Carey b Marcus Stoinis", "Runs": "51", "Balls Faced": "49", "Fours": "7", "Sixes": "2", "Strike Rate": "104.08"}, {"Player Name": "Rashid Khan", "Dismissed by": "lbw Adam Zampa", "Runs": "27", "Balls Faced": "11", "Fours": "2", "Sixes": "3", "Strike Rate": "245.45"}, {"Player Name": "Dawlat Zadran", "Dismissed by": "c Alex Carey b Pat Cummins", "Runs": "4", "Balls Faced": "6", "Fours": "1", "Sixes": "0", "Strike Rate": "66.66"}, {"Player Name": "Mujeeb Ur Rahman", "Dismissed by": "b Pat Cummins", "Runs": "13", "Balls Faced": "9", "Fours": "1", "Sixes": "1", "Strike Rate": "144.44"}, {"Player Name": "Hamid Hassan", "Dismissed by": "", "Runs": "1", "Balls Faced": "2", "Fours": "0", "Sixes": "0", "Strike Rate": "50.00"}], "Extras": "Extras (nb 1, w 8, lb 3)", "balling": [{"player_name": "Mujeeb Ur Rahman", "Overs": "4.5", "Maidens": "0", "Runs": "45", "Wickets": "1", "Economy": "9.31", "Dots": "9"}, {"player_name": "Hamid Hassan", "Overs": "6", "Maidens": "2", "Runs": "15", "Wickets": "0", "Economy": "2.50", "Dots": "28"}, {"player_name": "Dawlat Zadran", "Overs": "5", "Maidens": "0", "Runs": "32", "Wickets": "0", "Economy": "6.40", "Dots": "17"}, {"player_name": "Gulbadin Naib", "Overs": "5", "Maidens": "0", "Runs": "32", "Wickets": "1", "Economy": "6.40", "Dots": "16"}, {"player_name": "Mohammad Nabi", "Overs": "6", "Maidens": "0", "Runs": "32", "Wickets": "0", "Economy": "5.33", "Dots": "18"}, {"player_name": "Rashid Khan", "Overs": "8", "Maidens": "0", "Runs": "52", "Wickets": "1", "Economy": "6.50", "Dots": "17"}]}, "Team2": {"Name": "Australia", "score": "209/3", "overs": "34.5/50 ov", "rr": "RR: 6.00", "batting": [{"Player Name": "Aaron Finch", "Dismissed by": "c Mujeeb Ur Rahman b Gulbadin Naib", "Runs": "66", "Balls Faced": "49", "Fours": "6", "Sixes": "4", "Strike Rate": "134.69"}, {"Player Name": "David Warner", "Dismissed by": "", "Runs": "89", "Balls Faced": "114", "Fours": "8", "Sixes": "0", "Strike Rate": "78.07"}, {"Player Name": "Usman Khawaja", "Dismissed by": "lbw Rashid Khan", "Runs": "15", "Balls Faced": "20", "Fours": "1", "Sixes": "0", "Strike Rate": "75.00"}, {"Player Name": "Steve Smith", "Dismissed by": "c Hazratullah Zazai b Mujeeb Ur Rahman", "Runs": "18", "Balls Faced": "27", "Fours": "1", "Sixes": "0", "Strike Rate": "66.66"}, {"Player Name": "Glenn Maxwell", "Dismissed by": "", "Runs": "4", "Balls Faced": "1", "Fours": "1", "Sixes": "0", "Strike Rate": "400.00"}, {"Player Name": "Marcus Stoinis", "Dismissed by": "", "Runs": "-", "Balls Faced": "-", "Fours": "-", "Sixes": "-", "Strike Rate": "-"}, {"Player Name": "Alex Carey", "Dismissed by": "", "Runs": "-", "Balls Faced": "-", "Fours": "-", "Sixes": "-", "Strike Rate": "-"}, {"Player Name": "Nathan Coulter-Nile", "Dismissed by": "", "Runs": "-", "Balls Faced": "-", "Fours": "-", "Sixes": "-", "Strike Rate": "-"}, {"Player Name": "Pat Cummins", "Dismissed by": "", "Runs": "-", "Balls Faced": "-", "Fours": "-", "Sixes": "-", "Strike Rate": "-"}, {"Player Name": "Mitchell Starc", "Dismissed by": "", "Runs": "-", "Balls Faced": "-", "Fours": "-", "Sixes": "-", "Strike Rate": "-"}, {"Player Name": "Adam Zampa", "Dismissed by": "", "Runs": "-", "Balls Faced": "-", "Fours": "-", "Sixes": "-", "Strike Rate": "-"}], "Extras": "Extras (nb 2, w 14, lb 1)", "balling": [{"player_name": "Mitchell Starc", "Overs": "7", "Maidens": "1", "Runs": "31", "Wickets": "1", "Economy": "4.42", "Dots": "30"}, {"player_name": "Pat Cummins", "Overs": "8.2", "Maidens": "0", "Runs": "40", "Wickets": "3", "Economy": "4.80", "Dots": "36"}, {"player_name": "Nathan Coulter-Nile", "Overs": "8", "Maidens": "1", "Runs": "36", "Wickets": "0", "Economy": "4.50", "Dots": "33"}, {"player_name": "Marcus Stoinis", "Overs": "7", "Maidens": "1", "Runs": "37", "Wickets": "2", "Economy": "5.28", "Dots": "30"}, {"player_name": "Adam Zampa", "Overs": "8", "Maidens": "0", "Runs": "60", "Wickets": "3", "Economy": "7.50", "Dots": "19"}]}, "match_id": "8195"}