{"date": "06/19/2019 09:30:00 AM", "home": "New Zealand", "away": "South Africa", "place": "Edgbaston", "result": "New Zealand win by 4 wickets", "Team1": {"Name": "New Zealand", "score": "245/6", "overs": "48.3/49 ov", "rr": "RR: 5.05", "batting": [{"Player Name": "Martin Guptill", "Dismissed by": "Hit wicket", "Runs": "35", "Balls Faced": "59", "Fours": "5", "Sixes": "0", "Strike Rate": "59.32"}, {"Player Name": "Colin Munro", "Dismissed by": "c & b Kagiso Rabada", "Runs": "9", "Balls Faced": "5", "Fours": "2", "Sixes": "0", "Strike Rate": "180.00"}, {"Player Name": "Kane Williamson", "Dismissed by": "", "Runs": "106", "Balls Faced": "138", "Fours": "9", "Sixes": "1", "Strike Rate": "76.81"}, {"Player Name": "Ross Taylor", "Dismissed by": "c Quinton de Kock b Chris Morris", "Runs": "1", "Balls Faced": "2", "Fours": "0", "Sixes": "0", "Strike Rate": "50.00"}, {"Player Name": "Tom Latham", "Dismissed by": "c Quinton de Kock b Chris Morris", "Runs": "1", "Balls Faced": "4", "Fours": "0", "Sixes": "0", "Strike Rate": "25.00"}, {"Player Name": "Jimmy Neesham", "Dismissed by": "c Hashim Amla b Chris Morris", "Runs": "23", "Balls Faced": "34", "Fours": "3", "Sixes": "0", "Strike Rate": "67.64"}, {"Player Name": "Colin de Grandhomme", "Dismissed by": "c Faf du Plessis b Lungi Ngidi", "Runs": "60", "Balls Faced": "47", "Fours": "5", "Sixes": "2", "Strike Rate": "127.65"}, {"Player Name": "Mitchell Santner", "Dismissed by": "", "Runs": "2", "Balls Faced": "3", "Fours": "0", "Sixes": "0", "Strike Rate": "66.66"}, {"Player Name": "Matt Henry", "Dismissed by": "", "Runs": "-", "Balls Faced": "-", "Fours": "-", "Sixes": "-", "Strike Rate": "-"}, {"Player Name": "Lockie Ferguson", "Dismissed by": "", "Runs": "-", "Balls Faced": "-", "Fours": "-", "Sixes": "-", "Strike Rate": "-"}, {"Player Name": "Trent Boult", "Dismissed by": "", "Runs": "-", "Balls Faced": "-", "Fours": "-", "Sixes": "-", "Strike Rate": "-"}], "Extras": "Extras (nb 1, w 6, lb 1)", "balling": [{"player_name": "Matt Henry", "Overs": "10", "Maidens": "2", "Runs": "34", "Wickets": "0", "Economy": "3.40", "Dots": "42"}, {"player_name": "Trent Boult", "Overs": "10", "Maidens": "0", "Runs": "63", "Wickets": "1", "Economy": "6.30", "Dots": "30"}, {"player_name": "Lockie Ferguson", "Overs": "10", "Maidens": "0", "Runs": "59", "Wickets": "3", "Economy": "5.90", "Dots": "32"}, {"player_name": "Colin de Grandhomme", "Overs": "10", "Maidens": "0", "Runs": "33", "Wickets": "1", "Economy": "3.30", "Dots": "36"}, {"player_name": "Mitchell Santner", "Overs": "9", "Maidens": "0", "Runs": "45", "Wickets": "1", "Economy": "5.00", "Dots": "22"}]}, "Team2": {"Name": "South Africa", "score": "241/6", "overs": "49/49 ov", "rr": "RR: 4.91", "batting": [{"Player Name": "Quinton de Kock", "Dismissed by": "b Trent Boult", "Runs": "5", "Balls Faced": "8", "Fours": "1", "Sixes": "0", "Strike Rate": "62.50"}, {"Player Name": "Hashim Amla", "Dismissed by": "b Mitchell Santner", "Runs": "55", "Balls Faced": "83", "Fours": "4", "Sixes": "0", "Strike Rate": "66.26"}, {"Player Name": "Faf du Plessis", "Dismissed by": "b Lockie Ferguson", "Runs": "23", "Balls Faced": "35", "Fours": "4", "Sixes": "0", "Strike Rate": "65.71"}, {"Player Name": "Aiden Markram", "Dismissed by": "c Colin Munro b Colin de Grandhomme", "Runs": "38", "Balls Faced": "55", "Fours": "4", "Sixes": "0", "Strike Rate": "69.09"}, {"Player Name": "Rassie van der Dussen", "Dismissed by": "", "Runs": "67", "Balls Faced": "64", "Fours": "2", "Sixes": "3", "Strike Rate": "104.68"}, {"Player Name": "David Miller", "Dismissed by": "c Trent Boult b Lockie Ferguson", "Runs": "36", "Balls Faced": "37", "Fours": "2", "Sixes": "1", "Strike Rate": "97.29"}, {"Player Name": "Andile Phehlukwayo", "Dismissed by": "c Kane Williamson b Lockie Ferguson", "Runs": "0", "Balls Faced": "5", "Fours": "0", "Sixes": "0", "Strike Rate": "0.00"}, {"Player Name": "Chris Morris", "Dismissed by": "", "Runs": "6", "Balls Faced": "7", "Fours": "1", "Sixes": "0", "Strike Rate": "85.71"}, {"Player Name": "Kagiso Rabada", "Dismissed by": "", "Runs": "-", "Balls Faced": "-", "Fours": "-", "Sixes": "-", "Strike Rate": "-"}, {"Player Name": "Imran Tahir", "Dismissed by": "", "Runs": "-", "Balls Faced": "-", "Fours": "-", "Sixes": "-", "Strike Rate": "-"}, {"Player Name": "Lungi Ngidi", "Dismissed by": "", "Runs": "-", "Balls Faced": "-", "Fours": "-", "Sixes": "-", "Strike Rate": "-"}], "Extras": "Extras (w 4, lb 7)", "balling": [{"player_name": "Kagiso Rabada", "Overs": "10", "Maidens": "0", "Runs": "42", "Wickets": "1", "Economy": "4.20", "Dots": "39"}, {"player_name": "Lungi Ngidi", "Overs": "10", "Maidens": "1", "Runs": "47", "Wickets": "1", "Economy": "4.70", "Dots": "35"}, {"player_name": "Chris Morris", "Overs": "10", "Maidens": "0", "Runs": "49", "Wickets": "3", "Economy": "4.90", "Dots": "34"}, {"player_name": "Andile Phehlukwayo", "Overs": "8.3", "Maidens": "0", "Runs": "73", "Wickets": "1", "Economy": "8.58", "Dots": "17"}, {"player_name": "Imran Tahir", "Overs": "10", "Maidens": "0", "Runs": "33", "Wickets": "0", "Economy": "3.30", "Dots": "34"}]}, "match_id": "8216"}