{"date": "03/23/2021 08:00:00 AM", "home": "India", "away": "England", "place": "Maharashtra Cricket Association Stadium", "result": "India won by 66 runs", "Team1": {"Name": "India", "score": "317/5", "overs": "50/50 ov", "rr": "RR: 6.34", "batting": [{"Player Name": "Rohit Sharma", "Dismissed by": "c Jos Buttler b Ben Stokes", "Runs": "28", "Balls Faced": "42", "Fours": "4", "Sixes": "0", "Strike Rate": "66.66"}, {"Player Name": "Shikhar Dhawan", "Dismissed by": "c Eoin Morgan b Ben Stokes", "Runs": "98", "Balls Faced": "106", "Fours": "11", "Sixes": "2", "Strike Rate": "92.45"}, {"Player Name": "Virat Kohli", "Dismissed by": "c Moeen Ali b Mark Wood", "Runs": "56", "Balls Faced": "60", "Fours": "6", "Sixes": "0", "Strike Rate": "93.33"}, {"Player Name": "Shreyas Iyer", "Dismissed by": "c sub (Liam Livingstone) b Mark Wood", "Runs": "6", "Balls Faced": "9", "Fours": "1", "Sixes": "0", "Strike Rate": "66.66"}, {"Player Name": "KL Rahul", "Dismissed by": "", "Runs": "62", "Balls Faced": "43", "Fours": "4", "Sixes": "4", "Strike Rate": "144.18"}, {"Player Name": "Hardik Pandya", "Dismissed by": "c Jonny Bairstow b Ben Stokes", "Runs": "1", "Balls Faced": "9", "Fours": "0", "Sixes": "0", "Strike Rate": "11.11"}, {"Player Name": "Krunal Pandya", "Dismissed by": "", "Runs": "58", "Balls Faced": "31", "Fours": "7", "Sixes": "2", "Strike Rate": "187.09"}, {"Player Name": "Shardul Thakur", "Dismissed by": "", "Runs": "-", "Balls Faced": "-", "Fours": "-", "Sixes": "-", "Strike Rate": "-"}, {"Player Name": "Bhuvneshwar Kumar", "Dismissed by": "", "Runs": "-", "Balls Faced": "-", "Fours": "-", "Sixes": "-", "Strike Rate": "-"}, {"Player Name": "Kuldeep Yadav", "Dismissed by": "", "Runs": "-", "Balls Faced": "-", "Fours": "-", "Sixes": "-", "Strike Rate": "-"}, {"Player Name": "Prasidh Krishna", "Dismissed by": "", "Runs": "-", "Balls Faced": "-", "Fours": "-", "Sixes": "-", "Strike Rate": "-"}], "Extras": "Extras (w 5, lb 3)", "balling": [{"player_name": "Bhuvneshwar Kumar", "Overs": "9", "Maidens": "0", "Runs": "30", "Wickets": "2", "Economy": "3.33", "Dots": "34"}, {"player_name": "Prasidh Krishna", "Overs": "8.1", "Maidens": "1", "Runs": "54", "Wickets": "4", "Economy": "6.61", "Dots": "30"}, {"player_name": "Shardul Thakur", "Overs": "6", "Maidens": "0", "Runs": "37", "Wickets": "3", "Economy": "6.16", "Dots": "18"}, {"player_name": "Krunal Pandya", "Overs": "10", "Maidens": "0", "Runs": "59", "Wickets": "1", "Economy": "5.90", "Dots": "31"}, {"player_name": "Kuldeep Yadav", "Overs": "9", "Maidens": "0", "Runs": "68", "Wickets": "0", "Economy": "7.55", "Dots": "23"}]}, "Team2": {"Name": "England", "score": "251", "overs": "42.1/50 ov", "rr": "RR: 5.95", "batting": [{"Player Name": "Jason Roy", "Dismissed by": "c sub (Suryakumar Yadav) b Prasidh Krishna", "Runs": "46", "Balls Faced": "35", "Fours": "7", "Sixes": "1", "Strike Rate": "131.42"}, {"Player Name": "Jonny Bairstow", "Dismissed by": "c Kuldeep Yadav b Shardul Thakur", "Runs": "94", "Balls Faced": "66", "Fours": "6", "Sixes": "7", "Strike Rate": "142.42"}, {"Player Name": "Ben Stokes", "Dismissed by": "c sub (Shubman Gill) b Prasidh Krishna", "Runs": "1", "Balls Faced": "11", "Fours": "0", "Sixes": "0", "Strike Rate": "9.09"}, {"Player Name": "Eoin Morgan", "Dismissed by": "c KL Rahul b Shardul Thakur", "Runs": "22", "Balls Faced": "30", "Fours": "1", "Sixes": "1", "Strike Rate": "73.33"}, {"Player Name": "Jos Buttler", "Dismissed by": "lbw Shardul Thakur", "Runs": "2", "Balls Faced": "4", "Fours": "0", "Sixes": "0", "Strike Rate": "50.00"}, {"Player Name": "Sam Billings", "Dismissed by": "c Virat Kohli b Prasidh Krishna", "Runs": "18", "Balls Faced": "22", "Fours": "1", "Sixes": "0", "Strike Rate": "81.81"}, {"Player Name": "Moeen Ali", "Dismissed by": "c KL Rahul b Bhuvneshwar Kumar", "Runs": "30", "Balls Faced": "37", "Fours": "2", "Sixes": "1", "Strike Rate": "81.08"}, {"Player Name": "Sam Curran", "Dismissed by": "c sub (Shubman Gill) b Krunal Pandya", "Runs": "12", "Balls Faced": "20", "Fours": "1", "Sixes": "0", "Strike Rate": "60.00"}, {"Player Name": "Tom Curran", "Dismissed by": "c Bhuvneshwar Kumar b Prasidh Krishna", "Runs": "11", "Balls Faced": "16", "Fours": "1", "Sixes": "0", "Strike Rate": "68.75"}, {"Player Name": "Adil Rashid", "Dismissed by": "c KL Rahul b Bhuvneshwar Kumar", "Runs": "0", "Balls Faced": "5", "Fours": "0", "Sixes": "0", "Strike Rate": "0.00"}, {"Player Name": "Mark Wood", "Dismissed by": "", "Runs": "2", "Balls Faced": "7", "Fours": "0", "Sixes": "0", "Strike Rate": "28.57"}], "Extras": "Extras (w 10, lb 3)", "balling": [{"player_name": "Mark Wood", "Overs": "10", "Maidens": "1", "Runs": "75", "Wickets": "2", "Economy": "7.50", "Dots": "34"}, {"player_name": "Sam Curran", "Overs": "10", "Maidens": "1", "Runs": "48", "Wickets": "0", "Economy": "4.80", "Dots": "34"}, {"player_name": "Tom Curran", "Overs": "10", "Maidens": "0", "Runs": "63", "Wickets": "0", "Economy": "6.30", "Dots": "22"}, {"player_name": "Ben Stokes", "Overs": "8", "Maidens": "1", "Runs": "34", "Wickets": "3", "Economy": "4.25", "Dots": "30"}, {"player_name": "Adil Rashid", "Overs": "9", "Maidens": "0", "Runs": "66", "Wickets": "0", "Economy": "7.33", "Dots": "15"}, {"player_name": "Moeen Ali", "Overs": "3", "Maidens": "0", "Runs": "28", "Wickets": "0", "Economy": "9.33", "Dots": "5"}]}, "match_id": "22465"}