{"date": "07/28/2019 09:00:00 AM", "home": "Sri Lanka", "away": "Bangladesh", "place": "R Premadasa Stadium", "result": "Sri Lanka win by 7 wickets", "Team1": {"Name": "Sri Lanka", "score": "242/3", "overs": "44.4/50 ov", "rr": "RR: 5.41", "batting": [{"Player Name": "Avishka Fernando", "Dismissed by": "c Tamim Iqbal b Mustafizur Rahman", "Runs": "82", "Balls Faced": "75", "Fours": "9", "Sixes": "2", "Strike Rate": "109.33"}, {"Player Name": "Dimuth Karunaratne", "Dismissed by": "b Mehidy Hasan", "Runs": "15", "Balls Faced": "29", "Fours": "1", "Sixes": "0", "Strike Rate": "51.72"}, {"Player Name": "Kusal Perera", "Dismissed by": "c Soumya Sarkar b Mustafizur Rahman", "Runs": "30", "Balls Faced": "34", "Fours": "3", "Sixes": "0", "Strike Rate": "88.23"}, {"Player Name": "Kusal Mendis", "Dismissed by": "", "Runs": "41", "Balls Faced": "74", "Fours": "4", "Sixes": "0", "Strike Rate": "55.40"}, {"Player Name": "Angelo Mathews", "Dismissed by": "", "Runs": "52", "Balls Faced": "57", "Fours": "7", "Sixes": "0", "Strike Rate": "91.22"}, {"Player Name": "Lahiru Thirimanne", "Dismissed by": "", "Runs": "-", "Balls Faced": "-", "Fours": "-", "Sixes": "-", "Strike Rate": "-"}, {"Player Name": "Dhananjaya de Silva", "Dismissed by": "", "Runs": "-", "Balls Faced": "-", "Fours": "-", "Sixes": "-", "Strike Rate": "-"}, {"Player Name": "Akila Dananjaya", "Dismissed by": "", "Runs": "-", "Balls Faced": "-", "Fours": "-", "Sixes": "-", "Strike Rate": "-"}, {"Player Name": "Isuru Udana", "Dismissed by": "", "Runs": "-", "Balls Faced": "-", "Fours": "-", "Sixes": "-", "Strike Rate": "-"}, {"Player Name": "Nuwan Pradeep", "Dismissed by": "", "Runs": "-", "Balls Faced": "-", "Fours": "-", "Sixes": "-", "Strike Rate": "-"}, {"Player Name": "Lahiru Kumara", "Dismissed by": "", "Runs": "-", "Balls Faced": "-", "Fours": "-", "Sixes": "-", "Strike Rate": "-"}], "Extras": "Extras (nb 1, w 12, b 4, lb 5)", "balling": [{"player_name": "Dhananjaya de Silva", "Overs": "10", "Maidens": "0", "Runs": "39", "Wickets": "0", "Economy": "3.90", "Dots": "29"}, {"player_name": "Nuwan Pradeep", "Overs": "10", "Maidens": "0", "Runs": "53", "Wickets": "2", "Economy": "5.30", "Dots": "31"}, {"player_name": "Isuru Udana", "Overs": "10", "Maidens": "0", "Runs": "58", "Wickets": "2", "Economy": "5.80", "Dots": "27"}, {"player_name": "Lahiru Kumara", "Overs": "10", "Maidens": "0", "Runs": "42", "Wickets": "0", "Economy": "4.20", "Dots": "36"}, {"player_name": "Akila Dananjaya", "Overs": "10", "Maidens": "0", "Runs": "39", "Wickets": "2", "Economy": "3.90", "Dots": "34"}]}, "Team2": {"Name": "Bangladesh", "score": "238/8", "overs": "50/50 ov", "rr": "RR: 4.76", "batting": [{"Player Name": "Tamim Iqbal", "Dismissed by": "b Isuru Udana", "Runs": "19", "Balls Faced": "31", "Fours": "2", "Sixes": "0", "Strike Rate": "61.29"}, {"Player Name": "Soumya Sarkar", "Dismissed by": "lbw Nuwan Pradeep", "Runs": "11", "Balls Faced": "13", "Fours": "1", "Sixes": "0", "Strike Rate": "84.61"}, {"Player Name": "Mohammad Mithun", "Dismissed by": "c Kusal Mendis b Akila Dananjaya", "Runs": "12", "Balls Faced": "23", "Fours": "1", "Sixes": "0", "Strike Rate": "52.17"}, {"Player Name": "Mushfiqur Rahim", "Dismissed by": "", "Runs": "98", "Balls Faced": "110", "Fours": "6", "Sixes": "1", "Strike Rate": "89.09"}, {"Player Name": "Mahmudullah", "Dismissed by": "b Akila Dananjaya", "Runs": "6", "Balls Faced": "18", "Fours": "0", "Sixes": "0", "Strike Rate": "33.33"}, {"Player Name": "Sabbir Rahman", "Dismissed by": "run out (Dhananjaya de Silva/Kusal Perera)", "Runs": "11", "Balls Faced": "19", "Fours": "2", "Sixes": "0", "Strike Rate": "57.89"}, {"Player Name": "Mosaddek Hossain", "Dismissed by": "c Kusal Perera b Isuru Udana", "Runs": "13", "Balls Faced": "27", "Fours": "0", "Sixes": "0", "Strike Rate": "48.14"}, {"Player Name": "Mehidy Hasan", "Dismissed by": "c Dimuth Karunaratne b Nuwan Pradeep", "Runs": "43", "Balls Faced": "49", "Fours": "6", "Sixes": "0", "Strike Rate": "87.75"}, {"Player Name": "Taijul Islam", "Dismissed by": "run out (Kusal Perera/Nuwan Pradeep)", "Runs": "3", "Balls Faced": "9", "Fours": "0", "Sixes": "0", "Strike Rate": "33.33"}, {"Player Name": "Mustafizur Rahman", "Dismissed by": "", "Runs": "2", "Balls Faced": "2", "Fours": "0", "Sixes": "0", "Strike Rate": "100.00"}, {"Player Name": "Shafiul Islam", "Dismissed by": "", "Runs": "-", "Balls Faced": "-", "Fours": "-", "Sixes": "-", "Strike Rate": "-"}], "Extras": "Extras (nb 1, w 12, b 3, lb 4)", "balling": [{"player_name": "Mehidy Hasan", "Overs": "10", "Maidens": "0", "Runs": "51", "Wickets": "1", "Economy": "5.10", "Dots": "28"}, {"player_name": "Shafiul Islam", "Overs": "5", "Maidens": "0", "Runs": "29", "Wickets": "0", "Economy": "5.80", "Dots": "19"}, {"player_name": "Taijul Islam", "Overs": "10", "Maidens": "2", "Runs": "35", "Wickets": "0", "Economy": "3.50", "Dots": "38"}, {"player_name": "Mustafizur Rahman", "Overs": "8", "Maidens": "0", "Runs": "50", "Wickets": "2", "Economy": "6.25", "Dots": "29"}, {"player_name": "Mosaddek Hossain", "Overs": "7", "Maidens": "0", "Runs": "32", "Wickets": "0", "Economy": "4.57", "Dots": "21"}, {"player_name": "Sabbir Rahman", "Overs": "2.4", "Maidens": "0", "Runs": "20", "Wickets": "0", "Economy": "7.50", "Dots": "8"}, {"player_name": "Soumya Sarkar", "Overs": "2", "Maidens": "0", "Runs": "16", "Wickets": "0", "Economy": "8.00", "Dots": "3"}]}, "match_id": "15568"}