{"date": "01/23/2022 08:30:00 AM", "home": "South Africa", "away": "India", "place": "Newlands", "result": "South Africa won by 4 runs", "Team1": {"Name": "South Africa", "score": "287", "overs": "49.5/50 ov", "rr": "RR: 5.75", "batting": [{"Player Name": "Quinton de Kock", "Dismissed by": "c Shikhar Dhawan b Jasprit Bumrah", "Runs": "124", "Balls Faced": "130", "Fours": "12", "Sixes": "2", "Strike Rate": "95.38"}, {"Player Name": "Janneman Malan", "Dismissed by": "c Rishabh Pant b Deepak Chahar", "Runs": "1", "Balls Faced": "6", "Fours": "0", "Sixes": "0", "Strike Rate": "16.66"}, {"Player Name": "Temba Bavuma", "Dismissed by": "run out (KL Rahul)", "Runs": "8", "Balls Faced": "12", "Fours": "1", "Sixes": "0", "Strike Rate": "66.66"}, {"Player Name": "Aiden Markram", "Dismissed by": "c Ruturaj Gaikwad b Deepak Chahar", "Runs": "15", "Balls Faced": "14", "Fours": "3", "Sixes": "0", "Strike Rate": "107.14"}, {"Player Name": "Rassie van der Dussen", "Dismissed by": "c Shreyas Iyer b Yuzvendra Chahal", "Runs": "52", "Balls Faced": "59", "Fours": "4", "Sixes": "1", "Strike Rate": "88.13"}, {"Player Name": "David Miller", "Dismissed by": "c Virat Kohli b Prasidh Krishna", "Runs": "39", "Balls Faced": "38", "Fours": "3", "Sixes": "1", "Strike Rate": "102.63"}, {"Player Name": "Andile Phehlukwayo", "Dismissed by": "run out (Shreyas Iyer)", "Runs": "4", "Balls Faced": "11", "Fours": "0", "Sixes": "0", "Strike Rate": "36.36"}, {"Player Name": "Dwaine Pretorius", "Dismissed by": "c Suryakumar Yadav b Prasidh Krishna", "Runs": "20", "Balls Faced": "25", "Fours": "3", "Sixes": "0", "Strike Rate": "80.00"}, {"Player Name": "Keshav Maharaj", "Dismissed by": "c Virat Kohli b Jasprit Bumrah", "Runs": "6", "Balls Faced": "5", "Fours": "1", "Sixes": "0", "Strike Rate": "120.00"}, {"Player Name": "Sisanda Magala", "Dismissed by": "c KL Rahul b Prasidh Krishna", "Runs": "0", "Balls Faced": "2", "Fours": "0", "Sixes": "0", "Strike Rate": "0.00"}, {"Player Name": "Lungi Ngidi", "Dismissed by": "", "Runs": "0", "Balls Faced": "0", "Fours": "0", "Sixes": "0", "Strike Rate": "-"}], "Extras": "Extras (nb 3, w 13, lb 2)", "balling": [{"player_name": "Lungi Ngidi", "Overs": "10", "Maidens": "0", "Runs": "58", "Wickets": "3", "Economy": "5.80", "Dots": "32"}, {"player_name": "Dwaine Pretorius", "Overs": "9.2", "Maidens": "0", "Runs": "54", "Wickets": "2", "Economy": "5.78", "Dots": "30"}, {"player_name": "Sisanda Magala", "Overs": "10", "Maidens": "0", "Runs": "69", "Wickets": "1", "Economy": "6.90", "Dots": "29"}, {"player_name": "Keshav Maharaj", "Overs": "10", "Maidens": "0", "Runs": "39", "Wickets": "1", "Economy": "3.90", "Dots": "26"}, {"player_name": "Andile Phehlukwayo", "Overs": "7", "Maidens": "0", "Runs": "40", "Wickets": "3", "Economy": "5.71", "Dots": "18"}, {"player_name": "Aiden Markram", "Overs": "3", "Maidens": "0", "Runs": "21", "Wickets": "0", "Economy": "7.00", "Dots": "6"}]}, "Team2": {"Name": "India", "score": "283", "overs": "49.2/50 ov", "rr": "RR: 5.73", "batting": [{"Player Name": "KL Rahul", "Dismissed by": "c Janneman Malan b Lungi Ngidi", "Runs": "9", "Balls Faced": "10", "Fours": "2", "Sixes": "0", "Strike Rate": "90.00"}, {"Player Name": "Shikhar Dhawan", "Dismissed by": "c Quinton de Kock b Andile Phehlukwayo", "Runs": "61", "Balls Faced": "73", "Fours": "5", "Sixes": "1", "Strike Rate": "83.56"}, {"Player Name": "Virat Kohli", "Dismissed by": "c Temba Bavuma b Keshav Maharaj", "Runs": "65", "Balls Faced": "84", "Fours": "5", "Sixes": "0", "Strike Rate": "77.38"}, {"Player Name": "Rishabh Pant", "Dismissed by": "c Sisanda Magala b Andile Phehlukwayo", "Runs": "0", "Balls Faced": "1", "Fours": "0", "Sixes": "0", "Strike Rate": "0.00"}, {"Player Name": "Shreyas Iyer", "Dismissed by": "c Andile Phehlukwayo b Sisanda Magala", "Runs": "26", "Balls Faced": "34", "Fours": "2", "Sixes": "0", "Strike Rate": "76.47"}, {"Player Name": "Suryakumar Yadav", "Dismissed by": "c Temba Bavuma b Dwaine Pretorius", "Runs": "39", "Balls Faced": "32", "Fours": "4", "Sixes": "1", "Strike Rate": "121.87"}, {"Player Name": "Deepak Chahar", "Dismissed by": "c Dwaine Pretorius b Lungi Ngidi", "Runs": "54", "Balls Faced": "34", "Fours": "5", "Sixes": "2", "Strike Rate": "158.82"}, {"Player Name": "Jayant Yadav", "Dismissed by": "c Temba Bavuma b Lungi Ngidi", "Runs": "2", "Balls Faced": "6", "Fours": "0", "Sixes": "0", "Strike Rate": "33.33"}, {"Player Name": "Jasprit Bumrah", "Dismissed by": "c Temba Bavuma b Andile Phehlukwayo", "Runs": "12", "Balls Faced": "15", "Fours": "2", "Sixes": "0", "Strike Rate": "80.00"}, {"Player Name": "Yuzvendra Chahal", "Dismissed by": "c David Miller b Dwaine Pretorius", "Runs": "2", "Balls Faced": "6", "Fours": "0", "Sixes": "0", "Strike Rate": "33.33"}, {"Player Name": "Prasidh Krishna", "Dismissed by": "", "Runs": "2", "Balls Faced": "3", "Fours": "0", "Sixes": "0", "Strike Rate": "66.66"}], "Extras": "Extras (nb 2, w 7, lb 2)", "balling": [{"player_name": "Deepak Chahar", "Overs": "8", "Maidens": "0", "Runs": "53", "Wickets": "2", "Economy": "6.62", "Dots": "26"}, {"player_name": "Jasprit Bumrah", "Overs": "10", "Maidens": "0", "Runs": "52", "Wickets": "2", "Economy": "5.20", "Dots": "27"}, {"player_name": "Prasidh Krishna", "Overs": "9.5", "Maidens": "0", "Runs": "59", "Wickets": "3", "Economy": "6.00", "Dots": "31"}, {"player_name": "Jayant Yadav", "Overs": "10", "Maidens": "0", "Runs": "53", "Wickets": "0", "Economy": "5.30", "Dots": "30"}, {"player_name": "Yuzvendra Chahal", "Overs": "9", "Maidens": "0", "Runs": "47", "Wickets": "1", "Economy": "5.22", "Dots": "28"}, {"player_name": "Shreyas Iyer", "Overs": "3", "Maidens": "0", "Runs": "21", "Wickets": "0", "Economy": "7.00", "Dots": "7"}]}, "match_id": "33716"}