{"date": "06/21/2022 09:00:00 AM", "home": "Sri Lanka", "away": "Australia", "place": "R.Premadasa Stadium", "result": "Sri Lanka won by 4 runs", "Team1": {"Name": "Sri Lanka", "score": "258", "overs": "49/50 ov", "rr": "RR: 5.26", "batting": [{"Player Name": "Niroshan Dickwella", "Dismissed by": "st Alex Carey b Glenn Maxwell", "Runs": "1", "Balls Faced": "3", "Fours": "0", "Sixes": "0", "Strike Rate": "33.33"}, {"Player Name": "Pathum Nissanka", "Dismissed by": "c Alex Carey b Mitchell Marsh", "Runs": "13", "Balls Faced": "25", "Fours": "2", "Sixes": "0", "Strike Rate": "52.00"}, {"Player Name": "Kusal Mendis", "Dismissed by": "b Pat Cummins", "Runs": "14", "Balls Faced": "21", "Fours": "1", "Sixes": "1", "Strike Rate": "66.66"}, {"Player Name": "Dhananjaya de Silva", "Dismissed by": "c Glenn Maxwell b Mitchell Marsh", "Runs": "60", "Balls Faced": "61", "Fours": "7", "Sixes": "0", "Strike Rate": "98.36"}, {"Player Name": "Charith Asalanka", "Dismissed by": "c Aaron Finch b Pat Cummins", "Runs": "110", "Balls Faced": "106", "Fours": "10", "Sixes": "1", "Strike Rate": "103.77"}, {"Player Name": "Dasun Shanaka", "Dismissed by": "run out (Mitchell Marsh/Alex Carey)", "Runs": "4", "Balls Faced": "8", "Fours": "0", "Sixes": "0", "Strike Rate": "50.00"}, {"Player Name": "Dunith Wellalage", "Dismissed by": "c David Warner b Matthew Kuhnemann", "Runs": "19", "Balls Faced": "35", "Fours": "0", "Sixes": "0", "Strike Rate": "54.28"}, {"Player Name": "Chamika Karunaratne", "Dismissed by": "lbw Matthew Kuhnemann", "Runs": "7", "Balls Faced": "9", "Fours": "0", "Sixes": "0", "Strike Rate": "77.77"}, {"Player Name": "Wanindu Hasaranga", "Dismissed by": "", "Runs": "21", "Balls Faced": "20", "Fours": "3", "Sixes": "0", "Strike Rate": "105.00"}, {"Player Name": "Jeffrey Vandersay", "Dismissed by": "run out (Pat Cummins/Alex Carey)", "Runs": "0", "Balls Faced": "2", "Fours": "0", "Sixes": "0", "Strike Rate": "0.00"}, {"Player Name": "Maheesh Theekshana", "Dismissed by": "run out (Mitchell Swepson)", "Runs": "0", "Balls Faced": "5", "Fours": "0", "Sixes": "0", "Strike Rate": "0.00"}], "Extras": "Extras (nb 1, w 6, lb 2)", "balling": [{"player_name": "Chamika Karunaratne", "Overs": "5", "Maidens": "1", "Runs": "19", "Wickets": "2", "Economy": "3.80", "Dots": "20"}, {"player_name": "Maheesh Theekshana", "Overs": "10", "Maidens": "1", "Runs": "40", "Wickets": "1", "Economy": "4.00", "Dots": "41"}, {"player_name": "Wanindu Hasaranga", "Overs": "10", "Maidens": "0", "Runs": "52", "Wickets": "1", "Economy": "5.20", "Dots": "29"}, {"player_name": "Dunith Wellalage", "Overs": "5", "Maidens": "0", "Runs": "29", "Wickets": "1", "Economy": "5.80", "Dots": "14"}, {"player_name": "Dhananjaya de Silva", "Overs": "10", "Maidens": "0", "Runs": "39", "Wickets": "2", "Economy": "3.90", "Dots": "33"}, {"player_name": "Jeffrey Vandersay", "Overs": "7", "Maidens": "0", "Runs": "40", "Wickets": "2", "Economy": "5.71", "Dots": "19"}, {"player_name": "Charith Asalanka", "Overs": "1", "Maidens": "0", "Runs": "7", "Wickets": "0", "Economy": "7.00", "Dots": "3"}, {"player_name": "Dasun Shanaka", "Overs": "2", "Maidens": "0", "Runs": "27", "Wickets": "1", "Economy": "13.50", "Dots": "5"}]}, "Team2": {"Name": "Australia", "score": "254", "overs": "50/50 ov", "rr": "RR: 5.08", "batting": [{"Player Name": "David Warner", "Dismissed by": "st Niroshan Dickwella b Dhananjaya de Silva", "Runs": "99", "Balls Faced": "112", "Fours": "12", "Sixes": "0", "Strike Rate": "88.39"}, {"Player Name": "Aaron Finch", "Dismissed by": "lbw Chamika Karunaratne", "Runs": "0", "Balls Faced": "4", "Fours": "0", "Sixes": "0", "Strike Rate": "0.00"}, {"Player Name": "Mitchell Marsh", "Dismissed by": "c Dhananjaya de Silva b Dunith Wellalage", "Runs": "26", "Balls Faced": "27", "Fours": "3", "Sixes": "1", "Strike Rate": "96.29"}, {"Player Name": "Marnus Labuschagne", "Dismissed by": "lbw Jeffrey Vandersay", "Runs": "14", "Balls Faced": "21", "Fours": "0", "Sixes": "0", "Strike Rate": "66.66"}, {"Player Name": "Alex Carey", "Dismissed by": "c Jeffrey Vandersay b Wanindu Hasaranga", "Runs": "19", "Balls Faced": "20", "Fours": "2", "Sixes": "0", "Strike Rate": "95.00"}, {"Player Name": "Travis Head", "Dismissed by": "b Dhananjaya de Silva", "Runs": "27", "Balls Faced": "33", "Fours": "3", "Sixes": "0", "Strike Rate": "81.81"}, {"Player Name": "Glenn Maxwell", "Dismissed by": "lbw Maheesh Theekshana", "Runs": "1", "Balls Faced": "3", "Fours": "0", "Sixes": "0", "Strike Rate": "33.33"}, {"Player Name": "Cameron Green", "Dismissed by": "b Jeffrey Vandersay", "Runs": "13", "Balls Faced": "25", "Fours": "0", "Sixes": "0", "Strike Rate": "52.00"}, {"Player Name": "Pat Cummins", "Dismissed by": "lbw Chamika Karunaratne", "Runs": "35", "Balls Faced": "43", "Fours": "2", "Sixes": "0", "Strike Rate": "81.39"}, {"Player Name": "Matthew Kuhnemann", "Dismissed by": "c Charith Asalanka b Dasun Shanaka", "Runs": "15", "Balls Faced": "12", "Fours": "3", "Sixes": "0", "Strike Rate": "125.00"}, {"Player Name": "Josh Hazlewood", "Dismissed by": "", "Runs": "0", "Balls Faced": "1", "Fours": "0", "Sixes": "0", "Strike Rate": "0.00"}], "Extras": "Extras (nb 1, w 3, lb 1)", "balling": [{"player_name": "Josh Hazlewood", "Overs": "10", "Maidens": "0", "Runs": "45", "Wickets": "0", "Economy": "4.50", "Dots": "36"}, {"player_name": "Glenn Maxwell", "Overs": "8", "Maidens": "0", "Runs": "49", "Wickets": "1", "Economy": "6.12", "Dots": "21"}, {"player_name": "Matthew Kuhnemann", "Overs": "8", "Maidens": "0", "Runs": "56", "Wickets": "2", "Economy": "7.00", "Dots": "17"}, {"player_name": "Pat Cummins", "Overs": "9", "Maidens": "1", "Runs": "37", "Wickets": "2", "Economy": "4.11", "Dots": "34"}, {"player_name": "Mitchell Marsh", "Overs": "7", "Maidens": "1", "Runs": "29", "Wickets": "2", "Economy": "4.14", "Dots": "24"}, {"player_name": "Cameron Green", "Overs": "5", "Maidens": "0", "Runs": "27", "Wickets": "0", "Economy": "5.40", "Dots": "13"}, {"player_name": "Marnus Labuschagne", "Overs": "2", "Maidens": "0", "Runs": "13", "Wickets": "0", "Economy": "6.50", "Dots": "3"}]}, "match_id": "100569"}