{"date": "09/17/2023 08:00:00 AM", "home": "South Africa", "away": "Australia", "place": "The Wanderers Stadium", "result": "South Africa won by 122 runs", "Team1": {"Name": "South Africa", "score": "315/9", "overs": "50/50 ov", "rr": "RR: 6.30", "batting": [{"Player Name": "Quinton de Kock", "Dismissed by": "c Cameron Green b Nathan Ellis", "Runs": "27", "Balls Faced": "39", "Fours": "4", "Sixes": "0", "Strike Rate": "69.23"}, {"Player Name": "Temba Bavuma", "Dismissed by": "run out (Marnus Labuschagne)", "Runs": "0", "Balls Faced": "2", "Fours": "0", "Sixes": "0", "Strike Rate": "0.00"}, {"Player Name": "Rassie van der Dussen", "Dismissed by": "c Marnus Labuschagne b Sean Abbott", "Runs": "30", "Balls Faced": "48", "Fours": "2", "Sixes": "1", "Strike Rate": "62.50"}, {"Player Name": "Aiden Markram", "Dismissed by": "c Michael Neser b Tim David", "Runs": "93", "Balls Faced": "87", "Fours": "9", "Sixes": "3", "Strike Rate": "106.89"}, {"Player Name": "Heinrich Klaasen", "Dismissed by": "b Adam Zampa", "Runs": "6", "Balls Faced": "13", "Fours": "0", "Sixes": "0", "Strike Rate": "46.15"}, {"Player Name": "David Miller", "Dismissed by": "c Josh Inglis b Sean Abbott", "Runs": "63", "Balls Faced": "65", "Fours": "4", "Sixes": "3", "Strike Rate": "96.92"}, {"Player Name": "Marco Jansen", "Dismissed by": "c Sean Abbott b Cameron Green", "Runs": "47", "Balls Faced": "23", "Fours": "4", "Sixes": "3", "Strike Rate": "204.34"}, {"Player Name": "Andile Phehlukwayo", "Dismissed by": "", "Runs": "39", "Balls Faced": "19", "Fours": "2", "Sixes": "4", "Strike Rate": "205.26"}, {"Player Name": "Gerald Coetzee", "Dismissed by": "lbw Adam Zampa", "Runs": "0", "Balls Faced": "1", "Fours": "0", "Sixes": "0", "Strike Rate": "0.00"}, {"Player Name": "Keshav Maharaj", "Dismissed by": "b Adam Zampa", "Runs": "0", "Balls Faced": "1", "Fours": "0", "Sixes": "0", "Strike Rate": "0.00"}, {"Player Name": "Lungi Ngidi", "Dismissed by": "", "Runs": "0", "Balls Faced": "3", "Fours": "0", "Sixes": "0", "Strike Rate": "0.00"}], "Extras": "Extras (nb 1, w 7, lb 2)", "balling": [{"player_name": "Lungi Ngidi", "Overs": "5", "Maidens": "0", "Runs": "23", "Wickets": "0", "Economy": "4.60", "Dots": "22"}, {"player_name": "Gerald Coetzee", "Overs": "6", "Maidens": "0", "Runs": "47", "Wickets": "0", "Economy": "7.83", "Dots": "20"}, {"player_name": "Marco Jansen", "Overs": "8", "Maidens": "1", "Runs": "39", "Wickets": "5", "Economy": "4.87", "Dots": "35"}, {"player_name": "Andile Phehlukwayo", "Overs": "6", "Maidens": "0", "Runs": "44", "Wickets": "1", "Economy": "7.33", "Dots": "12"}, {"player_name": "Keshav Maharaj", "Overs": "9.1", "Maidens": "2", "Runs": "33", "Wickets": "4", "Economy": "3.60", "Dots": "34"}]}, "Team2": {"Name": "Australia", "score": "193", "overs": "34.1/50 ov", "rr": "RR: 5.64", "batting": [{"Player Name": "David Warner", "Dismissed by": "c Aiden Markram b Marco Jansen", "Runs": "10", "Balls Faced": "6", "Fours": "1", "Sixes": "1", "Strike Rate": "166.66"}, {"Player Name": "Mitchell Marsh", "Dismissed by": "c Lungi Ngidi b Marco Jansen", "Runs": "71", "Balls Faced": "56", "Fours": "6", "Sixes": "6", "Strike Rate": "126.78"}, {"Player Name": "Josh Inglis", "Dismissed by": "b Marco Jansen", "Runs": "0", "Balls Faced": "4", "Fours": "0", "Sixes": "0", "Strike Rate": "0.00"}, {"Player Name": "Marnus Labuschagne", "Dismissed by": "c Andile Phehlukwayo b Marco Jansen", "Runs": "44", "Balls Faced": "63", "Fours": "3", "Sixes": "0", "Strike Rate": "69.84"}, {"Player Name": "Alex Carey", "Dismissed by": "c Quinton de Kock b Marco Jansen", "Runs": "2", "Balls Faced": "4", "Fours": "0", "Sixes": "0", "Strike Rate": "50.00"}, {"Player Name": "Cameron Green", "Dismissed by": "c & b Keshav Maharaj", "Runs": "18", "Balls Faced": "27", "Fours": "3", "Sixes": "0", "Strike Rate": "66.66"}, {"Player Name": "Tim David", "Dismissed by": "b Keshav Maharaj", "Runs": "1", "Balls Faced": "6", "Fours": "0", "Sixes": "0", "Strike Rate": "16.66"}, {"Player Name": "Sean Abbott", "Dismissed by": "c Lungi Ngidi b Keshav Maharaj", "Runs": "23", "Balls Faced": "26", "Fours": "3", "Sixes": "0", "Strike Rate": "88.46"}, {"Player Name": "Michael Neser", "Dismissed by": "lbw Andile Phehlukwayo", "Runs": "0", "Balls Faced": "2", "Fours": "0", "Sixes": "0", "Strike Rate": "0.00"}, {"Player Name": "Nathan Ellis", "Dismissed by": "", "Runs": "9", "Balls Faced": "6", "Fours": "0", "Sixes": "1", "Strike Rate": "150.00"}, {"Player Name": "Adam Zampa", "Dismissed by": "c Temba Bavuma b Keshav Maharaj", "Runs": "5", "Balls Faced": "7", "Fours": "1", "Sixes": "0", "Strike Rate": "71.42"}], "Extras": "Extras (nb 2, w 1, b 1, lb 6)", "balling": [{"player_name": "Michael Neser", "Overs": "10", "Maidens": "1", "Runs": "60", "Wickets": "0", "Economy": "6.00", "Dots": "38"}, {"player_name": "Sean Abbott", "Overs": "10", "Maidens": "1", "Runs": "54", "Wickets": "2", "Economy": "5.40", "Dots": "36"}, {"player_name": "Cameron Green", "Overs": "10", "Maidens": "0", "Runs": "59", "Wickets": "1", "Economy": "5.90", "Dots": "36"}, {"player_name": "Nathan Ellis", "Overs": "8", "Maidens": "0", "Runs": "49", "Wickets": "1", "Economy": "6.12", "Dots": "21"}, {"player_name": "Adam Zampa", "Overs": "10", "Maidens": "0", "Runs": "71", "Wickets": "3", "Economy": "7.10", "Dots": "22"}, {"player_name": "Tim David", "Overs": "2", "Maidens": "0", "Runs": "20", "Wickets": "1", "Economy": "10.00", "Dots": "6"}]}, "match_id": "102110"}