{"date": "02/28/2022 05:00:00 AM", "home": "Bangladesh", "away": "Afghanistan", "place": "Zahur Ahmed Chowdhury Stadium", "result": "Afghanistan won by 7 wickets", "Team1": {"Name": "Bangladesh", "score": "192", "overs": "46.5/50 ov", "rr": "RR: 4.09", "batting": [{"Player Name": "Tamim Iqbal", "Dismissed by": "b Fazal Haq", "Runs": "11", "Balls Faced": "25", "Fours": "1", "Sixes": "0", "Strike Rate": "44.00"}, {"Player Name": "Liton Das", "Dismissed by": "c Gulbadin Naib b Mohammad Nabi", "Runs": "86", "Balls Faced": "113", "Fours": "7", "Sixes": "0", "Strike Rate": "76.10"}, {"Player Name": "Shakib Al Hasan", "Dismissed by": "b Azmatullah Omarzai", "Runs": "30", "Balls Faced": "36", "Fours": "3", "Sixes": "0", "Strike Rate": "83.33"}, {"Player Name": "Mushfiqur Rahim", "Dismissed by": "c Rahmanullah Gurbaz b Rashid Khan", "Runs": "7", "Balls Faced": "15", "Fours": "0", "Sixes": "0", "Strike Rate": "46.66"}, {"Player Name": "Yasir Ali", "Dismissed by": "c Gulbadin Naib b Rashid Khan", "Runs": "1", "Balls Faced": "4", "Fours": "0", "Sixes": "0", "Strike Rate": "25.00"}, {"Player Name": "Mahmudullah", "Dismissed by": "", "Runs": "29", "Balls Faced": "53", "Fours": "0", "Sixes": "0", "Strike Rate": "54.71"}, {"Player Name": "Afif Hossain", "Dismissed by": "c Mujeeb Ur Rahman b Mohammad Nabi", "Runs": "5", "Balls Faced": "6", "Fours": "1", "Sixes": "0", "Strike Rate": "83.33"}, {"Player Name": "Mehidy Hasan", "Dismissed by": "run out (Najibullah Zadran)", "Runs": "6", "Balls Faced": "12", "Fours": "0", "Sixes": "0", "Strike Rate": "50.00"}, {"Player Name": "Taskin Ahmed", "Dismissed by": "lbw Rashid Khan", "Runs": "0", "Balls Faced": "6", "Fours": "0", "Sixes": "0", "Strike Rate": "0.00"}, {"Player Name": "Shoriful Islam", "Dismissed by": "run out (Mujeeb Ur Rahman)", "Runs": "7", "Balls Faced": "9", "Fours": "1", "Sixes": "0", "Strike Rate": "77.77"}, {"Player Name": "Mustafizur Rahman", "Dismissed by": "run out (Rahmanullah Gurbaz)", "Runs": "1", "Balls Faced": "2", "Fours": "0", "Sixes": "0", "Strike Rate": "50.00"}], "Extras": "Extras (w 7, b 1, lb 1)", "balling": [{"player_name": "Shoriful Islam", "Overs": "7", "Maidens": "1", "Runs": "41", "Wickets": "0", "Economy": "5.85", "Dots": "23"}, {"player_name": "Taskin Ahmed", "Overs": "6", "Maidens": "0", "Runs": "34", "Wickets": "0", "Economy": "5.66", "Dots": "19"}, {"player_name": "Shakib Al Hasan", "Overs": "10", "Maidens": "0", "Runs": "47", "Wickets": "1", "Economy": "4.70", "Dots": "32"}, {"player_name": "Mustafizur Rahman", "Overs": "6", "Maidens": "0", "Runs": "24", "Wickets": "0", "Economy": "4.00", "Dots": "21"}, {"player_name": "Mehidy Hasan", "Overs": "8.1", "Maidens": "1", "Runs": "37", "Wickets": "2", "Economy": "4.53", "Dots": "24"}, {"player_name": "Afif Hossain", "Overs": "2", "Maidens": "0", "Runs": "8", "Wickets": "0", "Economy": "4.00", "Dots": "7"}, {"player_name": "Yasir Ali", "Overs": "1", "Maidens": "0", "Runs": "2", "Wickets": "0", "Economy": "2.00", "Dots": "4"}]}, "Team2": {"Name": "Afghanistan", "score": "193/3", "overs": "40.1/50 ov", "rr": "RR: 4.80", "batting": [{"Player Name": "Rahmanullah Gurbaz", "Dismissed by": "", "Runs": "106", "Balls Faced": "110", "Fours": "7", "Sixes": "4", "Strike Rate": "96.36"}, {"Player Name": "Riaz Hussan", "Dismissed by": "st Mushfiqur Rahim b Shakib Al Hasan", "Runs": "35", "Balls Faced": "49", "Fours": "4", "Sixes": "1", "Strike Rate": "71.42"}, {"Player Name": "Rahmat Shah", "Dismissed by": "st Mushfiqur Rahim b Mehidy Hasan", "Runs": "47", "Balls Faced": "67", "Fours": "3", "Sixes": "0", "Strike Rate": "70.14"}, {"Player Name": "Hashmatullah Shahidi", "Dismissed by": "lbw Mehidy Hasan", "Runs": "2", "Balls Faced": "7", "Fours": "0", "Sixes": "0", "Strike Rate": "28.57"}, {"Player Name": "Najibullah Zadran", "Dismissed by": "", "Runs": "1", "Balls Faced": "8", "Fours": "0", "Sixes": "0", "Strike Rate": "12.50"}, {"Player Name": "Mohammad Nabi", "Dismissed by": "", "Runs": "-", "Balls Faced": "-", "Fours": "-", "Sixes": "-", "Strike Rate": "-"}, {"Player Name": "Gulbadin Naib", "Dismissed by": "", "Runs": "-", "Balls Faced": "-", "Fours": "-", "Sixes": "-", "Strike Rate": "-"}, {"Player Name": "Rashid Khan", "Dismissed by": "", "Runs": "-", "Balls Faced": "-", "Fours": "-", "Sixes": "-", "Strike Rate": "-"}, {"Player Name": "Mujeeb Ur Rahman", "Dismissed by": "", "Runs": "-", "Balls Faced": "-", "Fours": "-", "Sixes": "-", "Strike Rate": "-"}, {"Player Name": "Azmatullah Omarzai", "Dismissed by": "", "Runs": "-", "Balls Faced": "-", "Fours": "-", "Sixes": "-", "Strike Rate": "-"}, {"Player Name": "Fazal Haq", "Dismissed by": "", "Runs": "-", "Balls Faced": "-", "Fours": "-", "Sixes": "-", "Strike Rate": "-"}], "Extras": "Extras (w 2)", "balling": [{"player_name": "Fazal Haq", "Overs": "7.5", "Maidens": "0", "Runs": "33", "Wickets": "1", "Economy": "4.21", "Dots": "31"}, {"player_name": "Mujeeb Ur Rahman", "Overs": "8", "Maidens": "0", "Runs": "37", "Wickets": "0", "Economy": "4.62", "Dots": "24"}, {"player_name": "Azmatullah Omarzai", "Overs": "6", "Maidens": "0", "Runs": "29", "Wickets": "1", "Economy": "4.83", "Dots": "19"}, {"player_name": "Gulbadin Naib", "Overs": "5", "Maidens": "0", "Runs": "25", "Wickets": "0", "Economy": "5.00", "Dots": "13"}, {"player_name": "Rashid Khan", "Overs": "10", "Maidens": "0", "Runs": "37", "Wickets": "3", "Economy": "3.70", "Dots": "31"}, {"player_name": "Mohammad Nabi", "Overs": "10", "Maidens": "0", "Runs": "29", "Wickets": "2", "Economy": "2.90", "Dots": "33"}]}, "match_id": "100491"}