{"date": "05/14/2019 12:00:00 PM", "home": "England", "away": "Pakistan", "place": "Bristol County Ground", "result": "England win by 6 wickets", "Team1": {"Name": "England", "score": "359/4", "overs": "44.5/50 ov", "rr": "RR: 8.00", "batting": [{"Player Name": "Jason Roy", "Dismissed by": "c Asif Ali b Faheem Ashraf", "Runs": "76", "Balls Faced": "55", "Fours": "8", "Sixes": "4", "Strike Rate": "138.18"}, {"Player Name": "Jonny Bairstow", "Dismissed by": "b Junaid Khan", "Runs": "128", "Balls Faced": "93", "Fours": "15", "Sixes": "5", "Strike Rate": "137.63"}, {"Player Name": "Joe Root", "Dismissed by": "c Babar Azam b Imad Wasim", "Runs": "43", "Balls Faced": "36", "Fours": "4", "Sixes": "1", "Strike Rate": "119.44"}, {"Player Name": "Ben Stokes", "Dismissed by": "run out (Shaheen Afridi)", "Runs": "37", "Balls Faced": "38", "Fours": "2", "Sixes": "2", "Strike Rate": "97.36"}, {"Player Name": "Moeen Ali", "Dismissed by": "", "Runs": "46", "Balls Faced": "36", "Fours": "4", "Sixes": "3", "Strike Rate": "127.77"}, {"Player Name": "Eoin Morgan", "Dismissed by": "", "Runs": "17", "Balls Faced": "12", "Fours": "1", "Sixes": "1", "Strike Rate": "141.66"}, {"Player Name": "Joe Denly", "Dismissed by": "", "Runs": "-", "Balls Faced": "-", "Fours": "-", "Sixes": "-", "Strike Rate": "-"}, {"Player Name": "Chris Woakes", "Dismissed by": "", "Runs": "-", "Balls Faced": "-", "Fours": "-", "Sixes": "-", "Strike Rate": "-"}, {"Player Name": "David Willey", "Dismissed by": "", "Runs": "-", "Balls Faced": "-", "Fours": "-", "Sixes": "-", "Strike Rate": "-"}, {"Player Name": "Tom Curran", "Dismissed by": "", "Runs": "-", "Balls Faced": "-", "Fours": "-", "Sixes": "-", "Strike Rate": "-"}, {"Player Name": "Liam Plunkett", "Dismissed by": "", "Runs": "-", "Balls Faced": "-", "Fours": "-", "Sixes": "-", "Strike Rate": "-"}], "Extras": "Extras (nb 1, w 8, lb 3)", "balling": [{"player_name": "Chris Woakes", "Overs": "10", "Maidens": "0", "Runs": "67", "Wickets": "4", "Economy": "6.70", "Dots": "28"}, {"player_name": "David Willey", "Overs": "10", "Maidens": "0", "Runs": "86", "Wickets": "1", "Economy": "8.60", "Dots": "26"}, {"player_name": "Moeen Ali", "Overs": "6", "Maidens": "0", "Runs": "32", "Wickets": "0", "Economy": "5.33", "Dots": "14"}, {"player_name": "Liam Plunkett", "Overs": "9", "Maidens": "0", "Runs": "55", "Wickets": "1", "Economy": "6.11", "Dots": "20"}, {"player_name": "Tom Curran", "Overs": "10", "Maidens": "0", "Runs": "74", "Wickets": "2", "Economy": "7.40", "Dots": "21"}, {"player_name": "Ben Stokes", "Overs": "4", "Maidens": "0", "Runs": "34", "Wickets": "0", "Economy": "8.50", "Dots": "3"}, {"player_name": "Joe Denly", "Overs": "1", "Maidens": "0", "Runs": "9", "Wickets": "0", "Economy": "9.00", "Dots": "1"}]}, "Team2": {"Name": "Pakistan", "score": "358/9", "overs": "50/50 ov", "rr": "RR: 7.16", "batting": [{"Player Name": "Imam-ul-Haq", "Dismissed by": "b Tom Curran", "Runs": "151", "Balls Faced": "131", "Fours": "16", "Sixes": "1", "Strike Rate": "115.26"}, {"Player Name": "Fakhar Zaman", "Dismissed by": "c Joe Root b Chris Woakes", "Runs": "2", "Balls Faced": "4", "Fours": "0", "Sixes": "0", "Strike Rate": "50.00"}, {"Player Name": "Babar Azam", "Dismissed by": "b Chris Woakes", "Runs": "15", "Balls Faced": "11", "Fours": "3", "Sixes": "0", "Strike Rate": "136.36"}, {"Player Name": "Haris Sohail", "Dismissed by": "run out (Tom Curran)", "Runs": "41", "Balls Faced": "41", "Fours": "7", "Sixes": "0", "Strike Rate": "100.00"}, {"Player Name": "Sarfaraz Ahmed", "Dismissed by": "c Sub b Liam Plunkett", "Runs": "27", "Balls Faced": "34", "Fours": "2", "Sixes": "0", "Strike Rate": "79.41"}, {"Player Name": "Asif Ali", "Dismissed by": "c Jason Roy b Chris Woakes", "Runs": "52", "Balls Faced": "43", "Fours": "2", "Sixes": "3", "Strike Rate": "120.93"}, {"Player Name": "Imad Wasim", "Dismissed by": "c & b Chris Woakes", "Runs": "22", "Balls Faced": "12", "Fours": "4", "Sixes": "0", "Strike Rate": "183.33"}, {"Player Name": "Faheem Ashraf", "Dismissed by": "lbw Tom Curran", "Runs": "13", "Balls Faced": "11", "Fours": "1", "Sixes": "0", "Strike Rate": "118.18"}, {"Player Name": "Hasan Ali", "Dismissed by": "", "Runs": "18", "Balls Faced": "9", "Fours": "1", "Sixes": "2", "Strike Rate": "200.00"}, {"Player Name": "Shaheen Afridi", "Dismissed by": "c & b David Willey", "Runs": "7", "Balls Faced": "4", "Fours": "0", "Sixes": "1", "Strike Rate": "175.00"}, {"Player Name": "Junaid Khan", "Dismissed by": "", "Runs": "0", "Balls Faced": "0", "Fours": "0", "Sixes": "0", "Strike Rate": "-"}], "Extras": "Extras (w 9, lb 1)", "balling": [{"player_name": "Junaid Khan", "Overs": "8", "Maidens": "0", "Runs": "57", "Wickets": "1", "Economy": "7.12", "Dots": "24"}, {"player_name": "Shaheen Afridi", "Overs": "10", "Maidens": "0", "Runs": "83", "Wickets": "0", "Economy": "8.30", "Dots": "25"}, {"player_name": "Hasan Ali", "Overs": "8", "Maidens": "0", "Runs": "55", "Wickets": "0", "Economy": "6.87", "Dots": "20"}, {"player_name": "Imad Wasim", "Overs": "7", "Maidens": "0", "Runs": "58", "Wickets": "1", "Economy": "8.28", "Dots": "15"}, {"player_name": "Faheem Ashraf", "Overs": "9", "Maidens": "0", "Runs": "75", "Wickets": "1", "Economy": "8.33", "Dots": "28"}, {"player_name": "Haris Sohail", "Overs": "2", "Maidens": "0", "Runs": "19", "Wickets": "0", "Economy": "9.50", "Dots": "3"}, {"player_name": "Asif Ali", "Overs": "0.5", "Maidens": "0", "Runs": "9", "Wickets": "0", "Economy": "10.80", "Dots": "0"}]}, "match_id": "8967"}