{"date": "01/24/2023 08:00:00 AM", "home": "India", "away": "New Zealand", "place": "Holkar Cricket Stadium", "result": "India won by 90 runs", "Team1": {"Name": "India", "score": "385/9", "overs": "50/50 ov", "rr": "RR: 7.70", "batting": [{"Player Name": "Rohit Sharma", "Dismissed by": "b Michael Bracewell", "Runs": "101", "Balls Faced": "85", "Fours": "9", "Sixes": "6", "Strike Rate": "118.82"}, {"Player Name": "Shubman Gill", "Dismissed by": "c Devon Conway b Blair Tickner", "Runs": "112", "Balls Faced": "78", "Fours": "13", "Sixes": "5", "Strike Rate": "143.58"}, {"Player Name": "Virat Kohli", "Dismissed by": "c Finn Allen b Jacob Duffy", "Runs": "36", "Balls Faced": "27", "Fours": "3", "Sixes": "1", "Strike Rate": "133.33"}, {"Player Name": "Ishan Kishan", "Dismissed by": "run out (Henry Nicholls)", "Runs": "17", "Balls Faced": "24", "Fours": "1", "Sixes": "1", "Strike Rate": "70.83"}, {"Player Name": "Suryakumar Yadav", "Dismissed by": "c Devon Conway b Jacob Duffy", "Runs": "14", "Balls Faced": "9", "Fours": "0", "Sixes": "2", "Strike Rate": "155.55"}, {"Player Name": "Hardik Pandya", "Dismissed by": "c Devon Conway b Jacob Duffy", "Runs": "54", "Balls Faced": "38", "Fours": "3", "Sixes": "3", "Strike Rate": "142.10"}, {"Player Name": "Washington Sundar", "Dismissed by": "c Daryl Mitchell b Blair Tickner", "Runs": "9", "Balls Faced": "14", "Fours": "1", "Sixes": "0", "Strike Rate": "64.28"}, {"Player Name": "Shardul Thakur", "Dismissed by": "c Tom Latham b Blair Tickner", "Runs": "25", "Balls Faced": "17", "Fours": "3", "Sixes": "1", "Strike Rate": "147.05"}, {"Player Name": "Kuldeep Yadav", "Dismissed by": "run out (Tom Latham/Lockie Ferguson)", "Runs": "3", "Balls Faced": "3", "Fours": "0", "Sixes": "0", "Strike Rate": "100.00"}, {"Player Name": "Umran Malik", "Dismissed by": "", "Runs": "2", "Balls Faced": "5", "Fours": "0", "Sixes": "0", "Strike Rate": "40.00"}, {"Player Name": "Yuzvendra Chahal", "Dismissed by": "", "Runs": "-", "Balls Faced": "-", "Fours": "-", "Sixes": "-", "Strike Rate": "-"}], "Extras": "Extras (w 6, b 5, lb 1)", "balling": [{"player_name": "Hardik Pandya", "Overs": "6", "Maidens": "0", "Runs": "37", "Wickets": "1", "Economy": "6.16", "Dots": "23"}, {"player_name": "Washington Sundar", "Overs": "6", "Maidens": "0", "Runs": "49", "Wickets": "0", "Economy": "8.16", "Dots": "15"}, {"player_name": "Shardul Thakur", "Overs": "6", "Maidens": "0", "Runs": "45", "Wickets": "3", "Economy": "7.50", "Dots": "15"}, {"player_name": "Umran Malik", "Overs": "7", "Maidens": "0", "Runs": "52", "Wickets": "1", "Economy": "7.42", "Dots": "18"}, {"player_name": "Kuldeep Yadav", "Overs": "9", "Maidens": "0", "Runs": "62", "Wickets": "3", "Economy": "6.88", "Dots": "21"}, {"player_name": "Yuzvendra Chahal", "Overs": "7.2", "Maidens": "0", "Runs": "43", "Wickets": "2", "Economy": "5.86", "Dots": "22"}]}, "Team2": {"Name": "New Zealand", "score": "295", "overs": "41.2/50 ov", "rr": "RR: 7.13", "batting": [{"Player Name": "Finn Allen", "Dismissed by": "b Hardik Pandya", "Runs": "0", "Balls Faced": "2", "Fours": "0", "Sixes": "0", "Strike Rate": "0.00"}, {"Player Name": "Devon Conway", "Dismissed by": "c Rohit Sharma b Umran Malik", "Runs": "138", "Balls Faced": "100", "Fours": "12", "Sixes": "8", "Strike Rate": "138.00"}, {"Player Name": "Henry Nicholls", "Dismissed by": "lbw Kuldeep Yadav", "Runs": "42", "Balls Faced": "40", "Fours": "3", "Sixes": "2", "Strike Rate": "105.00"}, {"Player Name": "Daryl Mitchell", "Dismissed by": "c Ishan Kishan b Shardul Thakur", "Runs": "24", "Balls Faced": "31", "Fours": "2", "Sixes": "0", "Strike Rate": "77.41"}, {"Player Name": "Tom Latham", "Dismissed by": "c Hardik Pandya b Shardul Thakur", "Runs": "0", "Balls Faced": "1", "Fours": "0", "Sixes": "0", "Strike Rate": "0.00"}, {"Player Name": "Glenn Phillips", "Dismissed by": "c Virat Kohli b Shardul Thakur", "Runs": "5", "Balls Faced": "7", "Fours": "0", "Sixes": "0", "Strike Rate": "71.42"}, {"Player Name": "Michael Bracewell", "Dismissed by": "st Ishan Kishan b Kuldeep Yadav", "Runs": "26", "Balls Faced": "22", "Fours": "3", "Sixes": "1", "Strike Rate": "118.18"}, {"Player Name": "Mitch Santner", "Dismissed by": "c Virat Kohli b Yuzvendra Chahal", "Runs": "34", "Balls Faced": "29", "Fours": "3", "Sixes": "2", "Strike Rate": "117.24"}, {"Player Name": "Lockie Ferguson", "Dismissed by": "c Rohit Sharma b Kuldeep Yadav", "Runs": "7", "Balls Faced": "12", "Fours": "0", "Sixes": "0", "Strike Rate": "58.33"}, {"Player Name": "Jacob Duffy", "Dismissed by": "lbw Yuzvendra Chahal", "Runs": "0", "Balls Faced": "2", "Fours": "0", "Sixes": "0", "Strike Rate": "0.00"}, {"Player Name": "Blair Tickner", "Dismissed by": "", "Runs": "0", "Balls Faced": "2", "Fours": "0", "Sixes": "0", "Strike Rate": "0.00"}], "Extras": "Extras (w 12, b 2, lb 5)", "balling": [{"player_name": "Jacob Duffy", "Overs": "10", "Maidens": "0", "Runs": "100", "Wickets": "3", "Economy": "10.00", "Dots": "26"}, {"player_name": "Lockie Ferguson", "Overs": "10", "Maidens": "1", "Runs": "53", "Wickets": "0", "Economy": "5.30", "Dots": "36"}, {"player_name": "Blair Tickner", "Overs": "10", "Maidens": "0", "Runs": "76", "Wickets": "3", "Economy": "7.60", "Dots": "23"}, {"player_name": "Mitch Santner", "Overs": "10", "Maidens": "0", "Runs": "58", "Wickets": "0", "Economy": "5.80", "Dots": "29"}, {"player_name": "Daryl Mitchell", "Overs": "4", "Maidens": "0", "Runs": "41", "Wickets": "0", "Economy": "10.25", "Dots": "7"}, {"player_name": "Michael Bracewell", "Overs": "6", "Maidens": "0", "Runs": "51", "Wickets": "1", "Economy": "8.50", "Dots": "8"}]}, "match_id": "101870"}