{"date": "09/15/2023 11:30:00 AM", "home": "England", "away": "New Zealand", "place": "Lord's Cricket Ground", "result": "England won by 100 runs", "Team1": {"Name": "England", "score": "311/9", "overs": "50/50 ov", "rr": "RR: 6.22", "batting": [{"Player Name": "Jonny Bairstow", "Dismissed by": "c Daryl Mitchell b Matt Henry", "Runs": "13", "Balls Faced": "16", "Fours": "1", "Sixes": "0", "Strike Rate": "81.25"}, {"Player Name": "Dawid Malan", "Dismissed by": "c Tom Latham b Rachin Ravindra", "Runs": "127", "Balls Faced": "114", "Fours": "14", "Sixes": "3", "Strike Rate": "111.40"}, {"Player Name": "Joe Root", "Dismissed by": "b Rachin Ravindra", "Runs": "29", "Balls Faced": "40", "Fours": "2", "Sixes": "1", "Strike Rate": "72.50"}, {"Player Name": "Harry Brook", "Dismissed by": "c Glenn Phillips b Rachin Ravindra", "Runs": "10", "Balls Faced": "15", "Fours": "0", "Sixes": "0", "Strike Rate": "66.66"}, {"Player Name": "Jos Buttler", "Dismissed by": "Caught b Daryl Mitchell", "Runs": "36", "Balls Faced": "31", "Fours": "3", "Sixes": "1", "Strike Rate": "116.12"}, {"Player Name": "Liam Livingstone", "Dismissed by": "lbw Kyle Jamieson", "Runs": "28", "Balls Faced": "38", "Fours": "0", "Sixes": "1", "Strike Rate": "73.68"}, {"Player Name": "Moeen Ali", "Dismissed by": "c Trent Boult b Rachin Ravindra", "Runs": "3", "Balls Faced": "8", "Fours": "0", "Sixes": "0", "Strike Rate": "37.50"}, {"Player Name": "Sam Curran", "Dismissed by": "b Matt Henry", "Runs": "20", "Balls Faced": "13", "Fours": "3", "Sixes": "0", "Strike Rate": "153.84"}, {"Player Name": "David Willey", "Dismissed by": "c Trent Boult b Daryl Mitchell", "Runs": "19", "Balls Faced": "11", "Fours": "2", "Sixes": "1", "Strike Rate": "172.72"}, {"Player Name": "Brydon Carse", "Dismissed by": "", "Runs": "15", "Balls Faced": "13", "Fours": "0", "Sixes": "1", "Strike Rate": "115.38"}, {"Player Name": "Reece Topley", "Dismissed by": "", "Runs": "1", "Balls Faced": "1", "Fours": "0", "Sixes": "0", "Strike Rate": "100.00"}], "Extras": "Extras (w 7, lb 3)", "balling": [{"player_name": "David Willey", "Overs": "6", "Maidens": "1", "Runs": "28", "Wickets": "1", "Economy": "4.66", "Dots": "25"}, {"player_name": "Reece Topley", "Overs": "5", "Maidens": "1", "Runs": "22", "Wickets": "0", "Economy": "4.40", "Dots": "21"}, {"player_name": "Brydon Carse", "Overs": "7", "Maidens": "0", "Runs": "53", "Wickets": "1", "Economy": "7.57", "Dots": "19"}, {"player_name": "Sam Curran", "Overs": "3.2", "Maidens": "0", "Runs": "21", "Wickets": "1", "Economy": "6.30", "Dots": "10"}, {"player_name": "Moeen Ali", "Overs": "10", "Maidens": "0", "Runs": "50", "Wickets": "4", "Economy": "5.00", "Dots": "28"}, {"player_name": "Liam Livingstone", "Overs": "7", "Maidens": "0", "Runs": "34", "Wickets": "1", "Economy": "4.85", "Dots": "16"}]}, "Team2": {"Name": "New Zealand", "score": "211", "overs": "38.2/50 ov", "rr": "RR: 5.50", "batting": [{"Player Name": "Will Young", "Dismissed by": "c Jos Buttler b David Willey", "Runs": "24", "Balls Faced": "31", "Fours": "3", "Sixes": "0", "Strike Rate": "77.41"}, {"Player Name": "Devon Conway", "Dismissed by": "run out (Jos Buttler)", "Runs": "7", "Balls Faced": "12", "Fours": "1", "Sixes": "0", "Strike Rate": "58.33"}, {"Player Name": "Henry Nicholls", "Dismissed by": "lbw Moeen Ali", "Runs": "41", "Balls Faced": "48", "Fours": "2", "Sixes": "1", "Strike Rate": "85.41"}, {"Player Name": "Daryl Mitchell", "Dismissed by": "b Brydon Carse", "Runs": "4", "Balls Faced": "14", "Fours": "0", "Sixes": "0", "Strike Rate": "28.57"}, {"Player Name": "Tom Latham", "Dismissed by": "b Moeen Ali", "Runs": "13", "Balls Faced": "22", "Fours": "1", "Sixes": "0", "Strike Rate": "59.09"}, {"Player Name": "Glenn Phillips", "Dismissed by": "c Harry Brook b Liam Livingstone", "Runs": "25", "Balls Faced": "32", "Fours": "2", "Sixes": "0", "Strike Rate": "78.12"}, {"Player Name": "Rachin Ravindra", "Dismissed by": "b Sam Curran", "Runs": "61", "Balls Faced": "48", "Fours": "3", "Sixes": "4", "Strike Rate": "127.08"}, {"Player Name": "Kyle Jamieson", "Dismissed by": "c & b Moeen Ali", "Runs": "15", "Balls Faced": "18", "Fours": "1", "Sixes": "0", "Strike Rate": "83.33"}, {"Player Name": "Matt Henry", "Dismissed by": "c Joe Root b Moeen Ali", "Runs": "0", "Balls Faced": "1", "Fours": "0", "Sixes": "0", "Strike Rate": "0.00"}, {"Player Name": "Ben Lister", "Dismissed by": "", "Runs": "5", "Balls Faced": "4", "Fours": "1", "Sixes": "0", "Strike Rate": "125.00"}, {"Player Name": "Tim Southee", "Dismissed by": "Absent", "Runs": "0", "Balls Faced": "0", "Fours": "0", "Sixes": "0", "Strike Rate": "-"}], "Extras": "Extras (w 13, lb 3)", "balling": [{"player_name": "Matt Henry", "Overs": "10", "Maidens": "0", "Runs": "69", "Wickets": "2", "Economy": "6.90", "Dots": "26"}, {"player_name": "Tim Southee", "Overs": "4", "Maidens": "0", "Runs": "29", "Wickets": "0", "Economy": "7.25", "Dots": "15"}, {"player_name": "Ben Lister", "Overs": "6", "Maidens": "0", "Runs": "32", "Wickets": "0", "Economy": "5.33", "Dots": "14"}, {"player_name": "Kyle Jamieson", "Overs": "10", "Maidens": "1", "Runs": "53", "Wickets": "1", "Economy": "5.30", "Dots": "32"}, {"player_name": "Rachin Ravindra", "Overs": "10", "Maidens": "0", "Runs": "60", "Wickets": "4", "Economy": "6.00", "Dots": "27"}, {"player_name": "Glenn Phillips", "Overs": "3", "Maidens": "0", "Runs": "25", "Wickets": "0", "Economy": "8.33", "Dots": "7"}, {"player_name": "Daryl Mitchell", "Overs": "7", "Maidens": "0", "Runs": "40", "Wickets": "2", "Economy": "5.71", "Dots": "16"}]}, "match_id": "101734"}