{"date": "09/03/2023 09:30:00 AM", "home": "Bangladesh", "away": "Afghanistan", "place": "Gaddafi Stadium", "result": "Bangladesh won by 89 runs", "Team1": {"Name": "Bangladesh", "score": "334/5", "overs": "50/50 ov", "rr": "RR: 6.68", "batting": [{"Player Name": "Mohammad Naim", "Dismissed by": "b Mujeeb Ur Rahman", "Runs": "28", "Balls Faced": "32", "Fours": "5", "Sixes": "0", "Strike Rate": "87.50"}, {"Player Name": "Mehidy Hasan Miraz", "Dismissed by": "Retired Hurt", "Runs": "112", "Balls Faced": "119", "Fours": "7", "Sixes": "3", "Strike Rate": "94.11"}, {"Player Name": "Towhid Hridoy", "Dismissed by": "c Ibrahim Zadran b Gulbadin Naib", "Runs": "0", "Balls Faced": "2", "Fours": "0", "Sixes": "0", "Strike Rate": "0.00"}, {"Player Name": "Najmul Hossain Shanto", "Dismissed by": "run out (Najib Zadran)", "Runs": "104", "Balls Faced": "105", "Fours": "9", "Sixes": "2", "Strike Rate": "99.04"}, {"Player Name": "Mushfiqur Rahim", "Dismissed by": "run out (Hashmatullah Shahidi)", "Runs": "25", "Balls Faced": "15", "Fours": "1", "Sixes": "1", "Strike Rate": "166.66"}, {"Player Name": "Shakib Al Hasan", "Dismissed by": "", "Runs": "32", "Balls Faced": "18", "Fours": "4", "Sixes": "1", "Strike Rate": "177.77"}, {"Player Name": "Shamim Hossain", "Dismissed by": "run out (Karim Janat)", "Runs": "11", "Balls Faced": "6", "Fours": "0", "Sixes": "1", "Strike Rate": "183.33"}, {"Player Name": "Afif Hossain", "Dismissed by": "", "Runs": "4", "Balls Faced": "3", "Fours": "0", "Sixes": "0", "Strike Rate": "133.33"}, {"Player Name": "Taskin Ahmed", "Dismissed by": "", "Runs": "-", "Balls Faced": "-", "Fours": "-", "Sixes": "-", "Strike Rate": "-"}, {"Player Name": "Shoriful Islam", "Dismissed by": "", "Runs": "-", "Balls Faced": "-", "Fours": "-", "Sixes": "-", "Strike Rate": "-"}, {"Player Name": "Hasan Mahmud", "Dismissed by": "", "Runs": "-", "Balls Faced": "-", "Fours": "-", "Sixes": "-", "Strike Rate": "-"}], "Extras": "Extras (w 12, lb 6)", "balling": [{"player_name": "Taskin Ahmed", "Overs": "8.3", "Maidens": "0", "Runs": "44", "Wickets": "4", "Economy": "5.17", "Dots": "30"}, {"player_name": "Shoriful Islam", "Overs": "9", "Maidens": "1", "Runs": "36", "Wickets": "3", "Economy": "4.00", "Dots": "39"}, {"player_name": "Hasan Mahmud", "Overs": "9", "Maidens": "1", "Runs": "61", "Wickets": "1", "Economy": "6.77", "Dots": "24"}, {"player_name": "Shakib Al Hasan", "Overs": "8", "Maidens": "0", "Runs": "44", "Wickets": "0", "Economy": "5.50", "Dots": "24"}, {"player_name": "Afif Hossain", "Overs": "1", "Maidens": "0", "Runs": "6", "Wickets": "0", "Economy": "6.00", "Dots": "3"}, {"player_name": "Mehidy Hasan Miraz", "Overs": "8", "Maidens": "0", "Runs": "41", "Wickets": "1", "Economy": "5.12", "Dots": "21"}, {"player_name": "Shamim Hossain", "Overs": "1", "Maidens": "0", "Runs": "10", "Wickets": "0", "Economy": "10.00", "Dots": "2"}]}, "Team2": {"Name": "Afghanistan", "score": "245", "overs": "44.3/50 ov", "rr": "RR: 5.50", "batting": [{"Player Name": "Rahmanullah Gurbaz", "Dismissed by": "lbw Shoriful Islam", "Runs": "1", "Balls Faced": "7", "Fours": "0", "Sixes": "0", "Strike Rate": "14.28"}, {"Player Name": "Ibrahim Zadran", "Dismissed by": "c Mushfiqur Rahim b Hasan Mahmud", "Runs": "75", "Balls Faced": "74", "Fours": "10", "Sixes": "1", "Strike Rate": "101.35"}, {"Player Name": "Rahmat Shah", "Dismissed by": "b Taskin Ahmed", "Runs": "33", "Balls Faced": "57", "Fours": "5", "Sixes": "0", "Strike Rate": "57.89"}, {"Player Name": "Hashmatullah Shahidi", "Dismissed by": "c Hasan Mahmud b Shoriful Islam", "Runs": "51", "Balls Faced": "60", "Fours": "6", "Sixes": "0", "Strike Rate": "85.00"}, {"Player Name": "Najib Zadran", "Dismissed by": "b Mehidy Hasan Miraz", "Runs": "17", "Balls Faced": "25", "Fours": "2", "Sixes": "0", "Strike Rate": "68.00"}, {"Player Name": "Mohammad Nabi", "Dismissed by": "c Afif Hossain b Taskin Ahmed", "Runs": "3", "Balls Faced": "6", "Fours": "0", "Sixes": "0", "Strike Rate": "50.00"}, {"Player Name": "Gulbadin Naib", "Dismissed by": "b Shoriful Islam", "Runs": "15", "Balls Faced": "13", "Fours": "1", "Sixes": "1", "Strike Rate": "115.38"}, {"Player Name": "Karim Janat", "Dismissed by": "run out (Anamul Haque)", "Runs": "1", "Balls Faced": "1", "Fours": "0", "Sixes": "0", "Strike Rate": "100.00"}, {"Player Name": "Rashid Khan", "Dismissed by": "c Shakib Al Hasan b Taskin Ahmed", "Runs": "24", "Balls Faced": "15", "Fours": "3", "Sixes": "1", "Strike Rate": "160.00"}, {"Player Name": "Mujeeb Ur Rahman", "Dismissed by": "Hit wicket", "Runs": "4", "Balls Faced": "8", "Fours": "0", "Sixes": "0", "Strike Rate": "50.00"}, {"Player Name": "Fazalhaq Farooqi", "Dismissed by": "", "Runs": "1", "Balls Faced": "1", "Fours": "0", "Sixes": "0", "Strike Rate": "100.00"}], "Extras": "Extras (w 17, lb 3)", "balling": [{"player_name": "Fazalhaq Farooqi", "Overs": "6", "Maidens": "1", "Runs": "53", "Wickets": "0", "Economy": "8.83", "Dots": "21"}, {"player_name": "Mujeeb Ur Rahman", "Overs": "10", "Maidens": "0", "Runs": "62", "Wickets": "1", "Economy": "6.20", "Dots": "26"}, {"player_name": "Gulbadin Naib", "Overs": "8", "Maidens": "0", "Runs": "58", "Wickets": "1", "Economy": "7.25", "Dots": "19"}, {"player_name": "Karim Janat", "Overs": "6", "Maidens": "0", "Runs": "39", "Wickets": "0", "Economy": "6.50", "Dots": "13"}, {"player_name": "Mohammad Nabi", "Overs": "10", "Maidens": "0", "Runs": "50", "Wickets": "0", "Economy": "5.00", "Dots": "23"}, {"player_name": "Rashid Khan", "Overs": "10", "Maidens": "1", "Runs": "66", "Wickets": "0", "Economy": "6.60", "Dots": "18"}]}, "match_id": "102839"}