{"date": "09/16/2020 12:00:00 PM", "home": "England", "away": "Australia", "place": "Old Trafford", "result": "Australia win by 3 wickets", "Team1": {"Name": "England", "score": "302/7", "overs": "50/50 ov", "rr": "RR: 6.04", "batting": [{"Player Name": "Jason Roy", "Dismissed by": "c Glenn Maxwell b Mitchell Starc", "Runs": "0", "Balls Faced": "1", "Fours": "0", "Sixes": "0", "Strike Rate": "0.00"}, {"Player Name": "Jonny Bairstow", "Dismissed by": "b Pat Cummins", "Runs": "112", "Balls Faced": "125", "Fours": "12", "Sixes": "2", "Strike Rate": "89.60"}, {"Player Name": "Joe Root", "Dismissed by": "lbw Mitchell Starc", "Runs": "0", "Balls Faced": "1", "Fours": "0", "Sixes": "0", "Strike Rate": "0.00"}, {"Player Name": "Eoin Morgan", "Dismissed by": "c Mitchell Starc b Adam Zampa", "Runs": "23", "Balls Faced": "28", "Fours": "4", "Sixes": "0", "Strike Rate": "82.14"}, {"Player Name": "Jos Buttler", "Dismissed by": "c Aaron Finch b Adam Zampa", "Runs": "8", "Balls Faced": "20", "Fours": "0", "Sixes": "0", "Strike Rate": "40.00"}, {"Player Name": "Sam Billings", "Dismissed by": "c Mitchell Marsh b Adam Zampa", "Runs": "57", "Balls Faced": "58", "Fours": "4", "Sixes": "2", "Strike Rate": "98.27"}, {"Player Name": "Chris Woakes", "Dismissed by": "", "Runs": "53", "Balls Faced": "39", "Fours": "6", "Sixes": "0", "Strike Rate": "135.89"}, {"Player Name": "Tom Curran", "Dismissed by": "b Mitchell Starc", "Runs": "19", "Balls Faced": "19", "Fours": "0", "Sixes": "1", "Strike Rate": "100.00"}, {"Player Name": "Adil Rashid", "Dismissed by": "", "Runs": "11", "Balls Faced": "9", "Fours": "0", "Sixes": "1", "Strike Rate": "122.22"}, {"Player Name": "Jofra Archer", "Dismissed by": "", "Runs": "-", "Balls Faced": "-", "Fours": "-", "Sixes": "-", "Strike Rate": "-"}, {"Player Name": "Mark Wood", "Dismissed by": "", "Runs": "-", "Balls Faced": "-", "Fours": "-", "Sixes": "-", "Strike Rate": "-"}], "Extras": "Extras (nb 1, w 10, lb 8)", "balling": [{"player_name": "Chris Woakes", "Overs": "10", "Maidens": "0", "Runs": "45", "Wickets": "2", "Economy": "4.50", "Dots": "33"}, {"player_name": "Jofra Archer", "Overs": "9", "Maidens": "0", "Runs": "60", "Wickets": "1", "Economy": "6.66", "Dots": "31"}, {"player_name": "Mark Wood", "Overs": "9", "Maidens": "1", "Runs": "40", "Wickets": "0", "Economy": "4.44", "Dots": "29"}, {"player_name": "Joe Root", "Overs": "8", "Maidens": "0", "Runs": "46", "Wickets": "2", "Economy": "5.75", "Dots": "19"}, {"player_name": "Tom Curran", "Overs": "6", "Maidens": "1", "Runs": "40", "Wickets": "0", "Economy": "6.66", "Dots": "17"}, {"player_name": "Adil Rashid", "Overs": "7.4", "Maidens": "0", "Runs": "68", "Wickets": "1", "Economy": "8.86", "Dots": "12"}]}, "Team2": {"Name": "Australia", "score": "304/7", "overs": "49.4/50 ov", "rr": "RR: 6.12", "batting": [{"Player Name": "David Warner", "Dismissed by": "b Joe Root", "Runs": "24", "Balls Faced": "32", "Fours": "3", "Sixes": "0", "Strike Rate": "75.00"}, {"Player Name": "Aaron Finch", "Dismissed by": "lbw Chris Woakes", "Runs": "12", "Balls Faced": "9", "Fours": "2", "Sixes": "0", "Strike Rate": "133.33"}, {"Player Name": "Marcus Stoinis", "Dismissed by": "c Eoin Morgan b Chris Woakes", "Runs": "4", "Balls Faced": "7", "Fours": "1", "Sixes": "0", "Strike Rate": "57.14"}, {"Player Name": "Marnus Labuschagne", "Dismissed by": "run out (Sam Billings/Jos Buttler)", "Runs": "20", "Balls Faced": "31", "Fours": "1", "Sixes": "0", "Strike Rate": "64.51"}, {"Player Name": "Mitchell Marsh", "Dismissed by": "c Jos Buttler b Joe Root", "Runs": "2", "Balls Faced": "8", "Fours": "0", "Sixes": "0", "Strike Rate": "25.00"}, {"Player Name": "Alex Carey", "Dismissed by": "c Mark Wood b Jofra Archer", "Runs": "105", "Balls Faced": "113", "Fours": "7", "Sixes": "2", "Strike Rate": "92.92"}, {"Player Name": "Glenn Maxwell", "Dismissed by": "c Tom Curran b Adil Rashid", "Runs": "108", "Balls Faced": "90", "Fours": "4", "Sixes": "7", "Strike Rate": "120.00"}, {"Player Name": "Pat Cummins", "Dismissed by": "", "Runs": "4", "Balls Faced": "5", "Fours": "0", "Sixes": "0", "Strike Rate": "80.00"}, {"Player Name": "Mitchell Starc", "Dismissed by": "", "Runs": "11", "Balls Faced": "3", "Fours": "1", "Sixes": "1", "Strike Rate": "366.66"}, {"Player Name": "Adam Zampa", "Dismissed by": "", "Runs": "-", "Balls Faced": "-", "Fours": "-", "Sixes": "-", "Strike Rate": "-"}, {"Player Name": "Josh Hazlewood", "Dismissed by": "", "Runs": "-", "Balls Faced": "-", "Fours": "-", "Sixes": "-", "Strike Rate": "-"}], "Extras": "Extras (nb 1, w 8, lb 5)", "balling": [{"player_name": "Mitchell Starc", "Overs": "10", "Maidens": "0", "Runs": "74", "Wickets": "3", "Economy": "7.40", "Dots": "32"}, {"player_name": "Josh Hazlewood", "Overs": "10", "Maidens": "0", "Runs": "68", "Wickets": "0", "Economy": "6.80", "Dots": "29"}, {"player_name": "Pat Cummins", "Overs": "10", "Maidens": "0", "Runs": "53", "Wickets": "1", "Economy": "5.30", "Dots": "37"}, {"player_name": "Adam Zampa", "Overs": "10", "Maidens": "0", "Runs": "51", "Wickets": "3", "Economy": "5.10", "Dots": "25"}, {"player_name": "Mitchell Marsh", "Overs": "6", "Maidens": "0", "Runs": "25", "Wickets": "0", "Economy": "4.16", "Dots": "22"}, {"player_name": "Glenn Maxwell", "Overs": "4", "Maidens": "0", "Runs": "23", "Wickets": "0", "Economy": "5.75", "Dots": "8"}]}, "match_id": "22109"}