{"date": "06/15/2019 09:30:00 AM", "home": "Sri Lanka", "away": "Australia", "place": "The Oval", "result": "Australia win by 87 runs", "Team1": {"Name": "Sri Lanka", "score": "247", "overs": "45.5/50 ov", "rr": "RR: 5.38", "batting": [{"Player Name": "Dimuth Karunaratne", "Dismissed by": "c Glenn Maxwell b Kane Richardson", "Runs": "97", "Balls Faced": "108", "Fours": "9", "Sixes": "0", "Strike Rate": "89.81"}, {"Player Name": "Kusal Perera", "Dismissed by": "b Mitchell Starc", "Runs": "52", "Balls Faced": "36", "Fours": "5", "Sixes": "1", "Strike Rate": "144.44"}, {"Player Name": "Lahiru Thirimanne", "Dismissed by": "c Alex Carey b Jason Behrendorff", "Runs": "16", "Balls Faced": "26", "Fours": "1", "Sixes": "0", "Strike Rate": "61.53"}, {"Player Name": "Kusal Mendis", "Dismissed by": "c Alex Carey b Mitchell Starc", "Runs": "30", "Balls Faced": "37", "Fours": "0", "Sixes": "2", "Strike Rate": "81.08"}, {"Player Name": "Angelo Mathews", "Dismissed by": "c Alex Carey b Pat Cummins", "Runs": "9", "Balls Faced": "11", "Fours": "2", "Sixes": "0", "Strike Rate": "81.81"}, {"Player Name": "Milinda Siriwardana", "Dismissed by": "b Mitchell Starc", "Runs": "3", "Balls Faced": "4", "Fours": "0", "Sixes": "0", "Strike Rate": "75.00"}, {"Player Name": "Thisara Perera", "Dismissed by": "c David Warner b Mitchell Starc", "Runs": "7", "Balls Faced": "3", "Fours": "0", "Sixes": "1", "Strike Rate": "233.33"}, {"Player Name": "Dhananjaya de Silva", "Dismissed by": "", "Runs": "16", "Balls Faced": "30", "Fours": "2", "Sixes": "0", "Strike Rate": "53.33"}, {"Player Name": "Isuru Udana", "Dismissed by": "c Aaron Finch b Kane Richardson", "Runs": "8", "Balls Faced": "8", "Fours": "1", "Sixes": "0", "Strike Rate": "100.00"}, {"Player Name": "Lasith Malinga", "Dismissed by": "c Usman Khawaja b Kane Richardson", "Runs": "1", "Balls Faced": "5", "Fours": "0", "Sixes": "0", "Strike Rate": "20.00"}, {"Player Name": "Nuwan Pradeep", "Dismissed by": "c Alex Carey b Pat Cummins", "Runs": "0", "Balls Faced": "7", "Fours": "0", "Sixes": "0", "Strike Rate": "0.00"}], "Extras": "Extras (w 6, lb 2)", "balling": [{"player_name": "Lasith Malinga", "Overs": "10", "Maidens": "1", "Runs": "61", "Wickets": "1", "Economy": "6.10", "Dots": "29"}, {"player_name": "Nuwan Pradeep", "Overs": "10", "Maidens": "0", "Runs": "88", "Wickets": "0", "Economy": "8.80", "Dots": "26"}, {"player_name": "Isuru Udana", "Overs": "10", "Maidens": "0", "Runs": "57", "Wickets": "2", "Economy": "5.70", "Dots": "24"}, {"player_name": "Thisara Perera", "Overs": "10", "Maidens": "0", "Runs": "67", "Wickets": "0", "Economy": "6.70", "Dots": "19"}, {"player_name": "Dhananjaya de Silva", "Overs": "8", "Maidens": "0", "Runs": "40", "Wickets": "2", "Economy": "5.00", "Dots": "24"}, {"player_name": "Milinda Siriwardana", "Overs": "2", "Maidens": "0", "Runs": "17", "Wickets": "0", "Economy": "8.50", "Dots": "4"}]}, "Team2": {"Name": "Australia", "score": "334/7", "overs": "50/50 ov", "rr": "RR: 6.68", "batting": [{"Player Name": "David Warner", "Dismissed by": "b Dhananjaya de Silva", "Runs": "26", "Balls Faced": "48", "Fours": "2", "Sixes": "0", "Strike Rate": "54.16"}, {"Player Name": "Aaron Finch", "Dismissed by": "c Dimuth Karunaratne b Isuru Udana", "Runs": "153", "Balls Faced": "132", "Fours": "15", "Sixes": "5", "Strike Rate": "115.90"}, {"Player Name": "Usman Khawaja", "Dismissed by": "c Isuru Udana b Dhananjaya de Silva", "Runs": "10", "Balls Faced": "20", "Fours": "1", "Sixes": "0", "Strike Rate": "50.00"}, {"Player Name": "Steve Smith", "Dismissed by": "b Lasith Malinga", "Runs": "73", "Balls Faced": "59", "Fours": "7", "Sixes": "1", "Strike Rate": "123.72"}, {"Player Name": "Glenn Maxwell", "Dismissed by": "", "Runs": "46", "Balls Faced": "25", "Fours": "5", "Sixes": "1", "Strike Rate": "184.00"}, {"Player Name": "Shaun Marsh", "Dismissed by": "c Milinda Siriwardana b Isuru Udana", "Runs": "3", "Balls Faced": "9", "Fours": "0", "Sixes": "0", "Strike Rate": "33.33"}, {"Player Name": "Alex Carey", "Dismissed by": "run out (Isuru Udana)", "Runs": "4", "Balls Faced": "3", "Fours": "0", "Sixes": "0", "Strike Rate": "133.33"}, {"Player Name": "Pat Cummins", "Dismissed by": "run out (Isuru Udana)", "Runs": "0", "Balls Faced": "1", "Fours": "0", "Sixes": "0", "Strike Rate": "0.00"}, {"Player Name": "Mitchell Starc", "Dismissed by": "", "Runs": "5", "Balls Faced": "4", "Fours": "0", "Sixes": "0", "Strike Rate": "125.00"}, {"Player Name": "Jason Behrendorff", "Dismissed by": "", "Runs": "-", "Balls Faced": "-", "Fours": "-", "Sixes": "-", "Strike Rate": "-"}, {"Player Name": "Kane Richardson", "Dismissed by": "", "Runs": "-", "Balls Faced": "-", "Fours": "-", "Sixes": "-", "Strike Rate": "-"}], "Extras": "Extras (nb 1, w 9, lb 4)", "balling": [{"player_name": "Mitchell Starc", "Overs": "10", "Maidens": "0", "Runs": "55", "Wickets": "4", "Economy": "5.50", "Dots": "34"}, {"player_name": "Pat Cummins", "Overs": "7.5", "Maidens": "0", "Runs": "38", "Wickets": "2", "Economy": "4.85", "Dots": "28"}, {"player_name": "Jason Behrendorff", "Overs": "9", "Maidens": "0", "Runs": "59", "Wickets": "1", "Economy": "6.55", "Dots": "22"}, {"player_name": "Kane Richardson", "Overs": "9", "Maidens": "1", "Runs": "47", "Wickets": "3", "Economy": "5.22", "Dots": "32"}, {"player_name": "Glenn Maxwell", "Overs": "10", "Maidens": "0", "Runs": "46", "Wickets": "0", "Economy": "4.60", "Dots": "26"}]}, "match_id": "8211"}