{"date": "04/04/2021 08:00:00 AM", "home": "South Africa", "away": "Pakistan", "place": "New Wanderers Stadium", "result": "South Africa win by 17 runs", "Team1": {"Name": "South Africa", "score": "341/6", "overs": "50/50 ov", "rr": "RR: 6.82", "batting": [{"Player Name": "Quinton de Kock", "Dismissed by": "b Haris Rauf", "Runs": "80", "Balls Faced": "86", "Fours": "10", "Sixes": "1", "Strike Rate": "93.02"}, {"Player Name": "Aiden Markram", "Dismissed by": "c Asif Ali b Faheem Ashraf", "Runs": "39", "Balls Faced": "34", "Fours": "4", "Sixes": "2", "Strike Rate": "114.70"}, {"Player Name": "Temba Bavuma", "Dismissed by": "c Babar Azam b Haris Rauf", "Runs": "92", "Balls Faced": "102", "Fours": "9", "Sixes": "0", "Strike Rate": "90.19"}, {"Player Name": "Rassie van der Dussen", "Dismissed by": "c Faheem Ashraf b Mohammad Hasnain", "Runs": "60", "Balls Faced": "37", "Fours": "6", "Sixes": "4", "Strike Rate": "162.16"}, {"Player Name": "David Miller", "Dismissed by": "", "Runs": "50", "Balls Faced": "27", "Fours": "3", "Sixes": "3", "Strike Rate": "185.18"}, {"Player Name": "Heinrich Klaasen", "Dismissed by": "c Haris Rauf b Shaheen Afridi", "Runs": "11", "Balls Faced": "9", "Fours": "2", "Sixes": "0", "Strike Rate": "122.22"}, {"Player Name": "Andile Phehlukwayo", "Dismissed by": "c Faheem Ashraf b Haris Rauf", "Runs": "3", "Balls Faced": "5", "Fours": "0", "Sixes": "0", "Strike Rate": "60.00"}, {"Player Name": "Kagiso Rabada", "Dismissed by": "", "Runs": "1", "Balls Faced": "1", "Fours": "0", "Sixes": "0", "Strike Rate": "100.00"}, {"Player Name": "Anrich Nortje", "Dismissed by": "", "Runs": "-", "Balls Faced": "-", "Fours": "-", "Sixes": "-", "Strike Rate": "-"}, {"Player Name": "Lungi Ngidi", "Dismissed by": "", "Runs": "-", "Balls Faced": "-", "Fours": "-", "Sixes": "-", "Strike Rate": "-"}, {"Player Name": "Tabraiz Shamsi", "Dismissed by": "", "Runs": "-", "Balls Faced": "-", "Fours": "-", "Sixes": "-", "Strike Rate": "-"}], "Extras": "Extras (nb 1, w 3, lb 1)", "balling": [{"player_name": "Kagiso Rabada", "Overs": "10", "Maidens": "2", "Runs": "43", "Wickets": "1", "Economy": "4.30", "Dots": "43"}, {"player_name": "Lungi Ngidi", "Overs": "9", "Maidens": "0", "Runs": "66", "Wickets": "1", "Economy": "7.33", "Dots": "29"}, {"player_name": "Andile Phehlukwayo", "Overs": "10", "Maidens": "0", "Runs": "67", "Wickets": "2", "Economy": "6.70", "Dots": "31"}, {"player_name": "Anrich Nortje", "Overs": "10", "Maidens": "1", "Runs": "63", "Wickets": "3", "Economy": "6.30", "Dots": "32"}, {"player_name": "Tabraiz Shamsi", "Overs": "7", "Maidens": "0", "Runs": "60", "Wickets": "1", "Economy": "8.57", "Dots": "22"}, {"player_name": "Aiden Markram", "Overs": "4", "Maidens": "0", "Runs": "16", "Wickets": "0", "Economy": "4.00", "Dots": "11"}]}, "Team2": {"Name": "Pakistan", "score": "324/9", "overs": "50/50 ov", "rr": "RR: 6.48", "batting": [{"Player Name": "Imam-ul-Haq", "Dismissed by": "c Aiden Markram b Lungi Ngidi", "Runs": "5", "Balls Faced": "10", "Fours": "1", "Sixes": "0", "Strike Rate": "50.00"}, {"Player Name": "Fakhar Zaman", "Dismissed by": "run out (Aiden Markram)", "Runs": "193", "Balls Faced": "155", "Fours": "18", "Sixes": "10", "Strike Rate": "124.51"}, {"Player Name": "Babar Azam", "Dismissed by": "c Temba Bavuma b Anrich Nortje", "Runs": "31", "Balls Faced": "33", "Fours": "6", "Sixes": "0", "Strike Rate": "93.93"}, {"Player Name": "Mohammad Rizwan", "Dismissed by": "c Heinrich Klaasen b Anrich Nortje", "Runs": "0", "Balls Faced": "2", "Fours": "0", "Sixes": "0", "Strike Rate": "0.00"}, {"Player Name": "Danish Aziz", "Dismissed by": "c Quinton de Kock b Anrich Nortje", "Runs": "9", "Balls Faced": "14", "Fours": "2", "Sixes": "0", "Strike Rate": "64.28"}, {"Player Name": "Shadab Khan", "Dismissed by": "lbw Tabraiz Shamsi", "Runs": "13", "Balls Faced": "23", "Fours": "1", "Sixes": "0", "Strike Rate": "56.52"}, {"Player Name": "Asif Ali", "Dismissed by": "c Aiden Markram b Andile Phehlukwayo", "Runs": "19", "Balls Faced": "27", "Fours": "2", "Sixes": "0", "Strike Rate": "70.37"}, {"Player Name": "Faheem Ashraf", "Dismissed by": "c Quinton de Kock b Andile Phehlukwayo", "Runs": "11", "Balls Faced": "12", "Fours": "1", "Sixes": "0", "Strike Rate": "91.66"}, {"Player Name": "Shaheen Afridi", "Dismissed by": "c & b Kagiso Rabada", "Runs": "5", "Balls Faced": "15", "Fours": "1", "Sixes": "0", "Strike Rate": "33.33"}, {"Player Name": "Haris Rauf", "Dismissed by": "", "Runs": "1", "Balls Faced": "5", "Fours": "0", "Sixes": "0", "Strike Rate": "20.00"}, {"Player Name": "Mohammad Hasnain", "Dismissed by": "", "Runs": "12", "Balls Faced": "5", "Fours": "3", "Sixes": "0", "Strike Rate": "240.00"}], "Extras": "Extras (nb 1, w 15, b 1, lb 8)", "balling": [{"player_name": "Shaheen Afridi", "Overs": "10", "Maidens": "1", "Runs": "75", "Wickets": "1", "Economy": "7.50", "Dots": "28"}, {"player_name": "Mohammad Hasnain", "Overs": "10", "Maidens": "0", "Runs": "74", "Wickets": "1", "Economy": "7.40", "Dots": "28"}, {"player_name": "Faheem Ashraf", "Overs": "9", "Maidens": "0", "Runs": "62", "Wickets": "1", "Economy": "6.88", "Dots": "24"}, {"player_name": "Haris Rauf", "Overs": "10", "Maidens": "0", "Runs": "54", "Wickets": "3", "Economy": "5.40", "Dots": "29"}, {"player_name": "Shadab Khan", "Overs": "9", "Maidens": "0", "Runs": "64", "Wickets": "0", "Economy": "7.11", "Dots": "18"}, {"player_name": "Danish Aziz", "Overs": "2", "Maidens": "0", "Runs": "11", "Wickets": "0", "Economy": "5.50", "Dots": "7"}]}, "match_id": "23180"}