{"date": "09/24/2023 08:00:00 AM", "home": "India", "away": "Australia", "place": "Holkar Cricket Stadium", "result": "India won by 99 runs (DLS method)", "Team1": {"Name": "India", "score": "399/5", "overs": "50/50 ov", "rr": "RR: 7.98", "batting": [{"Player Name": "Ruturaj Gaikwad", "Dismissed by": "c Alex Carey b Josh Hazlewood", "Runs": "8", "Balls Faced": "12", "Fours": "2", "Sixes": "0", "Strike Rate": "66.66"}, {"Player Name": "Shubman Gill", "Dismissed by": "c Alex Carey b Cameron Green", "Runs": "104", "Balls Faced": "97", "Fours": "6", "Sixes": "4", "Strike Rate": "107.21"}, {"Player Name": "Shreyas Iyer", "Dismissed by": "c Matthew Short b Sean Abbott", "Runs": "105", "Balls Faced": "90", "Fours": "11", "Sixes": "3", "Strike Rate": "116.66"}, {"Player Name": "KL Rahul", "Dismissed by": "b Cameron Green", "Runs": "52", "Balls Faced": "38", "Fours": "3", "Sixes": "3", "Strike Rate": "136.84"}, {"Player Name": "Ishan Kishan", "Dismissed by": "c Alex Carey b Adam Zampa", "Runs": "31", "Balls Faced": "18", "Fours": "2", "Sixes": "2", "Strike Rate": "172.22"}, {"Player Name": "Suryakumar Yadav", "Dismissed by": "", "Runs": "72", "Balls Faced": "37", "Fours": "6", "Sixes": "6", "Strike Rate": "194.59"}, {"Player Name": "Ravindra Jadeja", "Dismissed by": "", "Runs": "13", "Balls Faced": "9", "Fours": "1", "Sixes": "0", "Strike Rate": "144.44"}, {"Player Name": "Ravichandran Ashwin", "Dismissed by": "", "Runs": "-", "Balls Faced": "-", "Fours": "-", "Sixes": "-", "Strike Rate": "-"}, {"Player Name": "Shardul Thakur", "Dismissed by": "", "Runs": "-", "Balls Faced": "-", "Fours": "-", "Sixes": "-", "Strike Rate": "-"}, {"Player Name": "Mohammed Shami", "Dismissed by": "", "Runs": "-", "Balls Faced": "-", "Fours": "-", "Sixes": "-", "Strike Rate": "-"}, {"Player Name": "Prasidh Krishna", "Dismissed by": "", "Runs": "-", "Balls Faced": "-", "Fours": "-", "Sixes": "-", "Strike Rate": "-"}], "Extras": "Extras (nb 1, w 13)", "balling": [{"player_name": "Mohammed Shami", "Overs": "6", "Maidens": "0", "Runs": "39", "Wickets": "1", "Economy": "6.50", "Dots": "22"}, {"player_name": "Prasidh Krishna", "Overs": "6", "Maidens": "0", "Runs": "56", "Wickets": "2", "Economy": "9.33", "Dots": "18"}, {"player_name": "Ravichandran Ashwin", "Overs": "7", "Maidens": "0", "Runs": "41", "Wickets": "3", "Economy": "5.85", "Dots": "20"}, {"player_name": "Shardul Thakur", "Overs": "4", "Maidens": "0", "Runs": "35", "Wickets": "0", "Economy": "8.75", "Dots": "7"}, {"player_name": "Ravindra Jadeja", "Overs": "5.2", "Maidens": "0", "Runs": "42", "Wickets": "3", "Economy": "7.87", "Dots": "18"}]}, "Team2": {"Name": "Australia", "score": "217", "overs": "28.2/33 ov", "rr": "RR: 7.65", "batting": [{"Player Name": "Matthew Short", "Dismissed by": "c Ravichandran Ashwin b Prasidh Krishna", "Runs": "9", "Balls Faced": "8", "Fours": "2", "Sixes": "0", "Strike Rate": "112.50"}, {"Player Name": "David Warner", "Dismissed by": "lbw Ravichandran Ashwin", "Runs": "53", "Balls Faced": "39", "Fours": "7", "Sixes": "1", "Strike Rate": "135.89"}, {"Player Name": "Steve Smith", "Dismissed by": "c Shubman Gill b Prasidh Krishna", "Runs": "0", "Balls Faced": "1", "Fours": "0", "Sixes": "0", "Strike Rate": "0.00"}, {"Player Name": "Marnus Labuschagne", "Dismissed by": "b Ravichandran Ashwin", "Runs": "27", "Balls Faced": "31", "Fours": "4", "Sixes": "0", "Strike Rate": "87.09"}, {"Player Name": "Josh Inglis", "Dismissed by": "lbw Ravichandran Ashwin", "Runs": "6", "Balls Faced": "9", "Fours": "1", "Sixes": "0", "Strike Rate": "66.66"}, {"Player Name": "Alex Carey", "Dismissed by": "b Ravindra Jadeja", "Runs": "14", "Balls Faced": "12", "Fours": "2", "Sixes": "0", "Strike Rate": "116.66"}, {"Player Name": "Cameron Green", "Dismissed by": "run out (Ishan Kishan)", "Runs": "19", "Balls Faced": "13", "Fours": "1", "Sixes": "1", "Strike Rate": "146.15"}, {"Player Name": "Sean Abbott", "Dismissed by": "b Ravindra Jadeja", "Runs": "54", "Balls Faced": "36", "Fours": "4", "Sixes": "5", "Strike Rate": "150.00"}, {"Player Name": "Adam Zampa", "Dismissed by": "b Ravindra Jadeja", "Runs": "5", "Balls Faced": "5", "Fours": "1", "Sixes": "0", "Strike Rate": "100.00"}, {"Player Name": "Josh Hazlewood", "Dismissed by": "b Mohammed Shami", "Runs": "23", "Balls Faced": "16", "Fours": "2", "Sixes": "2", "Strike Rate": "143.75"}, {"Player Name": "Spencer Johnson", "Dismissed by": "", "Runs": "0", "Balls Faced": "0", "Fours": "0", "Sixes": "0", "Strike Rate": "-"}], "Extras": "Extras (w 3, b 1, lb 3)", "balling": [{"player_name": "Spencer Johnson", "Overs": "8", "Maidens": "0", "Runs": "61", "Wickets": "0", "Economy": "7.62", "Dots": "20"}, {"player_name": "Josh Hazlewood", "Overs": "10", "Maidens": "0", "Runs": "62", "Wickets": "1", "Economy": "6.20", "Dots": "25"}, {"player_name": "Sean Abbott", "Overs": "10", "Maidens": "0", "Runs": "91", "Wickets": "1", "Economy": "9.10", "Dots": "14"}, {"player_name": "Cameron Green", "Overs": "10", "Maidens": "0", "Runs": "103", "Wickets": "2", "Economy": "10.30", "Dots": "20"}, {"player_name": "Adam Zampa", "Overs": "10", "Maidens": "0", "Runs": "67", "Wickets": "1", "Economy": "6.70", "Dots": "22"}, {"player_name": "Matthew Short", "Overs": "2", "Maidens": "0", "Runs": "15", "Wickets": "0", "Economy": "7.50", "Dots": "3"}]}, "match_id": "102963"}