{"date": "06/18/2019 09:30:00 AM", "home": "England", "away": "Afghanistan", "place": "Old Trafford", "result": "England win by 150 runs", "Team1": {"Name": "England", "score": "397/6", "overs": "50/50 ov", "rr": "RR: 7.94", "batting": [{"Player Name": "James Vince", "Dismissed by": "c Mujeeb Ur Rahman b Dawlat Zadran", "Runs": "26", "Balls Faced": "31", "Fours": "3", "Sixes": "0", "Strike Rate": "83.87"}, {"Player Name": "Jonny Bairstow", "Dismissed by": "c & b Gulbadin Naib", "Runs": "90", "Balls Faced": "99", "Fours": "8", "Sixes": "3", "Strike Rate": "90.90"}, {"Player Name": "Joe Root", "Dismissed by": "c Rahmat Shah b Gulbadin Naib", "Runs": "88", "Balls Faced": "82", "Fours": "5", "Sixes": "1", "Strike Rate": "107.31"}, {"Player Name": "Eoin Morgan", "Dismissed by": "c Rahmat Shah b Gulbadin Naib", "Runs": "148", "Balls Faced": "71", "Fours": "4", "Sixes": "17", "Strike Rate": "208.45"}, {"Player Name": "Jos Buttler", "Dismissed by": "c Mohammad Nabi b Dawlat Zadran", "Runs": "2", "Balls Faced": "2", "Fours": "0", "Sixes": "0", "Strike Rate": "100.00"}, {"Player Name": "Ben Stokes", "Dismissed by": "b Dawlat Zadran", "Runs": "2", "Balls Faced": "6", "Fours": "0", "Sixes": "0", "Strike Rate": "33.33"}, {"Player Name": "Moeen Ali", "Dismissed by": "", "Runs": "31", "Balls Faced": "9", "Fours": "1", "Sixes": "4", "Strike Rate": "344.44"}, {"Player Name": "Chris Woakes", "Dismissed by": "", "Runs": "1", "Balls Faced": "1", "Fours": "0", "Sixes": "0", "Strike Rate": "100.00"}, {"Player Name": "Jofra Archer", "Dismissed by": "", "Runs": "-", "Balls Faced": "-", "Fours": "-", "Sixes": "-", "Strike Rate": "-"}, {"Player Name": "Adil Rashid", "Dismissed by": "", "Runs": "-", "Balls Faced": "-", "Fours": "-", "Sixes": "-", "Strike Rate": "-"}, {"Player Name": "Mark Wood", "Dismissed by": "", "Runs": "-", "Balls Faced": "-", "Fours": "-", "Sixes": "-", "Strike Rate": "-"}], "Extras": "Extras (nb 1, w 7, lb 1)", "balling": [{"player_name": "Chris Woakes", "Overs": "9", "Maidens": "0", "Runs": "45", "Wickets": "0", "Economy": "5.00", "Dots": "35"}, {"player_name": "Jofra Archer", "Overs": "10", "Maidens": "1", "Runs": "52", "Wickets": "3", "Economy": "5.20", "Dots": "38"}, {"player_name": "Moeen Ali", "Overs": "7", "Maidens": "0", "Runs": "35", "Wickets": "0", "Economy": "5.00", "Dots": "19"}, {"player_name": "Mark Wood", "Overs": "10", "Maidens": "1", "Runs": "40", "Wickets": "2", "Economy": "4.00", "Dots": "37"}, {"player_name": "Ben Stokes", "Overs": "4", "Maidens": "0", "Runs": "12", "Wickets": "0", "Economy": "3.00", "Dots": "13"}, {"player_name": "Adil Rashid", "Overs": "10", "Maidens": "0", "Runs": "66", "Wickets": "3", "Economy": "6.60", "Dots": "30"}]}, "Team2": {"Name": "Afghanistan", "score": "251/8", "overs": "50/50 ov", "rr": "RR: 5.02", "batting": [{"Player Name": "Noor Ali Zadran", "Dismissed by": "b Jofra Archer", "Runs": "0", "Balls Faced": "7", "Fours": "0", "Sixes": "0", "Strike Rate": "0.00"}, {"Player Name": "Gulbadin Naib", "Dismissed by": "c Jos Buttler b Mark Wood", "Runs": "37", "Balls Faced": "28", "Fours": "4", "Sixes": "1", "Strike Rate": "132.14"}, {"Player Name": "Rahmat Shah", "Dismissed by": "c Jonny Bairstow b Adil Rashid", "Runs": "50", "Balls Faced": "80", "Fours": "4", "Sixes": "1", "Strike Rate": "62.50"}, {"Player Name": "Hashmatullah Shahidi", "Dismissed by": "b Jofra Archer", "Runs": "76", "Balls Faced": "100", "Fours": "5", "Sixes": "2", "Strike Rate": "76.00"}, {"Player Name": "Asghar Afghan", "Dismissed by": "c Joe Root b Adil Rashid", "Runs": "44", "Balls Faced": "48", "Fours": "3", "Sixes": "2", "Strike Rate": "91.66"}, {"Player Name": "Mohammad Nabi", "Dismissed by": "c Ben Stokes b Adil Rashid", "Runs": "9", "Balls Faced": "7", "Fours": "0", "Sixes": "1", "Strike Rate": "128.57"}, {"Player Name": "Najibullah Zadran", "Dismissed by": "b Mark Wood", "Runs": "15", "Balls Faced": "13", "Fours": "0", "Sixes": "1", "Strike Rate": "115.38"}, {"Player Name": "Rashid Khan", "Dismissed by": "c Jonny Bairstow b Jofra Archer", "Runs": "8", "Balls Faced": "13", "Fours": "1", "Sixes": "0", "Strike Rate": "61.53"}, {"Player Name": "Ikram Ali Khil", "Dismissed by": "", "Runs": "3", "Balls Faced": "10", "Fours": "0", "Sixes": "0", "Strike Rate": "30.00"}, {"Player Name": "Dawlat Zadran", "Dismissed by": "", "Runs": "0", "Balls Faced": "0", "Fours": "0", "Sixes": "0", "Strike Rate": "-"}, {"Player Name": "Mujeeb Ur Rahman", "Dismissed by": "", "Runs": "-", "Balls Faced": "-", "Fours": "-", "Sixes": "-", "Strike Rate": "-"}], "Extras": "Extras (w 8, lb 1)", "balling": [{"player_name": "Mujeeb Ur Rahman", "Overs": "10", "Maidens": "0", "Runs": "44", "Wickets": "0", "Economy": "4.40", "Dots": "36"}, {"player_name": "Dawlat Zadran", "Overs": "10", "Maidens": "0", "Runs": "85", "Wickets": "3", "Economy": "8.50", "Dots": "25"}, {"player_name": "Mohammad Nabi", "Overs": "9", "Maidens": "0", "Runs": "70", "Wickets": "0", "Economy": "7.77", "Dots": "19"}, {"player_name": "Gulbadin Naib", "Overs": "10", "Maidens": "0", "Runs": "68", "Wickets": "3", "Economy": "6.80", "Dots": "29"}, {"player_name": "Rahmat Shah", "Overs": "2", "Maidens": "0", "Runs": "19", "Wickets": "0", "Economy": "9.50", "Dots": "3"}, {"player_name": "Rashid Khan", "Overs": "9", "Maidens": "0", "Runs": "110", "Wickets": "0", "Economy": "12.22", "Dots": "18"}]}, "match_id": "8215"}