{"date": "09/12/2023 11:00:00 AM", "home": "South Africa", "away": "Australia", "place": "JB Marks Oval", "result": "South Africa won by 111 runs", "Team1": {"Name": "South Africa", "score": "338/6", "overs": "50/50 ov", "rr": "RR: 6.76", "batting": [{"Player Name": "Temba Bavuma", "Dismissed by": "c Mitchell Marsh b Tanveer Sangha", "Runs": "57", "Balls Faced": "62", "Fours": "6", "Sixes": "0", "Strike Rate": "91.93"}, {"Player Name": "Quinton de Kock", "Dismissed by": "c David Warner b Travis Head", "Runs": "82", "Balls Faced": "77", "Fours": "10", "Sixes": "2", "Strike Rate": "106.49"}, {"Player Name": "Reeza Hendricks", "Dismissed by": "run out (Marnus Labuschagne)", "Runs": "39", "Balls Faced": "45", "Fours": "3", "Sixes": "0", "Strike Rate": "86.66"}, {"Player Name": "Aiden Markram", "Dismissed by": "", "Runs": "102", "Balls Faced": "74", "Fours": "9", "Sixes": "4", "Strike Rate": "137.83"}, {"Player Name": "Heinrich Klaasen", "Dismissed by": "lbw Travis Head", "Runs": "0", "Balls Faced": "2", "Fours": "0", "Sixes": "0", "Strike Rate": "0.00"}, {"Player Name": "David Miller", "Dismissed by": "c Mitchell Marsh b Marcus Stoinis", "Runs": "8", "Balls Faced": "17", "Fours": "0", "Sixes": "0", "Strike Rate": "47.05"}, {"Player Name": "Marco Jansen", "Dismissed by": "c Sean Abbott b Nathan Ellis", "Runs": "32", "Balls Faced": "16", "Fours": "4", "Sixes": "1", "Strike Rate": "200.00"}, {"Player Name": "Sisanda Magala", "Dismissed by": "", "Runs": "6", "Balls Faced": "7", "Fours": "0", "Sixes": "0", "Strike Rate": "85.71"}, {"Player Name": "Gerald Coetzee", "Dismissed by": "", "Runs": "-", "Balls Faced": "-", "Fours": "-", "Sixes": "-", "Strike Rate": "-"}, {"Player Name": "Keshav Maharaj", "Dismissed by": "", "Runs": "-", "Balls Faced": "-", "Fours": "-", "Sixes": "-", "Strike Rate": "-"}, {"Player Name": "Tabraiz Shamsi", "Dismissed by": "", "Runs": "-", "Balls Faced": "-", "Fours": "-", "Sixes": "-", "Strike Rate": "-"}], "Extras": "Extras (w 9, lb 3)", "balling": [{"player_name": "Aiden Markram", "Overs": "4", "Maidens": "0", "Runs": "33", "Wickets": "0", "Economy": "8.25", "Dots": "11"}, {"player_name": "Marco Jansen", "Overs": "3", "Maidens": "0", "Runs": "30", "Wickets": "0", "Economy": "10.00", "Dots": "6"}, {"player_name": "Sisanda Magala", "Overs": "4", "Maidens": "0", "Runs": "46", "Wickets": "1", "Economy": "11.50", "Dots": "10"}, {"player_name": "Gerald Coetzee", "Overs": "6.3", "Maidens": "0", "Runs": "50", "Wickets": "4", "Economy": "7.69", "Dots": "23"}, {"player_name": "Tabraiz Shamsi", "Overs": "7", "Maidens": "0", "Runs": "29", "Wickets": "2", "Economy": "4.14", "Dots": "29"}, {"player_name": "Keshav Maharaj", "Overs": "10", "Maidens": "2", "Runs": "37", "Wickets": "2", "Economy": "3.70", "Dots": "37"}]}, "Team2": {"Name": "Australia", "score": "227", "overs": "34.3/50 ov", "rr": "RR: 6.57", "batting": [{"Player Name": "David Warner", "Dismissed by": "run out (Keshav Maharaj)", "Runs": "78", "Balls Faced": "56", "Fours": "10", "Sixes": "3", "Strike Rate": "139.28"}, {"Player Name": "Travis Head", "Dismissed by": "c Gerald Coetzee b Sisanda Magala", "Runs": "38", "Balls Faced": "24", "Fours": "6", "Sixes": "1", "Strike Rate": "158.33"}, {"Player Name": "Mitchell Marsh", "Dismissed by": "c David Miller b Tabraiz Shamsi", "Runs": "29", "Balls Faced": "26", "Fours": "4", "Sixes": "1", "Strike Rate": "111.53"}, {"Player Name": "Marnus Labuschagne", "Dismissed by": "st Quinton de Kock b Tabraiz Shamsi", "Runs": "15", "Balls Faced": "16", "Fours": "1", "Sixes": "1", "Strike Rate": "93.75"}, {"Player Name": "Alex Carey", "Dismissed by": "b Gerald Coetzee", "Runs": "12", "Balls Faced": "23", "Fours": "1", "Sixes": "0", "Strike Rate": "52.17"}, {"Player Name": "Marcus Stoinis", "Dismissed by": "st Quinton de Kock b Keshav Maharaj", "Runs": "10", "Balls Faced": "12", "Fours": "1", "Sixes": "0", "Strike Rate": "83.33"}, {"Player Name": "Tim David", "Dismissed by": "c Bjorn Fortuin b Gerald Coetzee", "Runs": "8", "Balls Faced": "18", "Fours": "1", "Sixes": "0", "Strike Rate": "44.44"}, {"Player Name": "Sean Abbott", "Dismissed by": "b Keshav Maharaj", "Runs": "2", "Balls Faced": "3", "Fours": "0", "Sixes": "0", "Strike Rate": "66.66"}, {"Player Name": "Nathan Ellis", "Dismissed by": "c Reeza Hendricks b Gerald Coetzee", "Runs": "16", "Balls Faced": "20", "Fours": "3", "Sixes": "0", "Strike Rate": "80.00"}, {"Player Name": "Tanveer Sangha", "Dismissed by": "b Gerald Coetzee", "Runs": "0", "Balls Faced": "3", "Fours": "0", "Sixes": "0", "Strike Rate": "0.00"}, {"Player Name": "Josh Hazlewood", "Dismissed by": "", "Runs": "12", "Balls Faced": "7", "Fours": "3", "Sixes": "0", "Strike Rate": "171.42"}], "Extras": "Extras (nb 1, w 4, lb 2)", "balling": [{"player_name": "Josh Hazlewood", "Overs": "9", "Maidens": "0", "Runs": "74", "Wickets": "0", "Economy": "8.22", "Dots": "27"}, {"player_name": "Marcus Stoinis", "Overs": "10", "Maidens": "0", "Runs": "58", "Wickets": "1", "Economy": "5.80", "Dots": "27"}, {"player_name": "Sean Abbott", "Overs": "3", "Maidens": "0", "Runs": "31", "Wickets": "0", "Economy": "10.33", "Dots": "4"}, {"player_name": "Nathan Ellis", "Overs": "10", "Maidens": "0", "Runs": "69", "Wickets": "1", "Economy": "6.90", "Dots": "27"}, {"player_name": "Tanveer Sangha", "Overs": "8", "Maidens": "0", "Runs": "64", "Wickets": "1", "Economy": "8.00", "Dots": "12"}, {"player_name": "Travis Head", "Overs": "10", "Maidens": "0", "Runs": "39", "Wickets": "2", "Economy": "3.90", "Dots": "31"}]}, "match_id": "102109"}