{"date": "09/10/2023 10:00:00 AM", "home": "England", "away": "New Zealand", "place": "The Ageas Bowl", "result": "England won by 79 runs", "Team1": {"Name": "England", "score": "226/7", "overs": "34/34 ov", "rr": "RR: 6.64", "batting": [{"Player Name": "Jonny Bairstow", "Dismissed by": "c Mitch Santner b Trent Boult", "Runs": "6", "Balls Faced": "8", "Fours": "1", "Sixes": "0", "Strike Rate": "75.00"}, {"Player Name": "Harry Brook", "Dismissed by": "c Finn Allen b Matt Henry", "Runs": "2", "Balls Faced": "12", "Fours": "0", "Sixes": "0", "Strike Rate": "16.66"}, {"Player Name": "Joe Root", "Dismissed by": "lbw Trent Boult", "Runs": "0", "Balls Faced": "2", "Fours": "0", "Sixes": "0", "Strike Rate": "0.00"}, {"Player Name": "Ben Stokes", "Dismissed by": "c Tim Southee b Trent Boult", "Runs": "1", "Balls Faced": "10", "Fours": "0", "Sixes": "0", "Strike Rate": "10.00"}, {"Player Name": "Jos Buttler", "Dismissed by": "b Mitch Santner", "Runs": "30", "Balls Faced": "25", "Fours": "4", "Sixes": "0", "Strike Rate": "120.00"}, {"Player Name": "Moeen Ali", "Dismissed by": "c Glenn Phillips b Tim Southee", "Runs": "33", "Balls Faced": "32", "Fours": "3", "Sixes": "1", "Strike Rate": "103.12"}, {"Player Name": "Liam Livingstone", "Dismissed by": "", "Runs": "95", "Balls Faced": "78", "Fours": "9", "Sixes": "1", "Strike Rate": "121.79"}, {"Player Name": "Sam Curran", "Dismissed by": "c Trent Boult b Tim Southee", "Runs": "42", "Balls Faced": "35", "Fours": "1", "Sixes": "2", "Strike Rate": "120.00"}, {"Player Name": "David Willey", "Dismissed by": "", "Runs": "7", "Balls Faced": "2", "Fours": "0", "Sixes": "1", "Strike Rate": "350.00"}, {"Player Name": "Gus Atkinson", "Dismissed by": "", "Runs": "-", "Balls Faced": "-", "Fours": "-", "Sixes": "-", "Strike Rate": "-"}, {"Player Name": "Reece Topley", "Dismissed by": "", "Runs": "-", "Balls Faced": "-", "Fours": "-", "Sixes": "-", "Strike Rate": "-"}], "Extras": "Extras (w 7, b 1, lb 2)", "balling": [{"player_name": "David Willey", "Overs": "5.5", "Maidens": "0", "Runs": "34", "Wickets": "3", "Economy": "5.82", "Dots": "16"}, {"player_name": "Reece Topley", "Overs": "7", "Maidens": "0", "Runs": "27", "Wickets": "3", "Economy": "3.85", "Dots": "28"}, {"player_name": "Gus Atkinson", "Overs": "5", "Maidens": "0", "Runs": "23", "Wickets": "1", "Economy": "4.60", "Dots": "17"}, {"player_name": "Sam Curran", "Overs": "4", "Maidens": "0", "Runs": "31", "Wickets": "0", "Economy": "7.75", "Dots": "10"}, {"player_name": "Moeen Ali", "Overs": "5", "Maidens": "0", "Runs": "30", "Wickets": "2", "Economy": "6.00", "Dots": "13"}]}, "Team2": {"Name": "New Zealand", "score": "147", "overs": "26.5/34 ov", "rr": "RR: 5.47", "batting": [{"Player Name": "Finn Allen", "Dismissed by": "b David Willey", "Runs": "0", "Balls Faced": "2", "Fours": "0", "Sixes": "0", "Strike Rate": "0.00"}, {"Player Name": "Devon Conway", "Dismissed by": "c Jos Buttler b Gus Atkinson", "Runs": "14", "Balls Faced": "24", "Fours": "2", "Sixes": "0", "Strike Rate": "58.33"}, {"Player Name": "Will Young", "Dismissed by": "run out (David Willey)", "Runs": "33", "Balls Faced": "39", "Fours": "5", "Sixes": "0", "Strike Rate": "84.61"}, {"Player Name": "Daryl Mitchell", "Dismissed by": "c Reece Topley b Moeen Ali", "Runs": "57", "Balls Faced": "52", "Fours": "6", "Sixes": "1", "Strike Rate": "109.61"}, {"Player Name": "Tom Latham", "Dismissed by": "c Jos Buttler b Reece Topley", "Runs": "19", "Balls Faced": "22", "Fours": "1", "Sixes": "0", "Strike Rate": "86.36"}, {"Player Name": "Glenn Phillips", "Dismissed by": "c & b Reece Topley", "Runs": "2", "Balls Faced": "4", "Fours": "0", "Sixes": "0", "Strike Rate": "50.00"}, {"Player Name": "Rachin Ravindra", "Dismissed by": "c Joe Root b Reece Topley", "Runs": "4", "Balls Faced": "2", "Fours": "1", "Sixes": "0", "Strike Rate": "200.00"}, {"Player Name": "Mitch Santner", "Dismissed by": "c Jonny Bairstow b Moeen Ali", "Runs": "4", "Balls Faced": "8", "Fours": "0", "Sixes": "0", "Strike Rate": "50.00"}, {"Player Name": "Matt Henry", "Dismissed by": "", "Runs": "3", "Balls Faced": "3", "Fours": "0", "Sixes": "0", "Strike Rate": "100.00"}, {"Player Name": "Tim Southee", "Dismissed by": "c Jonny Bairstow b David Willey", "Runs": "4", "Balls Faced": "3", "Fours": "1", "Sixes": "0", "Strike Rate": "133.33"}, {"Player Name": "Trent Boult", "Dismissed by": "c Sam Curran b David Willey", "Runs": "1", "Balls Faced": "2", "Fours": "0", "Sixes": "0", "Strike Rate": "50.00"}], "Extras": "Extras (w 4, lb 2)", "balling": [{"player_name": "Trent Boult", "Overs": "7", "Maidens": "1", "Runs": "37", "Wickets": "3", "Economy": "5.28", "Dots": "23"}, {"player_name": "Matt Henry", "Overs": "7", "Maidens": "0", "Runs": "42", "Wickets": "1", "Economy": "6.00", "Dots": "19"}, {"player_name": "Mitch Santner", "Overs": "7", "Maidens": "0", "Runs": "38", "Wickets": "1", "Economy": "5.42", "Dots": "18"}, {"player_name": "Tim Southee", "Overs": "7", "Maidens": "0", "Runs": "65", "Wickets": "2", "Economy": "9.28", "Dots": "17"}, {"player_name": "Rachin Ravindra", "Overs": "4", "Maidens": "0", "Runs": "32", "Wickets": "0", "Economy": "8.00", "Dots": "7"}, {"player_name": "Glenn Phillips", "Overs": "2", "Maidens": "0", "Runs": "9", "Wickets": "0", "Economy": "4.50", "Dots": "5"}]}, "match_id": "101735"}