{"date": "09/23/2023 08:00:00 AM", "home": "Bangladesh", "away": "New Zealand", "place": "Sher-e-Bangla National Cricket Stadium", "result": "New Zealand won by 86 runs", "Team1": {"Name": "Bangladesh", "score": "168", "overs": "41.1/50 ov", "rr": "RR: 4.08", "batting": [{"Player Name": "Tamim Iqbal", "Dismissed by": "c Tom Blundell b Ish Sodhi", "Runs": "44", "Balls Faced": "58", "Fours": "7", "Sixes": "0", "Strike Rate": "75.86"}, {"Player Name": "Litton Das", "Dismissed by": "c Rachin Ravindra b Kyle Jamieson", "Runs": "6", "Balls Faced": "16", "Fours": "0", "Sixes": "0", "Strike Rate": "37.50"}, {"Player Name": "Tanzid Hasan Tamim", "Dismissed by": "c Lockie Ferguson b Ish Sodhi", "Runs": "16", "Balls Faced": "12", "Fours": "3", "Sixes": "0", "Strike Rate": "133.33"}, {"Player Name": "Soumya Sarkar", "Dismissed by": "c & b Ish Sodhi", "Runs": "0", "Balls Faced": "2", "Fours": "0", "Sixes": "0", "Strike Rate": "0.00"}, {"Player Name": "Towhid Hridoy", "Dismissed by": "b Ish Sodhi", "Runs": "4", "Balls Faced": "7", "Fours": "0", "Sixes": "0", "Strike Rate": "57.14"}, {"Player Name": "Mahmudullah", "Dismissed by": "c Finn Allen b Cole McConchie", "Runs": "49", "Balls Faced": "76", "Fours": "4", "Sixes": "1", "Strike Rate": "64.47"}, {"Player Name": "Mahedi Hasan", "Dismissed by": "b Ish Sodhi", "Runs": "17", "Balls Faced": "29", "Fours": "2", "Sixes": "0", "Strike Rate": "58.62"}, {"Player Name": "Nasum Ahmed", "Dismissed by": "c Trent Boult b Kyle Jamieson", "Runs": "21", "Balls Faced": "30", "Fours": "1", "Sixes": "2", "Strike Rate": "70.00"}, {"Player Name": "Hasan Mahmud", "Dismissed by": "b Ish Sodhi", "Runs": "0", "Balls Faced": "9", "Fours": "0", "Sixes": "0", "Strike Rate": "0.00"}, {"Player Name": "Mustafizur Rahman", "Dismissed by": "", "Runs": "2", "Balls Faced": "7", "Fours": "0", "Sixes": "0", "Strike Rate": "28.57"}, {"Player Name": "Syed Khaled Ahmed", "Dismissed by": "b Lockie Ferguson", "Runs": "1", "Balls Faced": "2", "Fours": "0", "Sixes": "0", "Strike Rate": "50.00"}], "Extras": "Extras (nb 1, w 4, b 1, lb 2)", "balling": [{"player_name": "Mustafizur Rahman", "Overs": "10", "Maidens": "1", "Runs": "53", "Wickets": "2", "Economy": "5.30", "Dots": "36"}, {"player_name": "Hasan Mahmud", "Overs": "10", "Maidens": "1", "Runs": "46", "Wickets": "1", "Economy": "4.60", "Dots": "41"}, {"player_name": "Syed Khaled Ahmed", "Overs": "9.2", "Maidens": "1", "Runs": "60", "Wickets": "3", "Economy": "6.42", "Dots": "32"}, {"player_name": "Mahedi Hasan", "Overs": "10", "Maidens": "0", "Runs": "45", "Wickets": "3", "Economy": "4.50", "Dots": "32"}, {"player_name": "Nasum Ahmed", "Overs": "10", "Maidens": "0", "Runs": "44", "Wickets": "1", "Economy": "4.40", "Dots": "29"}]}, "Team2": {"Name": "New Zealand", "score": "254", "overs": "49.2/50 ov", "rr": "RR: 5.14", "batting": [{"Player Name": "Finn Allen", "Dismissed by": "c Soumya Sarkar b Mustafizur Rahman", "Runs": "12", "Balls Faced": "15", "Fours": "2", "Sixes": "0", "Strike Rate": "80.00"}, {"Player Name": "Will Young", "Dismissed by": "c Litton Das b Mustafizur Rahman", "Runs": "0", "Balls Faced": "8", "Fours": "0", "Sixes": "0", "Strike Rate": "0.00"}, {"Player Name": "Chad Bowes", "Dismissed by": "c Towhid Hridoy b Syed Khaled Ahmed", "Runs": "14", "Balls Faced": "19", "Fours": "3", "Sixes": "0", "Strike Rate": "73.68"}, {"Player Name": "Henry Nicholls", "Dismissed by": "c Litton Das b Syed Khaled Ahmed", "Runs": "49", "Balls Faced": "61", "Fours": "6", "Sixes": "0", "Strike Rate": "80.32"}, {"Player Name": "Tom Blundell", "Dismissed by": "b Hasan Mahmud", "Runs": "68", "Balls Faced": "66", "Fours": "6", "Sixes": "1", "Strike Rate": "103.03"}, {"Player Name": "Rachin Ravindra", "Dismissed by": "lbw Mahedi Hasan", "Runs": "10", "Balls Faced": "14", "Fours": "2", "Sixes": "0", "Strike Rate": "71.42"}, {"Player Name": "Cole McConchie", "Dismissed by": "lbw Nasum Ahmed", "Runs": "20", "Balls Faced": "33", "Fours": "2", "Sixes": "0", "Strike Rate": "60.60"}, {"Player Name": "Ish Sodhi", "Dismissed by": "c Litton Das b Syed Khaled Ahmed", "Runs": "35", "Balls Faced": "39", "Fours": "0", "Sixes": "3", "Strike Rate": "89.74"}, {"Player Name": "Kyle Jamieson", "Dismissed by": "c & b Mahedi Hasan", "Runs": "20", "Balls Faced": "28", "Fours": "3", "Sixes": "0", "Strike Rate": "71.42"}, {"Player Name": "Lockie Ferguson", "Dismissed by": "st Litton Das b Mahedi Hasan", "Runs": "13", "Balls Faced": "13", "Fours": "1", "Sixes": "1", "Strike Rate": "100.00"}, {"Player Name": "Trent Boult", "Dismissed by": "", "Runs": "1", "Balls Faced": "2", "Fours": "0", "Sixes": "0", "Strike Rate": "50.00"}], "Extras": "Extras (nb 1, w 5, b 4, lb 2)", "balling": [{"player_name": "Trent Boult", "Overs": "8", "Maidens": "0", "Runs": "37", "Wickets": "0", "Economy": "4.62", "Dots": "33"}, {"player_name": "Kyle Jamieson", "Overs": "7", "Maidens": "1", "Runs": "32", "Wickets": "2", "Economy": "4.57", "Dots": "28"}, {"player_name": "Ish Sodhi", "Overs": "10", "Maidens": "1", "Runs": "39", "Wickets": "6", "Economy": "3.90", "Dots": "39"}, {"player_name": "Lockie Ferguson", "Overs": "6.1", "Maidens": "1", "Runs": "28", "Wickets": "1", "Economy": "4.54", "Dots": "25"}, {"player_name": "Rachin Ravindra", "Overs": "8", "Maidens": "0", "Runs": "26", "Wickets": "0", "Economy": "3.25", "Dots": "27"}, {"player_name": "Cole McConchie", "Overs": "2", "Maidens": "1", "Runs": "3", "Wickets": "1", "Economy": "1.50", "Dots": "10"}]}, "match_id": "103012"}