{"date": "01/14/2020 08:00:00 AM", "home": "India", "away": "Australia", "place": "Wankhede Stadium", "result": "Australia won by 10 wickets", "Team1": {"Name": "India", "score": "255", "overs": "49.1/50 ov", "rr": "RR: 5.18", "batting": [{"Player Name": "Rohit Sharma", "Dismissed by": "c David Warner b Mitchell Starc", "Runs": "10", "Balls Faced": "15", "Fours": "2", "Sixes": "0", "Strike Rate": "66.66"}, {"Player Name": "Shikhar Dhawan", "Dismissed by": "c Ashton Agar b Pat Cummins", "Runs": "74", "Balls Faced": "91", "Fours": "9", "Sixes": "1", "Strike Rate": "81.31"}, {"Player Name": "KL Rahul", "Dismissed by": "c David Warner b Ashton Agar", "Runs": "47", "Balls Faced": "61", "Fours": "4", "Sixes": "0", "Strike Rate": "77.04"}, {"Player Name": "Virat Kohli", "Dismissed by": "c & b Adam Zampa", "Runs": "16", "Balls Faced": "14", "Fours": "0", "Sixes": "1", "Strike Rate": "114.28"}, {"Player Name": "Shreyas Iyer", "Dismissed by": "c Alex Carey b Mitchell Starc", "Runs": "4", "Balls Faced": "9", "Fours": "0", "Sixes": "0", "Strike Rate": "44.44"}, {"Player Name": "Rishabh Pant", "Dismissed by": "c Ashton Turner b Pat Cummins", "Runs": "28", "Balls Faced": "33", "Fours": "2", "Sixes": "1", "Strike Rate": "84.84"}, {"Player Name": "Ravindra Jadeja", "Dismissed by": "c Alex Carey b Kane Richardson", "Runs": "25", "Balls Faced": "32", "Fours": "2", "Sixes": "1", "Strike Rate": "78.12"}, {"Player Name": "Shardul Thakur", "Dismissed by": "b Mitchell Starc", "Runs": "13", "Balls Faced": "10", "Fours": "2", "Sixes": "0", "Strike Rate": "130.00"}, {"Player Name": "Mohammad Shami", "Dismissed by": "c Alex Carey b Kane Richardson", "Runs": "10", "Balls Faced": "15", "Fours": "1", "Sixes": "0", "Strike Rate": "66.66"}, {"Player Name": "Kuldeep Yadav", "Dismissed by": "run out (Steve Smith)", "Runs": "17", "Balls Faced": "15", "Fours": "2", "Sixes": "0", "Strike Rate": "113.33"}, {"Player Name": "Jasprit Bumrah", "Dismissed by": "", "Runs": "0", "Balls Faced": "0", "Fours": "0", "Sixes": "0", "Strike Rate": "-"}], "Extras": "Extras (w 8, lb 3)", "balling": [{"player_name": "Mohammad Shami", "Overs": "7.4", "Maidens": "0", "Runs": "58", "Wickets": "0", "Economy": "7.56", "Dots": "23"}, {"player_name": "Jasprit Bumrah", "Overs": "7", "Maidens": "0", "Runs": "50", "Wickets": "0", "Economy": "7.14", "Dots": "24"}, {"player_name": "Shardul Thakur", "Overs": "5", "Maidens": "0", "Runs": "43", "Wickets": "0", "Economy": "8.60", "Dots": "13"}, {"player_name": "Kuldeep Yadav", "Overs": "10", "Maidens": "0", "Runs": "55", "Wickets": "0", "Economy": "5.50", "Dots": "31"}, {"player_name": "Ravindra Jadeja", "Overs": "8", "Maidens": "0", "Runs": "41", "Wickets": "0", "Economy": "5.12", "Dots": "27"}]}, "Team2": {"Name": "Australia", "score": "258/0", "overs": "37.4/50 ov", "rr": "RR: 6.84", "batting": [{"Player Name": "David Warner", "Dismissed by": "", "Runs": "128", "Balls Faced": "112", "Fours": "17", "Sixes": "3", "Strike Rate": "114.28"}, {"Player Name": "Aaron Finch", "Dismissed by": "", "Runs": "110", "Balls Faced": "114", "Fours": "13", "Sixes": "2", "Strike Rate": "96.49"}, {"Player Name": "Steve Smith", "Dismissed by": "", "Runs": "-", "Balls Faced": "-", "Fours": "-", "Sixes": "-", "Strike Rate": "-"}, {"Player Name": "Marnus Labuschagne", "Dismissed by": "", "Runs": "-", "Balls Faced": "-", "Fours": "-", "Sixes": "-", "Strike Rate": "-"}, {"Player Name": "Ashton Turner", "Dismissed by": "", "Runs": "-", "Balls Faced": "-", "Fours": "-", "Sixes": "-", "Strike Rate": "-"}, {"Player Name": "Alex Carey", "Dismissed by": "", "Runs": "-", "Balls Faced": "-", "Fours": "-", "Sixes": "-", "Strike Rate": "-"}, {"Player Name": "Ashton Agar", "Dismissed by": "", "Runs": "-", "Balls Faced": "-", "Fours": "-", "Sixes": "-", "Strike Rate": "-"}, {"Player Name": "Pat Cummins", "Dismissed by": "", "Runs": "-", "Balls Faced": "-", "Fours": "-", "Sixes": "-", "Strike Rate": "-"}, {"Player Name": "Mitchell Starc", "Dismissed by": "", "Runs": "-", "Balls Faced": "-", "Fours": "-", "Sixes": "-", "Strike Rate": "-"}, {"Player Name": "Kane Richardson", "Dismissed by": "", "Runs": "-", "Balls Faced": "-", "Fours": "-", "Sixes": "-", "Strike Rate": "-"}, {"Player Name": "Adam Zampa", "Dismissed by": "", "Runs": "-", "Balls Faced": "-", "Fours": "-", "Sixes": "-", "Strike Rate": "-"}], "Extras": "Extras (w 9, b 4, lb 7)", "balling": [{"player_name": "Mitchell Starc", "Overs": "10", "Maidens": "0", "Runs": "56", "Wickets": "3", "Economy": "5.60", "Dots": "33"}, {"player_name": "Pat Cummins", "Overs": "10", "Maidens": "1", "Runs": "44", "Wickets": "2", "Economy": "4.40", "Dots": "34"}, {"player_name": "Kane Richardson", "Overs": "9.1", "Maidens": "0", "Runs": "43", "Wickets": "2", "Economy": "4.69", "Dots": "26"}, {"player_name": "Adam Zampa", "Overs": "10", "Maidens": "0", "Runs": "53", "Wickets": "1", "Economy": "5.30", "Dots": "25"}, {"player_name": "Ashton Agar", "Overs": "10", "Maidens": "1", "Runs": "56", "Wickets": "1", "Economy": "5.60", "Dots": "32"}]}, "match_id": "15317"}