{"date": "05/23/2021 07:00:00 AM", "home": "Bangladesh", "away": "Sri Lanka", "place": "Sher-e-Bangla National Cricket Stadium", "result": "Bangladesh win by 33 runs", "Team1": {"Name": "Bangladesh", "score": "257/6", "overs": "50/50 ov", "rr": "RR: 5.14", "batting": [{"Player Name": "Tamim Iqbal", "Dismissed by": "lbw Dhananjaya de Silva", "Runs": "52", "Balls Faced": "70", "Fours": "6", "Sixes": "1", "Strike Rate": "74.28"}, {"Player Name": "Litton Das", "Dismissed by": "c Dhananjaya de Silva b Dushmantha Chameera", "Runs": "0", "Balls Faced": "3", "Fours": "0", "Sixes": "0", "Strike Rate": "0.00"}, {"Player Name": "Shakib Al Hasan", "Dismissed by": "c Pathum Nissanka b Danushka Gunathilaka", "Runs": "15", "Balls Faced": "34", "Fours": "2", "Sixes": "0", "Strike Rate": "44.11"}, {"Player Name": "Mushfiqur Rahim", "Dismissed by": "c Isuru Udana b Lakshan Sandakan", "Runs": "84", "Balls Faced": "87", "Fours": "4", "Sixes": "1", "Strike Rate": "96.55"}, {"Player Name": "Mohammad Mithun", "Dismissed by": "lbw Dhananjaya de Silva", "Runs": "0", "Balls Faced": "1", "Fours": "0", "Sixes": "0", "Strike Rate": "0.00"}, {"Player Name": "Mahmudullah", "Dismissed by": "b Dhananjaya de Silva", "Runs": "54", "Balls Faced": "76", "Fours": "2", "Sixes": "1", "Strike Rate": "71.05"}, {"Player Name": "Afif Hossain", "Dismissed by": "", "Runs": "27", "Balls Faced": "22", "Fours": "3", "Sixes": "0", "Strike Rate": "122.72"}, {"Player Name": "Mohammad Saifuddin", "Dismissed by": "", "Runs": "13", "Balls Faced": "9", "Fours": "2", "Sixes": "0", "Strike Rate": "144.44"}, {"Player Name": "Mehidy Hasan", "Dismissed by": "", "Runs": "-", "Balls Faced": "-", "Fours": "-", "Sixes": "-", "Strike Rate": "-"}, {"Player Name": "Taskin Ahmed", "Dismissed by": "", "Runs": "-", "Balls Faced": "-", "Fours": "-", "Sixes": "-", "Strike Rate": "-"}, {"Player Name": "Mustafizur Rahman", "Dismissed by": "", "Runs": "-", "Balls Faced": "-", "Fours": "-", "Sixes": "-", "Strike Rate": "-"}], "Extras": "Extras (nb 2, w 9, lb 1)", "balling": [{"player_name": "Mehidy Hasan", "Overs": "10", "Maidens": "2", "Runs": "30", "Wickets": "4", "Economy": "3.00", "Dots": "44"}, {"player_name": "Taskin Ahmed", "Overs": "9", "Maidens": "0", "Runs": "62", "Wickets": "0", "Economy": "6.88", "Dots": "28"}, {"player_name": "Mustafizur Rahman", "Overs": "9", "Maidens": "0", "Runs": "34", "Wickets": "3", "Economy": "3.77", "Dots": "34"}, {"player_name": "Mohammad Saifuddin", "Overs": "10", "Maidens": "0", "Runs": "49", "Wickets": "2", "Economy": "4.90", "Dots": "25"}, {"player_name": "Shakib Al Hasan", "Overs": "10", "Maidens": "0", "Runs": "44", "Wickets": "1", "Economy": "4.40", "Dots": "32"}, {"player_name": "Mahmudullah", "Overs": "0.1", "Maidens": "0", "Runs": "1", "Wickets": "0", "Economy": "6.00", "Dots": "0"}]}, "Team2": {"Name": "Sri Lanka", "score": "224", "overs": "48.1/50 ov", "rr": "RR: 4.65", "batting": [{"Player Name": "Danushka Gunathilaka", "Dismissed by": "c & b Mehidy Hasan", "Runs": "21", "Balls Faced": "19", "Fours": "5", "Sixes": "0", "Strike Rate": "110.52"}, {"Player Name": "Kusal Perera", "Dismissed by": "b Mehidy Hasan", "Runs": "30", "Balls Faced": "50", "Fours": "1", "Sixes": "0", "Strike Rate": "60.00"}, {"Player Name": "Pathum Nissanka", "Dismissed by": "c Afif Hossain b Mustafizur Rahman", "Runs": "8", "Balls Faced": "13", "Fours": "1", "Sixes": "0", "Strike Rate": "61.53"}, {"Player Name": "Kusal Mendis", "Dismissed by": "c Mehidy Hasan b Shakib Al Hasan", "Runs": "24", "Balls Faced": "36", "Fours": "2", "Sixes": "0", "Strike Rate": "66.66"}, {"Player Name": "Dhananjaya de Silva", "Dismissed by": "b Mehidy Hasan", "Runs": "9", "Balls Faced": "15", "Fours": "1", "Sixes": "0", "Strike Rate": "60.00"}, {"Player Name": "Ashen Bandara", "Dismissed by": "b Mehidy Hasan", "Runs": "3", "Balls Faced": "24", "Fours": "0", "Sixes": "0", "Strike Rate": "12.50"}, {"Player Name": "Dasun Shanaka", "Dismissed by": "b Mohammad Saifuddin", "Runs": "14", "Balls Faced": "25", "Fours": "1", "Sixes": "0", "Strike Rate": "56.00"}, {"Player Name": "Wanindu Hasaranga", "Dismissed by": "c Afif Hossain b Mohammad Saifuddin", "Runs": "74", "Balls Faced": "60", "Fours": "3", "Sixes": "5", "Strike Rate": "123.33"}, {"Player Name": "Isuru Udana", "Dismissed by": "c Mehidy Hasan b Mustafizur Rahman", "Runs": "21", "Balls Faced": "23", "Fours": "2", "Sixes": "0", "Strike Rate": "91.30"}, {"Player Name": "Lakshan Sandakan", "Dismissed by": "", "Runs": "8", "Balls Faced": "12", "Fours": "1", "Sixes": "0", "Strike Rate": "66.66"}, {"Player Name": "Dushmantha Chameera", "Dismissed by": "c Mohammad Saifuddin b Mustafizur Rahman", "Runs": "5", "Balls Faced": "12", "Fours": "0", "Sixes": "0", "Strike Rate": "41.66"}], "Extras": "Extras (w 3, lb 4)", "balling": [{"player_name": "Isuru Udana", "Overs": "10", "Maidens": "1", "Runs": "64", "Wickets": "0", "Economy": "6.40", "Dots": "29"}, {"player_name": "Dushmantha Chameera", "Overs": "8", "Maidens": "0", "Runs": "39", "Wickets": "1", "Economy": "4.87", "Dots": "25"}, {"player_name": "Dhananjaya de Silva", "Overs": "10", "Maidens": "0", "Runs": "45", "Wickets": "3", "Economy": "4.50", "Dots": "29"}, {"player_name": "Danushka Gunathilaka", "Overs": "2", "Maidens": "0", "Runs": "5", "Wickets": "1", "Economy": "2.50", "Dots": "7"}, {"player_name": "Wanindu Hasaranga", "Overs": "10", "Maidens": "0", "Runs": "48", "Wickets": "0", "Economy": "4.80", "Dots": "31"}, {"player_name": "Lakshan Sandakan", "Overs": "10", "Maidens": "0", "Runs": "55", "Wickets": "1", "Economy": "5.50", "Dots": "27"}]}, "match_id": "31758"}