{"date": "09/12/2023 09:30:00 AM", "home": "India", "away": "Sri Lanka", "place": "R.Premadasa Stadium", "result": "India won by 41 runs", "Team1": {"Name": "India", "score": "213", "overs": "49.1/50 ov", "rr": "RR: 4.33", "batting": [{"Player Name": "Rohit Sharma", "Dismissed by": "b Dunith Wellalage", "Runs": "53", "Balls Faced": "48", "Fours": "7", "Sixes": "2", "Strike Rate": "110.41"}, {"Player Name": "Shubman Gill", "Dismissed by": "b Dunith Wellalage", "Runs": "19", "Balls Faced": "25", "Fours": "2", "Sixes": "0", "Strike Rate": "76.00"}, {"Player Name": "Virat Kohli", "Dismissed by": "c Dasun Shanaka b Dunith Wellalage", "Runs": "3", "Balls Faced": "12", "Fours": "0", "Sixes": "0", "Strike Rate": "25.00"}, {"Player Name": "Ishan Kishan", "Dismissed by": "c Dunith Wellalage b Charith Asalanka", "Runs": "33", "Balls Faced": "61", "Fours": "1", "Sixes": "1", "Strike Rate": "54.09"}, {"Player Name": "KL Rahul", "Dismissed by": "c & b Dunith Wellalage", "Runs": "39", "Balls Faced": "44", "Fours": "2", "Sixes": "0", "Strike Rate": "88.63"}, {"Player Name": "Hardik Pandya", "Dismissed by": "c Kusal Mendis b Dunith Wellalage", "Runs": "5", "Balls Faced": "18", "Fours": "0", "Sixes": "0", "Strike Rate": "27.77"}, {"Player Name": "Ravindra Jadeja", "Dismissed by": "c Kusal Mendis b Charith Asalanka", "Runs": "4", "Balls Faced": "19", "Fours": "0", "Sixes": "0", "Strike Rate": "21.05"}, {"Player Name": "Axar Patel", "Dismissed by": "c Sadeera Samarawickrama b Maheesh Theekshana", "Runs": "26", "Balls Faced": "36", "Fours": "0", "Sixes": "1", "Strike Rate": "72.22"}, {"Player Name": "Jasprit Bumrah", "Dismissed by": "b Charith Asalanka", "Runs": "5", "Balls Faced": "12", "Fours": "0", "Sixes": "0", "Strike Rate": "41.66"}, {"Player Name": "Kuldeep Yadav", "Dismissed by": "c Dhananjaya de Silva b Charith Asalanka", "Runs": "0", "Balls Faced": "1", "Fours": "0", "Sixes": "0", "Strike Rate": "0.00"}, {"Player Name": "Mohammed Siraj", "Dismissed by": "", "Runs": "5", "Balls Faced": "19", "Fours": "0", "Sixes": "0", "Strike Rate": "26.31"}], "Extras": "Extras (w 20, lb 1)", "balling": [{"player_name": "Jasprit Bumrah", "Overs": "7", "Maidens": "1", "Runs": "30", "Wickets": "2", "Economy": "4.28", "Dots": "31"}, {"player_name": "Mohammed Siraj", "Overs": "5", "Maidens": "2", "Runs": "17", "Wickets": "1", "Economy": "3.40", "Dots": "23"}, {"player_name": "Hardik Pandya", "Overs": "5", "Maidens": "0", "Runs": "14", "Wickets": "1", "Economy": "2.80", "Dots": "20"}, {"player_name": "Kuldeep Yadav", "Overs": "9.3", "Maidens": "0", "Runs": "43", "Wickets": "4", "Economy": "4.52", "Dots": "33"}, {"player_name": "Ravindra Jadeja", "Overs": "10", "Maidens": "0", "Runs": "33", "Wickets": "2", "Economy": "3.30", "Dots": "36"}, {"player_name": "Axar Patel", "Overs": "5", "Maidens": "0", "Runs": "29", "Wickets": "0", "Economy": "5.80", "Dots": "15"}]}, "Team2": {"Name": "Sri Lanka", "score": "172", "overs": "41.3/50 ov", "rr": "RR: 4.14", "batting": [{"Player Name": "Pathum Nissanka", "Dismissed by": "c KL Rahul b Jasprit Bumrah", "Runs": "6", "Balls Faced": "7", "Fours": "1", "Sixes": "0", "Strike Rate": "85.71"}, {"Player Name": "Dimuth Karunaratne", "Dismissed by": "c Shubman Gill b Mohammed Siraj", "Runs": "2", "Balls Faced": "18", "Fours": "0", "Sixes": "0", "Strike Rate": "11.11"}, {"Player Name": "Kusal Mendis", "Dismissed by": "c Suryakumar Yadav b Jasprit Bumrah", "Runs": "15", "Balls Faced": "16", "Fours": "3", "Sixes": "0", "Strike Rate": "93.75"}, {"Player Name": "Sadeera Samarawickrama", "Dismissed by": "st KL Rahul b Kuldeep Yadav", "Runs": "17", "Balls Faced": "31", "Fours": "1", "Sixes": "0", "Strike Rate": "54.83"}, {"Player Name": "Charith Asalanka", "Dismissed by": "c KL Rahul b Kuldeep Yadav", "Runs": "22", "Balls Faced": "35", "Fours": "2", "Sixes": "0", "Strike Rate": "62.85"}, {"Player Name": "Dhananjaya de Silva", "Dismissed by": "c Shubman Gill b Ravindra Jadeja", "Runs": "41", "Balls Faced": "66", "Fours": "5", "Sixes": "0", "Strike Rate": "62.12"}, {"Player Name": "Dasun Shanaka", "Dismissed by": "c Rohit Sharma b Ravindra Jadeja", "Runs": "9", "Balls Faced": "13", "Fours": "1", "Sixes": "0", "Strike Rate": "69.23"}, {"Player Name": "Dunith Wellalage", "Dismissed by": "", "Runs": "42", "Balls Faced": "46", "Fours": "3", "Sixes": "1", "Strike Rate": "91.30"}, {"Player Name": "Maheesh Theekshana", "Dismissed by": "c Suryakumar Yadav b Hardik Pandya", "Runs": "2", "Balls Faced": "14", "Fours": "0", "Sixes": "0", "Strike Rate": "14.28"}, {"Player Name": "Kasun Rajitha", "Dismissed by": "b Kuldeep Yadav", "Runs": "1", "Balls Faced": "2", "Fours": "0", "Sixes": "0", "Strike Rate": "50.00"}, {"Player Name": "Matheesha Pathirana", "Dismissed by": "b Kuldeep Yadav", "Runs": "0", "Balls Faced": "2", "Fours": "0", "Sixes": "0", "Strike Rate": "0.00"}], "Extras": "Extras (nb 1, w 8, lb 6)", "balling": [{"player_name": "Kasun Rajitha", "Overs": "4", "Maidens": "0", "Runs": "30", "Wickets": "0", "Economy": "7.50", "Dots": "14"}, {"player_name": "Maheesh Theekshana", "Overs": "9.1", "Maidens": "0", "Runs": "41", "Wickets": "1", "Economy": "4.47", "Dots": "28"}, {"player_name": "Dasun Shanaka", "Overs": "3", "Maidens": "0", "Runs": "24", "Wickets": "0", "Economy": "8.00", "Dots": "10"}, {"player_name": "Matheesha Pathirana", "Overs": "4", "Maidens": "0", "Runs": "31", "Wickets": "0", "Economy": "7.75", "Dots": "13"}, {"player_name": "Dunith Wellalage", "Overs": "10", "Maidens": "1", "Runs": "40", "Wickets": "5", "Economy": "4.00", "Dots": "37"}, {"player_name": "Dhananjaya de Silva", "Overs": "10", "Maidens": "0", "Runs": "28", "Wickets": "0", "Economy": "2.80", "Dots": "34"}, {"player_name": "Charith Asalanka", "Overs": "9", "Maidens": "1", "Runs": "18", "Wickets": "4", "Economy": "2.00", "Dots": "37"}]}, "match_id": "102844"}