{"date": "07/14/2019 09:30:00 AM", "home": "New Zealand", "away": "England", "place": "Lord's Cricket Ground", "result": "Match tied (England win the Super Over)", "Team1": {"Name": "New Zealand", "score": "241/8", "overs": "50/50 ov", "rr": "RR: 4.82", "batting": [{"Player Name": "Martin Guptill", "Dismissed by": "lbw Chris Woakes", "Runs": "19", "Balls Faced": "18", "Fours": "2", "Sixes": "1", "Strike Rate": "105.55"}, {"Player Name": "Henry Nicholls", "Dismissed by": "b Liam Plunkett", "Runs": "55", "Balls Faced": "77", "Fours": "4", "Sixes": "0", "Strike Rate": "71.42"}, {"Player Name": "Kane Williamson", "Dismissed by": "c Jos Buttler b Liam Plunkett", "Runs": "30", "Balls Faced": "53", "Fours": "2", "Sixes": "0", "Strike Rate": "56.60"}, {"Player Name": "Ross Taylor", "Dismissed by": "lbw Mark Wood", "Runs": "15", "Balls Faced": "31", "Fours": "0", "Sixes": "0", "Strike Rate": "48.38"}, {"Player Name": "Tom Latham", "Dismissed by": "c Sub b Chris Woakes", "Runs": "47", "Balls Faced": "56", "Fours": "2", "Sixes": "1", "Strike Rate": "83.92"}, {"Player Name": "Jimmy Neesham", "Dismissed by": "c Joe Root b Liam Plunkett", "Runs": "19", "Balls Faced": "25", "Fours": "3", "Sixes": "0", "Strike Rate": "76.00"}, {"Player Name": "Colin de Grandhomme", "Dismissed by": "c Sub b Chris Woakes", "Runs": "16", "Balls Faced": "28", "Fours": "0", "Sixes": "0", "Strike Rate": "57.14"}, {"Player Name": "Mitchell Santner", "Dismissed by": "", "Runs": "5", "Balls Faced": "9", "Fours": "0", "Sixes": "0", "Strike Rate": "55.55"}, {"Player Name": "Matt Henry", "Dismissed by": "b Jofra Archer", "Runs": "4", "Balls Faced": "2", "Fours": "1", "Sixes": "0", "Strike Rate": "200.00"}, {"Player Name": "Trent Boult", "Dismissed by": "", "Runs": "1", "Balls Faced": "2", "Fours": "0", "Sixes": "0", "Strike Rate": "50.00"}, {"Player Name": "Lockie Ferguson", "Dismissed by": "", "Runs": "-", "Balls Faced": "-", "Fours": "-", "Sixes": "-", "Strike Rate": "-"}], "Extras": "Extras (nb 1, w 17, lb 12)", "balling": [{"player_name": "Trent Boult", "Overs": "10", "Maidens": "0", "Runs": "67", "Wickets": "0", "Economy": "6.70", "Dots": "31"}, {"player_name": "Matt Henry", "Overs": "10", "Maidens": "2", "Runs": "40", "Wickets": "1", "Economy": "4.00", "Dots": "39"}, {"player_name": "Colin de Grandhomme", "Overs": "10", "Maidens": "2", "Runs": "25", "Wickets": "1", "Economy": "2.50", "Dots": "41"}, {"player_name": "Lockie Ferguson", "Overs": "10", "Maidens": "0", "Runs": "50", "Wickets": "3", "Economy": "5.00", "Dots": "35"}, {"player_name": "Jimmy Neesham", "Overs": "7", "Maidens": "0", "Runs": "43", "Wickets": "3", "Economy": "6.14", "Dots": "19"}, {"player_name": "Mitchell Santner", "Overs": "3", "Maidens": "0", "Runs": "11", "Wickets": "0", "Economy": "3.66", "Dots": "8"}]}, "Team2": {"Name": "England", "score": "241", "overs": "50/50 ov", "rr": "RR: 4.82", "batting": [{"Player Name": "Jason Roy", "Dismissed by": "c Tom Latham b Matt Henry", "Runs": "17", "Balls Faced": "20", "Fours": "3", "Sixes": "0", "Strike Rate": "85.00"}, {"Player Name": "Jonny Bairstow", "Dismissed by": "b Lockie Ferguson", "Runs": "36", "Balls Faced": "55", "Fours": "7", "Sixes": "0", "Strike Rate": "65.45"}, {"Player Name": "Joe Root", "Dismissed by": "c Tom Latham b Colin de Grandhomme", "Runs": "7", "Balls Faced": "30", "Fours": "0", "Sixes": "0", "Strike Rate": "23.33"}, {"Player Name": "Eoin Morgan", "Dismissed by": "c Lockie Ferguson b Jimmy Neesham", "Runs": "9", "Balls Faced": "22", "Fours": "0", "Sixes": "0", "Strike Rate": "40.90"}, {"Player Name": "Ben Stokes", "Dismissed by": "", "Runs": "84", "Balls Faced": "98", "Fours": "5", "Sixes": "2", "Strike Rate": "85.71"}, {"Player Name": "Jos Buttler", "Dismissed by": "c Sub b Lockie Ferguson", "Runs": "59", "Balls Faced": "60", "Fours": "6", "Sixes": "0", "Strike Rate": "98.33"}, {"Player Name": "Chris Woakes", "Dismissed by": "c Tom Latham b Lockie Ferguson", "Runs": "2", "Balls Faced": "4", "Fours": "0", "Sixes": "0", "Strike Rate": "50.00"}, {"Player Name": "Liam Plunkett", "Dismissed by": "c Trent Boult b Jimmy Neesham", "Runs": "10", "Balls Faced": "10", "Fours": "1", "Sixes": "0", "Strike Rate": "100.00"}, {"Player Name": "Jofra Archer", "Dismissed by": "b Jimmy Neesham", "Runs": "0", "Balls Faced": "1", "Fours": "0", "Sixes": "0", "Strike Rate": "0.00"}, {"Player Name": "Adil Rashid", "Dismissed by": "run out (Mitchell Santner/Trent Boult)", "Runs": "0", "Balls Faced": "0", "Fours": "0", "Sixes": "0", "Strike Rate": "-"}, {"Player Name": "Mark Wood", "Dismissed by": "run out (Jimmy Neesham/Trent Boult)", "Runs": "0", "Balls Faced": "0", "Fours": "0", "Sixes": "0", "Strike Rate": "-"}], "Extras": "Extras (w 12, b 2, lb 3)", "balling": [{"player_name": "Chris Woakes", "Overs": "9", "Maidens": "0", "Runs": "37", "Wickets": "3", "Economy": "4.11", "Dots": "37"}, {"player_name": "Jofra Archer", "Overs": "10", "Maidens": "0", "Runs": "42", "Wickets": "1", "Economy": "4.20", "Dots": "33"}, {"player_name": "Liam Plunkett", "Overs": "10", "Maidens": "0", "Runs": "42", "Wickets": "3", "Economy": "4.20", "Dots": "36"}, {"player_name": "Mark Wood", "Overs": "10", "Maidens": "1", "Runs": "49", "Wickets": "1", "Economy": "4.90", "Dots": "33"}, {"player_name": "Adil Rashid", "Overs": "8", "Maidens": "0", "Runs": "39", "Wickets": "0", "Economy": "4.87", "Dots": "15"}, {"player_name": "Ben Stokes", "Overs": "3", "Maidens": "0", "Runs": "20", "Wickets": "0", "Economy": "6.66", "Dots": "6"}]}, "match_id": "8239"}