{"date": "09/30/2019 10:00:00 AM", "home": "Pakistan", "away": "Sri Lanka", "place": "National Stadium", "result": "Pakistan win by 67 runs", "Team1": {"Name": "Pakistan", "score": "305/7", "overs": "50/50 ov", "rr": "RR: 6.10", "batting": [{"Player Name": "Fakhar Zaman", "Dismissed by": "c Isuru Udana b Wanindu Hasaranga", "Runs": "54", "Balls Faced": "65", "Fours": "6", "Sixes": "1", "Strike Rate": "83.07"}, {"Player Name": "Imam-ul-Haq", "Dismissed by": "lbw Wanindu Hasaranga", "Runs": "31", "Balls Faced": "41", "Fours": "1", "Sixes": "0", "Strike Rate": "75.60"}, {"Player Name": "Babar Azam", "Dismissed by": "c Wanindu Hasaranga b Lahiru Kumara", "Runs": "115", "Balls Faced": "105", "Fours": "8", "Sixes": "4", "Strike Rate": "109.52"}, {"Player Name": "Haris Sohail", "Dismissed by": "run out (Sadeera Samarawickrama/Nuwan Pradeep)", "Runs": "40", "Balls Faced": "48", "Fours": "1", "Sixes": "0", "Strike Rate": "83.33"}, {"Player Name": "Sarfaraz Ahmed", "Dismissed by": "run out (Lahiru Thirimanne)", "Runs": "8", "Balls Faced": "12", "Fours": "0", "Sixes": "0", "Strike Rate": "66.66"}, {"Player Name": "Iftikhar Ahmed", "Dismissed by": "", "Runs": "32", "Balls Faced": "20", "Fours": "2", "Sixes": "2", "Strike Rate": "160.00"}, {"Player Name": "Imad Wasim", "Dismissed by": "c Oshada Fernando b Isuru Udana", "Runs": "12", "Balls Faced": "8", "Fours": "2", "Sixes": "0", "Strike Rate": "150.00"}, {"Player Name": "Wahab Riaz", "Dismissed by": "run out (Wanindu Hasaranga/Nuwan Pradeep)", "Runs": "2", "Balls Faced": "2", "Fours": "0", "Sixes": "0", "Strike Rate": "100.00"}, {"Player Name": "Shadab Khan", "Dismissed by": "", "Runs": "-", "Balls Faced": "-", "Fours": "-", "Sixes": "-", "Strike Rate": "-"}, {"Player Name": "Mohammad Amir", "Dismissed by": "", "Runs": "-", "Balls Faced": "-", "Fours": "-", "Sixes": "-", "Strike Rate": "-"}, {"Player Name": "Usman Shinwari", "Dismissed by": "", "Runs": "-", "Balls Faced": "-", "Fours": "-", "Sixes": "-", "Strike Rate": "-"}], "Extras": "Extras (nb 1, w 2, lb 8)", "balling": [{"player_name": "Mohammad Amir", "Overs": "7", "Maidens": "1", "Runs": "21", "Wickets": "1", "Economy": "3.00", "Dots": "30"}, {"player_name": "Usman Shinwari", "Overs": "10", "Maidens": "1", "Runs": "51", "Wickets": "5", "Economy": "5.10", "Dots": "33"}, {"player_name": "Imad Wasim", "Overs": "7", "Maidens": "1", "Runs": "38", "Wickets": "1", "Economy": "5.42", "Dots": "20"}, {"player_name": "Wahab Riaz", "Overs": "9", "Maidens": "0", "Runs": "27", "Wickets": "1", "Economy": "3.00", "Dots": "33"}, {"player_name": "Shadab Khan", "Overs": "9.5", "Maidens": "0", "Runs": "76", "Wickets": "2", "Economy": "7.72", "Dots": "30"}, {"player_name": "Iftikhar Ahmed", "Overs": "4", "Maidens": "1", "Runs": "9", "Wickets": "0", "Economy": "2.25", "Dots": "18"}]}, "Team2": {"Name": "Sri Lanka", "score": "238", "overs": "46.5/50 ov", "rr": "RR: 5.08", "batting": [{"Player Name": "Danushka Gunathilaka", "Dismissed by": "c Imad Wasim b Mohammad Amir", "Runs": "14", "Balls Faced": "19", "Fours": "2", "Sixes": "0", "Strike Rate": "73.68"}, {"Player Name": "Sadeera Samarawickrama", "Dismissed by": "b Usman Shinwari", "Runs": "6", "Balls Faced": "14", "Fours": "1", "Sixes": "0", "Strike Rate": "42.85"}, {"Player Name": "Avishka Fernando", "Dismissed by": "c Fakhar Zaman b Usman Shinwari", "Runs": "0", "Balls Faced": "7", "Fours": "0", "Sixes": "0", "Strike Rate": "0.00"}, {"Player Name": "Oshada Fernando", "Dismissed by": "lbw Imad Wasim", "Runs": "1", "Balls Faced": "14", "Fours": "0", "Sixes": "0", "Strike Rate": "7.14"}, {"Player Name": "Lahiru Thirimanne", "Dismissed by": "c Sarfaraz Ahmed b Usman Shinwari", "Runs": "0", "Balls Faced": "3", "Fours": "0", "Sixes": "0", "Strike Rate": "0.00"}, {"Player Name": "Shehan Jayasuriya", "Dismissed by": "c Sarfaraz Ahmed b Usman Shinwari", "Runs": "96", "Balls Faced": "109", "Fours": "7", "Sixes": "1", "Strike Rate": "88.07"}, {"Player Name": "Dasun Shanaka", "Dismissed by": "c Fakhar Zaman b Shadab Khan", "Runs": "68", "Balls Faced": "80", "Fours": "6", "Sixes": "2", "Strike Rate": "85.00"}, {"Player Name": "Wanindu Hasaranga", "Dismissed by": "c Iftikhar Ahmed b Shadab Khan", "Runs": "30", "Balls Faced": "23", "Fours": "1", "Sixes": "2", "Strike Rate": "130.43"}, {"Player Name": "Isuru Udana", "Dismissed by": "c Sarfaraz Ahmed b Usman Shinwari", "Runs": "1", "Balls Faced": "4", "Fours": "0", "Sixes": "0", "Strike Rate": "25.00"}, {"Player Name": "Lahiru Kumara", "Dismissed by": "lbw Wahab Riaz", "Runs": "1", "Balls Faced": "8", "Fours": "0", "Sixes": "0", "Strike Rate": "12.50"}, {"Player Name": "Nuwan Pradeep", "Dismissed by": "", "Runs": "0", "Balls Faced": "0", "Fours": "0", "Sixes": "0", "Strike Rate": "-"}], "Extras": "Extras (w 5, b 1, lb 15)", "balling": [{"player_name": "Shehan Jayasuriya", "Overs": "10", "Maidens": "1", "Runs": "48", "Wickets": "0", "Economy": "4.80", "Dots": "23"}, {"player_name": "Nuwan Pradeep", "Overs": "9", "Maidens": "0", "Runs": "59", "Wickets": "0", "Economy": "6.55", "Dots": "25"}, {"player_name": "Isuru Udana", "Overs": "9", "Maidens": "0", "Runs": "60", "Wickets": "1", "Economy": "6.66", "Dots": "23"}, {"player_name": "Lahiru Kumara", "Overs": "10", "Maidens": "0", "Runs": "59", "Wickets": "1", "Economy": "5.90", "Dots": "26"}, {"player_name": "Danushka Gunathilaka", "Overs": "2", "Maidens": "0", "Runs": "8", "Wickets": "0", "Economy": "4.00", "Dots": "4"}, {"player_name": "Wanindu Hasaranga", "Overs": "10", "Maidens": "0", "Runs": "63", "Wickets": "2", "Economy": "6.30", "Dots": "24"}]}, "match_id": "18114"}