{"date": "03/25/2021 10:00:00 PM", "home": "New Zealand", "away": "Bangladesh", "place": "Basin Reserve", "result": "New Zealand win by 164 runs", "Team1": {"Name": "New Zealand", "score": "318/6", "overs": "50/50 ov", "rr": "RR: 6.36", "batting": [{"Player Name": "Martin Guptill", "Dismissed by": "c Litton Das b Rubel Hossain", "Runs": "26", "Balls Faced": "28", "Fours": "2", "Sixes": "0", "Strike Rate": "92.85"}, {"Player Name": "Henry Nicholls", "Dismissed by": "c Litton Das b Taskin Ahmed", "Runs": "18", "Balls Faced": "21", "Fours": "2", "Sixes": "0", "Strike Rate": "85.71"}, {"Player Name": "Devon Conway", "Dismissed by": "c Sub b Mustafizur Rahman", "Runs": "126", "Balls Faced": "110", "Fours": "17", "Sixes": "0", "Strike Rate": "114.54"}, {"Player Name": "Ross Taylor", "Dismissed by": "c Mushfiqur Rahim b Rubel Hossain", "Runs": "7", "Balls Faced": "14", "Fours": "1", "Sixes": "0", "Strike Rate": "50.00"}, {"Player Name": "Tom Latham", "Dismissed by": "c Mehidy Hasan b Soumya Sarkar", "Runs": "18", "Balls Faced": "33", "Fours": "1", "Sixes": "0", "Strike Rate": "54.54"}, {"Player Name": "Daryl Mitchell", "Dismissed by": "", "Runs": "100", "Balls Faced": "92", "Fours": "9", "Sixes": "2", "Strike Rate": "108.69"}, {"Player Name": "Jimmy Neesham", "Dismissed by": "c Litton Das b Rubel Hossain", "Runs": "4", "Balls Faced": "4", "Fours": "0", "Sixes": "0", "Strike Rate": "100.00"}, {"Player Name": "Mitchell Santner", "Dismissed by": "", "Runs": "3", "Balls Faced": "1", "Fours": "0", "Sixes": "0", "Strike Rate": "300.00"}, {"Player Name": "Kyle Jamieson", "Dismissed by": "", "Runs": "-", "Balls Faced": "-", "Fours": "-", "Sixes": "-", "Strike Rate": "-"}, {"Player Name": "Matt Henry", "Dismissed by": "", "Runs": "-", "Balls Faced": "-", "Fours": "-", "Sixes": "-", "Strike Rate": "-"}, {"Player Name": "Trent Boult", "Dismissed by": "", "Runs": "-", "Balls Faced": "-", "Fours": "-", "Sixes": "-", "Strike Rate": "-"}], "Extras": "Extras (nb 3, w 10, b 1, lb 2)", "balling": [{"player_name": "Matt Henry", "Overs": "10", "Maidens": "2", "Runs": "27", "Wickets": "4", "Economy": "2.70", "Dots": "43"}, {"player_name": "Trent Boult", "Overs": "10", "Maidens": "1", "Runs": "37", "Wickets": "0", "Economy": "3.70", "Dots": "45"}, {"player_name": "Kyle Jamieson", "Overs": "8", "Maidens": "0", "Runs": "30", "Wickets": "1", "Economy": "3.75", "Dots": "34"}, {"player_name": "Jimmy Neesham", "Overs": "7.4", "Maidens": "1", "Runs": "27", "Wickets": "5", "Economy": "3.52", "Dots": "32"}, {"player_name": "Daryl Mitchell", "Overs": "4", "Maidens": "0", "Runs": "25", "Wickets": "0", "Economy": "6.25", "Dots": "12"}, {"player_name": "Mitchell Santner", "Overs": "3", "Maidens": "0", "Runs": "7", "Wickets": "0", "Economy": "2.33", "Dots": "11"}]}, "Team2": {"Name": "Bangladesh", "score": "154", "overs": "42.4/50 ov", "rr": "RR: 3.60", "batting": [{"Player Name": "Tamim Iqbal", "Dismissed by": "c Tom Latham b Matt Henry", "Runs": "1", "Balls Faced": "9", "Fours": "0", "Sixes": "0", "Strike Rate": "11.11"}, {"Player Name": "Litton Das", "Dismissed by": "c Trent Boult b Matt Henry", "Runs": "21", "Balls Faced": "21", "Fours": "3", "Sixes": "0", "Strike Rate": "100.00"}, {"Player Name": "Soumya Sarkar", "Dismissed by": "c Trent Boult b Matt Henry", "Runs": "1", "Balls Faced": "6", "Fours": "0", "Sixes": "0", "Strike Rate": "16.66"}, {"Player Name": "Mohammad Mithun", "Dismissed by": "c Mitchell Santner b Kyle Jamieson", "Runs": "6", "Balls Faced": "39", "Fours": "0", "Sixes": "0", "Strike Rate": "15.38"}, {"Player Name": "Mushfiqur Rahim", "Dismissed by": "c & b Jimmy Neesham", "Runs": "21", "Balls Faced": "44", "Fours": "1", "Sixes": "0", "Strike Rate": "47.72"}, {"Player Name": "Mahmudullah", "Dismissed by": "", "Runs": "76", "Balls Faced": "73", "Fours": "6", "Sixes": "4", "Strike Rate": "104.10"}, {"Player Name": "Mehidy Hasan", "Dismissed by": "c Devon Conway b Jimmy Neesham", "Runs": "0", "Balls Faced": "2", "Fours": "0", "Sixes": "0", "Strike Rate": "0.00"}, {"Player Name": "Mahedi Hasan", "Dismissed by": "c Tom Latham b Jimmy Neesham", "Runs": "3", "Balls Faced": "8", "Fours": "0", "Sixes": "0", "Strike Rate": "37.50"}, {"Player Name": "Taskin Ahmed", "Dismissed by": "c Devon Conway b Matt Henry", "Runs": "9", "Balls Faced": "24", "Fours": "2", "Sixes": "0", "Strike Rate": "37.50"}, {"Player Name": "Rubel Hossain", "Dismissed by": "c Tom Latham b Jimmy Neesham", "Runs": "4", "Balls Faced": "28", "Fours": "0", "Sixes": "0", "Strike Rate": "14.28"}, {"Player Name": "Mustafizur Rahman", "Dismissed by": "lbw Jimmy Neesham", "Runs": "0", "Balls Faced": "3", "Fours": "0", "Sixes": "0", "Strike Rate": "0.00"}], "Extras": "Extras (nb 1, w 10, b 1)", "balling": [{"player_name": "Mustafizur Rahman", "Overs": "10", "Maidens": "0", "Runs": "87", "Wickets": "1", "Economy": "8.70", "Dots": "22"}, {"player_name": "Taskin Ahmed", "Overs": "10", "Maidens": "1", "Runs": "52", "Wickets": "1", "Economy": "5.20", "Dots": "34"}, {"player_name": "Rubel Hossain", "Overs": "10", "Maidens": "1", "Runs": "70", "Wickets": "3", "Economy": "7.00", "Dots": "28"}, {"player_name": "Mahedi Hasan", "Overs": "7", "Maidens": "0", "Runs": "46", "Wickets": "0", "Economy": "6.57", "Dots": "15"}, {"player_name": "Mehidy Hasan", "Overs": "5", "Maidens": "0", "Runs": "23", "Wickets": "0", "Economy": "4.60", "Dots": "17"}, {"player_name": "Soumya Sarkar", "Overs": "8", "Maidens": "0", "Runs": "37", "Wickets": "1", "Economy": "4.62", "Dots": "25"}]}, "match_id": "22391"}