{"date": "10/09/2022 08:00:00 AM", "home": "India", "away": "South Africa", "place": "JSCA International Stadium Complex", "result": "India won by 7 wickets", "Team1": {"Name": "India", "score": "282/3", "overs": "45.5/50 ov", "rr": "RR: 6.15", "batting": [{"Player Name": "Shikhar Dhawan", "Dismissed by": "b Wayne Parnell", "Runs": "13", "Balls Faced": "20", "Fours": "0", "Sixes": "1", "Strike Rate": "65.00"}, {"Player Name": "Shubman Gill", "Dismissed by": "c & b Kagiso Rabada", "Runs": "28", "Balls Faced": "26", "Fours": "5", "Sixes": "0", "Strike Rate": "107.69"}, {"Player Name": "Ishan Kishan", "Dismissed by": "c Reeza Hendricks b Bjorn Fortuin", "Runs": "93", "Balls Faced": "84", "Fours": "4", "Sixes": "7", "Strike Rate": "110.71"}, {"Player Name": "Shreyas Iyer", "Dismissed by": "", "Runs": "113", "Balls Faced": "111", "Fours": "15", "Sixes": "0", "Strike Rate": "101.80"}, {"Player Name": "Sanju Samson", "Dismissed by": "", "Runs": "30", "Balls Faced": "36", "Fours": "1", "Sixes": "1", "Strike Rate": "83.33"}, {"Player Name": "Shardul Thakur", "Dismissed by": "", "Runs": "-", "Balls Faced": "-", "Fours": "-", "Sixes": "-", "Strike Rate": "-"}, {"Player Name": "Washington Sundar", "Dismissed by": "", "Runs": "-", "Balls Faced": "-", "Fours": "-", "Sixes": "-", "Strike Rate": "-"}, {"Player Name": "Shahbaz Ahmed", "Dismissed by": "", "Runs": "-", "Balls Faced": "-", "Fours": "-", "Sixes": "-", "Strike Rate": "-"}, {"Player Name": "Kuldeep Yadav", "Dismissed by": "", "Runs": "-", "Balls Faced": "-", "Fours": "-", "Sixes": "-", "Strike Rate": "-"}, {"Player Name": "Avesh Khan", "Dismissed by": "", "Runs": "-", "Balls Faced": "-", "Fours": "-", "Sixes": "-", "Strike Rate": "-"}, {"Player Name": "Mohammed Siraj", "Dismissed by": "", "Runs": "-", "Balls Faced": "-", "Fours": "-", "Sixes": "-", "Strike Rate": "-"}], "Extras": "Extras (nb 2, w 3)", "balling": [{"player_name": "Mohammed Siraj", "Overs": "10", "Maidens": "1", "Runs": "38", "Wickets": "3", "Economy": "3.80", "Dots": "39"}, {"player_name": "Washington Sundar", "Overs": "9", "Maidens": "0", "Runs": "60", "Wickets": "1", "Economy": "6.66", "Dots": "20"}, {"player_name": "Shahbaz Ahmed", "Overs": "10", "Maidens": "0", "Runs": "54", "Wickets": "1", "Economy": "5.40", "Dots": "25"}, {"player_name": "Avesh Khan", "Overs": "7", "Maidens": "0", "Runs": "35", "Wickets": "0", "Economy": "5.00", "Dots": "24"}, {"player_name": "Kuldeep Yadav", "Overs": "9", "Maidens": "0", "Runs": "49", "Wickets": "1", "Economy": "5.44", "Dots": "24"}, {"player_name": "Shardul Thakur", "Overs": "5", "Maidens": "0", "Runs": "36", "Wickets": "1", "Economy": "7.20", "Dots": "11"}]}, "Team2": {"Name": "South Africa", "score": "278/7", "overs": "50/50 ov", "rr": "RR: 5.56", "batting": [{"Player Name": "Quinton de Kock", "Dismissed by": "b Mohammed Siraj", "Runs": "5", "Balls Faced": "8", "Fours": "1", "Sixes": "0", "Strike Rate": "62.50"}, {"Player Name": "Janneman Malan", "Dismissed by": "lbw Shahbaz Ahmed", "Runs": "25", "Balls Faced": "31", "Fours": "4", "Sixes": "0", "Strike Rate": "80.64"}, {"Player Name": "Reeza Hendricks", "Dismissed by": "c Shahbaz Ahmed b Mohammed Siraj", "Runs": "74", "Balls Faced": "76", "Fours": "9", "Sixes": "1", "Strike Rate": "97.36"}, {"Player Name": "Aiden Markram", "Dismissed by": "c Shikhar Dhawan b Washington Sundar", "Runs": "79", "Balls Faced": "89", "Fours": "7", "Sixes": "1", "Strike Rate": "88.76"}, {"Player Name": "Heinrich Klaasen", "Dismissed by": "c Mohammed Siraj b Kuldeep Yadav", "Runs": "30", "Balls Faced": "26", "Fours": "2", "Sixes": "2", "Strike Rate": "115.38"}, {"Player Name": "David Miller", "Dismissed by": "", "Runs": "35", "Balls Faced": "34", "Fours": "4", "Sixes": "0", "Strike Rate": "102.94"}, {"Player Name": "Wayne Parnell", "Dismissed by": "c Shreyas Iyer b Shardul Thakur", "Runs": "16", "Balls Faced": "22", "Fours": "0", "Sixes": "0", "Strike Rate": "72.72"}, {"Player Name": "Keshav Maharaj", "Dismissed by": "b Mohammed Siraj", "Runs": "5", "Balls Faced": "13", "Fours": "0", "Sixes": "0", "Strike Rate": "38.46"}, {"Player Name": "Bjorn Fortuin", "Dismissed by": "", "Runs": "0", "Balls Faced": "1", "Fours": "0", "Sixes": "0", "Strike Rate": "0.00"}, {"Player Name": "Kagiso Rabada", "Dismissed by": "", "Runs": "-", "Balls Faced": "-", "Fours": "-", "Sixes": "-", "Strike Rate": "-"}, {"Player Name": "Lungi Ngidi", "Dismissed by": "", "Runs": "-", "Balls Faced": "-", "Fours": "-", "Sixes": "-", "Strike Rate": "-"}, {"Player Name": "Anrich Nortje", "Dismissed by": "", "Runs": "-", "Balls Faced": "-", "Fours": "-", "Sixes": "-", "Strike Rate": "-"}], "Extras": "Extras (w 3, b 4, lb 2)", "balling": [{"player_name": "Bjorn Fortuin", "Overs": "9", "Maidens": "1", "Runs": "52", "Wickets": "1", "Economy": "5.77", "Dots": "23"}, {"player_name": "Wayne Parnell", "Overs": "8", "Maidens": "0", "Runs": "44", "Wickets": "1", "Economy": "5.50", "Dots": "28"}, {"player_name": "Kagiso Rabada", "Overs": "10", "Maidens": "1", "Runs": "59", "Wickets": "1", "Economy": "5.90", "Dots": "31"}, {"player_name": "Anrich Nortje", "Overs": "8.5", "Maidens": "0", "Runs": "60", "Wickets": "0", "Economy": "6.79", "Dots": "24"}, {"player_name": "Keshav Maharaj", "Overs": "7", "Maidens": "0", "Runs": "45", "Wickets": "0", "Economy": "6.42", "Dots": "16"}, {"player_name": "Aiden Markram", "Overs": "3", "Maidens": "0", "Runs": "22", "Wickets": "0", "Economy": "7.33", "Dots": "7"}]}, "match_id": "101164"}