{"date": "02/21/2015 10:00:00 PM", "home": "Sri Lanka", "away": "Afghanistan", "place": "University Oval", "result": "Sri Lanka won by 4 wickets", "Team1": {"Name": "Sri Lanka", "score": "236/6", "overs": "48.2/50 ov", "rr": "RR: 4.88", "batting": [{"Player Name": "Lahiru Thirimanne", "Dismissed by": "lbw Dawlat Zadran", "Runs": "0", "Balls Faced": "1", "Fours": "0", "Sixes": "0", "Strike Rate": "0.00"}, {"Player Name": "Tillakaratne Dilshan", "Dismissed by": "c Afsar Zazai b Shapoor Zadran", "Runs": "0", "Balls Faced": "1", "Fours": "0", "Sixes": "0", "Strike Rate": "0.00"}, {"Player Name": "Kumar Sangakkara", "Dismissed by": "b Hamid Hassan", "Runs": "7", "Balls Faced": "13", "Fours": "1", "Sixes": "0", "Strike Rate": "53.84"}, {"Player Name": "Dimuth Karunaratne", "Dismissed by": "c Nawroz Mangal b Hamid Hassan", "Runs": "23", "Balls Faced": "32", "Fours": "3", "Sixes": "0", "Strike Rate": "71.87"}, {"Player Name": "Mahela Jayawardena", "Dismissed by": "c Nawroz Mangal b Hamid Hassan", "Runs": "100", "Balls Faced": "120", "Fours": "8", "Sixes": "1", "Strike Rate": "83.33"}, {"Player Name": "Angelo Mathews", "Dismissed by": "run out (Mohammad Nabi)", "Runs": "44", "Balls Faced": "81", "Fours": "2", "Sixes": "0", "Strike Rate": "54.32"}, {"Player Name": "Jeevan Mendis", "Dismissed by": "", "Runs": "9", "Balls Faced": "17", "Fours": "0", "Sixes": "0", "Strike Rate": "52.94"}, {"Player Name": "Thisara Perera", "Dismissed by": "", "Runs": "47", "Balls Faced": "26", "Fours": "6", "Sixes": "1", "Strike Rate": "180.76"}, {"Player Name": "Rangana Herath", "Dismissed by": "", "Runs": "-", "Balls Faced": "-", "Fours": "-", "Sixes": "-", "Strike Rate": "-"}, {"Player Name": "Lasith Malinga", "Dismissed by": "", "Runs": "-", "Balls Faced": "-", "Fours": "-", "Sixes": "-", "Strike Rate": "-"}, {"Player Name": "Suranga Lakmal", "Dismissed by": "", "Runs": "-", "Balls Faced": "-", "Fours": "-", "Sixes": "-", "Strike Rate": "-"}], "Extras": "Extras (nb 1, w 3, lb 2)", "balling": [{"player_name": "Lasith Malinga", "Overs": "9.4", "Maidens": "1", "Runs": "41", "Wickets": "3", "Economy": "4.24", "Dots": "44"}, {"player_name": "Suranga Lakmal", "Overs": "10", "Maidens": "1", "Runs": "36", "Wickets": "2", "Economy": "3.60", "Dots": "40"}, {"player_name": "Angelo Mathews", "Overs": "7", "Maidens": "0", "Runs": "41", "Wickets": "3", "Economy": "5.85", "Dots": "23"}, {"player_name": "Thisara Perera", "Overs": "10", "Maidens": "0", "Runs": "54", "Wickets": "1", "Economy": "5.40", "Dots": "33"}, {"player_name": "Rangana Herath", "Overs": "10", "Maidens": "0", "Runs": "41", "Wickets": "1", "Economy": "4.10", "Dots": "36"}, {"player_name": "Jeevan Mendis", "Overs": "3", "Maidens": "0", "Runs": "13", "Wickets": "0", "Economy": "4.33", "Dots": "9"}]}, "Team2": {"Name": "Afghanistan", "score": "232", "overs": "49.4/50 ov", "rr": "RR: 4.67", "batting": [{"Player Name": "Javed Ahmadi", "Dismissed by": "c Rangana Herath b Suranga Lakmal", "Runs": "24", "Balls Faced": "23", "Fours": "4", "Sixes": "0", "Strike Rate": "104.34"}, {"Player Name": "Nawroz Mangal", "Dismissed by": "c Lahiru Thirimanne b Angelo Mathews", "Runs": "10", "Balls Faced": "30", "Fours": "1", "Sixes": "0", "Strike Rate": "33.33"}, {"Player Name": "Asghar Afghan", "Dismissed by": "c Jeevan Mendis b Rangana Herath", "Runs": "54", "Balls Faced": "57", "Fours": "5", "Sixes": "1", "Strike Rate": "94.73"}, {"Player Name": "Samiullah Shinwari", "Dismissed by": "c Angelo Mathews b Thisara Perera", "Runs": "38", "Balls Faced": "70", "Fours": "5", "Sixes": "0", "Strike Rate": "54.28"}, {"Player Name": "Mohammad Nabi", "Dismissed by": "b Lasith Malinga", "Runs": "21", "Balls Faced": "27", "Fours": "2", "Sixes": "1", "Strike Rate": "77.77"}, {"Player Name": "Najibullah Zadran", "Dismissed by": "c Thisara Perera b Suranga Lakmal", "Runs": "10", "Balls Faced": "15", "Fours": "0", "Sixes": "1", "Strike Rate": "66.66"}, {"Player Name": "Afsar Zazai", "Dismissed by": "c Rangana Herath b Lasith Malinga", "Runs": "19", "Balls Faced": "38", "Fours": "1", "Sixes": "0", "Strike Rate": "50.00"}, {"Player Name": "Mirwais Ashraf", "Dismissed by": "c Suranga Lakmal b Lasith Malinga", "Runs": "28", "Balls Faced": "32", "Fours": "1", "Sixes": "2", "Strike Rate": "87.50"}, {"Player Name": "Dawlat Zadran", "Dismissed by": "b Angelo Mathews", "Runs": "4", "Balls Faced": "5", "Fours": "1", "Sixes": "0", "Strike Rate": "80.00"}, {"Player Name": "Hamid Hassan", "Dismissed by": "c Jeevan Mendis b Angelo Mathews", "Runs": "0", "Balls Faced": "1", "Fours": "0", "Sixes": "0", "Strike Rate": "0.00"}, {"Player Name": "Shapoor Zadran", "Dismissed by": "", "Runs": "1", "Balls Faced": "1", "Fours": "0", "Sixes": "0", "Strike Rate": "100.00"}], "Extras": "Extras (nb 1, w 16, lb 6)", "balling": [{"player_name": "Dawlat Zadran", "Overs": "9", "Maidens": "0", "Runs": "44", "Wickets": "1", "Economy": "4.88", "Dots": "31"}, {"player_name": "Shapoor Zadran", "Overs": "10", "Maidens": "1", "Runs": "48", "Wickets": "1", "Economy": "4.80", "Dots": "33"}, {"player_name": "Hamid Hassan", "Overs": "9", "Maidens": "0", "Runs": "45", "Wickets": "3", "Economy": "5.00", "Dots": "30"}, {"player_name": "Mirwais Ashraf", "Overs": "8.1", "Maidens": "0", "Runs": "31", "Wickets": "0", "Economy": "3.79", "Dots": "29"}, {"player_name": "Mohammad Nabi", "Overs": "5.2", "Maidens": "0", "Runs": "28", "Wickets": "0", "Economy": "5.25", "Dots": "12"}, {"player_name": "Asghar Afghan", "Overs": "0.5", "Maidens": "0", "Runs": "6", "Wickets": "0", "Economy": "7.20", "Dots": "2"}, {"player_name": "Samiullah Shinwari", "Overs": "6", "Maidens": "0", "Runs": "32", "Wickets": "0", "Economy": "5.33", "Dots": "15"}]}, "match_id": "894"}