{"date": "06/08/2019 12:30:00 PM", "home": "Afghanistan", "away": "New Zealand", "place": "The County Ground", "result": "New Zealand win by 7 wickets", "Team1": {"Name": "Afghanistan", "score": "172", "overs": "41.1/50 ov", "rr": "RR: 4.17", "batting": [{"Player Name": "Hazratullah Zazai", "Dismissed by": "c Colin Munro b Jimmy Neesham", "Runs": "34", "Balls Faced": "28", "Fours": "5", "Sixes": "1", "Strike Rate": "121.42"}, {"Player Name": "Noor Ali Zadran", "Dismissed by": "c Tom Latham b Lockie Ferguson", "Runs": "31", "Balls Faced": "38", "Fours": "5", "Sixes": "0", "Strike Rate": "81.57"}, {"Player Name": "Rahmat Shah", "Dismissed by": "c Martin Guptill b Jimmy Neesham", "Runs": "0", "Balls Faced": "4", "Fours": "0", "Sixes": "0", "Strike Rate": "0.00"}, {"Player Name": "Hashmatullah Shahidi", "Dismissed by": "c Matt Henry b Lockie Ferguson", "Runs": "59", "Balls Faced": "99", "Fours": "9", "Sixes": "0", "Strike Rate": "59.59"}, {"Player Name": "Gulbadin Naib", "Dismissed by": "c Tom Latham b Jimmy Neesham", "Runs": "4", "Balls Faced": "4", "Fours": "1", "Sixes": "0", "Strike Rate": "100.00"}, {"Player Name": "Mohammad Nabi", "Dismissed by": "c Tom Latham b Jimmy Neesham", "Runs": "9", "Balls Faced": "24", "Fours": "0", "Sixes": "0", "Strike Rate": "37.50"}, {"Player Name": "Najibullah Zadran", "Dismissed by": "c Tom Latham b Jimmy Neesham", "Runs": "4", "Balls Faced": "3", "Fours": "1", "Sixes": "0", "Strike Rate": "133.33"}, {"Player Name": "Ikram Ali Khil", "Dismissed by": "c Martin Guptill b Colin de Grandhomme", "Runs": "2", "Balls Faced": "22", "Fours": "0", "Sixes": "0", "Strike Rate": "9.09"}, {"Player Name": "Rashid Khan", "Dismissed by": "b Lockie Ferguson", "Runs": "0", "Balls Faced": "4", "Fours": "0", "Sixes": "0", "Strike Rate": "0.00"}, {"Player Name": "Aftab Alam", "Dismissed by": "c Tom Latham b Lockie Ferguson", "Runs": "14", "Balls Faced": "10", "Fours": "3", "Sixes": "0", "Strike Rate": "140.00"}, {"Player Name": "Hamid Hassan", "Dismissed by": "", "Runs": "7", "Balls Faced": "11", "Fours": "1", "Sixes": "0", "Strike Rate": "63.63"}], "Extras": "Extras (w 2, lb 6)", "balling": [{"player_name": "Aftab Alam", "Overs": "8.1", "Maidens": "0", "Runs": "45", "Wickets": "3", "Economy": "5.51", "Dots": "24"}, {"player_name": "Hamid Hassan", "Overs": "7", "Maidens": "0", "Runs": "30", "Wickets": "0", "Economy": "4.28", "Dots": "25"}, {"player_name": "Gulbadin Naib", "Overs": "9", "Maidens": "1", "Runs": "55", "Wickets": "0", "Economy": "6.11", "Dots": "28"}, {"player_name": "Mohammad Nabi", "Overs": "3", "Maidens": "0", "Runs": "18", "Wickets": "0", "Economy": "6.00", "Dots": "7"}, {"player_name": "Rahmat Shah", "Overs": "5", "Maidens": "0", "Runs": "21", "Wickets": "0", "Economy": "4.20", "Dots": "18"}]}, "Team2": {"Name": "New Zealand", "score": "173/3", "overs": "32.1/50 ov", "rr": "RR: 5.37", "batting": [{"Player Name": "Martin Guptill", "Dismissed by": "c Najibullah Zadran b Aftab Alam", "Runs": "0", "Balls Faced": "1", "Fours": "0", "Sixes": "0", "Strike Rate": "0.00"}, {"Player Name": "Colin Munro", "Dismissed by": "c Hamid Hassan b Aftab Alam", "Runs": "22", "Balls Faced": "24", "Fours": "4", "Sixes": "0", "Strike Rate": "91.66"}, {"Player Name": "Kane Williamson", "Dismissed by": "", "Runs": "79", "Balls Faced": "99", "Fours": "9", "Sixes": "0", "Strike Rate": "79.79"}, {"Player Name": "Ross Taylor", "Dismissed by": "b Aftab Alam", "Runs": "48", "Balls Faced": "52", "Fours": "6", "Sixes": "1", "Strike Rate": "92.30"}, {"Player Name": "Tom Latham", "Dismissed by": "", "Runs": "13", "Balls Faced": "18", "Fours": "1", "Sixes": "0", "Strike Rate": "72.22"}, {"Player Name": "Jimmy Neesham", "Dismissed by": "", "Runs": "-", "Balls Faced": "-", "Fours": "-", "Sixes": "-", "Strike Rate": "-"}, {"Player Name": "Colin de Grandhomme", "Dismissed by": "", "Runs": "-", "Balls Faced": "-", "Fours": "-", "Sixes": "-", "Strike Rate": "-"}, {"Player Name": "Mitchell Santner", "Dismissed by": "", "Runs": "-", "Balls Faced": "-", "Fours": "-", "Sixes": "-", "Strike Rate": "-"}, {"Player Name": "Matt Henry", "Dismissed by": "", "Runs": "-", "Balls Faced": "-", "Fours": "-", "Sixes": "-", "Strike Rate": "-"}, {"Player Name": "Lockie Ferguson", "Dismissed by": "", "Runs": "-", "Balls Faced": "-", "Fours": "-", "Sixes": "-", "Strike Rate": "-"}, {"Player Name": "Trent Boult", "Dismissed by": "", "Runs": "-", "Balls Faced": "-", "Fours": "-", "Sixes": "-", "Strike Rate": "-"}], "Extras": "Extras (nb 1, w 6, lb 4)", "balling": [{"player_name": "Matt Henry", "Overs": "8", "Maidens": "0", "Runs": "50", "Wickets": "0", "Economy": "6.25", "Dots": "28"}, {"player_name": "Trent Boult", "Overs": "10", "Maidens": "0", "Runs": "34", "Wickets": "0", "Economy": "3.40", "Dots": "39"}, {"player_name": "Lockie Ferguson", "Overs": "9.1", "Maidens": "3", "Runs": "37", "Wickets": "4", "Economy": "4.03", "Dots": "40"}, {"player_name": "Jimmy Neesham", "Overs": "10", "Maidens": "1", "Runs": "31", "Wickets": "5", "Economy": "3.10", "Dots": "45"}, {"player_name": "Colin de Grandhomme", "Overs": "4", "Maidens": "1", "Runs": "14", "Wickets": "1", "Economy": "3.50", "Dots": "16"}]}, "match_id": "8204"}