{"date": "02/25/2022 05:00:00 AM", "home": "Bangladesh", "away": "Afghanistan", "place": "Zahur Ahmed Chowdhury Stadium", "result": "Bangladesh won by 88 runs", "Team1": {"Name": "Bangladesh", "score": "306/4", "overs": "50/50 ov", "rr": "RR: 6.12", "batting": [{"Player Name": "Tamim Iqbal", "Dismissed by": "lbw Fazal Haq", "Runs": "12", "Balls Faced": "24", "Fours": "2", "Sixes": "0", "Strike Rate": "50.00"}, {"Player Name": "Liton Das", "Dismissed by": "c Mujeeb Ur Rahman b Fareed Ahmad", "Runs": "136", "Balls Faced": "126", "Fours": "16", "Sixes": "2", "Strike Rate": "107.93"}, {"Player Name": "Shakib Al Hasan", "Dismissed by": "lbw Rashid Khan", "Runs": "20", "Balls Faced": "36", "Fours": "2", "Sixes": "0", "Strike Rate": "55.55"}, {"Player Name": "Mushfiqur Rahim", "Dismissed by": "c Fazal Haq b Fareed Ahmad", "Runs": "86", "Balls Faced": "93", "Fours": "9", "Sixes": "0", "Strike Rate": "92.47"}, {"Player Name": "Mahmudullah", "Dismissed by": "", "Runs": "6", "Balls Faced": "9", "Fours": "0", "Sixes": "0", "Strike Rate": "66.66"}, {"Player Name": "Afif Hossain", "Dismissed by": "", "Runs": "13", "Balls Faced": "12", "Fours": "1", "Sixes": "0", "Strike Rate": "108.33"}, {"Player Name": "Yasir Ali", "Dismissed by": "", "Runs": "-", "Balls Faced": "-", "Fours": "-", "Sixes": "-", "Strike Rate": "-"}, {"Player Name": "Mehidy Hasan", "Dismissed by": "", "Runs": "-", "Balls Faced": "-", "Fours": "-", "Sixes": "-", "Strike Rate": "-"}, {"Player Name": "Shoriful Islam", "Dismissed by": "", "Runs": "-", "Balls Faced": "-", "Fours": "-", "Sixes": "-", "Strike Rate": "-"}, {"Player Name": "Taskin Ahmed", "Dismissed by": "", "Runs": "-", "Balls Faced": "-", "Fours": "-", "Sixes": "-", "Strike Rate": "-"}, {"Player Name": "Mustafizur Rahman", "Dismissed by": "", "Runs": "-", "Balls Faced": "-", "Fours": "-", "Sixes": "-", "Strike Rate": "-"}], "Extras": "Extras (w 18, b 4, lb 11)", "balling": [{"player_name": "Mustafizur Rahman", "Overs": "8", "Maidens": "0", "Runs": "53", "Wickets": "1", "Economy": "6.62", "Dots": "24"}, {"player_name": "Shoriful Islam", "Overs": "6", "Maidens": "0", "Runs": "35", "Wickets": "1", "Economy": "5.83", "Dots": "16"}, {"player_name": "Taskin Ahmed", "Overs": "10", "Maidens": "2", "Runs": "31", "Wickets": "2", "Economy": "3.10", "Dots": "40"}, {"player_name": "Shakib Al Hasan", "Overs": "10", "Maidens": "0", "Runs": "38", "Wickets": "2", "Economy": "3.80", "Dots": "35"}, {"player_name": "Mehidy Hasan", "Overs": "10", "Maidens": "0", "Runs": "52", "Wickets": "1", "Economy": "5.20", "Dots": "29"}, {"player_name": "Mahmudullah", "Overs": "1", "Maidens": "0", "Runs": "2", "Wickets": "1", "Economy": "2.00", "Dots": "5"}, {"player_name": "Afif Hossain", "Overs": "0.1", "Maidens": "0", "Runs": "0", "Wickets": "1", "Economy": "0.00", "Dots": "1"}]}, "Team2": {"Name": "Afghanistan", "score": "218", "overs": "45.1/50 ov", "rr": "RR: 4.82", "batting": [{"Player Name": "Rahmat Shah", "Dismissed by": "b Taskin Ahmed", "Runs": "52", "Balls Faced": "71", "Fours": "4", "Sixes": "0", "Strike Rate": "73.23"}, {"Player Name": "Riaz Hussan", "Dismissed by": "run out (Afif Hossain)", "Runs": "1", "Balls Faced": "2", "Fours": "0", "Sixes": "0", "Strike Rate": "50.00"}, {"Player Name": "Hashmatullah Shahidi", "Dismissed by": "c Mushfiqur Rahim b Shoriful Islam", "Runs": "5", "Balls Faced": "3", "Fours": "1", "Sixes": "0", "Strike Rate": "166.66"}, {"Player Name": "Azmatullah Omarzai", "Dismissed by": "st Mushfiqur Rahim b Shakib Al Hasan", "Runs": "9", "Balls Faced": "16", "Fours": "1", "Sixes": "0", "Strike Rate": "56.25"}, {"Player Name": "Najibullah Zadran", "Dismissed by": "c Mushfiqur Rahim b Taskin Ahmed", "Runs": "54", "Balls Faced": "61", "Fours": "7", "Sixes": "0", "Strike Rate": "88.52"}, {"Player Name": "Mohammad Nabi", "Dismissed by": "c Afif Hossain b Mehidy Hasan", "Runs": "32", "Balls Faced": "38", "Fours": "3", "Sixes": "0", "Strike Rate": "84.21"}, {"Player Name": "Rahmanullah Gurbaz", "Dismissed by": "b Shakib Al Hasan", "Runs": "7", "Balls Faced": "17", "Fours": "1", "Sixes": "0", "Strike Rate": "41.17"}, {"Player Name": "Rashid Khan", "Dismissed by": "b Mustafizur Rahman", "Runs": "29", "Balls Faced": "26", "Fours": "3", "Sixes": "1", "Strike Rate": "111.53"}, {"Player Name": "Mujeeb Ur Rahman", "Dismissed by": "c Mahmudul Hasan Joy b Mahmudullah", "Runs": "8", "Balls Faced": "22", "Fours": "0", "Sixes": "0", "Strike Rate": "36.36"}, {"Player Name": "Fareed Ahmad", "Dismissed by": "", "Runs": "6", "Balls Faced": "15", "Fours": "0", "Sixes": "0", "Strike Rate": "40.00"}, {"Player Name": "Fazal Haq", "Dismissed by": "b Afif Hossain", "Runs": "0", "Balls Faced": "1", "Fours": "0", "Sixes": "0", "Strike Rate": "0.00"}, {"Player Name": "Ikram Ali Khil", "Dismissed by": "", "Runs": "-", "Balls Faced": "-", "Fours": "-", "Sixes": "-", "Strike Rate": "-"}], "Extras": "Extras (nb 1, w 7, lb 7)", "balling": [{"player_name": "Fazal Haq", "Overs": "10", "Maidens": "1", "Runs": "59", "Wickets": "1", "Economy": "5.90", "Dots": "30"}, {"player_name": "Fareed Ahmad", "Overs": "8", "Maidens": "0", "Runs": "56", "Wickets": "2", "Economy": "7.00", "Dots": "23"}, {"player_name": "Mujeeb Ur Rahman", "Overs": "10", "Maidens": "0", "Runs": "49", "Wickets": "0", "Economy": "4.90", "Dots": "32"}, {"player_name": "Azmatullah Omarzai", "Overs": "7", "Maidens": "0", "Runs": "37", "Wickets": "0", "Economy": "5.28", "Dots": "21"}, {"player_name": "Rashid Khan", "Overs": "10", "Maidens": "0", "Runs": "54", "Wickets": "1", "Economy": "5.40", "Dots": "29"}, {"player_name": "Mohammad Nabi", "Overs": "4", "Maidens": "0", "Runs": "26", "Wickets": "0", "Economy": "6.50", "Dots": "8"}, {"player_name": "Rahmat Shah", "Overs": "1", "Maidens": "0", "Runs": "10", "Wickets": "0", "Economy": "10.00", "Dots": "3"}]}, "match_id": "100490"}