{"date": "01/11/2023 09:30:00 AM", "home": "Pakistan", "away": "New Zealand", "place": "National Stadium", "result": "New Zealand won by 79 runs", "Team1": {"Name": "Pakistan", "score": "182", "overs": "43/50 ov", "rr": "RR: 4.23", "batting": [{"Player Name": "Fakhar Zaman", "Dismissed by": "c Tom Latham b Tim Southee", "Runs": "0", "Balls Faced": "7", "Fours": "0", "Sixes": "0", "Strike Rate": "0.00"}, {"Player Name": "Imam-ul-Haq", "Dismissed by": "c Daryl Mitchell b Lockie Ferguson", "Runs": "6", "Balls Faced": "12", "Fours": "1", "Sixes": "0", "Strike Rate": "50.00"}, {"Player Name": "Babar Azam", "Dismissed by": "st Tom Latham b Ish Sodhi", "Runs": "79", "Balls Faced": "114", "Fours": "8", "Sixes": "1", "Strike Rate": "69.29"}, {"Player Name": "Muhammad Rizwan", "Dismissed by": "b Mitch Santner", "Runs": "28", "Balls Faced": "50", "Fours": "2", "Sixes": "0", "Strike Rate": "56.00"}, {"Player Name": "Haris Sohail", "Dismissed by": "lbw Glenn Phillips", "Runs": "10", "Balls Faced": "21", "Fours": "0", "Sixes": "0", "Strike Rate": "47.61"}, {"Player Name": "Salman Ali Agha", "Dismissed by": "run out (Glenn Phillips)", "Runs": "25", "Balls Faced": "22", "Fours": "2", "Sixes": "0", "Strike Rate": "113.63"}, {"Player Name": "Mohammad Nawaz", "Dismissed by": "b Michael Bracewell", "Runs": "3", "Balls Faced": "5", "Fours": "0", "Sixes": "0", "Strike Rate": "60.00"}, {"Player Name": "Usama Mir", "Dismissed by": "c Tom Latham b Tim Southee", "Runs": "12", "Balls Faced": "9", "Fours": "1", "Sixes": "1", "Strike Rate": "133.33"}, {"Player Name": "Mohammad Wasim", "Dismissed by": "run out (Kane Williamson/Mitch Santner)", "Runs": "10", "Balls Faced": "13", "Fours": "1", "Sixes": "0", "Strike Rate": "76.92"}, {"Player Name": "Naseem Abbas Shah", "Dismissed by": "", "Runs": "0", "Balls Faced": "2", "Fours": "0", "Sixes": "0", "Strike Rate": "0.00"}, {"Player Name": "Haris Rauf", "Dismissed by": "c Michael Bracewell b Ish Sodhi", "Runs": "0", "Balls Faced": "3", "Fours": "0", "Sixes": "0", "Strike Rate": "0.00"}], "Extras": "Extras (w 5, b 3, lb 1)", "balling": [{"player_name": "Naseem Abbas Shah", "Overs": "8.5", "Maidens": "0", "Runs": "58", "Wickets": "3", "Economy": "6.56", "Dots": "29"}, {"player_name": "Haris Rauf", "Overs": "10", "Maidens": "0", "Runs": "47", "Wickets": "1", "Economy": "4.70", "Dots": "33"}, {"player_name": "Mohammad Wasim", "Overs": "7", "Maidens": "0", "Runs": "46", "Wickets": "0", "Economy": "6.57", "Dots": "19"}, {"player_name": "Mohammad Nawaz", "Overs": "10", "Maidens": "0", "Runs": "38", "Wickets": "4", "Economy": "3.80", "Dots": "32"}, {"player_name": "Usama Mir", "Overs": "10", "Maidens": "0", "Runs": "42", "Wickets": "1", "Economy": "4.20", "Dots": "34"}, {"player_name": "Salman Ali Agha", "Overs": "4", "Maidens": "0", "Runs": "28", "Wickets": "0", "Economy": "7.00", "Dots": "5"}]}, "Team2": {"Name": "New Zealand", "score": "261", "overs": "49.5/50 ov", "rr": "RR: 5.23", "batting": [{"Player Name": "Finn Allen", "Dismissed by": "c Mohammad Nawaz b Naseem Abbas Shah", "Runs": "1", "Balls Faced": "4", "Fours": "0", "Sixes": "0", "Strike Rate": "25.00"}, {"Player Name": "Devon Conway", "Dismissed by": "b Naseem Abbas Shah", "Runs": "101", "Balls Faced": "92", "Fours": "13", "Sixes": "1", "Strike Rate": "109.78"}, {"Player Name": "Kane Williamson", "Dismissed by": "b Mohammad Nawaz", "Runs": "85", "Balls Faced": "100", "Fours": "10", "Sixes": "0", "Strike Rate": "85.00"}, {"Player Name": "Daryl Mitchell", "Dismissed by": "c Muhammad Rizwan b Mohammad Nawaz", "Runs": "5", "Balls Faced": "7", "Fours": "1", "Sixes": "0", "Strike Rate": "71.42"}, {"Player Name": "Tom Latham", "Dismissed by": "lbw Mohammad Nawaz", "Runs": "2", "Balls Faced": "3", "Fours": "0", "Sixes": "0", "Strike Rate": "66.66"}, {"Player Name": "Glenn Phillips", "Dismissed by": "c Fakhar Zaman b Mohammad Nawaz", "Runs": "3", "Balls Faced": "8", "Fours": "0", "Sixes": "0", "Strike Rate": "37.50"}, {"Player Name": "Michael Bracewell", "Dismissed by": "lbw Usama Mir", "Runs": "8", "Balls Faced": "14", "Fours": "0", "Sixes": "0", "Strike Rate": "57.14"}, {"Player Name": "Mitch Santner", "Dismissed by": "run out (Mohammad Wasim)", "Runs": "37", "Balls Faced": "40", "Fours": "1", "Sixes": "1", "Strike Rate": "92.50"}, {"Player Name": "Ish Sodhi", "Dismissed by": "b Haris Rauf", "Runs": "7", "Balls Faced": "22", "Fours": "0", "Sixes": "0", "Strike Rate": "31.81"}, {"Player Name": "Tim Southee", "Dismissed by": "c Usama Mir b Naseem Abbas Shah", "Runs": "0", "Balls Faced": "4", "Fours": "0", "Sixes": "0", "Strike Rate": "0.00"}, {"Player Name": "Lockie Ferguson", "Dismissed by": "", "Runs": "0", "Balls Faced": "5", "Fours": "0", "Sixes": "0", "Strike Rate": "0.00"}], "Extras": "Extras (w 10, lb 2)", "balling": [{"player_name": "Tim Southee", "Overs": "6", "Maidens": "1", "Runs": "33", "Wickets": "2", "Economy": "5.50", "Dots": "22"}, {"player_name": "Lockie Ferguson", "Overs": "7", "Maidens": "0", "Runs": "31", "Wickets": "1", "Economy": "4.42", "Dots": "28"}, {"player_name": "Mitch Santner", "Overs": "10", "Maidens": "0", "Runs": "34", "Wickets": "1", "Economy": "3.40", "Dots": "35"}, {"player_name": "Michael Bracewell", "Overs": "10", "Maidens": "0", "Runs": "29", "Wickets": "1", "Economy": "2.90", "Dots": "36"}, {"player_name": "Ish Sodhi", "Overs": "8", "Maidens": "0", "Runs": "38", "Wickets": "2", "Economy": "4.75", "Dots": "26"}, {"player_name": "Glenn Phillips", "Overs": "2", "Maidens": "0", "Runs": "13", "Wickets": "1", "Economy": "6.50", "Dots": "5"}]}, "match_id": "101614"}