{"date": "03/03/2011 11:00:00 AM", "home": "Netherlands", "away": "South Africa", "place": "IS Bindra Stadium", "result": "South Africa won by 231 runs", "Team1": {"Name": "Netherlands", "score": "120", "overs": "34.5/50 ov", "rr": "RR: 3.44", "batting": [{"Player Name": "Alexei Kervezee", "Dismissed by": "c & b Jacques Kallis", "Runs": "10", "Balls Faced": "18", "Fours": "1", "Sixes": "0", "Strike Rate": "55.55"}, {"Player Name": "Wesley Barresi", "Dismissed by": "st Morne van Wyk b JP Duminy", "Runs": "44", "Balls Faced": "66", "Fours": "5", "Sixes": "0", "Strike Rate": "66.66"}, {"Player Name": "Tom Cooper", "Dismissed by": "c Dale Steyn b Jacques Kallis", "Runs": "9", "Balls Faced": "21", "Fours": "1", "Sixes": "0", "Strike Rate": "42.85"}, {"Player Name": "Bastiaan Zuiderent", "Dismissed by": "lbw Robin Peterson", "Runs": "15", "Balls Faced": "26", "Fours": "1", "Sixes": "1", "Strike Rate": "57.69"}, {"Player Name": "Ryan ten Doeschate", "Dismissed by": "lbw Dale Steyn", "Runs": "11", "Balls Faced": "21", "Fours": "0", "Sixes": "0", "Strike Rate": "52.38"}, {"Player Name": "Tom de Grooth", "Dismissed by": "run out (Graeme Smith)", "Runs": "12", "Balls Faced": "26", "Fours": "0", "Sixes": "0", "Strike Rate": "46.15"}, {"Player Name": "Peter Borren", "Dismissed by": "lbw Robin Peterson", "Runs": "3", "Balls Faced": "13", "Fours": "0", "Sixes": "0", "Strike Rate": "23.07"}, {"Player Name": "Mudassar Bukhari", "Dismissed by": "b Imran Tahir", "Runs": "0", "Balls Faced": "4", "Fours": "0", "Sixes": "0", "Strike Rate": "0.00"}, {"Player Name": "Pieter Seelaar", "Dismissed by": "", "Runs": "2", "Balls Faced": "5", "Fours": "0", "Sixes": "0", "Strike Rate": "40.00"}, {"Player Name": "Bernardus Loots", "Dismissed by": "lbw Imran Tahir", "Runs": "6", "Balls Faced": "7", "Fours": "0", "Sixes": "1", "Strike Rate": "85.71"}, {"Player Name": "Berend Westdijk", "Dismissed by": "lbw Imran Tahir", "Runs": "0", "Balls Faced": "2", "Fours": "0", "Sixes": "0", "Strike Rate": "0.00"}], "Extras": "Extras (w 8)", "balling": [{"player_name": "Mudassar Bukhari", "Overs": "10", "Maidens": "0", "Runs": "44", "Wickets": "0", "Economy": "4.40", "Dots": "28"}, {"player_name": "Berend Westdijk", "Overs": "9", "Maidens": "0", "Runs": "76", "Wickets": "0", "Economy": "8.44", "Dots": "20"}, {"player_name": "Ryan ten Doeschate", "Overs": "10", "Maidens": "0", "Runs": "72", "Wickets": "3", "Economy": "7.20", "Dots": "26"}, {"player_name": "Bernardus Loots", "Overs": "9", "Maidens": "0", "Runs": "60", "Wickets": "1", "Economy": "6.66", "Dots": "24"}, {"player_name": "Pieter Seelaar", "Overs": "10", "Maidens": "0", "Runs": "74", "Wickets": "0", "Economy": "7.40", "Dots": "13"}, {"player_name": "Tom Cooper", "Overs": "2", "Maidens": "0", "Runs": "18", "Wickets": "0", "Economy": "9.00", "Dots": "2"}]}, "Team2": {"Name": "South Africa", "score": "351/5", "overs": "50/50 ov", "rr": "RR: 7.02", "batting": [{"Player Name": "Hashim Amla", "Dismissed by": "c Tom Cooper b Ryan ten Doeschate", "Runs": "113", "Balls Faced": "130", "Fours": "8", "Sixes": "0", "Strike Rate": "86.92"}, {"Player Name": "Graeme Smith", "Dismissed by": "b Bernardus Loots", "Runs": "20", "Balls Faced": "32", "Fours": "1", "Sixes": "0", "Strike Rate": "62.50"}, {"Player Name": "Jacques Kallis", "Dismissed by": "c Wesley Barresi b Ryan ten Doeschate", "Runs": "2", "Balls Faced": "12", "Fours": "0", "Sixes": "0", "Strike Rate": "16.66"}, {"Player Name": "AB de Villiers", "Dismissed by": "run out (Berend Westdijk)", "Runs": "134", "Balls Faced": "98", "Fours": "13", "Sixes": "4", "Strike Rate": "136.73"}, {"Player Name": "Faf du Plessis", "Dismissed by": "", "Runs": "18", "Balls Faced": "14", "Fours": "1", "Sixes": "0", "Strike Rate": "128.57"}, {"Player Name": "JP Duminy", "Dismissed by": "c Peter Borren b Ryan ten Doeschate", "Runs": "40", "Balls Faced": "15", "Fours": "2", "Sixes": "4", "Strike Rate": "266.66"}, {"Player Name": "Morne van Wyk", "Dismissed by": "", "Runs": "0", "Balls Faced": "0", "Fours": "0", "Sixes": "0", "Strike Rate": "-"}, {"Player Name": "Imran Tahir", "Dismissed by": "", "Runs": "-", "Balls Faced": "-", "Fours": "-", "Sixes": "-", "Strike Rate": "-"}, {"Player Name": "Dale Steyn", "Dismissed by": "", "Runs": "-", "Balls Faced": "-", "Fours": "-", "Sixes": "-", "Strike Rate": "-"}, {"Player Name": "Robin Peterson", "Dismissed by": "", "Runs": "-", "Balls Faced": "-", "Fours": "-", "Sixes": "-", "Strike Rate": "-"}, {"Player Name": "Morne Morkel", "Dismissed by": "", "Runs": "-", "Balls Faced": "-", "Fours": "-", "Sixes": "-", "Strike Rate": "-"}], "Extras": "Extras (nb 1, w 16, b 2, lb 5)", "balling": [{"player_name": "Dale Steyn", "Overs": "6", "Maidens": "1", "Runs": "26", "Wickets": "1", "Economy": "4.33", "Dots": "25"}, {"player_name": "Morne Morkel", "Overs": "5", "Maidens": "0", "Runs": "18", "Wickets": "0", "Economy": "3.60", "Dots": "22"}, {"player_name": "Jacques Kallis", "Overs": "6", "Maidens": "0", "Runs": "19", "Wickets": "2", "Economy": "3.16", "Dots": "24"}, {"player_name": "Imran Tahir", "Overs": "6.5", "Maidens": "0", "Runs": "19", "Wickets": "3", "Economy": "2.78", "Dots": "28"}, {"player_name": "Robin Peterson", "Overs": "5", "Maidens": "0", "Runs": "22", "Wickets": "2", "Economy": "4.40", "Dots": "19"}, {"player_name": "JP Duminy", "Overs": "6", "Maidens": "0", "Runs": "16", "Wickets": "1", "Economy": "2.66", "Dots": "24"}]}, "match_id": "3192"}