{"date": "08/31/2023 09:30:00 AM", "home": "Bangladesh", "away": "Sri Lanka", "place": "Pallekele International Cricket Stadium", "result": "Sri Lanka won by 5 wickets", "Team1": {"Name": "Bangladesh", "score": "164", "overs": "42.4/50 ov", "rr": "RR: 3.84", "batting": [{"Player Name": "Mohammad Naim", "Dismissed by": "c Pathum Nissanka b Dhananjaya de Silva", "Runs": "16", "Balls Faced": "23", "Fours": "3", "Sixes": "0", "Strike Rate": "69.56"}, {"Player Name": "Tanzid Hasan Tamim", "Dismissed by": "lbw Maheesh Theekshana", "Runs": "0", "Balls Faced": "2", "Fours": "0", "Sixes": "0", "Strike Rate": "0.00"}, {"Player Name": "Najmul Hossain Shanto", "Dismissed by": "b Maheesh Theekshana", "Runs": "89", "Balls Faced": "122", "Fours": "7", "Sixes": "0", "Strike Rate": "72.95"}, {"Player Name": "Shakib Al Hasan", "Dismissed by": "c Kusal Mendis b Matheesha Pathirana", "Runs": "5", "Balls Faced": "11", "Fours": "1", "Sixes": "0", "Strike Rate": "45.45"}, {"Player Name": "Towhid Hridoy", "Dismissed by": "lbw Dasun Shanaka", "Runs": "20", "Balls Faced": "41", "Fours": "0", "Sixes": "0", "Strike Rate": "48.78"}, {"Player Name": "Mushfiqur Rahim", "Dismissed by": "c Dimuth Karunaratne b Matheesha Pathirana", "Runs": "13", "Balls Faced": "22", "Fours": "1", "Sixes": "0", "Strike Rate": "59.09"}, {"Player Name": "Mehidy Hasan Miraz", "Dismissed by": "run out (Dhananjaya de Silva)", "Runs": "5", "Balls Faced": "11", "Fours": "0", "Sixes": "0", "Strike Rate": "45.45"}, {"Player Name": "Mahedi Hasan", "Dismissed by": "lbw Dunith Wellalage", "Runs": "6", "Balls Faced": "16", "Fours": "0", "Sixes": "0", "Strike Rate": "37.50"}, {"Player Name": "Taskin Ahmed", "Dismissed by": "c Maheesh Theekshana b Matheesha Pathirana", "Runs": "0", "Balls Faced": "2", "Fours": "0", "Sixes": "0", "Strike Rate": "0.00"}, {"Player Name": "Shoriful Islam", "Dismissed by": "", "Runs": "2", "Balls Faced": "5", "Fours": "0", "Sixes": "0", "Strike Rate": "40.00"}, {"Player Name": "Mustafizur Rahman", "Dismissed by": "lbw Matheesha Pathirana", "Runs": "0", "Balls Faced": "2", "Fours": "0", "Sixes": "0", "Strike Rate": "0.00"}], "Extras": "Extras (nb 1, w 4, lb 3)", "balling": [{"player_name": "Taskin Ahmed", "Overs": "7", "Maidens": "1", "Runs": "34", "Wickets": "1", "Economy": "4.85", "Dots": "25"}, {"player_name": "Shoriful Islam", "Overs": "4", "Maidens": "0", "Runs": "23", "Wickets": "1", "Economy": "5.75", "Dots": "15"}, {"player_name": "Shakib Al Hasan", "Overs": "10", "Maidens": "2", "Runs": "29", "Wickets": "2", "Economy": "2.90", "Dots": "41"}, {"player_name": "Mustafizur Rahman", "Overs": "3", "Maidens": "0", "Runs": "12", "Wickets": "0", "Economy": "4.00", "Dots": "10"}, {"player_name": "Mehidy Hasan Miraz", "Overs": "5", "Maidens": "0", "Runs": "26", "Wickets": "0", "Economy": "5.20", "Dots": "12"}, {"player_name": "Mahedi Hasan", "Overs": "10", "Maidens": "0", "Runs": "35", "Wickets": "1", "Economy": "3.50", "Dots": "40"}]}, "Team2": {"Name": "Sri Lanka", "score": "165/5", "overs": "39/50 ov", "rr": "RR: 4.23", "batting": [{"Player Name": "Pathum Nissanka", "Dismissed by": "c Mushfiqur Rahim b Shoriful Islam", "Runs": "14", "Balls Faced": "13", "Fours": "1", "Sixes": "0", "Strike Rate": "107.69"}, {"Player Name": "Dimuth Karunaratne", "Dismissed by": "b Taskin Ahmed", "Runs": "1", "Balls Faced": "3", "Fours": "0", "Sixes": "0", "Strike Rate": "33.33"}, {"Player Name": "Kusal Mendis", "Dismissed by": "b Shakib Al Hasan", "Runs": "5", "Balls Faced": "21", "Fours": "1", "Sixes": "0", "Strike Rate": "23.80"}, {"Player Name": "Sadeera Samarawickrama", "Dismissed by": "st Mushfiqur Rahim b Mahedi Hasan", "Runs": "54", "Balls Faced": "77", "Fours": "6", "Sixes": "0", "Strike Rate": "70.12"}, {"Player Name": "Charith Asalanka", "Dismissed by": "", "Runs": "62", "Balls Faced": "92", "Fours": "5", "Sixes": "1", "Strike Rate": "67.39"}, {"Player Name": "Dhananjaya de Silva", "Dismissed by": "b Shakib Al Hasan", "Runs": "2", "Balls Faced": "7", "Fours": "0", "Sixes": "0", "Strike Rate": "28.57"}, {"Player Name": "Dasun Shanaka", "Dismissed by": "", "Runs": "14", "Balls Faced": "21", "Fours": "1", "Sixes": "0", "Strike Rate": "66.66"}, {"Player Name": "Dunith Wellalage", "Dismissed by": "", "Runs": "-", "Balls Faced": "-", "Fours": "-", "Sixes": "-", "Strike Rate": "-"}, {"Player Name": "Maheesh Theekshana", "Dismissed by": "", "Runs": "-", "Balls Faced": "-", "Fours": "-", "Sixes": "-", "Strike Rate": "-"}, {"Player Name": "Kasun Rajitha", "Dismissed by": "", "Runs": "-", "Balls Faced": "-", "Fours": "-", "Sixes": "-", "Strike Rate": "-"}, {"Player Name": "Matheesha Pathirana", "Dismissed by": "", "Runs": "-", "Balls Faced": "-", "Fours": "-", "Sixes": "-", "Strike Rate": "-"}], "Extras": "Extras (w 7, b 2, lb 4)", "balling": [{"player_name": "Kasun Rajitha", "Overs": "7", "Maidens": "0", "Runs": "29", "Wickets": "0", "Economy": "4.14", "Dots": "30"}, {"player_name": "Maheesh Theekshana", "Overs": "8", "Maidens": "1", "Runs": "19", "Wickets": "2", "Economy": "2.37", "Dots": "33"}, {"player_name": "Dhananjaya de Silva", "Overs": "10", "Maidens": "0", "Runs": "35", "Wickets": "1", "Economy": "3.50", "Dots": "30"}, {"player_name": "Matheesha Pathirana", "Overs": "7.4", "Maidens": "0", "Runs": "32", "Wickets": "4", "Economy": "4.17", "Dots": "26"}, {"player_name": "Dunith Wellalage", "Overs": "7", "Maidens": "0", "Runs": "30", "Wickets": "1", "Economy": "4.28", "Dots": "22"}, {"player_name": "Dasun Shanaka", "Overs": "3", "Maidens": "0", "Runs": "16", "Wickets": "1", "Economy": "5.33", "Dots": "6"}]}, "match_id": "102837"}