{"date": "03/01/2014 08:00:00 AM", "home": "Bangladesh", "away": "Afghanistan", "place": "Khan Shaheb Osman Ali Stadium", "result": "Afghanistan won by 32 runs", "Team1": {"Name": "Bangladesh", "score": "222", "overs": "47.5/50 ov", "rr": "RR: 4.64", "batting": [{"Player Name": "Anamul Haque", "Dismissed by": "lbw Hamid Hassan", "Runs": "1", "Balls Faced": "9", "Fours": "0", "Sixes": "0", "Strike Rate": "11.11"}, {"Player Name": "Shamsur Rahman", "Dismissed by": "b Shapoor Zadran", "Runs": "0", "Balls Faced": "2", "Fours": "0", "Sixes": "0", "Strike Rate": "0.00"}, {"Player Name": "Mominul Haque", "Dismissed by": "b Samiullah Shinwari", "Runs": "50", "Balls Faced": "72", "Fours": "6", "Sixes": "0", "Strike Rate": "69.44"}, {"Player Name": "Mushfiqur Rahim", "Dismissed by": "lbw Mohammad Nabi", "Runs": "23", "Balls Faced": "42", "Fours": "1", "Sixes": "0", "Strike Rate": "54.76"}, {"Player Name": "Nasir Hossain", "Dismissed by": "c Samiullah Shinwari b Mirwais Ashraf", "Runs": "41", "Balls Faced": "60", "Fours": "1", "Sixes": "1", "Strike Rate": "68.33"}, {"Player Name": "Naeem Islam", "Dismissed by": "c Nawroz Mangal b Hamid Hassan", "Runs": "35", "Balls Faced": "51", "Fours": "2", "Sixes": "0", "Strike Rate": "68.62"}, {"Player Name": "Ziaur Rahman", "Dismissed by": "b Mohammad Nabi", "Runs": "41", "Balls Faced": "22", "Fours": "4", "Sixes": "3", "Strike Rate": "186.36"}, {"Player Name": "Abdur Razzak", "Dismissed by": "run out (Najibullah Zadran)", "Runs": "0", "Balls Faced": "1", "Fours": "0", "Sixes": "0", "Strike Rate": "0.00"}, {"Player Name": "Arafat Sunny", "Dismissed by": "c Mohammad Shahzad b Shapoor Zadran", "Runs": "0", "Balls Faced": "1", "Fours": "0", "Sixes": "0", "Strike Rate": "0.00"}, {"Player Name": "Rubel Hossain", "Dismissed by": "c Nawroz Mangal b Mohammad Nabi", "Runs": "17", "Balls Faced": "19", "Fours": "2", "Sixes": "0", "Strike Rate": "89.47"}, {"Player Name": "Sohag Gazi", "Dismissed by": "", "Runs": "2", "Balls Faced": "8", "Fours": "0", "Sixes": "0", "Strike Rate": "25.00"}], "Extras": "Extras (w 6, b 4, lb 2)", "balling": [{"player_name": "Rubel Hossain", "Overs": "10", "Maidens": "0", "Runs": "61", "Wickets": "1", "Economy": "6.10", "Dots": "34"}, {"player_name": "Abdur Razzak", "Overs": "10", "Maidens": "1", "Runs": "57", "Wickets": "0", "Economy": "5.70", "Dots": "33"}, {"player_name": "Arafat Sunny", "Overs": "10", "Maidens": "0", "Runs": "44", "Wickets": "2", "Economy": "4.40", "Dots": "36"}, {"player_name": "Sohag Gazi", "Overs": "0.3", "Maidens": "0", "Runs": "0", "Wickets": "0", "Economy": "0.00", "Dots": "3"}, {"player_name": "Nasir Hossain", "Overs": "2.3", "Maidens": "0", "Runs": "8", "Wickets": "0", "Economy": "3.20", "Dots": "10"}, {"player_name": "Mominul Haque", "Overs": "10", "Maidens": "0", "Runs": "38", "Wickets": "1", "Economy": "3.80", "Dots": "35"}, {"player_name": "Ziaur Rahman", "Overs": "7", "Maidens": "0", "Runs": "39", "Wickets": "0", "Economy": "5.57", "Dots": "18"}]}, "Team2": {"Name": "Afghanistan", "score": "254/6", "overs": "50/50 ov", "rr": "RR: 5.08", "batting": [{"Player Name": "Mohammad Shahzad", "Dismissed by": "lbw Rubel Hossain", "Runs": "2", "Balls Faced": "8", "Fours": "0", "Sixes": "0", "Strike Rate": "25.00"}, {"Player Name": "Karim Sadiq", "Dismissed by": "c & b Arafat Sunny", "Runs": "12", "Balls Faced": "36", "Fours": "0", "Sixes": "1", "Strike Rate": "33.33"}, {"Player Name": "Najibullah Zadran", "Dismissed by": "b Arafat Sunny", "Runs": "21", "Balls Faced": "36", "Fours": "2", "Sixes": "0", "Strike Rate": "58.33"}, {"Player Name": "Asghar Afghan", "Dismissed by": "", "Runs": "90", "Balls Faced": "103", "Fours": "6", "Sixes": "3", "Strike Rate": "87.37"}, {"Player Name": "Nawroz Mangal", "Dismissed by": "run out (Naeem Islam)", "Runs": "24", "Balls Faced": "33", "Fours": "3", "Sixes": "0", "Strike Rate": "72.72"}, {"Player Name": "Mohammad Nabi", "Dismissed by": "c Nasir Hossain b Mominul Haque", "Runs": "7", "Balls Faced": "15", "Fours": "0", "Sixes": "0", "Strike Rate": "46.66"}, {"Player Name": "Samiullah Shinwari", "Dismissed by": "run out (Anamul Haque/Rubel Hossain)", "Runs": "81", "Balls Faced": "69", "Fours": "10", "Sixes": "1", "Strike Rate": "117.39"}, {"Player Name": "Mirwais Ashraf", "Dismissed by": "", "Runs": "0", "Balls Faced": "0", "Fours": "0", "Sixes": "0", "Strike Rate": "-"}, {"Player Name": "Hamid Hassan", "Dismissed by": "", "Runs": "-", "Balls Faced": "-", "Fours": "-", "Sixes": "-", "Strike Rate": "-"}, {"Player Name": "Amir Hamza", "Dismissed by": "", "Runs": "-", "Balls Faced": "-", "Fours": "-", "Sixes": "-", "Strike Rate": "-"}, {"Player Name": "Shapoor Zadran", "Dismissed by": "", "Runs": "-", "Balls Faced": "-", "Fours": "-", "Sixes": "-", "Strike Rate": "-"}], "Extras": "Extras (w 10, b 1, lb 6)", "balling": [{"player_name": "Shapoor Zadran", "Overs": "8", "Maidens": "0", "Runs": "39", "Wickets": "2", "Economy": "4.87", "Dots": "29"}, {"player_name": "Hamid Hassan", "Overs": "6.1", "Maidens": "1", "Runs": "26", "Wickets": "2", "Economy": "4.21", "Dots": "26"}, {"player_name": "Karim Sadiq", "Overs": "2", "Maidens": "0", "Runs": "9", "Wickets": "0", "Economy": "4.50", "Dots": "7"}, {"player_name": "Mirwais Ashraf", "Overs": "9", "Maidens": "0", "Runs": "51", "Wickets": "1", "Economy": "5.66", "Dots": "27"}, {"player_name": "Mohammad Nabi", "Overs": "9.4", "Maidens": "0", "Runs": "44", "Wickets": "3", "Economy": "4.55", "Dots": "33"}, {"player_name": "Samiullah Shinwari", "Overs": "6", "Maidens": "0", "Runs": "23", "Wickets": "1", "Economy": "3.83", "Dots": "19"}]}, "match_id": "2367"}