{"date": "02/15/2019 10:00:00 PM", "home": "New Zealand", "away": "Bangladesh", "place": "Hagley Oval", "result": "New Zealand win by 8 wickets", "Team1": {"Name": "New Zealand", "score": "229/2", "overs": "36.1/50 ov", "rr": "RR: 6.33", "batting": [{"Player Name": "Martin Guptill", "Dismissed by": "c Litton Das b Mustafizur Rahman", "Runs": "118", "Balls Faced": "88", "Fours": "14", "Sixes": "4", "Strike Rate": "134.09"}, {"Player Name": "Henry Nicholls", "Dismissed by": "c Litton Das b Mustafizur Rahman", "Runs": "14", "Balls Faced": "23", "Fours": "2", "Sixes": "0", "Strike Rate": "60.86"}, {"Player Name": "Kane Williamson", "Dismissed by": "", "Runs": "65", "Balls Faced": "86", "Fours": "3", "Sixes": "0", "Strike Rate": "75.58"}, {"Player Name": "Ross Taylor", "Dismissed by": "", "Runs": "21", "Balls Faced": "20", "Fours": "3", "Sixes": "0", "Strike Rate": "105.00"}, {"Player Name": "Tom Latham", "Dismissed by": "", "Runs": "-", "Balls Faced": "-", "Fours": "-", "Sixes": "-", "Strike Rate": "-"}, {"Player Name": "Colin de Grandhomme", "Dismissed by": "", "Runs": "-", "Balls Faced": "-", "Fours": "-", "Sixes": "-", "Strike Rate": "-"}, {"Player Name": "Jimmy Neesham", "Dismissed by": "", "Runs": "-", "Balls Faced": "-", "Fours": "-", "Sixes": "-", "Strike Rate": "-"}, {"Player Name": "Todd Astle", "Dismissed by": "", "Runs": "-", "Balls Faced": "-", "Fours": "-", "Sixes": "-", "Strike Rate": "-"}, {"Player Name": "Matt Henry", "Dismissed by": "", "Runs": "-", "Balls Faced": "-", "Fours": "-", "Sixes": "-", "Strike Rate": "-"}, {"Player Name": "Lockie Ferguson", "Dismissed by": "", "Runs": "-", "Balls Faced": "-", "Fours": "-", "Sixes": "-", "Strike Rate": "-"}, {"Player Name": "Trent Boult", "Dismissed by": "", "Runs": "-", "Balls Faced": "-", "Fours": "-", "Sixes": "-", "Strike Rate": "-"}], "Extras": "Extras (w 10, b 1)", "balling": [{"player_name": "Matt Henry", "Overs": "10", "Maidens": "2", "Runs": "30", "Wickets": "1", "Economy": "3.00", "Dots": "45"}, {"player_name": "Trent Boult", "Overs": "10", "Maidens": "1", "Runs": "49", "Wickets": "1", "Economy": "4.90", "Dots": "39"}, {"player_name": "Colin de Grandhomme", "Overs": "4", "Maidens": "0", "Runs": "25", "Wickets": "1", "Economy": "6.25", "Dots": "16"}, {"player_name": "Lockie Ferguson", "Overs": "10", "Maidens": "0", "Runs": "43", "Wickets": "3", "Economy": "4.30", "Dots": "35"}, {"player_name": "Todd Astle", "Overs": "10", "Maidens": "0", "Runs": "52", "Wickets": "2", "Economy": "5.20", "Dots": "33"}, {"player_name": "Jimmy Neesham", "Overs": "5.4", "Maidens": "0", "Runs": "21", "Wickets": "2", "Economy": "3.70", "Dots": "21"}]}, "Team2": {"Name": "Bangladesh", "score": "226", "overs": "49.4/50 ov", "rr": "RR: 4.55", "batting": [{"Player Name": "Tamim Iqbal", "Dismissed by": "lbw Matt Henry", "Runs": "5", "Balls Faced": "28", "Fours": "0", "Sixes": "0", "Strike Rate": "17.85"}, {"Player Name": "Litton Das", "Dismissed by": "c Lockie Ferguson b Trent Boult", "Runs": "1", "Balls Faced": "4", "Fours": "0", "Sixes": "0", "Strike Rate": "25.00"}, {"Player Name": "Soumya Sarkar", "Dismissed by": "c Ross Taylor b Colin de Grandhomme", "Runs": "22", "Balls Faced": "23", "Fours": "3", "Sixes": "0", "Strike Rate": "95.65"}, {"Player Name": "Mushfiqur Rahim", "Dismissed by": "b Lockie Ferguson", "Runs": "24", "Balls Faced": "36", "Fours": "2", "Sixes": "0", "Strike Rate": "66.66"}, {"Player Name": "Mohammad Mithun", "Dismissed by": "b Todd Astle", "Runs": "57", "Balls Faced": "69", "Fours": "7", "Sixes": "1", "Strike Rate": "82.60"}, {"Player Name": "Mahmudullah", "Dismissed by": "c Tom Latham b Todd Astle", "Runs": "7", "Balls Faced": "8", "Fours": "1", "Sixes": "0", "Strike Rate": "87.50"}, {"Player Name": "Sabbir Rahman", "Dismissed by": "c Jimmy Neesham b Lockie Ferguson", "Runs": "43", "Balls Faced": "65", "Fours": "7", "Sixes": "0", "Strike Rate": "66.15"}, {"Player Name": "Mehidy Hasan", "Dismissed by": "c Henry Nicholls b Jimmy Neesham", "Runs": "16", "Balls Faced": "20", "Fours": "1", "Sixes": "0", "Strike Rate": "80.00"}, {"Player Name": "Mohammad Saifuddin", "Dismissed by": "b Lockie Ferguson", "Runs": "10", "Balls Faced": "15", "Fours": "0", "Sixes": "0", "Strike Rate": "66.66"}, {"Player Name": "Mashrafe Mortaza", "Dismissed by": "c Trent Boult b Jimmy Neesham", "Runs": "13", "Balls Faced": "18", "Fours": "0", "Sixes": "1", "Strike Rate": "72.22"}, {"Player Name": "Mustafizur Rahman", "Dismissed by": "", "Runs": "5", "Balls Faced": "12", "Fours": "1", "Sixes": "0", "Strike Rate": "41.66"}], "Extras": "Extras (w 17, lb 6)", "balling": [{"player_name": "Mashrafe Mortaza", "Overs": "6", "Maidens": "0", "Runs": "37", "Wickets": "0", "Economy": "6.16", "Dots": "21"}, {"player_name": "Mohammad Saifuddin", "Overs": "6", "Maidens": "0", "Runs": "44", "Wickets": "0", "Economy": "7.33", "Dots": "18"}, {"player_name": "Mehidy Hasan", "Overs": "7.1", "Maidens": "0", "Runs": "42", "Wickets": "0", "Economy": "5.86", "Dots": "22"}, {"player_name": "Mustafizur Rahman", "Overs": "9", "Maidens": "0", "Runs": "42", "Wickets": "2", "Economy": "4.66", "Dots": "30"}, {"player_name": "Sabbir Rahman", "Overs": "4", "Maidens": "0", "Runs": "28", "Wickets": "0", "Economy": "7.00", "Dots": "7"}, {"player_name": "Soumya Sarkar", "Overs": "1", "Maidens": "0", "Runs": "10", "Wickets": "0", "Economy": "10.00", "Dots": "1"}, {"player_name": "Mahmudullah", "Overs": "3", "Maidens": "0", "Runs": "25", "Wickets": "0", "Economy": "8.33", "Dots": "5"}]}, "match_id": "9086"}