{"date": "09/21/2023 08:00:00 AM", "home": "Bangladesh", "away": "New Zealand", "place": "Sher-e-Bangla National Cricket Stadium", "result": "Match Abandoned", "Team1": {"Name": "Bangladesh", "score": "Did not bat", "overs": "", "rr": "", "batting": "None", "Extras": "None", "balling": [{"player_name": "Mustafizur Rahman", "Overs": "7", "Maidens": "1", "Runs": "27", "Wickets": "3", "Economy": "3.85", "Dots": "27"}, {"player_name": "Tanzim Hasan Sakib", "Overs": "5.4", "Maidens": "0", "Runs": "25", "Wickets": "0", "Economy": "4.41", "Dots": "16"}, {"player_name": "Nasum Ahmed", "Overs": "8", "Maidens": "3", "Runs": "21", "Wickets": "2", "Economy": "2.62", "Dots": "35"}, {"player_name": "Mahedi Hasan", "Overs": "7", "Maidens": "0", "Runs": "27", "Wickets": "0", "Economy": "3.85", "Dots": "19"}, {"player_name": "Mahmudullah", "Overs": "4", "Maidens": "0", "Runs": "21", "Wickets": "0", "Economy": "5.25", "Dots": "9"}, {"player_name": "Soumya Sarkar", "Overs": "2", "Maidens": "0", "Runs": "13", "Wickets": "0", "Economy": "6.50", "Dots": "5"}]}, "Team2": {"Name": "New Zealand", "score": "136/5", "overs": "33.4/42 ov", "rr": "RR: 4.03", "batting": [{"Player Name": "Finn Allen", "Dismissed by": "c Nurul Hasan b Mustafizur Rahman", "Runs": "9", "Balls Faced": "20", "Fours": "1", "Sixes": "0", "Strike Rate": "45.00"}, {"Player Name": "Will Young", "Dismissed by": "st Nurul Hasan b Nasum Ahmed", "Runs": "58", "Balls Faced": "91", "Fours": "4", "Sixes": "1", "Strike Rate": "63.73"}, {"Player Name": "Chad Bowes", "Dismissed by": "c Nurul Hasan b Mustafizur Rahman", "Runs": "1", "Balls Faced": "3", "Fours": "0", "Sixes": "0", "Strike Rate": "33.33"}, {"Player Name": "Henry Nicholls", "Dismissed by": "lbw Mustafizur Rahman", "Runs": "44", "Balls Faced": "57", "Fours": "3", "Sixes": "0", "Strike Rate": "77.19"}, {"Player Name": "Tom Blundell", "Dismissed by": "", "Runs": "8", "Balls Faced": "19", "Fours": "0", "Sixes": "0", "Strike Rate": "42.10"}, {"Player Name": "Rachin Ravindra", "Dismissed by": "lbw Nasum Ahmed", "Runs": "0", "Balls Faced": "2", "Fours": "0", "Sixes": "0", "Strike Rate": "0.00"}, {"Player Name": "Cole McConchie", "Dismissed by": "", "Runs": "8", "Balls Faced": "10", "Fours": "1", "Sixes": "0", "Strike Rate": "80.00"}, {"Player Name": "Ish Sodhi", "Dismissed by": "", "Runs": "-", "Balls Faced": "-", "Fours": "-", "Sixes": "-", "Strike Rate": "-"}, {"Player Name": "Kyle Jamieson", "Dismissed by": "", "Runs": "-", "Balls Faced": "-", "Fours": "-", "Sixes": "-", "Strike Rate": "-"}, {"Player Name": "Lockie Ferguson", "Dismissed by": "", "Runs": "-", "Balls Faced": "-", "Fours": "-", "Sixes": "-", "Strike Rate": "-"}, {"Player Name": "Trent Boult", "Dismissed by": "", "Runs": "-", "Balls Faced": "-", "Fours": "-", "Sixes": "-", "Strike Rate": "-"}], "Extras": "Extras (w 6, lb 2)", "balling": []}, "match_id": "103011"}