{"date": "03/06/2023 06:00:00 AM", "home": "Bangladesh", "away": "England", "place": "Zahur Ahmed Chowdhury Stadium", "result": "Bangladesh won by 50 runs", "Team1": {"Name": "Bangladesh", "score": "246", "overs": "48.5/50 ov", "rr": "RR: 5.03", "batting": [{"Player Name": "Tamim Iqbal", "Dismissed by": "c James Vince b Sam Curran", "Runs": "11", "Balls Faced": "6", "Fours": "1", "Sixes": "0", "Strike Rate": "183.33"}, {"Player Name": "Litton Das", "Dismissed by": "c Jos Buttler b Sam Curran", "Runs": "0", "Balls Faced": "3", "Fours": "0", "Sixes": "0", "Strike Rate": "0.00"}, {"Player Name": "Najmul Hossain Shanto", "Dismissed by": "run out (Jos Buttler/Rehan Ahmed)", "Runs": "53", "Balls Faced": "71", "Fours": "5", "Sixes": "0", "Strike Rate": "74.64"}, {"Player Name": "Mushfiqur Rahim", "Dismissed by": "b Adil Rashid", "Runs": "70", "Balls Faced": "93", "Fours": "6", "Sixes": "0", "Strike Rate": "75.26"}, {"Player Name": "Shakib Al Hasan", "Dismissed by": "c Jason Roy b Jofra Archer", "Runs": "75", "Balls Faced": "71", "Fours": "7", "Sixes": "0", "Strike Rate": "105.63"}, {"Player Name": "Mahmudullah", "Dismissed by": "b Adil Rashid", "Runs": "8", "Balls Faced": "9", "Fours": "0", "Sixes": "1", "Strike Rate": "88.88"}, {"Player Name": "Afif Hossain", "Dismissed by": "c Moeen Ali b Chris Woakes", "Runs": "15", "Balls Faced": "24", "Fours": "2", "Sixes": "0", "Strike Rate": "62.50"}, {"Player Name": "Mehidy Hasan Miraz", "Dismissed by": "c & b Rehan Ahmed", "Runs": "5", "Balls Faced": "6", "Fours": "1", "Sixes": "0", "Strike Rate": "83.33"}, {"Player Name": "Taijul Islam", "Dismissed by": "c & b Jofra Archer", "Runs": "2", "Balls Faced": "6", "Fours": "0", "Sixes": "0", "Strike Rate": "33.33"}, {"Player Name": "Ebadot Hossain", "Dismissed by": "", "Runs": "1", "Balls Faced": "3", "Fours": "0", "Sixes": "0", "Strike Rate": "33.33"}, {"Player Name": "Mustafizur Rahman", "Dismissed by": "lbw Jofra Archer", "Runs": "0", "Balls Faced": "1", "Fours": "0", "Sixes": "0", "Strike Rate": "0.00"}], "Extras": "Extras (w 4, lb 2)", "balling": [{"player_name": "Mustafizur Rahman", "Overs": "6.1", "Maidens": "0", "Runs": "25", "Wickets": "1", "Economy": "4.05", "Dots": "23"}, {"player_name": "Taijul Islam", "Overs": "10", "Maidens": "0", "Runs": "52", "Wickets": "2", "Economy": "5.20", "Dots": "29"}, {"player_name": "Ebadot Hossain", "Overs": "9", "Maidens": "1", "Runs": "38", "Wickets": "2", "Economy": "4.22", "Dots": "32"}, {"player_name": "Shakib Al Hasan", "Overs": "10", "Maidens": "0", "Runs": "35", "Wickets": "4", "Economy": "3.50", "Dots": "38"}, {"player_name": "Mehidy Hasan Miraz", "Overs": "8", "Maidens": "0", "Runs": "46", "Wickets": "1", "Economy": "5.75", "Dots": "22"}]}, "Team2": {"Name": "England", "score": "196", "overs": "43.1/50 ov", "rr": "RR: 4.54", "batting": [{"Player Name": "Jason Roy", "Dismissed by": "b Shakib Al Hasan", "Runs": "19", "Balls Faced": "33", "Fours": "3", "Sixes": "0", "Strike Rate": "57.57"}, {"Player Name": "Phil Salt", "Dismissed by": "c Mahmudullah b Shakib Al Hasan", "Runs": "35", "Balls Faced": "25", "Fours": "7", "Sixes": "0", "Strike Rate": "140.00"}, {"Player Name": "Dawid Malan", "Dismissed by": "c Mahmudullah b Ebadot Hossain", "Runs": "0", "Balls Faced": "2", "Fours": "0", "Sixes": "0", "Strike Rate": "0.00"}, {"Player Name": "James Vince", "Dismissed by": "c Mushfiqur Rahim b Shakib Al Hasan", "Runs": "38", "Balls Faced": "44", "Fours": "3", "Sixes": "1", "Strike Rate": "86.36"}, {"Player Name": "Sam Curran", "Dismissed by": "c Litton Das b Mehidy Hasan Miraz", "Runs": "23", "Balls Faced": "49", "Fours": "1", "Sixes": "1", "Strike Rate": "46.93"}, {"Player Name": "Jos Buttler", "Dismissed by": "lbw Taijul Islam", "Runs": "26", "Balls Faced": "24", "Fours": "0", "Sixes": "0", "Strike Rate": "108.33"}, {"Player Name": "Moeen Ali", "Dismissed by": "b Ebadot Hossain", "Runs": "2", "Balls Faced": "5", "Fours": "0", "Sixes": "0", "Strike Rate": "40.00"}, {"Player Name": "Chris Woakes", "Dismissed by": "c & b Mustafizur Rahman", "Runs": "34", "Balls Faced": "46", "Fours": "2", "Sixes": "0", "Strike Rate": "73.91"}, {"Player Name": "Adil Rashid", "Dismissed by": "b Taijul Islam", "Runs": "8", "Balls Faced": "14", "Fours": "0", "Sixes": "0", "Strike Rate": "57.14"}, {"Player Name": "Rehan Ahmed", "Dismissed by": "c Mehidy Hasan Miraz b Shakib Al Hasan", "Runs": "2", "Balls Faced": "7", "Fours": "0", "Sixes": "0", "Strike Rate": "28.57"}, {"Player Name": "Jofra Archer", "Dismissed by": "", "Runs": "5", "Balls Faced": "10", "Fours": "1", "Sixes": "0", "Strike Rate": "50.00"}], "Extras": "Extras (w 4)", "balling": [{"player_name": "Sam Curran", "Overs": "8", "Maidens": "1", "Runs": "51", "Wickets": "2", "Economy": "6.37", "Dots": "32"}, {"player_name": "Chris Woakes", "Overs": "8", "Maidens": "0", "Runs": "27", "Wickets": "1", "Economy": "3.37", "Dots": "24"}, {"player_name": "Jofra Archer", "Overs": "8.5", "Maidens": "1", "Runs": "35", "Wickets": "3", "Economy": "3.96", "Dots": "33"}, {"player_name": "Moeen Ali", "Overs": "9", "Maidens": "0", "Runs": "48", "Wickets": "0", "Economy": "5.33", "Dots": "20"}, {"player_name": "Rehan Ahmed", "Overs": "10", "Maidens": "0", "Runs": "62", "Wickets": "1", "Economy": "6.20", "Dots": "21"}, {"player_name": "Adil Rashid", "Overs": "5", "Maidens": "0", "Runs": "21", "Wickets": "2", "Economy": "4.20", "Dots": "15"}]}, "match_id": "101893"}