{"date": "02/27/2014 08:00:00 AM", "home": "Afghanistan", "away": "Pakistan", "place": "Khan Shaheb Osman Ali Stadium", "result": "Pakistan won by 72 runs", "Team1": {"Name": "Afghanistan", "score": "176", "overs": "47.2/50 ov", "rr": "RR: 3.71", "batting": [{"Player Name": "Mohammad Shahzad", "Dismissed by": "c Umar Akmal b Umar Gul", "Runs": "9", "Balls Faced": "12", "Fours": "1", "Sixes": "0", "Strike Rate": "75.00"}, {"Player Name": "Noor Ali Zadran", "Dismissed by": "lbw Saeed Ajmal", "Runs": "44", "Balls Faced": "63", "Fours": "7", "Sixes": "0", "Strike Rate": "69.84"}, {"Player Name": "Asghar Afghan", "Dismissed by": "c Mohammad Hafeez b Shahid Afridi", "Runs": "40", "Balls Faced": "91", "Fours": "3", "Sixes": "0", "Strike Rate": "43.95"}, {"Player Name": "Nawroz Mangal", "Dismissed by": "run out (Anwar Ali/Saeed Ajmal)", "Runs": "35", "Balls Faced": "57", "Fours": "3", "Sixes": "0", "Strike Rate": "61.40"}, {"Player Name": "Mohammad Nabi", "Dismissed by": "lbw Umar Gul", "Runs": "15", "Balls Faced": "13", "Fours": "3", "Sixes": "0", "Strike Rate": "115.38"}, {"Player Name": "Najibullah Zadran", "Dismissed by": "b Mohammad Hafeez", "Runs": "1", "Balls Faced": "6", "Fours": "0", "Sixes": "0", "Strike Rate": "16.66"}, {"Player Name": "Samiullah Shinwari", "Dismissed by": "b Mohammad Hafeez", "Runs": "14", "Balls Faced": "20", "Fours": "1", "Sixes": "0", "Strike Rate": "70.00"}, {"Player Name": "Mirwais Ashraf", "Dismissed by": "run out (Junaid Khan/Mohammad Hafeez)", "Runs": "4", "Balls Faced": "12", "Fours": "0", "Sixes": "0", "Strike Rate": "33.33"}, {"Player Name": "Dawlat Zadran", "Dismissed by": "b Saeed Ajmal", "Runs": "0", "Balls Faced": "1", "Fours": "0", "Sixes": "0", "Strike Rate": "0.00"}, {"Player Name": "Shapoor Zadran", "Dismissed by": "c Saeed Ajmal b Mohammad Hafeez", "Runs": "1", "Balls Faced": "7", "Fours": "0", "Sixes": "0", "Strike Rate": "14.28"}, {"Player Name": "Amir Hamza", "Dismissed by": "", "Runs": "-", "Balls Faced": "-", "Fours": "-", "Sixes": "-", "Strike Rate": "-"}], "Extras": "Extras (w 5, b 8)", "balling": [{"player_name": "Shapoor Zadran", "Overs": "9", "Maidens": "1", "Runs": "42", "Wickets": "0", "Economy": "4.66", "Dots": "29"}, {"player_name": "Dawlat Zadran", "Overs": "10", "Maidens": "0", "Runs": "73", "Wickets": "2", "Economy": "7.30", "Dots": "32"}, {"player_name": "Mohammad Nabi", "Overs": "8", "Maidens": "0", "Runs": "46", "Wickets": "0", "Economy": "5.75", "Dots": "22"}, {"player_name": "Mirwais Ashraf", "Overs": "8", "Maidens": "1", "Runs": "29", "Wickets": "2", "Economy": "3.62", "Dots": "31"}, {"player_name": "Samiullah Shinwari", "Overs": "7", "Maidens": "0", "Runs": "34", "Wickets": "2", "Economy": "4.85", "Dots": "21"}]}, "Team2": {"Name": "Pakistan", "score": "248/8", "overs": "50/50 ov", "rr": "RR: 4.96", "batting": [{"Player Name": "Sharjeel Khan", "Dismissed by": "c Noor Ali Zadran b Hamza Hotak - DUPLICATE of AMIR HAMZA", "Runs": "25", "Balls Faced": "37", "Fours": "2", "Sixes": "1", "Strike Rate": "67.56"}, {"Player Name": "Ahmed Shehzad", "Dismissed by": "b Samiullah Shinwari", "Runs": "50", "Balls Faced": "74", "Fours": "7", "Sixes": "0", "Strike Rate": "67.56"}, {"Player Name": "Mohammad Hafeez", "Dismissed by": "c Mohammad Nabi b Mirwais Ashraf", "Runs": "10", "Balls Faced": "16", "Fours": "1", "Sixes": "0", "Strike Rate": "62.50"}, {"Player Name": "Sohaib Maqsood", "Dismissed by": "c Asghar Afghan b Samiullah Shinwari", "Runs": "13", "Balls Faced": "25", "Fours": "2", "Sixes": "0", "Strike Rate": "52.00"}, {"Player Name": "Misbah-ul-Haq", "Dismissed by": "run out (Najibullah Zadran/Mohammad Shahzad)", "Runs": "0", "Balls Faced": "0", "Fours": "0", "Sixes": "0", "Strike Rate": "-"}, {"Player Name": "Umar Akmal", "Dismissed by": "", "Runs": "102", "Balls Faced": "89", "Fours": "7", "Sixes": "3", "Strike Rate": "114.60"}, {"Player Name": "Shahid Afridi", "Dismissed by": "b Dawlat Zadran", "Runs": "6", "Balls Faced": "11", "Fours": "0", "Sixes": "0", "Strike Rate": "54.54"}, {"Player Name": "Anwar Ali", "Dismissed by": "c Nawroz Mangal b Mirwais Ashraf", "Runs": "21", "Balls Faced": "36", "Fours": "2", "Sixes": "0", "Strike Rate": "58.33"}, {"Player Name": "Umar Gul", "Dismissed by": "b Dawlat Zadran", "Runs": "15", "Balls Faced": "12", "Fours": "1", "Sixes": "1", "Strike Rate": "125.00"}, {"Player Name": "Saeed Ajmal", "Dismissed by": "", "Runs": "1", "Balls Faced": "1", "Fours": "0", "Sixes": "0", "Strike Rate": "100.00"}, {"Player Name": "Junaid Khan", "Dismissed by": "", "Runs": "-", "Balls Faced": "-", "Fours": "-", "Sixes": "-", "Strike Rate": "-"}], "Extras": "Extras (nb 1, w 2, lb 2)", "balling": [{"player_name": "Umar Gul", "Overs": "9", "Maidens": "0", "Runs": "44", "Wickets": "2", "Economy": "4.88", "Dots": "33"}, {"player_name": "Anwar Ali", "Overs": "4", "Maidens": "0", "Runs": "23", "Wickets": "0", "Economy": "5.75", "Dots": "15"}, {"player_name": "Junaid Khan", "Overs": "6", "Maidens": "1", "Runs": "16", "Wickets": "0", "Economy": "2.66", "Dots": "26"}, {"player_name": "Shahid Afridi", "Overs": "10", "Maidens": "0", "Runs": "31", "Wickets": "1", "Economy": "3.10", "Dots": "39"}, {"player_name": "Saeed Ajmal", "Overs": "9", "Maidens": "1", "Runs": "25", "Wickets": "2", "Economy": "2.77", "Dots": "37"}, {"player_name": "Mohammad Hafeez", "Overs": "9.2", "Maidens": "0", "Runs": "29", "Wickets": "3", "Economy": "3.10", "Dots": "31"}]}, "match_id": "2365"}