{"date": "07/02/2019 09:30:00 AM", "home": "Bangladesh", "away": "India", "place": "Edgbaston", "result": "India win by 28 runs", "Team1": {"Name": "Bangladesh", "score": "286", "overs": "48/50 ov", "rr": "RR: 5.95", "batting": [{"Player Name": "Tamim Iqbal", "Dismissed by": "b Mohammad Shami", "Runs": "22", "Balls Faced": "31", "Fours": "3", "Sixes": "0", "Strike Rate": "70.96"}, {"Player Name": "Soumya Sarkar", "Dismissed by": "c Virat Kohli b Hardik Pandya", "Runs": "33", "Balls Faced": "38", "Fours": "4", "Sixes": "0", "Strike Rate": "86.84"}, {"Player Name": "Shakib Al Hasan", "Dismissed by": "c Dinesh Karthik b Hardik Pandya", "Runs": "66", "Balls Faced": "74", "Fours": "6", "Sixes": "0", "Strike Rate": "89.18"}, {"Player Name": "Mushfiqur Rahim", "Dismissed by": "c Mohammad Shami b Yuzvendra Chahal", "Runs": "24", "Balls Faced": "23", "Fours": "3", "Sixes": "0", "Strike Rate": "104.34"}, {"Player Name": "Litton Das", "Dismissed by": "c Dinesh Karthik b Hardik Pandya", "Runs": "22", "Balls Faced": "24", "Fours": "0", "Sixes": "1", "Strike Rate": "91.66"}, {"Player Name": "Mosaddek Hossain", "Dismissed by": "b Jasprit Bumrah", "Runs": "3", "Balls Faced": "7", "Fours": "0", "Sixes": "0", "Strike Rate": "42.85"}, {"Player Name": "Sabbir Rahman", "Dismissed by": "b Jasprit Bumrah", "Runs": "36", "Balls Faced": "36", "Fours": "5", "Sixes": "0", "Strike Rate": "100.00"}, {"Player Name": "Mohammad Saifuddin", "Dismissed by": "", "Runs": "51", "Balls Faced": "38", "Fours": "9", "Sixes": "0", "Strike Rate": "134.21"}, {"Player Name": "Mashrafe Mortaza", "Dismissed by": "c MS Dhoni b Bhuvneshwar Kumar", "Runs": "8", "Balls Faced": "5", "Fours": "0", "Sixes": "1", "Strike Rate": "160.00"}, {"Player Name": "Rubel Hossain", "Dismissed by": "b Jasprit Bumrah", "Runs": "9", "Balls Faced": "11", "Fours": "1", "Sixes": "0", "Strike Rate": "81.81"}, {"Player Name": "Mustafizur Rahman", "Dismissed by": "b Jasprit Bumrah", "Runs": "0", "Balls Faced": "1", "Fours": "0", "Sixes": "0", "Strike Rate": "0.00"}], "Extras": "Extras (w 10, b 1, lb 1)", "balling": [{"player_name": "Mashrafe Mortaza", "Overs": "5", "Maidens": "0", "Runs": "36", "Wickets": "0", "Economy": "7.20", "Dots": "15"}, {"player_name": "Mohammad Saifuddin", "Overs": "7", "Maidens": "0", "Runs": "59", "Wickets": "0", "Economy": "8.42", "Dots": "17"}, {"player_name": "Mustafizur Rahman", "Overs": "10", "Maidens": "1", "Runs": "59", "Wickets": "5", "Economy": "5.90", "Dots": "29"}, {"player_name": "Shakib Al Hasan", "Overs": "10", "Maidens": "0", "Runs": "41", "Wickets": "1", "Economy": "4.10", "Dots": "32"}, {"player_name": "Mosaddek Hossain", "Overs": "4", "Maidens": "0", "Runs": "32", "Wickets": "0", "Economy": "8.00", "Dots": "7"}, {"player_name": "Rubel Hossain", "Overs": "8", "Maidens": "0", "Runs": "48", "Wickets": "1", "Economy": "6.00", "Dots": "21"}, {"player_name": "Soumya Sarkar", "Overs": "6", "Maidens": "0", "Runs": "33", "Wickets": "1", "Economy": "5.50", "Dots": "15"}]}, "Team2": {"Name": "India", "score": "314/9", "overs": "50/50 ov", "rr": "RR: 6.28", "batting": [{"Player Name": "KL Rahul", "Dismissed by": "c Mushfiqur Rahim b Rubel Hossain", "Runs": "77", "Balls Faced": "92", "Fours": "6", "Sixes": "1", "Strike Rate": "83.69"}, {"Player Name": "Rohit Sharma", "Dismissed by": "c Litton Das b Soumya Sarkar", "Runs": "104", "Balls Faced": "92", "Fours": "7", "Sixes": "5", "Strike Rate": "113.04"}, {"Player Name": "Virat Kohli", "Dismissed by": "c Rubel Hossain b Mustafizur Rahman", "Runs": "26", "Balls Faced": "27", "Fours": "3", "Sixes": "0", "Strike Rate": "96.29"}, {"Player Name": "Rishabh Pant", "Dismissed by": "c Mosaddek Hossain b Shakib Al Hasan", "Runs": "48", "Balls Faced": "41", "Fours": "6", "Sixes": "1", "Strike Rate": "117.07"}, {"Player Name": "Hardik Pandya", "Dismissed by": "c Soumya Sarkar b Mustafizur Rahman", "Runs": "0", "Balls Faced": "2", "Fours": "0", "Sixes": "0", "Strike Rate": "0.00"}, {"Player Name": "MS Dhoni", "Dismissed by": "c Shakib Al Hasan b Mustafizur Rahman", "Runs": "35", "Balls Faced": "33", "Fours": "4", "Sixes": "0", "Strike Rate": "106.06"}, {"Player Name": "Dinesh Karthik", "Dismissed by": "c Mosaddek Hossain b Mustafizur Rahman", "Runs": "8", "Balls Faced": "9", "Fours": "1", "Sixes": "0", "Strike Rate": "88.88"}, {"Player Name": "Bhuvneshwar Kumar", "Dismissed by": "run out (Mushfiqur Rahim/Mustafizur Rahman)", "Runs": "2", "Balls Faced": "3", "Fours": "0", "Sixes": "0", "Strike Rate": "66.66"}, {"Player Name": "Mohammad Shami", "Dismissed by": "b Mustafizur Rahman", "Runs": "1", "Balls Faced": "2", "Fours": "0", "Sixes": "0", "Strike Rate": "50.00"}, {"Player Name": "Jasprit Bumrah", "Dismissed by": "", "Runs": "0", "Balls Faced": "0", "Fours": "0", "Sixes": "0", "Strike Rate": "-"}, {"Player Name": "Yuzvendra Chahal", "Dismissed by": "", "Runs": "-", "Balls Faced": "-", "Fours": "-", "Sixes": "-", "Strike Rate": "-"}], "Extras": "Extras (nb 1, w 6, lb 6)", "balling": [{"player_name": "Bhuvneshwar Kumar", "Overs": "9", "Maidens": "0", "Runs": "51", "Wickets": "1", "Economy": "5.66", "Dots": "26"}, {"player_name": "Jasprit Bumrah", "Overs": "10", "Maidens": "1", "Runs": "55", "Wickets": "4", "Economy": "5.50", "Dots": "33"}, {"player_name": "Mohammad Shami", "Overs": "9", "Maidens": "0", "Runs": "68", "Wickets": "1", "Economy": "7.55", "Dots": "22"}, {"player_name": "Yuzvendra Chahal", "Overs": "10", "Maidens": "0", "Runs": "50", "Wickets": "1", "Economy": "5.00", "Dots": "31"}, {"player_name": "Hardik Pandya", "Overs": "10", "Maidens": "0", "Runs": "60", "Wickets": "3", "Economy": "6.00", "Dots": "26"}]}, "match_id": "8231"}