{"date": "03/28/2021 08:00:00 AM", "home": "India", "away": "England", "place": "Maharashtra Cricket Association Stadium", "result": "India won by 7 runs", "Team1": {"Name": "India", "score": "329", "overs": "48.2/50 ov", "rr": "RR: 6.80", "batting": [{"Player Name": "Rohit Sharma", "Dismissed by": "b Adil Rashid", "Runs": "37", "Balls Faced": "37", "Fours": "6", "Sixes": "0", "Strike Rate": "100.00"}, {"Player Name": "Shikhar Dhawan", "Dismissed by": "c & b Adil Rashid", "Runs": "67", "Balls Faced": "56", "Fours": "10", "Sixes": "0", "Strike Rate": "119.64"}, {"Player Name": "Virat Kohli", "Dismissed by": "b Moeen Ali", "Runs": "7", "Balls Faced": "10", "Fours": "1", "Sixes": "0", "Strike Rate": "70.00"}, {"Player Name": "Rishabh Pant", "Dismissed by": "c Jos Buttler b Sam Curran", "Runs": "78", "Balls Faced": "62", "Fours": "5", "Sixes": "4", "Strike Rate": "125.80"}, {"Player Name": "KL Rahul", "Dismissed by": "c Moeen Ali b Liam Livingstone", "Runs": "7", "Balls Faced": "18", "Fours": "0", "Sixes": "0", "Strike Rate": "38.88"}, {"Player Name": "Hardik Pandya", "Dismissed by": "b Ben Stokes", "Runs": "64", "Balls Faced": "44", "Fours": "5", "Sixes": "4", "Strike Rate": "145.45"}, {"Player Name": "Krunal Pandya", "Dismissed by": "c Jason Roy b Mark Wood", "Runs": "25", "Balls Faced": "34", "Fours": "0", "Sixes": "0", "Strike Rate": "73.52"}, {"Player Name": "Shardul Thakur", "Dismissed by": "c Jos Buttler b Mark Wood", "Runs": "30", "Balls Faced": "21", "Fours": "1", "Sixes": "3", "Strike Rate": "142.85"}, {"Player Name": "Bhuvneshwar Kumar", "Dismissed by": "c Sam Curran b Reece Topley", "Runs": "3", "Balls Faced": "5", "Fours": "0", "Sixes": "0", "Strike Rate": "60.00"}, {"Player Name": "Prasidh Krishna", "Dismissed by": "b Mark Wood", "Runs": "0", "Balls Faced": "3", "Fours": "0", "Sixes": "0", "Strike Rate": "0.00"}, {"Player Name": "T Natarajan", "Dismissed by": "", "Runs": "0", "Balls Faced": "0", "Fours": "0", "Sixes": "0", "Strike Rate": "-"}], "Extras": "Extras (w 10, lb 1)", "balling": [{"player_name": "Bhuvneshwar Kumar", "Overs": "10", "Maidens": "0", "Runs": "42", "Wickets": "3", "Economy": "4.20", "Dots": "40"}, {"player_name": "T Natarajan", "Overs": "10", "Maidens": "0", "Runs": "73", "Wickets": "1", "Economy": "7.30", "Dots": "29"}, {"player_name": "Prasidh Krishna", "Overs": "7", "Maidens": "0", "Runs": "62", "Wickets": "0", "Economy": "8.85", "Dots": "18"}, {"player_name": "Shardul Thakur", "Overs": "10", "Maidens": "0", "Runs": "67", "Wickets": "4", "Economy": "6.70", "Dots": "25"}, {"player_name": "Hardik Pandya", "Overs": "9", "Maidens": "0", "Runs": "48", "Wickets": "0", "Economy": "5.33", "Dots": "23"}, {"player_name": "Krunal Pandya", "Overs": "4", "Maidens": "0", "Runs": "29", "Wickets": "0", "Economy": "7.25", "Dots": "7"}]}, "Team2": {"Name": "England", "score": "322/9", "overs": "50/50 ov", "rr": "RR: 6.44", "batting": [{"Player Name": "Jason Roy", "Dismissed by": "b Bhuvneshwar Kumar", "Runs": "14", "Balls Faced": "6", "Fours": "3", "Sixes": "0", "Strike Rate": "233.33"}, {"Player Name": "Jonny Bairstow", "Dismissed by": "lbw Bhuvneshwar Kumar", "Runs": "1", "Balls Faced": "4", "Fours": "0", "Sixes": "0", "Strike Rate": "25.00"}, {"Player Name": "Ben Stokes", "Dismissed by": "c Shikhar Dhawan b T Natarajan", "Runs": "35", "Balls Faced": "39", "Fours": "4", "Sixes": "1", "Strike Rate": "89.74"}, {"Player Name": "Dawid Malan", "Dismissed by": "c Rohit Sharma b Shardul Thakur", "Runs": "50", "Balls Faced": "50", "Fours": "6", "Sixes": "0", "Strike Rate": "100.00"}, {"Player Name": "Jos Buttler", "Dismissed by": "lbw Shardul Thakur", "Runs": "15", "Balls Faced": "18", "Fours": "2", "Sixes": "0", "Strike Rate": "83.33"}, {"Player Name": "Liam Livingstone", "Dismissed by": "c & b Shardul Thakur", "Runs": "36", "Balls Faced": "31", "Fours": "4", "Sixes": "1", "Strike Rate": "116.12"}, {"Player Name": "Moeen Ali", "Dismissed by": "c Hardik Pandya b Bhuvneshwar Kumar", "Runs": "29", "Balls Faced": "25", "Fours": "2", "Sixes": "2", "Strike Rate": "116.00"}, {"Player Name": "Sam Curran", "Dismissed by": "", "Runs": "95", "Balls Faced": "83", "Fours": "9", "Sixes": "3", "Strike Rate": "114.45"}, {"Player Name": "Adil Rashid", "Dismissed by": "c Virat Kohli b Shardul Thakur", "Runs": "19", "Balls Faced": "22", "Fours": "2", "Sixes": "0", "Strike Rate": "86.36"}, {"Player Name": "Mark Wood", "Dismissed by": "run out (Hardik Pandya/Rishabh Pant)", "Runs": "14", "Balls Faced": "21", "Fours": "1", "Sixes": "0", "Strike Rate": "66.66"}, {"Player Name": "Reece Topley", "Dismissed by": "", "Runs": "1", "Balls Faced": "1", "Fours": "0", "Sixes": "0", "Strike Rate": "100.00"}], "Extras": "Extras (w 12, lb 1)", "balling": [{"player_name": "Sam Curran", "Overs": "5", "Maidens": "0", "Runs": "43", "Wickets": "1", "Economy": "8.60", "Dots": "13"}, {"player_name": "Reece Topley", "Overs": "9.2", "Maidens": "0", "Runs": "66", "Wickets": "1", "Economy": "7.07", "Dots": "25"}, {"player_name": "Mark Wood", "Overs": "7", "Maidens": "1", "Runs": "34", "Wickets": "3", "Economy": "4.85", "Dots": "25"}, {"player_name": "Ben Stokes", "Overs": "7", "Maidens": "0", "Runs": "45", "Wickets": "1", "Economy": "6.42", "Dots": "15"}, {"player_name": "Adil Rashid", "Overs": "10", "Maidens": "0", "Runs": "81", "Wickets": "2", "Economy": "8.10", "Dots": "21"}, {"player_name": "Moeen Ali", "Overs": "7", "Maidens": "0", "Runs": "39", "Wickets": "1", "Economy": "5.57", "Dots": "18"}, {"player_name": "Liam Livingstone", "Overs": "3", "Maidens": "0", "Runs": "20", "Wickets": "1", "Economy": "6.66", "Dots": "10"}]}, "match_id": "22467"}