{"date": "03/07/2020 08:00:00 AM", "home": "South Africa", "away": "Australia", "place": "JB Marks Oval", "result": "South Africa win by 6 wickets", "Team1": {"Name": "South Africa", "score": "258/4", "overs": "45.3/50 ov", "rr": "RR: 5.67", "batting": [{"Player Name": "Janneman Malan", "Dismissed by": "c Alex Carey b Josh Hazlewood", "Runs": "23", "Balls Faced": "26", "Fours": "4", "Sixes": "0", "Strike Rate": "88.46"}, {"Player Name": "Quinton de Kock", "Dismissed by": "b Josh Hazlewood", "Runs": "26", "Balls Faced": "31", "Fours": "2", "Sixes": "2", "Strike Rate": "83.87"}, {"Player Name": "Jon-Jon Smuts", "Dismissed by": "c David Warner b Kane Richardson", "Runs": "84", "Balls Faced": "98", "Fours": "12", "Sixes": "0", "Strike Rate": "85.71"}, {"Player Name": "Kyle Verreynne", "Dismissed by": "c Marnus Labuschagne b Adam Zampa", "Runs": "50", "Balls Faced": "50", "Fours": "3", "Sixes": "3", "Strike Rate": "100.00"}, {"Player Name": "Heinrich Klaasen", "Dismissed by": "", "Runs": "68", "Balls Faced": "63", "Fours": "10", "Sixes": "1", "Strike Rate": "107.93"}, {"Player Name": "David Miller", "Dismissed by": "", "Runs": "3", "Balls Faced": "5", "Fours": "0", "Sixes": "0", "Strike Rate": "60.00"}, {"Player Name": "Andile Phehlukwayo", "Dismissed by": "", "Runs": "-", "Balls Faced": "-", "Fours": "-", "Sixes": "-", "Strike Rate": "-"}, {"Player Name": "Keshav Maharaj", "Dismissed by": "", "Runs": "-", "Balls Faced": "-", "Fours": "-", "Sixes": "-", "Strike Rate": "-"}, {"Player Name": "Anrich Nortje", "Dismissed by": "", "Runs": "-", "Balls Faced": "-", "Fours": "-", "Sixes": "-", "Strike Rate": "-"}, {"Player Name": "Daryn Dupavillon", "Dismissed by": "", "Runs": "-", "Balls Faced": "-", "Fours": "-", "Sixes": "-", "Strike Rate": "-"}, {"Player Name": "Lutho Sipamla", "Dismissed by": "", "Runs": "-", "Balls Faced": "-", "Fours": "-", "Sixes": "-", "Strike Rate": "-"}], "Extras": "Extras (w 1, lb 3)", "balling": [{"player_name": "Anrich Nortje", "Overs": "7", "Maidens": "0", "Runs": "35", "Wickets": "2", "Economy": "5.00", "Dots": "24"}, {"player_name": "Lutho Sipamla", "Overs": "8", "Maidens": "0", "Runs": "40", "Wickets": "0", "Economy": "5.00", "Dots": "27"}, {"player_name": "Daryn Dupavillon", "Overs": "6", "Maidens": "0", "Runs": "21", "Wickets": "1", "Economy": "3.50", "Dots": "24"}, {"player_name": "Andile Phehlukwayo", "Overs": "7", "Maidens": "0", "Runs": "49", "Wickets": "1", "Economy": "7.00", "Dots": "19"}, {"player_name": "Keshav Maharaj", "Overs": "10", "Maidens": "0", "Runs": "45", "Wickets": "0", "Economy": "4.50", "Dots": "25"}, {"player_name": "Heinrich Klaasen", "Overs": "3", "Maidens": "0", "Runs": "19", "Wickets": "0", "Economy": "6.33", "Dots": "3"}, {"player_name": "Jon-Jon Smuts", "Overs": "9", "Maidens": "1", "Runs": "42", "Wickets": "2", "Economy": "4.66", "Dots": "26"}]}, "Team2": {"Name": "Australia", "score": "254/7", "overs": "50/50 ov", "rr": "RR: 5.08", "batting": [{"Player Name": "David Warner", "Dismissed by": "c Quinton de Kock b Anrich Nortje", "Runs": "4", "Balls Faced": "9", "Fours": "0", "Sixes": "0", "Strike Rate": "44.44"}, {"Player Name": "Aaron Finch", "Dismissed by": "c David Miller b Daryn Dupavillon", "Runs": "22", "Balls Faced": "48", "Fours": "3", "Sixes": "0", "Strike Rate": "45.83"}, {"Player Name": "Steve Smith", "Dismissed by": "lbw Andile Phehlukwayo", "Runs": "20", "Balls Faced": "26", "Fours": "3", "Sixes": "0", "Strike Rate": "76.92"}, {"Player Name": "Marnus Labuschagne", "Dismissed by": "b Anrich Nortje", "Runs": "108", "Balls Faced": "108", "Fours": "8", "Sixes": "0", "Strike Rate": "100.00"}, {"Player Name": "D'Arcy Short", "Dismissed by": "c Heinrich Klaasen b Jon-Jon Smuts", "Runs": "36", "Balls Faced": "44", "Fours": "3", "Sixes": "0", "Strike Rate": "81.81"}, {"Player Name": "Mitchell Marsh", "Dismissed by": "run out (David Miller/Quinton de Kock)", "Runs": "32", "Balls Faced": "41", "Fours": "2", "Sixes": "1", "Strike Rate": "78.04"}, {"Player Name": "Alex Carey", "Dismissed by": "b Jon-Jon Smuts", "Runs": "0", "Balls Faced": "3", "Fours": "0", "Sixes": "0", "Strike Rate": "0.00"}, {"Player Name": "Jhye Richardson", "Dismissed by": "", "Runs": "24", "Balls Faced": "20", "Fours": "3", "Sixes": "0", "Strike Rate": "120.00"}, {"Player Name": "Kane Richardson", "Dismissed by": "", "Runs": "0", "Balls Faced": "1", "Fours": "0", "Sixes": "0", "Strike Rate": "0.00"}, {"Player Name": "Adam Zampa", "Dismissed by": "", "Runs": "-", "Balls Faced": "-", "Fours": "-", "Sixes": "-", "Strike Rate": "-"}, {"Player Name": "Josh Hazlewood", "Dismissed by": "", "Runs": "-", "Balls Faced": "-", "Fours": "-", "Sixes": "-", "Strike Rate": "-"}], "Extras": "Extras (w 5, b 1, lb 2)", "balling": [{"player_name": "Jhye Richardson", "Overs": "10", "Maidens": "1", "Runs": "58", "Wickets": "0", "Economy": "5.80", "Dots": "36"}, {"player_name": "Josh Hazlewood", "Overs": "10", "Maidens": "1", "Runs": "37", "Wickets": "2", "Economy": "3.70", "Dots": "46"}, {"player_name": "Kane Richardson", "Overs": "9", "Maidens": "0", "Runs": "63", "Wickets": "1", "Economy": "7.00", "Dots": "23"}, {"player_name": "Adam Zampa", "Overs": "10", "Maidens": "0", "Runs": "45", "Wickets": "1", "Economy": "4.50", "Dots": "36"}, {"player_name": "Mitchell Marsh", "Overs": "1.3", "Maidens": "0", "Runs": "21", "Wickets": "0", "Economy": "14.00", "Dots": "2"}, {"player_name": "Aaron Finch", "Overs": "2", "Maidens": "0", "Runs": "11", "Wickets": "0", "Economy": "5.50", "Dots": "4"}, {"player_name": "D'Arcy Short", "Overs": "3", "Maidens": "0", "Runs": "20", "Wickets": "0", "Economy": "6.66", "Dots": "8"}]}, "match_id": "15265"}