{"date": "03/31/2023 08:00:00 AM", "home": "South Africa", "away": "Netherlands", "place": "Supersport Park", "result": "South Africa won by 8 wickets", "Team1": {"Name": "South Africa", "score": "190/2", "overs": "30/50 ov", "rr": "RR: 6.33", "batting": [{"Player Name": "Quinton de Kock", "Dismissed by": "c Fred Klaassen b Aryan Dutt", "Runs": "9", "Balls Faced": "21", "Fours": "2", "Sixes": "0", "Strike Rate": "42.85"}, {"Player Name": "Temba Bavuma", "Dismissed by": "", "Runs": "90", "Balls Faced": "79", "Fours": "8", "Sixes": "1", "Strike Rate": "113.92"}, {"Player Name": "Rassie van der Dussen", "Dismissed by": "c Musa Ahmed b Fred Klaassen", "Runs": "31", "Balls Faced": "41", "Fours": "6", "Sixes": "0", "Strike Rate": "75.60"}, {"Player Name": "Aiden Markram", "Dismissed by": "", "Runs": "51", "Balls Faced": "39", "Fours": "7", "Sixes": "1", "Strike Rate": "130.76"}, {"Player Name": "David Miller", "Dismissed by": "", "Runs": "-", "Balls Faced": "-", "Fours": "-", "Sixes": "-", "Strike Rate": "-"}, {"Player Name": "Heinrich Klaasen", "Dismissed by": "", "Runs": "-", "Balls Faced": "-", "Fours": "-", "Sixes": "-", "Strike Rate": "-"}, {"Player Name": "Marco Jansen", "Dismissed by": "", "Runs": "-", "Balls Faced": "-", "Fours": "-", "Sixes": "-", "Strike Rate": "-"}, {"Player Name": "Sisanda Magala", "Dismissed by": "", "Runs": "-", "Balls Faced": "-", "Fours": "-", "Sixes": "-", "Strike Rate": "-"}, {"Player Name": "Kagiso Rabada", "Dismissed by": "", "Runs": "-", "Balls Faced": "-", "Fours": "-", "Sixes": "-", "Strike Rate": "-"}, {"Player Name": "Anrich Nortje", "Dismissed by": "", "Runs": "-", "Balls Faced": "-", "Fours": "-", "Sixes": "-", "Strike Rate": "-"}, {"Player Name": "Tabraiz Shamsi", "Dismissed by": "", "Runs": "-", "Balls Faced": "-", "Fours": "-", "Sixes": "-", "Strike Rate": "-"}], "Extras": "Extras (w 6, lb 3)", "balling": [{"player_name": "Kagiso Rabada", "Overs": "8", "Maidens": "2", "Runs": "33", "Wickets": "0", "Economy": "4.12", "Dots": "35"}, {"player_name": "Marco Jansen", "Overs": "8.1", "Maidens": "1", "Runs": "27", "Wickets": "1", "Economy": "3.30", "Dots": "37"}, {"player_name": "Sisanda Magala", "Overs": "8", "Maidens": "2", "Runs": "37", "Wickets": "3", "Economy": "4.62", "Dots": "31"}, {"player_name": "Anrich Nortje", "Overs": "8", "Maidens": "0", "Runs": "24", "Wickets": "2", "Economy": "3.00", "Dots": "34"}, {"player_name": "Tabraiz Shamsi", "Overs": "10", "Maidens": "1", "Runs": "25", "Wickets": "3", "Economy": "2.50", "Dots": "39"}, {"player_name": "Aiden Markram", "Overs": "4", "Maidens": "0", "Runs": "30", "Wickets": "1", "Economy": "7.50", "Dots": "9"}]}, "Team2": {"Name": "Netherlands", "score": "189", "overs": "46.1/50 ov", "rr": "RR: 4.09", "batting": [{"Player Name": "Max O'Dowd", "Dismissed by": "c Quinton de Kock b Sisanda Magala", "Runs": "18", "Balls Faced": "27", "Fours": "2", "Sixes": "0", "Strike Rate": "66.66"}, {"Player Name": "Vikram Singh", "Dismissed by": "c Temba Bavuma b Sisanda Magala", "Runs": "45", "Balls Faced": "53", "Fours": "4", "Sixes": "3", "Strike Rate": "84.90"}, {"Player Name": "Musa Ahmed", "Dismissed by": "c Quinton de Kock b Tabraiz Shamsi", "Runs": "17", "Balls Faced": "33", "Fours": "2", "Sixes": "0", "Strike Rate": "51.51"}, {"Player Name": "Wesley Barresi", "Dismissed by": "c Kagiso Rabada b Anrich Nortje", "Runs": "7", "Balls Faced": "12", "Fours": "0", "Sixes": "0", "Strike Rate": "58.33"}, {"Player Name": "Scott Edwards", "Dismissed by": "c Marco Jansen b Anrich Nortje", "Runs": "5", "Balls Faced": "10", "Fours": "0", "Sixes": "0", "Strike Rate": "50.00"}, {"Player Name": "Teja Nidamanuru", "Dismissed by": "c Quinton de Kock b Sisanda Magala", "Runs": "48", "Balls Faced": "71", "Fours": "0", "Sixes": "3", "Strike Rate": "67.60"}, {"Player Name": "Shariz Ahmad", "Dismissed by": "st Quinton de Kock b Aiden Markram", "Runs": "2", "Balls Faced": "13", "Fours": "0", "Sixes": "0", "Strike Rate": "15.38"}, {"Player Name": "Aryan Dutt", "Dismissed by": "c Kagiso Rabada b Tabraiz Shamsi", "Runs": "12", "Balls Faced": "15", "Fours": "0", "Sixes": "1", "Strike Rate": "80.00"}, {"Player Name": "Ryan Klein", "Dismissed by": "c & b Marco Jansen", "Runs": "8", "Balls Faced": "25", "Fours": "0", "Sixes": "0", "Strike Rate": "32.00"}, {"Player Name": "Paul van Meekeren", "Dismissed by": "st Quinton de Kock b Tabraiz Shamsi", "Runs": "7", "Balls Faced": "12", "Fours": "0", "Sixes": "1", "Strike Rate": "58.33"}, {"Player Name": "Fred Klaassen", "Dismissed by": "", "Runs": "0", "Balls Faced": "6", "Fours": "0", "Sixes": "0", "Strike Rate": "0.00"}], "Extras": "Extras (w 7, b 5, lb 8)", "balling": [{"player_name": "Fred Klaassen", "Overs": "8", "Maidens": "0", "Runs": "51", "Wickets": "1", "Economy": "6.37", "Dots": "24"}, {"player_name": "Aryan Dutt", "Overs": "6", "Maidens": "1", "Runs": "30", "Wickets": "1", "Economy": "5.00", "Dots": "24"}, {"player_name": "Ryan Klein", "Overs": "5", "Maidens": "0", "Runs": "41", "Wickets": "0", "Economy": "8.20", "Dots": "10"}, {"player_name": "Paul van Meekeren", "Overs": "6", "Maidens": "2", "Runs": "26", "Wickets": "0", "Economy": "4.33", "Dots": "26"}, {"player_name": "Shariz Ahmad", "Overs": "5", "Maidens": "0", "Runs": "39", "Wickets": "0", "Economy": "7.80", "Dots": "12"}]}, "match_id": "33708"}