{"date": "04/29/2023 10:30:00 AM", "home": "Pakistan", "away": "New Zealand", "place": "Rawalpindi Cricket Stadium", "result": "Pakistan won by 7 wickets", "Team1": {"Name": "Pakistan", "score": "337/3", "overs": "48.2/50 ov", "rr": "RR: 6.97", "batting": [{"Player Name": "Fakhar Zaman", "Dismissed by": "", "Runs": "180", "Balls Faced": "144", "Fours": "17", "Sixes": "6", "Strike Rate": "125.00"}, {"Player Name": "Imam-ul-Haq", "Dismissed by": "c Daryl Mitchell b Matt Henry", "Runs": "24", "Balls Faced": "26", "Fours": "3", "Sixes": "0", "Strike Rate": "92.30"}, {"Player Name": "Babar Azam", "Dismissed by": "c Chad Bowes b Ish Sodhi", "Runs": "65", "Balls Faced": "66", "Fours": "5", "Sixes": "1", "Strike Rate": "98.48"}, {"Player Name": "Abdullah Shafique", "Dismissed by": "c Matt Henry b Henry Shipley", "Runs": "7", "Balls Faced": "14", "Fours": "0", "Sixes": "0", "Strike Rate": "50.00"}, {"Player Name": "Muhammad Rizwan", "Dismissed by": "", "Runs": "54", "Balls Faced": "41", "Fours": "6", "Sixes": "0", "Strike Rate": "131.70"}, {"Player Name": "Salman Ali Agha", "Dismissed by": "", "Runs": "-", "Balls Faced": "-", "Fours": "-", "Sixes": "-", "Strike Rate": "-"}, {"Player Name": "Mohammad Nawaz", "Dismissed by": "", "Runs": "-", "Balls Faced": "-", "Fours": "-", "Sixes": "-", "Strike Rate": "-"}, {"Player Name": "Usama Mir", "Dismissed by": "", "Runs": "-", "Balls Faced": "-", "Fours": "-", "Sixes": "-", "Strike Rate": "-"}, {"Player Name": "Naseem Shah", "Dismissed by": "", "Runs": "-", "Balls Faced": "-", "Fours": "-", "Sixes": "-", "Strike Rate": "-"}, {"Player Name": "Haris Rauf", "Dismissed by": "", "Runs": "-", "Balls Faced": "-", "Fours": "-", "Sixes": "-", "Strike Rate": "-"}, {"Player Name": " Ihsanullah", "Dismissed by": "", "Runs": "-", "Balls Faced": "-", "Fours": "-", "Sixes": "-", "Strike Rate": "-"}], "Extras": "Extras (nb 1, w 4, lb 2)", "balling": [{"player_name": "Naseem Shah", "Overs": "10", "Maidens": "0", "Runs": "49", "Wickets": "1", "Economy": "4.90", "Dots": "28"}, {"player_name": " Ihsanullah", "Overs": "8", "Maidens": "0", "Runs": "60", "Wickets": "0", "Economy": "7.50", "Dots": "20"}, {"player_name": "Haris Rauf", "Overs": "10", "Maidens": "0", "Runs": "78", "Wickets": "4", "Economy": "7.80", "Dots": "27"}, {"player_name": "Mohammad Nawaz", "Overs": "7", "Maidens": "0", "Runs": "40", "Wickets": "0", "Economy": "5.71", "Dots": "14"}, {"player_name": "Usama Mir", "Overs": "10", "Maidens": "0", "Runs": "66", "Wickets": "0", "Economy": "6.60", "Dots": "21"}, {"player_name": "Salman Ali Agha", "Overs": "5", "Maidens": "0", "Runs": "34", "Wickets": "0", "Economy": "6.80", "Dots": "10"}]}, "Team2": {"Name": "New Zealand", "score": "336/5", "overs": "50/50 ov", "rr": "RR: 6.72", "batting": [{"Player Name": "Will Young", "Dismissed by": "c Muhammad Rizwan b Haris Rauf", "Runs": "19", "Balls Faced": "22", "Fours": "4", "Sixes": "0", "Strike Rate": "86.36"}, {"Player Name": "Chad Bowes", "Dismissed by": "lbw Haris Rauf", "Runs": "51", "Balls Faced": "51", "Fours": "7", "Sixes": "0", "Strike Rate": "100.00"}, {"Player Name": "Daryl Mitchell", "Dismissed by": "c Mohammad Nawaz b Naseem Shah", "Runs": "129", "Balls Faced": "119", "Fours": "8", "Sixes": "3", "Strike Rate": "108.40"}, {"Player Name": "Tom Latham", "Dismissed by": "c Muhammad Rizwan b Haris Rauf", "Runs": "98", "Balls Faced": "85", "Fours": "8", "Sixes": "1", "Strike Rate": "115.29"}, {"Player Name": "Jimmy Neesham", "Dismissed by": "", "Runs": "17", "Balls Faced": "15", "Fours": "1", "Sixes": "0", "Strike Rate": "113.33"}, {"Player Name": "Mark Chapman", "Dismissed by": "c Abdullah Shafique b Haris Rauf", "Runs": "1", "Balls Faced": "3", "Fours": "0", "Sixes": "0", "Strike Rate": "33.33"}, {"Player Name": "Henry Nicholls", "Dismissed by": "", "Runs": "6", "Balls Faced": "5", "Fours": "0", "Sixes": "0", "Strike Rate": "120.00"}, {"Player Name": "Rachin Ravindra", "Dismissed by": "", "Runs": "-", "Balls Faced": "-", "Fours": "-", "Sixes": "-", "Strike Rate": "-"}, {"Player Name": "Henry Shipley", "Dismissed by": "", "Runs": "-", "Balls Faced": "-", "Fours": "-", "Sixes": "-", "Strike Rate": "-"}, {"Player Name": "Ish Sodhi", "Dismissed by": "", "Runs": "-", "Balls Faced": "-", "Fours": "-", "Sixes": "-", "Strike Rate": "-"}, {"Player Name": "Matt Henry", "Dismissed by": "", "Runs": "-", "Balls Faced": "-", "Fours": "-", "Sixes": "-", "Strike Rate": "-"}], "Extras": "Extras (w 6, b 2, lb 7)", "balling": [{"player_name": "Matt Henry", "Overs": "9.2", "Maidens": "1", "Runs": "59", "Wickets": "1", "Economy": "6.32", "Dots": "23"}, {"player_name": "Henry Shipley", "Overs": "10", "Maidens": "0", "Runs": "58", "Wickets": "1", "Economy": "5.80", "Dots": "28"}, {"player_name": "Jimmy Neesham", "Overs": "9", "Maidens": "0", "Runs": "64", "Wickets": "0", "Economy": "7.11", "Dots": "21"}, {"player_name": "Ish Sodhi", "Overs": "10", "Maidens": "0", "Runs": "79", "Wickets": "1", "Economy": "7.90", "Dots": "25"}, {"player_name": "Rachin Ravindra", "Overs": "10", "Maidens": "0", "Runs": "75", "Wickets": "0", "Economy": "7.50", "Dots": "18"}]}, "match_id": "101619"}