{"date": "04/07/2021 08:00:00 AM", "home": "South Africa", "away": "Pakistan", "place": "Supersport Park", "result": "Pakistan win by 28 runs", "Team1": {"Name": "South Africa", "score": "292", "overs": "49.3/50 ov", "rr": "RR: 5.89", "batting": [{"Player Name": "Janneman Malan", "Dismissed by": "lbw Mohammad Nawaz", "Runs": "70", "Balls Faced": "81", "Fours": "9", "Sixes": "0", "Strike Rate": "86.41"}, {"Player Name": "Aiden Markram", "Dismissed by": "c Sarfaraz Ahmed b Shaheen Afridi", "Runs": "18", "Balls Faced": "21", "Fours": "2", "Sixes": "1", "Strike Rate": "85.71"}, {"Player Name": "Jon-Jon Smuts", "Dismissed by": "b Usman Qadir", "Runs": "17", "Balls Faced": "18", "Fours": "2", "Sixes": "0", "Strike Rate": "94.44"}, {"Player Name": "Temba Bavuma", "Dismissed by": "b Mohammad Nawaz", "Runs": "20", "Balls Faced": "23", "Fours": "2", "Sixes": "0", "Strike Rate": "86.95"}, {"Player Name": "Kyle Verreynne", "Dismissed by": "c Usman Qadir b Haris Rauf", "Runs": "62", "Balls Faced": "53", "Fours": "3", "Sixes": "3", "Strike Rate": "116.98"}, {"Player Name": "Heinrich Klaasen", "Dismissed by": "lbw Mohammad Nawaz", "Runs": "4", "Balls Faced": "12", "Fours": "0", "Sixes": "0", "Strike Rate": "33.33"}, {"Player Name": "Andile Phehlukwayo", "Dismissed by": "c Sarfaraz Ahmed b Hasan Ali", "Runs": "54", "Balls Faced": "61", "Fours": "3", "Sixes": "2", "Strike Rate": "88.52"}, {"Player Name": "Keshav Maharaj", "Dismissed by": "b Shaheen Afridi", "Runs": "19", "Balls Faced": "11", "Fours": "3", "Sixes": "0", "Strike Rate": "172.72"}, {"Player Name": "Beuran Hendricks", "Dismissed by": "c Sarfaraz Ahmed b Haris Rauf", "Runs": "1", "Balls Faced": "5", "Fours": "0", "Sixes": "0", "Strike Rate": "20.00"}, {"Player Name": "Lutho Sipamla", "Dismissed by": "", "Runs": "4", "Balls Faced": "5", "Fours": "0", "Sixes": "0", "Strike Rate": "80.00"}, {"Player Name": "Daryn Dupavillon", "Dismissed by": "b Shaheen Afridi", "Runs": "17", "Balls Faced": "10", "Fours": "2", "Sixes": "1", "Strike Rate": "170.00"}], "Extras": "Extras (nb 3, w 2, lb 1)", "balling": [{"player_name": "Aiden Markram", "Overs": "10", "Maidens": "0", "Runs": "48", "Wickets": "2", "Economy": "4.80", "Dots": "30"}, {"player_name": "Beuran Hendricks", "Overs": "7", "Maidens": "0", "Runs": "38", "Wickets": "0", "Economy": "5.42", "Dots": "23"}, {"player_name": "Lutho Sipamla", "Overs": "6", "Maidens": "0", "Runs": "50", "Wickets": "0", "Economy": "8.33", "Dots": "14"}, {"player_name": "Daryn Dupavillon", "Overs": "5", "Maidens": "0", "Runs": "30", "Wickets": "0", "Economy": "6.00", "Dots": "11"}, {"player_name": "Andile Phehlukwayo", "Overs": "4", "Maidens": "0", "Runs": "37", "Wickets": "1", "Economy": "9.25", "Dots": "5"}, {"player_name": "Keshav Maharaj", "Overs": "10", "Maidens": "1", "Runs": "45", "Wickets": "3", "Economy": "4.50", "Dots": "32"}, {"player_name": "Jon-Jon Smuts", "Overs": "8", "Maidens": "0", "Runs": "67", "Wickets": "1", "Economy": "8.37", "Dots": "13"}]}, "Team2": {"Name": "Pakistan", "score": "320/7", "overs": "50/50 ov", "rr": "RR: 6.40", "batting": [{"Player Name": "Imam-ul-Haq", "Dismissed by": "c Kyle Verreynne b Keshav Maharaj", "Runs": "57", "Balls Faced": "73", "Fours": "3", "Sixes": "0", "Strike Rate": "78.08"}, {"Player Name": "Fakhar Zaman", "Dismissed by": "c Heinrich Klaasen b Keshav Maharaj", "Runs": "101", "Balls Faced": "104", "Fours": "9", "Sixes": "3", "Strike Rate": "97.11"}, {"Player Name": "Babar Azam", "Dismissed by": "c Kyle Verreynne b Andile Phehlukwayo", "Runs": "94", "Balls Faced": "82", "Fours": "7", "Sixes": "3", "Strike Rate": "114.63"}, {"Player Name": "Mohammad Rizwan", "Dismissed by": "st Heinrich Klaasen b Keshav Maharaj", "Runs": "2", "Balls Faced": "7", "Fours": "0", "Sixes": "0", "Strike Rate": "28.57"}, {"Player Name": "Sarfaraz Ahmed", "Dismissed by": "c & b Jon-Jon Smuts", "Runs": "13", "Balls Faced": "13", "Fours": "2", "Sixes": "0", "Strike Rate": "100.00"}, {"Player Name": "Faheem Ashraf", "Dismissed by": "c & b Aiden Markram", "Runs": "1", "Balls Faced": "2", "Fours": "0", "Sixes": "0", "Strike Rate": "50.00"}, {"Player Name": "Mohammad Nawaz", "Dismissed by": "c Temba Bavuma b Aiden Markram", "Runs": "4", "Balls Faced": "10", "Fours": "0", "Sixes": "0", "Strike Rate": "40.00"}, {"Player Name": "Hasan Ali", "Dismissed by": "", "Runs": "32", "Balls Faced": "11", "Fours": "1", "Sixes": "4", "Strike Rate": "290.90"}, {"Player Name": "Shaheen Afridi", "Dismissed by": "", "Runs": "-", "Balls Faced": "-", "Fours": "-", "Sixes": "-", "Strike Rate": "-"}, {"Player Name": "Usman Qadir", "Dismissed by": "", "Runs": "-", "Balls Faced": "-", "Fours": "-", "Sixes": "-", "Strike Rate": "-"}, {"Player Name": "Haris Rauf", "Dismissed by": "", "Runs": "-", "Balls Faced": "-", "Fours": "-", "Sixes": "-", "Strike Rate": "-"}], "Extras": "Extras (nb 2, w 9, b 2, lb 3)", "balling": [{"player_name": "Shaheen Afridi", "Overs": "9.3", "Maidens": "0", "Runs": "58", "Wickets": "3", "Economy": "6.10", "Dots": "30"}, {"player_name": "Hasan Ali", "Overs": "10", "Maidens": "0", "Runs": "76", "Wickets": "1", "Economy": "7.60", "Dots": "30"}, {"player_name": "Haris Rauf", "Overs": "9", "Maidens": "1", "Runs": "45", "Wickets": "2", "Economy": "5.00", "Dots": "25"}, {"player_name": "Usman Qadir", "Overs": "9", "Maidens": "0", "Runs": "48", "Wickets": "1", "Economy": "5.33", "Dots": "24"}, {"player_name": "Mohammad Nawaz", "Overs": "7", "Maidens": "0", "Runs": "34", "Wickets": "3", "Economy": "4.85", "Dots": "18"}, {"player_name": "Faheem Ashraf", "Overs": "5", "Maidens": "0", "Runs": "30", "Wickets": "0", "Economy": "6.00", "Dots": "16"}]}, "match_id": "23181"}