{"date": "07/12/2022 12:00:00 PM", "home": "England", "away": "India", "place": "The Oval", "result": "India won by 10 wickets", "Team1": {"Name": "England", "score": "110", "overs": "25.2/50 ov", "rr": "RR: 4.34", "batting": [{"Player Name": "Jason Roy", "Dismissed by": "b Jasprit Bumrah", "Runs": "0", "Balls Faced": "5", "Fours": "0", "Sixes": "0", "Strike Rate": "0.00"}, {"Player Name": "Jonny Bairstow", "Dismissed by": "c Rishabh Pant b Jasprit Bumrah", "Runs": "7", "Balls Faced": "20", "Fours": "1", "Sixes": "0", "Strike Rate": "35.00"}, {"Player Name": "Joe Root", "Dismissed by": "c Rishabh Pant b Jasprit Bumrah", "Runs": "0", "Balls Faced": "2", "Fours": "0", "Sixes": "0", "Strike Rate": "0.00"}, {"Player Name": "Ben Stokes", "Dismissed by": "c Rishabh Pant b Mohammed Shami", "Runs": "0", "Balls Faced": "1", "Fours": "0", "Sixes": "0", "Strike Rate": "0.00"}, {"Player Name": "Jos Buttler", "Dismissed by": "c Suryakumar Yadav b Mohammed Shami", "Runs": "30", "Balls Faced": "32", "Fours": "6", "Sixes": "0", "Strike Rate": "93.75"}, {"Player Name": "Liam Livingstone", "Dismissed by": "b Jasprit Bumrah", "Runs": "0", "Balls Faced": "8", "Fours": "0", "Sixes": "0", "Strike Rate": "0.00"}, {"Player Name": "Moeen Ali", "Dismissed by": "c & b Prasidh Krishna", "Runs": "14", "Balls Faced": "18", "Fours": "2", "Sixes": "0", "Strike Rate": "77.77"}, {"Player Name": "David Willey", "Dismissed by": "b Jasprit Bumrah", "Runs": "21", "Balls Faced": "26", "Fours": "3", "Sixes": "0", "Strike Rate": "80.76"}, {"Player Name": "Craig Overton", "Dismissed by": "b Mohammed Shami", "Runs": "8", "Balls Faced": "7", "Fours": "2", "Sixes": "0", "Strike Rate": "114.28"}, {"Player Name": "Brydon Carse", "Dismissed by": "b Jasprit Bumrah", "Runs": "15", "Balls Faced": "26", "Fours": "2", "Sixes": "0", "Strike Rate": "57.69"}, {"Player Name": "Reece Topley", "Dismissed by": "", "Runs": "6", "Balls Faced": "7", "Fours": "0", "Sixes": "1", "Strike Rate": "85.71"}], "Extras": "Extras (w 7, lb 2)", "balling": [{"player_name": "David Willey", "Overs": "3", "Maidens": "0", "Runs": "8", "Wickets": "0", "Economy": "2.66", "Dots": "15"}, {"player_name": "Reece Topley", "Overs": "5", "Maidens": "3", "Runs": "22", "Wickets": "0", "Economy": "4.40", "Dots": "23"}, {"player_name": "Craig Overton", "Overs": "4", "Maidens": "0", "Runs": "34", "Wickets": "0", "Economy": "8.50", "Dots": "11"}, {"player_name": "Brydon Carse", "Overs": "3.4", "Maidens": "0", "Runs": "38", "Wickets": "0", "Economy": "10.36", "Dots": "11"}, {"player_name": "Ben Stokes", "Overs": "1", "Maidens": "0", "Runs": "1", "Wickets": "0", "Economy": "1.00", "Dots": "5"}, {"player_name": "Moeen Ali", "Overs": "2", "Maidens": "0", "Runs": "9", "Wickets": "0", "Economy": "4.50", "Dots": "6"}]}, "Team2": {"Name": "India", "score": "114/0", "overs": "18.4/50 ov", "rr": "RR: 6.10", "batting": [{"Player Name": "Rohit Sharma", "Dismissed by": "", "Runs": "76", "Balls Faced": "58", "Fours": "7", "Sixes": "5", "Strike Rate": "131.03"}, {"Player Name": "Shikhar Dhawan", "Dismissed by": "", "Runs": "31", "Balls Faced": "54", "Fours": "4", "Sixes": "0", "Strike Rate": "57.40"}, {"Player Name": "Shreyas Iyer", "Dismissed by": "", "Runs": "-", "Balls Faced": "-", "Fours": "-", "Sixes": "-", "Strike Rate": "-"}, {"Player Name": "Suryakumar Yadav", "Dismissed by": "", "Runs": "-", "Balls Faced": "-", "Fours": "-", "Sixes": "-", "Strike Rate": "-"}, {"Player Name": "Rishabh Pant", "Dismissed by": "", "Runs": "-", "Balls Faced": "-", "Fours": "-", "Sixes": "-", "Strike Rate": "-"}, {"Player Name": "Hardik Pandya", "Dismissed by": "", "Runs": "-", "Balls Faced": "-", "Fours": "-", "Sixes": "-", "Strike Rate": "-"}, {"Player Name": "Ravindra Jadeja", "Dismissed by": "", "Runs": "-", "Balls Faced": "-", "Fours": "-", "Sixes": "-", "Strike Rate": "-"}, {"Player Name": "Mohammed Shami", "Dismissed by": "", "Runs": "-", "Balls Faced": "-", "Fours": "-", "Sixes": "-", "Strike Rate": "-"}, {"Player Name": "Jasprit Bumrah", "Dismissed by": "", "Runs": "-", "Balls Faced": "-", "Fours": "-", "Sixes": "-", "Strike Rate": "-"}, {"Player Name": "Prasidh Krishna", "Dismissed by": "", "Runs": "-", "Balls Faced": "-", "Fours": "-", "Sixes": "-", "Strike Rate": "-"}, {"Player Name": "Yuzvendra Chahal", "Dismissed by": "", "Runs": "-", "Balls Faced": "-", "Fours": "-", "Sixes": "-", "Strike Rate": "-"}], "Extras": "Extras (w 5, lb 2)", "balling": [{"player_name": "Mohammed Shami", "Overs": "7", "Maidens": "0", "Runs": "31", "Wickets": "3", "Economy": "4.42", "Dots": "29"}, {"player_name": "Jasprit Bumrah", "Overs": "7.2", "Maidens": "3", "Runs": "19", "Wickets": "6", "Economy": "2.59", "Dots": "38"}, {"player_name": "Hardik Pandya", "Overs": "4", "Maidens": "0", "Runs": "22", "Wickets": "0", "Economy": "5.50", "Dots": "13"}, {"player_name": "Prasidh Krishna", "Overs": "5", "Maidens": "0", "Runs": "26", "Wickets": "1", "Economy": "5.20", "Dots": "22"}, {"player_name": "Yuzvendra Chahal", "Overs": "2", "Maidens": "0", "Runs": "10", "Wickets": "0", "Economy": "5.00", "Dots": "7"}]}, "match_id": "33689"}