{"date": "09/11/2020 12:00:00 PM", "home": "England", "away": "Australia", "place": "Old Trafford", "result": "Australia win by 19 runs", "Team1": {"Name": "England", "score": "275/9", "overs": "50/50 ov", "rr": "RR: 5.50", "batting": [{"Player Name": "Jason Roy", "Dismissed by": "c & b Josh Hazlewood", "Runs": "3", "Balls Faced": "12", "Fours": "0", "Sixes": "0", "Strike Rate": "25.00"}, {"Player Name": "Jonny Bairstow", "Dismissed by": "c Josh Hazlewood b Adam Zampa", "Runs": "84", "Balls Faced": "107", "Fours": "4", "Sixes": "4", "Strike Rate": "78.50"}, {"Player Name": "Joe Root", "Dismissed by": "c Alex Carey b Josh Hazlewood", "Runs": "1", "Balls Faced": "11", "Fours": "0", "Sixes": "0", "Strike Rate": "9.09"}, {"Player Name": "Eoin Morgan", "Dismissed by": "c Glenn Maxwell b Adam Zampa", "Runs": "23", "Balls Faced": "18", "Fours": "2", "Sixes": "1", "Strike Rate": "127.77"}, {"Player Name": "Jos Buttler", "Dismissed by": "c Marnus Labuschagne b Adam Zampa", "Runs": "1", "Balls Faced": "4", "Fours": "0", "Sixes": "0", "Strike Rate": "25.00"}, {"Player Name": "Sam Billings", "Dismissed by": "c David Warner b Mitchell Marsh", "Runs": "118", "Balls Faced": "110", "Fours": "14", "Sixes": "2", "Strike Rate": "107.27"}, {"Player Name": "Moeen Ali", "Dismissed by": "c Marnus Labuschagne b Josh Hazlewood", "Runs": "6", "Balls Faced": "13", "Fours": "0", "Sixes": "0", "Strike Rate": "46.15"}, {"Player Name": "Chris Woakes", "Dismissed by": "c Glenn Maxwell b Adam Zampa", "Runs": "10", "Balls Faced": "11", "Fours": "1", "Sixes": "0", "Strike Rate": "90.90"}, {"Player Name": "Adil Rashid", "Dismissed by": "c Glenn Maxwell b Pat Cummins", "Runs": "5", "Balls Faced": "5", "Fours": "0", "Sixes": "0", "Strike Rate": "100.00"}, {"Player Name": "Jofra Archer", "Dismissed by": "", "Runs": "8", "Balls Faced": "10", "Fours": "0", "Sixes": "0", "Strike Rate": "80.00"}, {"Player Name": "Mark Wood", "Dismissed by": "", "Runs": "-", "Balls Faced": "-", "Fours": "-", "Sixes": "-", "Strike Rate": "-"}], "Extras": "Extras (nb 1, w 5, lb 10)", "balling": [{"player_name": "Chris Woakes", "Overs": "10", "Maidens": "0", "Runs": "59", "Wickets": "1", "Economy": "5.90", "Dots": "29"}, {"player_name": "Jofra Archer", "Overs": "10", "Maidens": "0", "Runs": "57", "Wickets": "3", "Economy": "5.70", "Dots": "36"}, {"player_name": "Mark Wood", "Overs": "10", "Maidens": "0", "Runs": "54", "Wickets": "3", "Economy": "5.40", "Dots": "28"}, {"player_name": "Moeen Ali", "Overs": "10", "Maidens": "0", "Runs": "59", "Wickets": "0", "Economy": "5.90", "Dots": "25"}, {"player_name": "Adil Rashid", "Overs": "10", "Maidens": "0", "Runs": "55", "Wickets": "2", "Economy": "5.50", "Dots": "23"}]}, "Team2": {"Name": "Australia", "score": "294/9", "overs": "50/50 ov", "rr": "RR: 5.88", "batting": [{"Player Name": "David Warner", "Dismissed by": "b Jofra Archer", "Runs": "6", "Balls Faced": "14", "Fours": "0", "Sixes": "0", "Strike Rate": "42.85"}, {"Player Name": "Aaron Finch", "Dismissed by": "c Jos Buttler b Mark Wood", "Runs": "16", "Balls Faced": "25", "Fours": "3", "Sixes": "0", "Strike Rate": "64.00"}, {"Player Name": "Marcus Stoinis", "Dismissed by": "c Jos Buttler b Mark Wood", "Runs": "43", "Balls Faced": "34", "Fours": "6", "Sixes": "0", "Strike Rate": "126.47"}, {"Player Name": "Marnus Labuschagne", "Dismissed by": "lbw Adil Rashid", "Runs": "21", "Balls Faced": "30", "Fours": "1", "Sixes": "0", "Strike Rate": "70.00"}, {"Player Name": "Mitchell Marsh", "Dismissed by": "lbw Mark Wood", "Runs": "73", "Balls Faced": "100", "Fours": "6", "Sixes": "0", "Strike Rate": "73.00"}, {"Player Name": "Alex Carey", "Dismissed by": "c Sam Billings b Adil Rashid", "Runs": "10", "Balls Faced": "10", "Fours": "1", "Sixes": "0", "Strike Rate": "100.00"}, {"Player Name": "Glenn Maxwell", "Dismissed by": "b Jofra Archer", "Runs": "77", "Balls Faced": "59", "Fours": "4", "Sixes": "4", "Strike Rate": "130.50"}, {"Player Name": "Pat Cummins", "Dismissed by": "c Eoin Morgan b Jofra Archer", "Runs": "9", "Balls Faced": "7", "Fours": "1", "Sixes": "0", "Strike Rate": "128.57"}, {"Player Name": "Mitchell Starc", "Dismissed by": "", "Runs": "19", "Balls Faced": "12", "Fours": "1", "Sixes": "1", "Strike Rate": "158.33"}, {"Player Name": "Adam Zampa", "Dismissed by": "c & b Chris Woakes", "Runs": "5", "Balls Faced": "9", "Fours": "0", "Sixes": "0", "Strike Rate": "55.55"}, {"Player Name": "Josh Hazlewood", "Dismissed by": "", "Runs": "0", "Balls Faced": "0", "Fours": "0", "Sixes": "0", "Strike Rate": "-"}], "Extras": "Extras (w 5, b 8, lb 2)", "balling": [{"player_name": "Mitchell Starc", "Overs": "10", "Maidens": "0", "Runs": "47", "Wickets": "0", "Economy": "4.70", "Dots": "36"}, {"player_name": "Josh Hazlewood", "Overs": "10", "Maidens": "3", "Runs": "26", "Wickets": "3", "Economy": "2.60", "Dots": "45"}, {"player_name": "Pat Cummins", "Overs": "10", "Maidens": "0", "Runs": "74", "Wickets": "1", "Economy": "7.40", "Dots": "28"}, {"player_name": "Adam Zampa", "Overs": "10", "Maidens": "0", "Runs": "55", "Wickets": "4", "Economy": "5.50", "Dots": "32"}, {"player_name": "Mitchell Marsh", "Overs": "5", "Maidens": "1", "Runs": "29", "Wickets": "1", "Economy": "5.80", "Dots": "15"}, {"player_name": "Glenn Maxwell", "Overs": "3", "Maidens": "0", "Runs": "19", "Wickets": "0", "Economy": "6.33", "Dots": "4"}, {"player_name": "Marcus Stoinis", "Overs": "2", "Maidens": "0", "Runs": "15", "Wickets": "0", "Economy": "7.50", "Dots": "4"}]}, "match_id": "22107"}