{"date": "03/03/2023 06:00:00 AM", "home": "Bangladesh", "away": "England", "place": "Sher-e-Bangla National Cricket Stadium", "result": "England won by 132 runs", "Team1": {"Name": "Bangladesh", "score": "194", "overs": "44.4/50 ov", "rr": "RR: 4.34", "batting": [{"Player Name": "Tamim Iqbal", "Dismissed by": "c James Vince b Moeen Ali", "Runs": "35", "Balls Faced": "65", "Fours": "4", "Sixes": "0", "Strike Rate": "53.84"}, {"Player Name": "Litton Das", "Dismissed by": "c Jason Roy b Sam Curran", "Runs": "0", "Balls Faced": "1", "Fours": "0", "Sixes": "0", "Strike Rate": "0.00"}, {"Player Name": "Najmul Hossain Shanto", "Dismissed by": "c Jos Buttler b Sam Curran", "Runs": "0", "Balls Faced": "1", "Fours": "0", "Sixes": "0", "Strike Rate": "0.00"}, {"Player Name": "Mushfiqur Rahim", "Dismissed by": "c Jos Buttler b Sam Curran", "Runs": "4", "Balls Faced": "5", "Fours": "0", "Sixes": "0", "Strike Rate": "80.00"}, {"Player Name": "Shakib Al Hasan", "Dismissed by": "c Sam Curran b Adil Rashid", "Runs": "58", "Balls Faced": "69", "Fours": "5", "Sixes": "0", "Strike Rate": "84.05"}, {"Player Name": "Mahmudullah", "Dismissed by": "c Moeen Ali b Adil Rashid", "Runs": "32", "Balls Faced": "49", "Fours": "3", "Sixes": "0", "Strike Rate": "65.30"}, {"Player Name": "Afif Hossain", "Dismissed by": "c Jos Buttler b Adil Rashid", "Runs": "23", "Balls Faced": "33", "Fours": "2", "Sixes": "1", "Strike Rate": "69.69"}, {"Player Name": "Mehidy Hasan Miraz", "Dismissed by": "c Rehan Ahmed b Adil Rashid", "Runs": "7", "Balls Faced": "14", "Fours": "0", "Sixes": "0", "Strike Rate": "50.00"}, {"Player Name": "Taskin Ahmed", "Dismissed by": "run out (Moeen Ali)", "Runs": "21", "Balls Faced": "21", "Fours": "4", "Sixes": "0", "Strike Rate": "100.00"}, {"Player Name": "Taijul Islam", "Dismissed by": "", "Runs": "1", "Balls Faced": "10", "Fours": "0", "Sixes": "0", "Strike Rate": "10.00"}, {"Player Name": "Mustafizur Rahman", "Dismissed by": "c Jos Buttler b Sam Curran", "Runs": "0", "Balls Faced": "1", "Fours": "0", "Sixes": "0", "Strike Rate": "0.00"}], "Extras": "Extras (nb 1, w 1, b 4, lb 7)", "balling": [{"player_name": "Shakib Al Hasan", "Overs": "10", "Maidens": "0", "Runs": "64", "Wickets": "1", "Economy": "6.40", "Dots": "27"}, {"player_name": "Taijul Islam", "Overs": "10", "Maidens": "0", "Runs": "58", "Wickets": "1", "Economy": "5.80", "Dots": "30"}, {"player_name": "Taskin Ahmed", "Overs": "10", "Maidens": "0", "Runs": "66", "Wickets": "3", "Economy": "6.60", "Dots": "30"}, {"player_name": "Mustafizur Rahman", "Overs": "10", "Maidens": "0", "Runs": "63", "Wickets": "0", "Economy": "6.30", "Dots": "26"}, {"player_name": "Mehidy Hasan Miraz", "Overs": "10", "Maidens": "0", "Runs": "73", "Wickets": "2", "Economy": "7.30", "Dots": "22"}]}, "Team2": {"Name": "England", "score": "326/7", "overs": "50/50 ov", "rr": "RR: 6.52", "batting": [{"Player Name": "Jason Roy", "Dismissed by": "lbw Shakib Al Hasan", "Runs": "132", "Balls Faced": "124", "Fours": "18", "Sixes": "1", "Strike Rate": "106.45"}, {"Player Name": "Phil Salt", "Dismissed by": "c Najmul Hossain Shanto b Taskin Ahmed", "Runs": "7", "Balls Faced": "15", "Fours": "1", "Sixes": "0", "Strike Rate": "46.66"}, {"Player Name": "Dawid Malan", "Dismissed by": "lbw Mehidy Hasan Miraz", "Runs": "11", "Balls Faced": "19", "Fours": "0", "Sixes": "0", "Strike Rate": "57.89"}, {"Player Name": "James Vince", "Dismissed by": "c Mushfiqur Rahim b Taijul Islam", "Runs": "5", "Balls Faced": "16", "Fours": "0", "Sixes": "0", "Strike Rate": "31.25"}, {"Player Name": "Jos Buttler", "Dismissed by": "c & b Mehidy Hasan Miraz", "Runs": "76", "Balls Faced": "64", "Fours": "5", "Sixes": "2", "Strike Rate": "118.75"}, {"Player Name": "Will Jacks", "Dismissed by": "c Shakib Al Hasan b Taskin Ahmed", "Runs": "1", "Balls Faced": "4", "Fours": "0", "Sixes": "0", "Strike Rate": "25.00"}, {"Player Name": "Moeen Ali", "Dismissed by": "c Litton Das b Taskin Ahmed", "Runs": "42", "Balls Faced": "35", "Fours": "3", "Sixes": "2", "Strike Rate": "120.00"}, {"Player Name": "Sam Curran", "Dismissed by": "", "Runs": "33", "Balls Faced": "19", "Fours": "2", "Sixes": "3", "Strike Rate": "173.68"}, {"Player Name": "Adil Rashid", "Dismissed by": "", "Runs": "6", "Balls Faced": "5", "Fours": "1", "Sixes": "0", "Strike Rate": "120.00"}, {"Player Name": "Saqib Mahmood", "Dismissed by": "", "Runs": "-", "Balls Faced": "-", "Fours": "-", "Sixes": "-", "Strike Rate": "-"}, {"Player Name": "Mark Wood", "Dismissed by": "", "Runs": "-", "Balls Faced": "-", "Fours": "-", "Sixes": "-", "Strike Rate": "-"}], "Extras": "Extras (nb 1, w 10, b 1, lb 1)", "balling": [{"player_name": "Sam Curran", "Overs": "6.4", "Maidens": "1", "Runs": "29", "Wickets": "4", "Economy": "4.35", "Dots": "26"}, {"player_name": "Saqib Mahmood", "Overs": "9", "Maidens": "0", "Runs": "41", "Wickets": "0", "Economy": "4.55", "Dots": "33"}, {"player_name": "Mark Wood", "Overs": "4", "Maidens": "0", "Runs": "14", "Wickets": "0", "Economy": "3.50", "Dots": "12"}, {"player_name": "Will Jacks", "Overs": "6", "Maidens": "0", "Runs": "27", "Wickets": "0", "Economy": "4.50", "Dots": "21"}, {"player_name": "Moeen Ali", "Overs": "9", "Maidens": "2", "Runs": "27", "Wickets": "1", "Economy": "3.00", "Dots": "37"}, {"player_name": "Adil Rashid", "Overs": "10", "Maidens": "0", "Runs": "45", "Wickets": "4", "Economy": "4.50", "Dots": "34"}]}, "match_id": "101895"}