{"date": "09/25/2016 08:30:00 AM", "home": "Bangladesh", "away": "Afghanistan", "place": "Sher-e-Bangla National Cricket Stadium", "result": "Bangladesh won by 7 runs", "Team1": {"Name": "Bangladesh", "score": "265", "overs": "50/50 ov", "rr": "RR: 5.30", "batting": [{"Player Name": "Tamim Iqbal", "Dismissed by": "c Naveen-ul-Haq b Mirwais Ashraf", "Runs": "80", "Balls Faced": "99", "Fours": "9", "Sixes": "0", "Strike Rate": "80.80"}, {"Player Name": "Soumya Sarkar", "Dismissed by": "c Shabir Noori b Dawlat Zadran", "Runs": "0", "Balls Faced": "3", "Fours": "0", "Sixes": "0", "Strike Rate": "0.00"}, {"Player Name": "Imrul Kayes", "Dismissed by": "b Mohammad Nabi", "Runs": "37", "Balls Faced": "53", "Fours": "6", "Sixes": "0", "Strike Rate": "69.81"}, {"Player Name": "Mahmudullah", "Dismissed by": "c Mirwais Ashraf b Mohammad Nabi", "Runs": "62", "Balls Faced": "73", "Fours": "5", "Sixes": "2", "Strike Rate": "84.93"}, {"Player Name": "Shakib Al Hasan", "Dismissed by": "c Najibullah Zadran b Dawlat Zadran", "Runs": "48", "Balls Faced": "40", "Fours": "3", "Sixes": "0", "Strike Rate": "120.00"}, {"Player Name": "Mushfiqur Rahim", "Dismissed by": "b Rashid Khan", "Runs": "6", "Balls Faced": "7", "Fours": "0", "Sixes": "0", "Strike Rate": "85.71"}, {"Player Name": "Sabbir Rahman", "Dismissed by": "lbw Rashid Khan", "Runs": "2", "Balls Faced": "5", "Fours": "0", "Sixes": "0", "Strike Rate": "40.00"}, {"Player Name": "Mashrafe Mortaza", "Dismissed by": "c Rashid Khan b Naveen-ul-Haq", "Runs": "4", "Balls Faced": "8", "Fours": "0", "Sixes": "0", "Strike Rate": "50.00"}, {"Player Name": "Taijul Islam", "Dismissed by": "c Rahmat Shah b Dawlat Zadran", "Runs": "11", "Balls Faced": "9", "Fours": "1", "Sixes": "0", "Strike Rate": "122.22"}, {"Player Name": "Taskin Ahmed", "Dismissed by": "b Dawlat Zadran", "Runs": "2", "Balls Faced": "2", "Fours": "0", "Sixes": "0", "Strike Rate": "100.00"}, {"Player Name": "Rubel Hossain", "Dismissed by": "", "Runs": "1", "Balls Faced": "1", "Fours": "0", "Sixes": "0", "Strike Rate": "100.00"}], "Extras": "Extras (w 10, b 1, lb 1)", "balling": [{"player_name": "Mashrafe Mortaza", "Overs": "10", "Maidens": "0", "Runs": "42", "Wickets": "2", "Economy": "4.20", "Dots": "36"}, {"player_name": "Taskin Ahmed", "Overs": "8", "Maidens": "0", "Runs": "59", "Wickets": "4", "Economy": "7.37", "Dots": "21"}, {"player_name": "Shakib Al Hasan", "Overs": "10", "Maidens": "0", "Runs": "26", "Wickets": "2", "Economy": "2.60", "Dots": "41"}, {"player_name": "Rubel Hossain", "Overs": "9", "Maidens": "0", "Runs": "62", "Wickets": "1", "Economy": "6.88", "Dots": "23"}, {"player_name": "Taijul Islam", "Overs": "10", "Maidens": "0", "Runs": "44", "Wickets": "1", "Economy": "4.40", "Dots": "29"}, {"player_name": "Mahmudullah", "Overs": "3", "Maidens": "0", "Runs": "22", "Wickets": "0", "Economy": "7.33", "Dots": "7"}]}, "Team2": {"Name": "Afghanistan", "score": "258", "overs": "50/50 ov", "rr": "RR: 5.16", "batting": [{"Player Name": "Shabir Noori", "Dismissed by": "lbw Shakib Al Hasan", "Runs": "9", "Balls Faced": "24", "Fours": "1", "Sixes": "0", "Strike Rate": "37.50"}, {"Player Name": "Mohammad Shahzad", "Dismissed by": "c Mushfiqur Rahim b Mashrafe Mortaza", "Runs": "31", "Balls Faced": "21", "Fours": "4", "Sixes": "1", "Strike Rate": "147.61"}, {"Player Name": "Rahmat Shah", "Dismissed by": "st Mushfiqur Rahim b Shakib Al Hasan", "Runs": "71", "Balls Faced": "93", "Fours": "2", "Sixes": "3", "Strike Rate": "76.34"}, {"Player Name": "Hashmatullah Shahidi", "Dismissed by": "c Soumya Sarkar b Taijul Islam", "Runs": "72", "Balls Faced": "110", "Fours": "6", "Sixes": "0", "Strike Rate": "65.45"}, {"Player Name": "Mohammad Nabi", "Dismissed by": "c Sabbir Rahman b Taskin Ahmed", "Runs": "30", "Balls Faced": "24", "Fours": "3", "Sixes": "0", "Strike Rate": "125.00"}, {"Player Name": "Najibullah Zadran", "Dismissed by": "c Mushfiqur Rahim b Mashrafe Mortaza", "Runs": "7", "Balls Faced": "6", "Fours": "1", "Sixes": "0", "Strike Rate": "116.66"}, {"Player Name": "Asghar Afghan", "Dismissed by": "c Mahmudullah b Taskin Ahmed", "Runs": "10", "Balls Faced": "10", "Fours": "0", "Sixes": "1", "Strike Rate": "100.00"}, {"Player Name": "Rashid Khan", "Dismissed by": "b Rubel Hossain", "Runs": "7", "Balls Faced": "5", "Fours": "1", "Sixes": "0", "Strike Rate": "140.00"}, {"Player Name": "Mirwais Ashraf", "Dismissed by": "lbw Taskin Ahmed", "Runs": "3", "Balls Faced": "3", "Fours": "0", "Sixes": "0", "Strike Rate": "100.00"}, {"Player Name": "Dawlat Zadran", "Dismissed by": "c Sabbir Rahman b Taskin Ahmed", "Runs": "2", "Balls Faced": "3", "Fours": "0", "Sixes": "0", "Strike Rate": "66.66"}, {"Player Name": "Naveen-ul-Haq", "Dismissed by": "", "Runs": "0", "Balls Faced": "1", "Fours": "0", "Sixes": "0", "Strike Rate": "0.00"}], "Extras": "Extras (w 13, b 1, lb 2)", "balling": [{"player_name": "Dawlat Zadran", "Overs": "10", "Maidens": "0", "Runs": "73", "Wickets": "4", "Economy": "7.30", "Dots": "25"}, {"player_name": "Naveen-ul-Haq", "Overs": "10", "Maidens": "0", "Runs": "62", "Wickets": "1", "Economy": "6.20", "Dots": "23"}, {"player_name": "Mohammad Nabi", "Overs": "10", "Maidens": "0", "Runs": "40", "Wickets": "2", "Economy": "4.00", "Dots": "30"}, {"player_name": "Mirwais Ashraf", "Overs": "10", "Maidens": "0", "Runs": "51", "Wickets": "1", "Economy": "5.10", "Dots": "35"}, {"player_name": "Rashid Khan", "Overs": "10", "Maidens": "0", "Runs": "37", "Wickets": "2", "Economy": "3.70", "Dots": "35"}]}, "match_id": "4414"}