{"date": "07/22/2022 12:00:00 PM", "home": "England", "away": "South Africa", "place": "Old Trafford", "result": "England won by 118 runs", "Team1": {"Name": "England", "score": "201", "overs": "28.1/29 ov", "rr": "RR: 7.13", "batting": [{"Player Name": "Jason Roy", "Dismissed by": "c Dwaine Pretorius b Anrich Nortje", "Runs": "14", "Balls Faced": "12", "Fours": "3", "Sixes": "0", "Strike Rate": "116.66"}, {"Player Name": "Jonny Bairstow", "Dismissed by": "b Dwaine Pretorius", "Runs": "28", "Balls Faced": "27", "Fours": "3", "Sixes": "0", "Strike Rate": "103.70"}, {"Player Name": "Phil Salt", "Dismissed by": "c David Miller b Dwaine Pretorius", "Runs": "17", "Balls Faced": "10", "Fours": "3", "Sixes": "0", "Strike Rate": "170.00"}, {"Player Name": "Joe Root", "Dismissed by": "c Quinton de Kock b Dwaine Pretorius", "Runs": "1", "Balls Faced": "3", "Fours": "0", "Sixes": "0", "Strike Rate": "33.33"}, {"Player Name": "Moeen Ali", "Dismissed by": "c Anrich Nortje b Keshav Maharaj", "Runs": "6", "Balls Faced": "9", "Fours": "1", "Sixes": "0", "Strike Rate": "66.66"}, {"Player Name": "Jos Buttler", "Dismissed by": "c Dwaine Pretorius b Tabraiz Shamsi", "Runs": "19", "Balls Faced": "27", "Fours": "1", "Sixes": "0", "Strike Rate": "70.37"}, {"Player Name": "Liam Livingstone", "Dismissed by": "c David Miller b Anrich Nortje", "Runs": "38", "Balls Faced": "26", "Fours": "1", "Sixes": "3", "Strike Rate": "146.15"}, {"Player Name": "Sam Curran", "Dismissed by": "c Aiden Markram b Tabraiz Shamsi", "Runs": "35", "Balls Faced": "18", "Fours": "2", "Sixes": "3", "Strike Rate": "194.44"}, {"Player Name": "David Willey", "Dismissed by": "c Heinrich Klaasen b Dwaine Pretorius", "Runs": "21", "Balls Faced": "21", "Fours": "1", "Sixes": "1", "Strike Rate": "100.00"}, {"Player Name": "Adil Rashid", "Dismissed by": "run out (Heinrich Klaasen)", "Runs": "12", "Balls Faced": "12", "Fours": "1", "Sixes": "0", "Strike Rate": "100.00"}, {"Player Name": "Reece Topley", "Dismissed by": "", "Runs": "1", "Balls Faced": "4", "Fours": "0", "Sixes": "0", "Strike Rate": "25.00"}], "Extras": "Extras (w 4, lb 5)", "balling": [{"player_name": "Reece Topley", "Overs": "4", "Maidens": "0", "Runs": "17", "Wickets": "2", "Economy": "4.25", "Dots": "14"}, {"player_name": "David Willey", "Overs": "4", "Maidens": "1", "Runs": "9", "Wickets": "1", "Economy": "2.25", "Dots": "19"}, {"player_name": "Sam Curran", "Overs": "2", "Maidens": "0", "Runs": "5", "Wickets": "1", "Economy": "2.50", "Dots": "8"}, {"player_name": "Adil Rashid", "Overs": "6", "Maidens": "1", "Runs": "29", "Wickets": "3", "Economy": "4.83", "Dots": "19"}, {"player_name": "Moeen Ali", "Overs": "4.4", "Maidens": "1", "Runs": "22", "Wickets": "2", "Economy": "4.71", "Dots": "15"}]}, "Team2": {"Name": "South Africa", "score": "83", "overs": "20.4/29 ov", "rr": "RR: 4.01", "batting": [{"Player Name": "Janneman Malan", "Dismissed by": "c Sam Curran b Reece Topley", "Runs": "0", "Balls Faced": "6", "Fours": "0", "Sixes": "0", "Strike Rate": "0.00"}, {"Player Name": "Quinton de Kock", "Dismissed by": "c Liam Livingstone b David Willey", "Runs": "5", "Balls Faced": "9", "Fours": "1", "Sixes": "0", "Strike Rate": "55.55"}, {"Player Name": "Rassie van der Dussen", "Dismissed by": "c Jos Buttler b Reece Topley", "Runs": "0", "Balls Faced": "4", "Fours": "0", "Sixes": "0", "Strike Rate": "0.00"}, {"Player Name": "Aiden Markram", "Dismissed by": "run out (Jos Buttler)", "Runs": "0", "Balls Faced": "0", "Fours": "0", "Sixes": "0", "Strike Rate": "-"}, {"Player Name": "Heinrich Klaasen", "Dismissed by": "st Jos Buttler b Moeen Ali", "Runs": "33", "Balls Faced": "40", "Fours": "2", "Sixes": "0", "Strike Rate": "82.50"}, {"Player Name": "David Miller", "Dismissed by": "b Sam Curran", "Runs": "12", "Balls Faced": "13", "Fours": "2", "Sixes": "0", "Strike Rate": "92.30"}, {"Player Name": "Dwaine Pretorius", "Dismissed by": "c Jason Roy b Adil Rashid", "Runs": "17", "Balls Faced": "25", "Fours": "1", "Sixes": "0", "Strike Rate": "68.00"}, {"Player Name": "Keshav Maharaj", "Dismissed by": "b Adil Rashid", "Runs": "1", "Balls Faced": "2", "Fours": "0", "Sixes": "0", "Strike Rate": "50.00"}, {"Player Name": "Anrich Nortje", "Dismissed by": "c Jonny Bairstow b Moeen Ali", "Runs": "6", "Balls Faced": "12", "Fours": "0", "Sixes": "0", "Strike Rate": "50.00"}, {"Player Name": "Lungi Ngidi", "Dismissed by": "c & b Adil Rashid", "Runs": "0", "Balls Faced": "8", "Fours": "0", "Sixes": "0", "Strike Rate": "0.00"}, {"Player Name": "Tabraiz Shamsi", "Dismissed by": "", "Runs": "5", "Balls Faced": "5", "Fours": "1", "Sixes": "0", "Strike Rate": "100.00"}], "Extras": "Extras (w 3, lb 1)", "balling": [{"player_name": "Keshav Maharaj", "Overs": "6", "Maidens": "0", "Runs": "29", "Wickets": "1", "Economy": "4.83", "Dots": "16"}, {"player_name": "Lungi Ngidi", "Overs": "5", "Maidens": "0", "Runs": "39", "Wickets": "0", "Economy": "7.80", "Dots": "10"}, {"player_name": "Anrich Nortje", "Overs": "5.1", "Maidens": "0", "Runs": "53", "Wickets": "2", "Economy": "10.25", "Dots": "11"}, {"player_name": "Dwaine Pretorius", "Overs": "6", "Maidens": "0", "Runs": "36", "Wickets": "4", "Economy": "6.00", "Dots": "17"}, {"player_name": "Tabraiz Shamsi", "Overs": "6", "Maidens": "0", "Runs": "39", "Wickets": "2", "Economy": "6.50", "Dots": "15"}]}, "match_id": "33694"}