{"date": "07/06/2019 09:30:00 AM", "home": "Sri Lanka", "away": "India", "place": "Headingley", "result": "India win by 7 wickets", "Team1": {"Name": "Sri Lanka", "score": "264/7", "overs": "50/50 ov", "rr": "RR: 5.28", "batting": [{"Player Name": "Dimuth Karunaratne", "Dismissed by": "c MS Dhoni b Jasprit Bumrah", "Runs": "10", "Balls Faced": "17", "Fours": "2", "Sixes": "0", "Strike Rate": "58.82"}, {"Player Name": "Kusal Perera", "Dismissed by": "c MS Dhoni b Jasprit Bumrah", "Runs": "18", "Balls Faced": "14", "Fours": "3", "Sixes": "0", "Strike Rate": "128.57"}, {"Player Name": "Avishka Fernando", "Dismissed by": "c MS Dhoni b Hardik Pandya", "Runs": "20", "Balls Faced": "21", "Fours": "4", "Sixes": "0", "Strike Rate": "95.23"}, {"Player Name": "Kusal Mendis", "Dismissed by": "st MS Dhoni b Ravindra Jadeja", "Runs": "3", "Balls Faced": "13", "Fours": "0", "Sixes": "0", "Strike Rate": "23.07"}, {"Player Name": "Angelo Mathews", "Dismissed by": "c Rohit Sharma b Jasprit Bumrah", "Runs": "113", "Balls Faced": "128", "Fours": "10", "Sixes": "2", "Strike Rate": "88.28"}, {"Player Name": "Lahiru Thirimanne", "Dismissed by": "c Ravindra Jadeja b Kuldeep Yadav", "Runs": "53", "Balls Faced": "68", "Fours": "4", "Sixes": "0", "Strike Rate": "77.94"}, {"Player Name": "Dhananjaya de Silva", "Dismissed by": "", "Runs": "29", "Balls Faced": "36", "Fours": "1", "Sixes": "0", "Strike Rate": "80.55"}, {"Player Name": "Thisara Perera", "Dismissed by": "c Hardik Pandya b Bhuvneshwar Kumar", "Runs": "2", "Balls Faced": "3", "Fours": "0", "Sixes": "0", "Strike Rate": "66.66"}, {"Player Name": "Isuru Udana", "Dismissed by": "", "Runs": "1", "Balls Faced": "1", "Fours": "0", "Sixes": "0", "Strike Rate": "100.00"}, {"Player Name": "Lasith Malinga", "Dismissed by": "", "Runs": "-", "Balls Faced": "-", "Fours": "-", "Sixes": "-", "Strike Rate": "-"}, {"Player Name": "Kasun Rajitha", "Dismissed by": "", "Runs": "-", "Balls Faced": "-", "Fours": "-", "Sixes": "-", "Strike Rate": "-"}], "Extras": "Extras (nb 1, w 8, b 4, lb 2)", "balling": [{"player_name": "Lasith Malinga", "Overs": "10", "Maidens": "1", "Runs": "82", "Wickets": "1", "Economy": "8.20", "Dots": "20"}, {"player_name": "Kasun Rajitha", "Overs": "8", "Maidens": "0", "Runs": "47", "Wickets": "1", "Economy": "5.87", "Dots": "26"}, {"player_name": "Isuru Udana", "Overs": "9.3", "Maidens": "0", "Runs": "50", "Wickets": "1", "Economy": "5.26", "Dots": "29"}, {"player_name": "Thisara Perera", "Overs": "10", "Maidens": "0", "Runs": "34", "Wickets": "0", "Economy": "3.40", "Dots": "32"}, {"player_name": "Dhananjaya de Silva", "Overs": "6", "Maidens": "0", "Runs": "51", "Wickets": "0", "Economy": "8.50", "Dots": "13"}]}, "Team2": {"Name": "India", "score": "265/3", "overs": "43.3/50 ov", "rr": "RR: 6.09", "batting": [{"Player Name": "KL Rahul", "Dismissed by": "c Kusal Perera b Lasith Malinga", "Runs": "111", "Balls Faced": "118", "Fours": "11", "Sixes": "1", "Strike Rate": "94.06"}, {"Player Name": "Rohit Sharma", "Dismissed by": "c Angelo Mathews b Kasun Rajitha", "Runs": "103", "Balls Faced": "94", "Fours": "14", "Sixes": "2", "Strike Rate": "109.57"}, {"Player Name": "Virat Kohli", "Dismissed by": "", "Runs": "34", "Balls Faced": "41", "Fours": "3", "Sixes": "0", "Strike Rate": "82.92"}, {"Player Name": "Rishabh Pant", "Dismissed by": "lbw Isuru Udana", "Runs": "4", "Balls Faced": "4", "Fours": "1", "Sixes": "0", "Strike Rate": "100.00"}, {"Player Name": "Hardik Pandya", "Dismissed by": "", "Runs": "7", "Balls Faced": "4", "Fours": "1", "Sixes": "0", "Strike Rate": "175.00"}, {"Player Name": "MS Dhoni", "Dismissed by": "", "Runs": "-", "Balls Faced": "-", "Fours": "-", "Sixes": "-", "Strike Rate": "-"}, {"Player Name": "Dinesh Karthik", "Dismissed by": "", "Runs": "-", "Balls Faced": "-", "Fours": "-", "Sixes": "-", "Strike Rate": "-"}, {"Player Name": "Ravindra Jadeja", "Dismissed by": "", "Runs": "-", "Balls Faced": "-", "Fours": "-", "Sixes": "-", "Strike Rate": "-"}, {"Player Name": "Bhuvneshwar Kumar", "Dismissed by": "", "Runs": "-", "Balls Faced": "-", "Fours": "-", "Sixes": "-", "Strike Rate": "-"}, {"Player Name": "Kuldeep Yadav", "Dismissed by": "", "Runs": "-", "Balls Faced": "-", "Fours": "-", "Sixes": "-", "Strike Rate": "-"}, {"Player Name": "Jasprit Bumrah", "Dismissed by": "", "Runs": "-", "Balls Faced": "-", "Fours": "-", "Sixes": "-", "Strike Rate": "-"}], "Extras": "Extras (w 5, lb 1)", "balling": [{"player_name": "Bhuvneshwar Kumar", "Overs": "10", "Maidens": "0", "Runs": "73", "Wickets": "1", "Economy": "7.30", "Dots": "26"}, {"player_name": "Jasprit Bumrah", "Overs": "10", "Maidens": "2", "Runs": "37", "Wickets": "3", "Economy": "3.70", "Dots": "36"}, {"player_name": "Hardik Pandya", "Overs": "10", "Maidens": "0", "Runs": "50", "Wickets": "1", "Economy": "5.00", "Dots": "25"}, {"player_name": "Ravindra Jadeja", "Overs": "10", "Maidens": "0", "Runs": "40", "Wickets": "1", "Economy": "4.00", "Dots": "37"}, {"player_name": "Kuldeep Yadav", "Overs": "10", "Maidens": "0", "Runs": "58", "Wickets": "1", "Economy": "5.80", "Dots": "26"}]}, "match_id": "8235"}