{"date": "06/03/2019 09:30:00 AM", "home": "England", "away": "Pakistan", "place": "Trent Bridge", "result": "Pakistan win by 14 runs", "Team1": {"Name": "England", "score": "334/9", "overs": "50/50 ov", "rr": "RR: 6.68", "batting": [{"Player Name": "Jason Roy", "Dismissed by": "lbw Shadab Khan", "Runs": "8", "Balls Faced": "7", "Fours": "2", "Sixes": "0", "Strike Rate": "114.28"}, {"Player Name": "Jonny Bairstow", "Dismissed by": "c Sarfaraz Ahmed b Wahab Riaz", "Runs": "32", "Balls Faced": "31", "Fours": "4", "Sixes": "1", "Strike Rate": "103.22"}, {"Player Name": "Joe Root", "Dismissed by": "c Mohammad Hafeez b Shadab Khan", "Runs": "107", "Balls Faced": "104", "Fours": "10", "Sixes": "1", "Strike Rate": "102.88"}, {"Player Name": "Eoin Morgan", "Dismissed by": "b Mohammad Hafeez", "Runs": "9", "Balls Faced": "18", "Fours": "1", "Sixes": "0", "Strike Rate": "50.00"}, {"Player Name": "Ben Stokes", "Dismissed by": "c Sarfaraz Ahmed b Shoaib Malik", "Runs": "13", "Balls Faced": "18", "Fours": "1", "Sixes": "0", "Strike Rate": "72.22"}, {"Player Name": "Jos Buttler", "Dismissed by": "c Wahab Riaz b Mohammad Amir", "Runs": "103", "Balls Faced": "76", "Fours": "9", "Sixes": "2", "Strike Rate": "135.52"}, {"Player Name": "Moeen Ali", "Dismissed by": "c Fakhar Zaman b Wahab Riaz", "Runs": "19", "Balls Faced": "20", "Fours": "1", "Sixes": "0", "Strike Rate": "95.00"}, {"Player Name": "Chris Woakes", "Dismissed by": "c Sarfaraz Ahmed b Wahab Riaz", "Runs": "21", "Balls Faced": "14", "Fours": "1", "Sixes": "1", "Strike Rate": "150.00"}, {"Player Name": "Jofra Archer", "Dismissed by": "c Wahab Riaz b Mohammad Amir", "Runs": "1", "Balls Faced": "2", "Fours": "0", "Sixes": "0", "Strike Rate": "50.00"}, {"Player Name": "Adil Rashid", "Dismissed by": "", "Runs": "3", "Balls Faced": "4", "Fours": "0", "Sixes": "0", "Strike Rate": "75.00"}, {"Player Name": "Mark Wood", "Dismissed by": "", "Runs": "10", "Balls Faced": "6", "Fours": "2", "Sixes": "0", "Strike Rate": "166.66"}], "Extras": "Extras (w 5, lb 3)", "balling": [{"player_name": "Chris Woakes", "Overs": "8", "Maidens": "1", "Runs": "71", "Wickets": "3", "Economy": "8.87", "Dots": "19"}, {"player_name": "Jofra Archer", "Overs": "10", "Maidens": "0", "Runs": "79", "Wickets": "0", "Economy": "7.90", "Dots": "25"}, {"player_name": "Moeen Ali", "Overs": "10", "Maidens": "0", "Runs": "50", "Wickets": "3", "Economy": "5.00", "Dots": "24"}, {"player_name": "Mark Wood", "Overs": "10", "Maidens": "0", "Runs": "53", "Wickets": "2", "Economy": "5.30", "Dots": "28"}, {"player_name": "Ben Stokes", "Overs": "7", "Maidens": "0", "Runs": "43", "Wickets": "0", "Economy": "6.14", "Dots": "15"}, {"player_name": "Adil Rashid", "Overs": "5", "Maidens": "0", "Runs": "43", "Wickets": "0", "Economy": "8.60", "Dots": "9"}]}, "Team2": {"Name": "Pakistan", "score": "348/8", "overs": "50/50 ov", "rr": "RR: 6.96", "batting": [{"Player Name": "Imam-ul-Haq", "Dismissed by": "c Chris Woakes b Moeen Ali", "Runs": "44", "Balls Faced": "58", "Fours": "3", "Sixes": "1", "Strike Rate": "75.86"}, {"Player Name": "Fakhar Zaman", "Dismissed by": "st Jos Buttler b Moeen Ali", "Runs": "36", "Balls Faced": "40", "Fours": "6", "Sixes": "0", "Strike Rate": "90.00"}, {"Player Name": "Babar Azam", "Dismissed by": "c Chris Woakes b Moeen Ali", "Runs": "63", "Balls Faced": "66", "Fours": "4", "Sixes": "1", "Strike Rate": "95.45"}, {"Player Name": "Mohammad Hafeez", "Dismissed by": "c Chris Woakes b Mark Wood", "Runs": "84", "Balls Faced": "62", "Fours": "8", "Sixes": "2", "Strike Rate": "135.48"}, {"Player Name": "Sarfaraz Ahmed", "Dismissed by": "c & b Chris Woakes", "Runs": "55", "Balls Faced": "44", "Fours": "5", "Sixes": "0", "Strike Rate": "125.00"}, {"Player Name": "Asif Ali", "Dismissed by": "c Jonny Bairstow b Mark Wood", "Runs": "14", "Balls Faced": "11", "Fours": "0", "Sixes": "1", "Strike Rate": "127.27"}, {"Player Name": "Shoaib Malik", "Dismissed by": "c Eoin Morgan b Chris Woakes", "Runs": "8", "Balls Faced": "8", "Fours": "0", "Sixes": "0", "Strike Rate": "100.00"}, {"Player Name": "Wahab Riaz", "Dismissed by": "c Joe Root b Chris Woakes", "Runs": "4", "Balls Faced": "2", "Fours": "1", "Sixes": "0", "Strike Rate": "200.00"}, {"Player Name": "Hasan Ali", "Dismissed by": "", "Runs": "10", "Balls Faced": "5", "Fours": "0", "Sixes": "1", "Strike Rate": "200.00"}, {"Player Name": "Shadab Khan", "Dismissed by": "", "Runs": "10", "Balls Faced": "4", "Fours": "2", "Sixes": "0", "Strike Rate": "250.00"}, {"Player Name": "Mohammad Amir", "Dismissed by": "", "Runs": "-", "Balls Faced": "-", "Fours": "-", "Sixes": "-", "Strike Rate": "-"}], "Extras": "Extras (w 11, b 1, lb 8)", "balling": [{"player_name": "Shadab Khan", "Overs": "10", "Maidens": "0", "Runs": "63", "Wickets": "2", "Economy": "6.30", "Dots": "24"}, {"player_name": "Mohammad Amir", "Overs": "10", "Maidens": "0", "Runs": "67", "Wickets": "2", "Economy": "6.70", "Dots": "25"}, {"player_name": "Wahab Riaz", "Overs": "10", "Maidens": "0", "Runs": "82", "Wickets": "3", "Economy": "8.20", "Dots": "20"}, {"player_name": "Hasan Ali", "Overs": "10", "Maidens": "0", "Runs": "66", "Wickets": "0", "Economy": "6.60", "Dots": "20"}, {"player_name": "Mohammad Hafeez", "Overs": "7", "Maidens": "0", "Runs": "43", "Wickets": "1", "Economy": "6.14", "Dots": "16"}, {"player_name": "Shoaib Malik", "Overs": "3", "Maidens": "0", "Runs": "10", "Wickets": "1", "Economy": "3.33", "Dots": "11"}]}, "match_id": "8197"}