{"date": "11/30/2022 09:00:00 AM", "home": "Sri Lanka", "away": "Afghanistan", "place": "Pallekele International Cricket Stadium", "result": "Sri Lanka won by 4 wickets", "Team1": {"Name": "Sri Lanka", "score": "314/6", "overs": "49.4/50 ov", "rr": "RR: 6.32", "batting": [{"Player Name": "Pathum Nissanka", "Dismissed by": "b Rashid Khan", "Runs": "35", "Balls Faced": "55", "Fours": "3", "Sixes": "0", "Strike Rate": "63.63"}, {"Player Name": "Kusal Mendis", "Dismissed by": "c Rashid Khan b Mohammad Nabi", "Runs": "67", "Balls Faced": "61", "Fours": "8", "Sixes": "1", "Strike Rate": "109.83"}, {"Player Name": "Dinesh Chandimal", "Dismissed by": "b Mohammad Nabi", "Runs": "33", "Balls Faced": "32", "Fours": "2", "Sixes": "1", "Strike Rate": "103.12"}, {"Player Name": "Dhananjaya de Silva", "Dismissed by": "b Rashid Khan", "Runs": "5", "Balls Faced": "11", "Fours": "1", "Sixes": "0", "Strike Rate": "45.45"}, {"Player Name": "Charith Asalanka", "Dismissed by": "", "Runs": "83", "Balls Faced": "72", "Fours": "5", "Sixes": "4", "Strike Rate": "115.27"}, {"Player Name": "Dasun Shanaka", "Dismissed by": "b Rashid Khan", "Runs": "43", "Balls Faced": "44", "Fours": "5", "Sixes": "0", "Strike Rate": "97.72"}, {"Player Name": "Wanindu Hasaranga", "Dismissed by": "c Gurbaz b Rashid Khan", "Runs": "2", "Balls Faced": "3", "Fours": "0", "Sixes": "0", "Strike Rate": "66.66"}, {"Player Name": "Dunith Wellalage", "Dismissed by": "", "Runs": "31", "Balls Faced": "21", "Fours": "4", "Sixes": "1", "Strike Rate": "147.61"}, {"Player Name": "Maheesh Theekshana", "Dismissed by": "", "Runs": "-", "Balls Faced": "-", "Fours": "-", "Sixes": "-", "Strike Rate": "-"}, {"Player Name": "Asitha Fernando", "Dismissed by": "", "Runs": "-", "Balls Faced": "-", "Fours": "-", "Sixes": "-", "Strike Rate": "-"}, {"Player Name": "Kasun Rajitha", "Dismissed by": "", "Runs": "-", "Balls Faced": "-", "Fours": "-", "Sixes": "-", "Strike Rate": "-"}], "Extras": "Extras (nb 1, w 13, lb 1)", "balling": [{"player_name": "Kasun Rajitha", "Overs": "10", "Maidens": "0", "Runs": "60", "Wickets": "3", "Economy": "6.00", "Dots": "29"}, {"player_name": "Maheesh Theekshana", "Overs": "7", "Maidens": "0", "Runs": "46", "Wickets": "0", "Economy": "6.57", "Dots": "14"}, {"player_name": "Dunith Wellalage", "Overs": "4", "Maidens": "0", "Runs": "25", "Wickets": "0", "Economy": "6.25", "Dots": "10"}, {"player_name": "Asitha Fernando", "Overs": "10", "Maidens": "1", "Runs": "64", "Wickets": "1", "Economy": "6.40", "Dots": "31"}, {"player_name": "Dhananjaya de Silva", "Overs": "8", "Maidens": "0", "Runs": "42", "Wickets": "1", "Economy": "5.25", "Dots": "19"}, {"player_name": "Wanindu Hasaranga", "Overs": "10", "Maidens": "0", "Runs": "67", "Wickets": "2", "Economy": "6.70", "Dots": "29"}, {"player_name": "Dasun Shanaka", "Overs": "1", "Maidens": "0", "Runs": "5", "Wickets": "0", "Economy": "5.00", "Dots": "4"}]}, "Team2": {"Name": "Afghanistan", "score": "313/8", "overs": "50/50 ov", "rr": "RR: 6.26", "batting": [{"Player Name": "Gurbaz", "Dismissed by": "b Kasun Rajitha", "Runs": "5", "Balls Faced": "12", "Fours": "1", "Sixes": "0", "Strike Rate": "41.66"}, {"Player Name": "Ibrahim Zadran", "Dismissed by": "c Pathum Nissanka b Asitha Fernando", "Runs": "162", "Balls Faced": "138", "Fours": "15", "Sixes": "4", "Strike Rate": "117.39"}, {"Player Name": "Rahmat Shah", "Dismissed by": "c Kusal Mendis b Kasun Rajitha", "Runs": "22", "Balls Faced": "30", "Fours": "4", "Sixes": "0", "Strike Rate": "73.33"}, {"Player Name": "Hashmatullah Shahidi", "Dismissed by": "lbw Dhananjaya de Silva", "Runs": "4", "Balls Faced": "10", "Fours": "0", "Sixes": "0", "Strike Rate": "40.00"}, {"Player Name": "Najib Zadran", "Dismissed by": "c Dasun Shanaka b Wanindu Hasaranga", "Runs": "77", "Balls Faced": "76", "Fours": "9", "Sixes": "1", "Strike Rate": "101.31"}, {"Player Name": "Mohammad Nabi", "Dismissed by": "c Pathum Nissanka b Wanindu Hasaranga", "Runs": "12", "Balls Faced": "12", "Fours": "2", "Sixes": "0", "Strike Rate": "100.00"}, {"Player Name": "Gulbadin Naib", "Dismissed by": "run out (Dasun Shanaka/Maheesh Theekshana)", "Runs": "8", "Balls Faced": "11", "Fours": "0", "Sixes": "0", "Strike Rate": "72.72"}, {"Player Name": "Rashid Khan", "Dismissed by": "c Dinesh Chandimal b Kasun Rajitha", "Runs": "13", "Balls Faced": "10", "Fours": "1", "Sixes": "0", "Strike Rate": "130.00"}, {"Player Name": "Noor Ahmad", "Dismissed by": "", "Runs": "2", "Balls Faced": "1", "Fours": "0", "Sixes": "0", "Strike Rate": "200.00"}, {"Player Name": "Mujeeb Zadran", "Dismissed by": "", "Runs": "-", "Balls Faced": "-", "Fours": "-", "Sixes": "-", "Strike Rate": "-"}, {"Player Name": "Fazalhaq Farooqi", "Dismissed by": "", "Runs": "-", "Balls Faced": "-", "Fours": "-", "Sixes": "-", "Strike Rate": "-"}], "Extras": "Extras (w 4, b 1, lb 3)", "balling": [{"player_name": "Fazalhaq Farooqi", "Overs": "9.4", "Maidens": "0", "Runs": "70", "Wickets": "0", "Economy": "7.24", "Dots": "31"}, {"player_name": "Mujeeb Zadran", "Overs": "10", "Maidens": "0", "Runs": "70", "Wickets": "0", "Economy": "7.00", "Dots": "25"}, {"player_name": "Gulbadin Naib", "Overs": "6", "Maidens": "0", "Runs": "48", "Wickets": "0", "Economy": "8.00", "Dots": "12"}, {"player_name": "Mohammad Nabi", "Overs": "10", "Maidens": "0", "Runs": "56", "Wickets": "2", "Economy": "5.60", "Dots": "32"}, {"player_name": "Rashid Khan", "Overs": "10", "Maidens": "0", "Runs": "37", "Wickets": "4", "Economy": "3.70", "Dots": "32"}, {"player_name": "Noor Ahmad", "Overs": "4", "Maidens": "0", "Runs": "32", "Wickets": "0", "Economy": "8.00", "Dots": "7"}]}, "match_id": "101691"}