{"date": "07/20/2021 09:30:00 AM", "home": "Sri Lanka", "away": "India", "place": "R Premadasa Stadium", "result": "India won by 3 wickets", "Team1": {"Name": "Sri Lanka", "score": "275/9", "overs": "50/50 ov", "rr": "RR: 5.50", "batting": [{"Player Name": "Avishka Fernando", "Dismissed by": "c Krunal Pandya b Bhuvneshwar Kumar", "Runs": "50", "Balls Faced": "71", "Fours": "4", "Sixes": "1", "Strike Rate": "70.42"}, {"Player Name": "Minod Bhanuka", "Dismissed by": "c Manish Pandey b Yuzvendra Chahal", "Runs": "36", "Balls Faced": "42", "Fours": "6", "Sixes": "0", "Strike Rate": "85.71"}, {"Player Name": "Bhanuka Rajapaksa", "Dismissed by": "c Ishan Kishan b Yuzvendra Chahal", "Runs": "0", "Balls Faced": "1", "Fours": "0", "Sixes": "0", "Strike Rate": "0.00"}, {"Player Name": "Dhananjaya de Silva", "Dismissed by": "c Shikhar Dhawan b Deepak Chahar", "Runs": "32", "Balls Faced": "45", "Fours": "1", "Sixes": "0", "Strike Rate": "71.11"}, {"Player Name": "Charith Asalanka", "Dismissed by": "c sub (Devdutt Padikkal) b Bhuvneshwar Kumar", "Runs": "65", "Balls Faced": "68", "Fours": "6", "Sixes": "0", "Strike Rate": "95.58"}, {"Player Name": "Dasun Shanaka", "Dismissed by": "b Yuzvendra Chahal", "Runs": "16", "Balls Faced": "24", "Fours": "1", "Sixes": "0", "Strike Rate": "66.66"}, {"Player Name": "Wanindu Hasaranga", "Dismissed by": "b Deepak Chahar", "Runs": "8", "Balls Faced": "11", "Fours": "1", "Sixes": "0", "Strike Rate": "72.72"}, {"Player Name": "Chamika Karunaratne", "Dismissed by": "", "Runs": "44", "Balls Faced": "33", "Fours": "5", "Sixes": "0", "Strike Rate": "133.33"}, {"Player Name": "Dushmantha Chameera", "Dismissed by": "c sub (Devdutt Padikkal) b Bhuvneshwar Kumar", "Runs": "2", "Balls Faced": "5", "Fours": "0", "Sixes": "0", "Strike Rate": "40.00"}, {"Player Name": "Lakshan Sandakan", "Dismissed by": "run out (Ishan Kishan)", "Runs": "0", "Balls Faced": "1", "Fours": "0", "Sixes": "0", "Strike Rate": "0.00"}, {"Player Name": "Kasun Rajitha", "Dismissed by": "", "Runs": "1", "Balls Faced": "1", "Fours": "0", "Sixes": "0", "Strike Rate": "100.00"}], "Extras": "Extras (nb 2, w 13, lb 6)", "balling": [{"player_name": "Kasun Rajitha", "Overs": "7.1", "Maidens": "0", "Runs": "53", "Wickets": "1", "Economy": "7.39", "Dots": "23"}, {"player_name": "Dushmantha Chameera", "Overs": "10", "Maidens": "0", "Runs": "65", "Wickets": "0", "Economy": "6.50", "Dots": "31"}, {"player_name": "Wanindu Hasaranga", "Overs": "10", "Maidens": "0", "Runs": "37", "Wickets": "3", "Economy": "3.70", "Dots": "36"}, {"player_name": "Lakshan Sandakan", "Overs": "10", "Maidens": "0", "Runs": "71", "Wickets": "1", "Economy": "7.10", "Dots": "27"}, {"player_name": "Chamika Karunaratne", "Overs": "6", "Maidens": "1", "Runs": "26", "Wickets": "0", "Economy": "4.33", "Dots": "23"}, {"player_name": "Dasun Shanaka", "Overs": "3", "Maidens": "0", "Runs": "10", "Wickets": "1", "Economy": "3.33", "Dots": "10"}, {"player_name": "Dhananjaya de Silva", "Overs": "3", "Maidens": "0", "Runs": "10", "Wickets": "0", "Economy": "3.33", "Dots": "10"}]}, "Team2": {"Name": "India", "score": "277/7", "overs": "49.1/50 ov", "rr": "RR: 5.63", "batting": [{"Player Name": "Prithvi Shaw", "Dismissed by": "b Wanindu Hasaranga", "Runs": "13", "Balls Faced": "11", "Fours": "3", "Sixes": "0", "Strike Rate": "118.18"}, {"Player Name": "Shikhar Dhawan", "Dismissed by": "lbw Wanindu Hasaranga", "Runs": "29", "Balls Faced": "38", "Fours": "6", "Sixes": "0", "Strike Rate": "76.31"}, {"Player Name": "Ishan Kishan", "Dismissed by": "b Kasun Rajitha", "Runs": "1", "Balls Faced": "4", "Fours": "0", "Sixes": "0", "Strike Rate": "25.00"}, {"Player Name": "Manish Pandey", "Dismissed by": "run out (Dasun Shanaka)", "Runs": "37", "Balls Faced": "31", "Fours": "3", "Sixes": "0", "Strike Rate": "119.35"}, {"Player Name": "Suryakumar Yadav", "Dismissed by": "lbw Lakshan Sandakan", "Runs": "53", "Balls Faced": "44", "Fours": "6", "Sixes": "0", "Strike Rate": "120.45"}, {"Player Name": "Hardik Pandya", "Dismissed by": "c Dhananjaya de Silva b Dasun Shanaka", "Runs": "0", "Balls Faced": "3", "Fours": "0", "Sixes": "0", "Strike Rate": "0.00"}, {"Player Name": "Krunal Pandya", "Dismissed by": "b Wanindu Hasaranga", "Runs": "35", "Balls Faced": "54", "Fours": "3", "Sixes": "0", "Strike Rate": "64.81"}, {"Player Name": "Deepak Chahar", "Dismissed by": "", "Runs": "69", "Balls Faced": "82", "Fours": "7", "Sixes": "1", "Strike Rate": "84.14"}, {"Player Name": "Bhuvneshwar Kumar", "Dismissed by": "", "Runs": "19", "Balls Faced": "28", "Fours": "2", "Sixes": "0", "Strike Rate": "67.85"}, {"Player Name": "Yuzvendra Chahal", "Dismissed by": "", "Runs": "-", "Balls Faced": "-", "Fours": "-", "Sixes": "-", "Strike Rate": "-"}, {"Player Name": "Kuldeep Yadav", "Dismissed by": "", "Runs": "-", "Balls Faced": "-", "Fours": "-", "Sixes": "-", "Strike Rate": "-"}], "Extras": "Extras (w 16, b 1, lb 4)", "balling": [{"player_name": "Bhuvneshwar Kumar", "Overs": "10", "Maidens": "0", "Runs": "54", "Wickets": "3", "Economy": "5.40", "Dots": "33"}, {"player_name": "Deepak Chahar", "Overs": "8", "Maidens": "0", "Runs": "53", "Wickets": "2", "Economy": "6.62", "Dots": "26"}, {"player_name": "Hardik Pandya", "Overs": "4", "Maidens": "0", "Runs": "20", "Wickets": "0", "Economy": "5.00", "Dots": "15"}, {"player_name": "Yuzvendra Chahal", "Overs": "10", "Maidens": "1", "Runs": "50", "Wickets": "3", "Economy": "5.00", "Dots": "26"}, {"player_name": "Kuldeep Yadav", "Overs": "10", "Maidens": "0", "Runs": "55", "Wickets": "0", "Economy": "5.50", "Dots": "21"}, {"player_name": "Krunal Pandya", "Overs": "8", "Maidens": "0", "Runs": "37", "Wickets": "0", "Economy": "4.62", "Dots": "23"}]}, "match_id": "31875"}