{"date": "07/19/2022 12:00:00 PM", "home": "England", "away": "South Africa", "place": "Emirates Riverside", "result": "South Africa won by 62 runs", "Team1": {"Name": "England", "score": "271", "overs": "47/50 ov", "rr": "RR: 5.76", "batting": [{"Player Name": "Jason Roy", "Dismissed by": "c David Miller b Keshav Maharaj", "Runs": "43", "Balls Faced": "62", "Fours": "3", "Sixes": "1", "Strike Rate": "69.35"}, {"Player Name": "Jonny Bairstow", "Dismissed by": "lbw Aiden Markram", "Runs": "63", "Balls Faced": "71", "Fours": "7", "Sixes": "0", "Strike Rate": "88.73"}, {"Player Name": "Joe Root", "Dismissed by": "b Anrich Nortje", "Runs": "86", "Balls Faced": "77", "Fours": "5", "Sixes": "2", "Strike Rate": "111.68"}, {"Player Name": "Ben Stokes", "Dismissed by": "lbw Aiden Markram", "Runs": "5", "Balls Faced": "11", "Fours": "0", "Sixes": "0", "Strike Rate": "45.45"}, {"Player Name": "Jos Buttler", "Dismissed by": "c & b Tabraiz Shamsi", "Runs": "12", "Balls Faced": "12", "Fours": "1", "Sixes": "0", "Strike Rate": "100.00"}, {"Player Name": "Liam Livingstone", "Dismissed by": "b Lungi Ngidi", "Runs": "10", "Balls Faced": "14", "Fours": "1", "Sixes": "0", "Strike Rate": "71.42"}, {"Player Name": "Moeen Ali", "Dismissed by": "c Dwaine Pretorius b Tabraiz Shamsi", "Runs": "3", "Balls Faced": "4", "Fours": "0", "Sixes": "0", "Strike Rate": "75.00"}, {"Player Name": "Sam Curran", "Dismissed by": "lbw Anrich Nortje", "Runs": "18", "Balls Faced": "18", "Fours": "2", "Sixes": "0", "Strike Rate": "100.00"}, {"Player Name": "Brydon Carse", "Dismissed by": "c Dwaine Pretorius b Anrich Nortje", "Runs": "14", "Balls Faced": "8", "Fours": "2", "Sixes": "0", "Strike Rate": "175.00"}, {"Player Name": "Adil Rashid", "Dismissed by": "c Quinton de Kock b Anrich Nortje", "Runs": "0", "Balls Faced": "1", "Fours": "0", "Sixes": "0", "Strike Rate": "0.00"}, {"Player Name": "Matthew Potts", "Dismissed by": "", "Runs": "3", "Balls Faced": "4", "Fours": "0", "Sixes": "0", "Strike Rate": "75.00"}], "Extras": "Extras (nb 1, w 7, b 2, lb 4)", "balling": [{"player_name": "Sam Curran", "Overs": "10", "Maidens": "1", "Runs": "67", "Wickets": "1", "Economy": "6.70", "Dots": "25"}, {"player_name": "Matthew Potts", "Overs": "4", "Maidens": "0", "Runs": "33", "Wickets": "0", "Economy": "8.25", "Dots": "12"}, {"player_name": "Moeen Ali", "Overs": "8", "Maidens": "0", "Runs": "47", "Wickets": "1", "Economy": "5.87", "Dots": "17"}, {"player_name": "Brydon Carse", "Overs": "9", "Maidens": "0", "Runs": "46", "Wickets": "1", "Economy": "5.11", "Dots": "24"}, {"player_name": "Ben Stokes", "Overs": "5", "Maidens": "0", "Runs": "44", "Wickets": "0", "Economy": "8.80", "Dots": "9"}, {"player_name": "Adil Rashid", "Overs": "10", "Maidens": "0", "Runs": "63", "Wickets": "0", "Economy": "6.30", "Dots": "19"}, {"player_name": "Liam Livingstone", "Overs": "4", "Maidens": "0", "Runs": "29", "Wickets": "2", "Economy": "7.25", "Dots": "8"}]}, "Team2": {"Name": "South Africa", "score": "333/5", "overs": "50/50 ov", "rr": "RR: 6.66", "batting": [{"Player Name": "Quinton de Kock", "Dismissed by": "b Sam Curran", "Runs": "19", "Balls Faced": "22", "Fours": "3", "Sixes": "0", "Strike Rate": "86.36"}, {"Player Name": "Janneman Malan", "Dismissed by": "c Liam Livingstone b Moeen Ali", "Runs": "57", "Balls Faced": "77", "Fours": "5", "Sixes": "0", "Strike Rate": "74.02"}, {"Player Name": "Rassie van der Dussen", "Dismissed by": "b Liam Livingstone", "Runs": "133", "Balls Faced": "117", "Fours": "10", "Sixes": "0", "Strike Rate": "113.67"}, {"Player Name": "Aiden Markram", "Dismissed by": "c Jonny Bairstow b Liam Livingstone", "Runs": "77", "Balls Faced": "61", "Fours": "9", "Sixes": "0", "Strike Rate": "126.22"}, {"Player Name": "David Miller", "Dismissed by": "", "Runs": "24", "Balls Faced": "14", "Fours": "4", "Sixes": "0", "Strike Rate": "171.42"}, {"Player Name": "Heinrich Klaasen", "Dismissed by": "c Jason Roy b Brydon Carse", "Runs": "12", "Balls Faced": "10", "Fours": "1", "Sixes": "0", "Strike Rate": "120.00"}, {"Player Name": "Andile Phehlukwayo", "Dismissed by": "", "Runs": "0", "Balls Faced": "0", "Fours": "0", "Sixes": "0", "Strike Rate": "-"}, {"Player Name": "Keshav Maharaj", "Dismissed by": "", "Runs": "-", "Balls Faced": "-", "Fours": "-", "Sixes": "-", "Strike Rate": "-"}, {"Player Name": "Anrich Nortje", "Dismissed by": "", "Runs": "-", "Balls Faced": "-", "Fours": "-", "Sixes": "-", "Strike Rate": "-"}, {"Player Name": "Lungi Ngidi", "Dismissed by": "", "Runs": "-", "Balls Faced": "-", "Fours": "-", "Sixes": "-", "Strike Rate": "-"}, {"Player Name": "Tabraiz Shamsi", "Dismissed by": "", "Runs": "-", "Balls Faced": "-", "Fours": "-", "Sixes": "-", "Strike Rate": "-"}], "Extras": "Extras (nb 1, w 6, lb 4)", "balling": [{"player_name": "Keshav Maharaj", "Overs": "10", "Maidens": "1", "Runs": "42", "Wickets": "1", "Economy": "4.20", "Dots": "32"}, {"player_name": "Lungi Ngidi", "Overs": "9", "Maidens": "0", "Runs": "49", "Wickets": "1", "Economy": "5.44", "Dots": "22"}, {"player_name": "Anrich Nortje", "Overs": "8.5", "Maidens": "0", "Runs": "53", "Wickets": "4", "Economy": "6.00", "Dots": "28"}, {"player_name": "Tabraiz Shamsi", "Overs": "9", "Maidens": "0", "Runs": "53", "Wickets": "2", "Economy": "5.88", "Dots": "21"}, {"player_name": "Andile Phehlukwayo", "Overs": "3", "Maidens": "0", "Runs": "17", "Wickets": "0", "Economy": "5.66", "Dots": "6"}, {"player_name": "Aiden Markram", "Overs": "4", "Maidens": "0", "Runs": "25", "Wickets": "2", "Economy": "6.25", "Dots": "12"}]}, "match_id": "33693"}