{"date": "09/14/2023 09:30:00 AM", "home": "Pakistan", "away": "Sri Lanka", "place": "R.Premadasa Stadium", "result": "Sri Lanka won by 2 wickets (DLS method)", "Team1": {"Name": "Pakistan", "score": "252/7", "overs": "42/42 ov", "rr": "RR: 6.00", "batting": [{"Player Name": "Abdullah Shafique", "Dismissed by": "c Pramod Madushan b Matheesha Pathirana", "Runs": "52", "Balls Faced": "69", "Fours": "3", "Sixes": "2", "Strike Rate": "75.36"}, {"Player Name": "Fakhar Zaman", "Dismissed by": "b Pramod Madushan", "Runs": "4", "Balls Faced": "11", "Fours": "0", "Sixes": "0", "Strike Rate": "36.36"}, {"Player Name": "Babar Azam", "Dismissed by": "st Kusal Mendis b Dunith Wellalage", "Runs": "29", "Balls Faced": "35", "Fours": "3", "Sixes": "0", "Strike Rate": "82.85"}, {"Player Name": "Muhammad Rizwan", "Dismissed by": "", "Runs": "86", "Balls Faced": "73", "Fours": "6", "Sixes": "2", "Strike Rate": "117.80"}, {"Player Name": "Mohammad Haris", "Dismissed by": "c & b Matheesha Pathirana", "Runs": "3", "Balls Faced": "9", "Fours": "0", "Sixes": "0", "Strike Rate": "33.33"}, {"Player Name": "Mohammad Nawaz", "Dismissed by": "b Maheesh Theekshana", "Runs": "12", "Balls Faced": "12", "Fours": "2", "Sixes": "0", "Strike Rate": "100.00"}, {"Player Name": "Iftikhar Ahmed", "Dismissed by": "c Dasun Shanaka b Matheesha Pathirana", "Runs": "47", "Balls Faced": "40", "Fours": "4", "Sixes": "2", "Strike Rate": "117.50"}, {"Player Name": "Shadab Khan", "Dismissed by": "c Kusal Mendis b Pramod Madushan", "Runs": "3", "Balls Faced": "3", "Fours": "0", "Sixes": "0", "Strike Rate": "100.00"}, {"Player Name": "Shaheen Shah Afridi", "Dismissed by": "", "Runs": "1", "Balls Faced": "1", "Fours": "0", "Sixes": "0", "Strike Rate": "100.00"}, {"Player Name": "Mohammad Wasim", "Dismissed by": "", "Runs": "-", "Balls Faced": "-", "Fours": "-", "Sixes": "-", "Strike Rate": "-"}, {"Player Name": "Zaman Khan", "Dismissed by": "", "Runs": "-", "Balls Faced": "-", "Fours": "-", "Sixes": "-", "Strike Rate": "-"}], "Extras": "Extras (nb 1, w 13, lb 1)", "balling": [{"player_name": "Shaheen Shah Afridi", "Overs": "9", "Maidens": "0", "Runs": "52", "Wickets": "2", "Economy": "5.77", "Dots": "31"}, {"player_name": "Zaman Khan", "Overs": "6", "Maidens": "1", "Runs": "39", "Wickets": "0", "Economy": "6.50", "Dots": "20"}, {"player_name": "Mohammad Wasim", "Overs": "3", "Maidens": "0", "Runs": "25", "Wickets": "0", "Economy": "8.33", "Dots": "5"}, {"player_name": "Mohammad Nawaz", "Overs": "7", "Maidens": "0", "Runs": "26", "Wickets": "0", "Economy": "3.71", "Dots": "21"}, {"player_name": "Shadab Khan", "Overs": "9", "Maidens": "0", "Runs": "55", "Wickets": "1", "Economy": "6.11", "Dots": "23"}, {"player_name": "Iftikhar Ahmed", "Overs": "8", "Maidens": "0", "Runs": "50", "Wickets": "3", "Economy": "6.25", "Dots": "18"}]}, "Team2": {"Name": "Sri Lanka", "score": "252/8", "overs": "42/42 ov", "rr": "RR: 6.00", "batting": [{"Player Name": "Pathum Nissanka", "Dismissed by": "c & b Shadab Khan", "Runs": "29", "Balls Faced": "44", "Fours": "4", "Sixes": "0", "Strike Rate": "65.90"}, {"Player Name": "Kusal Perera", "Dismissed by": "run out (Shadab Khan)", "Runs": "17", "Balls Faced": "8", "Fours": "4", "Sixes": "0", "Strike Rate": "212.50"}, {"Player Name": "Kusal Mendis", "Dismissed by": "c Mohammad Haris b Iftikhar Ahmed", "Runs": "91", "Balls Faced": "87", "Fours": "8", "Sixes": "1", "Strike Rate": "104.59"}, {"Player Name": "Sadeera Samarawickrama", "Dismissed by": "st Muhammad Rizwan b Iftikhar Ahmed", "Runs": "48", "Balls Faced": "51", "Fours": "4", "Sixes": "0", "Strike Rate": "94.11"}, {"Player Name": "Charith Asalanka", "Dismissed by": "", "Runs": "49", "Balls Faced": "47", "Fours": "3", "Sixes": "1", "Strike Rate": "104.25"}, {"Player Name": "Dasun Shanaka", "Dismissed by": "c Mohammad Nawaz b Iftikhar Ahmed", "Runs": "2", "Balls Faced": "4", "Fours": "0", "Sixes": "0", "Strike Rate": "50.00"}, {"Player Name": "Dhananjaya de Silva", "Dismissed by": "c Mohammad Wasim b Shaheen Shah Afridi", "Runs": "5", "Balls Faced": "7", "Fours": "0", "Sixes": "0", "Strike Rate": "71.42"}, {"Player Name": "Dunith Wellalage", "Dismissed by": "c Muhammad Rizwan b Shaheen Shah Afridi", "Runs": "0", "Balls Faced": "1", "Fours": "0", "Sixes": "0", "Strike Rate": "0.00"}, {"Player Name": "Pramod Madushan", "Dismissed by": "run out (Muhammad Rizwan/Zaman Khan)", "Runs": "1", "Balls Faced": "3", "Fours": "0", "Sixes": "0", "Strike Rate": "33.33"}, {"Player Name": "Matheesha Pathirana", "Dismissed by": "", "Runs": "0", "Balls Faced": "0", "Fours": "0", "Sixes": "0", "Strike Rate": "-"}, {"Player Name": "Maheesh Theekshana", "Dismissed by": "", "Runs": "-", "Balls Faced": "-", "Fours": "-", "Sixes": "-", "Strike Rate": "-"}], "Extras": "Extras (w 5, b 1, lb 4)", "balling": [{"player_name": "Pramod Madushan", "Overs": "7", "Maidens": "1", "Runs": "58", "Wickets": "2", "Economy": "8.28", "Dots": "20"}, {"player_name": "Maheesh Theekshana", "Overs": "9", "Maidens": "0", "Runs": "42", "Wickets": "1", "Economy": "4.66", "Dots": "24"}, {"player_name": "Dasun Shanaka", "Overs": "3", "Maidens": "0", "Runs": "18", "Wickets": "0", "Economy": "6.00", "Dots": "9"}, {"player_name": "Dunith Wellalage", "Overs": "9", "Maidens": "0", "Runs": "40", "Wickets": "1", "Economy": "4.44", "Dots": "34"}, {"player_name": "Matheesha Pathirana", "Overs": "8", "Maidens": "0", "Runs": "65", "Wickets": "3", "Economy": "8.12", "Dots": "15"}, {"player_name": "Dhananjaya de Silva", "Overs": "6", "Maidens": "0", "Runs": "28", "Wickets": "0", "Economy": "4.66", "Dots": "20"}]}, "match_id": "102845"}