{"date": "03/04/2020 11:00:00 AM", "home": "South Africa", "away": "Australia", "place": "Mangaung Oval", "result": "South Africa win by 6 wickets", "Team1": {"Name": "South Africa", "score": "274/4", "overs": "48.3/50 ov", "rr": "RR: 5.64", "batting": [{"Player Name": "Janneman Malan", "Dismissed by": "", "Runs": "129", "Balls Faced": "139", "Fours": "7", "Sixes": "4", "Strike Rate": "92.80"}, {"Player Name": "Quinton de Kock", "Dismissed by": "b Mitchell Starc", "Runs": "0", "Balls Faced": "2", "Fours": "0", "Sixes": "0", "Strike Rate": "0.00"}, {"Player Name": "Jon-Jon Smuts", "Dismissed by": "c Pat Cummins b Adam Zampa", "Runs": "41", "Balls Faced": "64", "Fours": "3", "Sixes": "0", "Strike Rate": "64.06"}, {"Player Name": "Kyle Verreynne", "Dismissed by": "c Mitchell Marsh b Pat Cummins", "Runs": "3", "Balls Faced": "6", "Fours": "0", "Sixes": "0", "Strike Rate": "50.00"}, {"Player Name": "Heinrich Klaasen", "Dismissed by": "c Aaron Finch b Adam Zampa", "Runs": "51", "Balls Faced": "52", "Fours": "3", "Sixes": "1", "Strike Rate": "98.07"}, {"Player Name": "David Miller", "Dismissed by": "", "Runs": "37", "Balls Faced": "29", "Fours": "3", "Sixes": "0", "Strike Rate": "127.58"}, {"Player Name": "Andile Phehlukwayo", "Dismissed by": "", "Runs": "-", "Balls Faced": "-", "Fours": "-", "Sixes": "-", "Strike Rate": "-"}, {"Player Name": "Keshav Maharaj", "Dismissed by": "", "Runs": "-", "Balls Faced": "-", "Fours": "-", "Sixes": "-", "Strike Rate": "-"}, {"Player Name": "Anrich Nortje", "Dismissed by": "", "Runs": "-", "Balls Faced": "-", "Fours": "-", "Sixes": "-", "Strike Rate": "-"}, {"Player Name": "Lungi Ngidi", "Dismissed by": "", "Runs": "-", "Balls Faced": "-", "Fours": "-", "Sixes": "-", "Strike Rate": "-"}, {"Player Name": "Tabraiz Shamsi", "Dismissed by": "", "Runs": "-", "Balls Faced": "-", "Fours": "-", "Sixes": "-", "Strike Rate": "-"}], "Extras": "Extras (nb 1, w 8, lb 4)", "balling": [{"player_name": "Keshav Maharaj", "Overs": "10", "Maidens": "0", "Runs": "53", "Wickets": "0", "Economy": "5.30", "Dots": "19"}, {"player_name": "Anrich Nortje", "Overs": "10", "Maidens": "0", "Runs": "59", "Wickets": "2", "Economy": "5.90", "Dots": "26"}, {"player_name": "Lungi Ngidi", "Overs": "10", "Maidens": "0", "Runs": "58", "Wickets": "6", "Economy": "5.80", "Dots": "29"}, {"player_name": "Andile Phehlukwayo", "Overs": "10", "Maidens": "0", "Runs": "44", "Wickets": "1", "Economy": "4.40", "Dots": "33"}, {"player_name": "Tabraiz Shamsi", "Overs": "10", "Maidens": "0", "Runs": "54", "Wickets": "1", "Economy": "5.40", "Dots": "27"}]}, "Team2": {"Name": "Australia", "score": "271", "overs": "50/50 ov", "rr": "RR: 5.42", "batting": [{"Player Name": "David Warner", "Dismissed by": "c Janneman Malan b Lungi Ngidi", "Runs": "35", "Balls Faced": "23", "Fours": "4", "Sixes": "1", "Strike Rate": "152.17"}, {"Player Name": "Aaron Finch", "Dismissed by": "c Quinton de Kock b Anrich Nortje", "Runs": "69", "Balls Faced": "87", "Fours": "6", "Sixes": "2", "Strike Rate": "79.31"}, {"Player Name": "Steve Smith", "Dismissed by": "c Jon-Jon Smuts b Lungi Ngidi", "Runs": "13", "Balls Faced": "17", "Fours": "1", "Sixes": "0", "Strike Rate": "76.47"}, {"Player Name": "Marnus Labuschagne", "Dismissed by": "c Janneman Malan b Lungi Ngidi", "Runs": "0", "Balls Faced": "1", "Fours": "0", "Sixes": "0", "Strike Rate": "0.00"}, {"Player Name": "D'Arcy Short", "Dismissed by": "c Janneman Malan b Tabraiz Shamsi", "Runs": "69", "Balls Faced": "83", "Fours": "5", "Sixes": "0", "Strike Rate": "83.13"}, {"Player Name": "Mitchell Marsh", "Dismissed by": "b Andile Phehlukwayo", "Runs": "36", "Balls Faced": "45", "Fours": "3", "Sixes": "0", "Strike Rate": "80.00"}, {"Player Name": "Alex Carey", "Dismissed by": "c Quinton de Kock b Lungi Ngidi", "Runs": "21", "Balls Faced": "21", "Fours": "1", "Sixes": "0", "Strike Rate": "100.00"}, {"Player Name": "Ashton Agar", "Dismissed by": "c Keshav Maharaj b Lungi Ngidi", "Runs": "9", "Balls Faced": "8", "Fours": "0", "Sixes": "0", "Strike Rate": "112.50"}, {"Player Name": "Pat Cummins", "Dismissed by": "c Jon-Jon Smuts b Lungi Ngidi", "Runs": "6", "Balls Faced": "7", "Fours": "0", "Sixes": "0", "Strike Rate": "85.71"}, {"Player Name": "Mitchell Starc", "Dismissed by": "lbw Anrich Nortje", "Runs": "3", "Balls Faced": "5", "Fours": "0", "Sixes": "0", "Strike Rate": "60.00"}, {"Player Name": "Adam Zampa", "Dismissed by": "", "Runs": "3", "Balls Faced": "3", "Fours": "0", "Sixes": "0", "Strike Rate": "100.00"}], "Extras": "Extras (w 4, lb 3)", "balling": [{"player_name": "Mitchell Starc", "Overs": "9.3", "Maidens": "0", "Runs": "53", "Wickets": "1", "Economy": "5.57", "Dots": "27"}, {"player_name": "Pat Cummins", "Overs": "10", "Maidens": "1", "Runs": "59", "Wickets": "1", "Economy": "5.90", "Dots": "32"}, {"player_name": "Mitchell Marsh", "Overs": "9", "Maidens": "0", "Runs": "51", "Wickets": "0", "Economy": "5.66", "Dots": "22"}, {"player_name": "Ashton Agar", "Overs": "9", "Maidens": "0", "Runs": "48", "Wickets": "0", "Economy": "5.33", "Dots": "21"}, {"player_name": "Adam Zampa", "Overs": "10", "Maidens": "0", "Runs": "48", "Wickets": "2", "Economy": "4.80", "Dots": "23"}, {"player_name": "Marnus Labuschagne", "Overs": "1", "Maidens": "0", "Runs": "11", "Wickets": "0", "Economy": "11.00", "Dots": "0"}]}, "match_id": "15264"}