{"date": "09/07/2021 09:00:00 AM", "home": "Sri Lanka", "away": "South Africa", "place": "R Premadasa Stadium", "result": "Sri Lanka win by 78 runs", "Team1": {"Name": "Sri Lanka", "score": "203/9", "overs": "50/50 ov", "rr": "RR: 4.06", "batting": [{"Player Name": "Avishka Fernando", "Dismissed by": "lbw Keshav Maharaj", "Runs": "10", "Balls Faced": "18", "Fours": "2", "Sixes": "0", "Strike Rate": "55.55"}, {"Player Name": "Dinesh Chandimal", "Dismissed by": "lbw George Linde", "Runs": "9", "Balls Faced": "12", "Fours": "1", "Sixes": "0", "Strike Rate": "75.00"}, {"Player Name": "Kamindu Mendis", "Dismissed by": "c & b George Linde", "Runs": "16", "Balls Faced": "29", "Fours": "2", "Sixes": "0", "Strike Rate": "55.17"}, {"Player Name": "Dhananjaya de Silva", "Dismissed by": "c Heinrich Klaasen b Aiden Markram", "Runs": "31", "Balls Faced": "44", "Fours": "2", "Sixes": "0", "Strike Rate": "70.45"}, {"Player Name": "Charith Asalanka", "Dismissed by": "c Heinrich Klaasen b Tabraiz Shamsi", "Runs": "47", "Balls Faced": "71", "Fours": "2", "Sixes": "0", "Strike Rate": "66.19"}, {"Player Name": "Dasun Shanaka", "Dismissed by": "c Wiaan Mulder b Keshav Maharaj", "Runs": "13", "Balls Faced": "12", "Fours": "1", "Sixes": "0", "Strike Rate": "108.33"}, {"Player Name": "Wanindu Hasaranga", "Dismissed by": "c Reeza Hendricks b Keshav Maharaj", "Runs": "6", "Balls Faced": "10", "Fours": "0", "Sixes": "0", "Strike Rate": "60.00"}, {"Player Name": "Chamika Karunaratne", "Dismissed by": "lbw Tabraiz Shamsi", "Runs": "16", "Balls Faced": "39", "Fours": "1", "Sixes": "0", "Strike Rate": "41.02"}, {"Player Name": "Dushmantha Chameera", "Dismissed by": "c Janneman Malan b Wiaan Mulder", "Runs": "29", "Balls Faced": "39", "Fours": "3", "Sixes": "0", "Strike Rate": "74.35"}, {"Player Name": "Maheesh Theekshana", "Dismissed by": "", "Runs": "10", "Balls Faced": "26", "Fours": "0", "Sixes": "0", "Strike Rate": "38.46"}, {"Player Name": "Praveen Jayawickrama", "Dismissed by": "", "Runs": "2", "Balls Faced": "4", "Fours": "0", "Sixes": "0", "Strike Rate": "50.00"}], "Extras": "Extras (nb 4, w 8, lb 2)", "balling": [{"player_name": "Dushmantha Chameera", "Overs": "4", "Maidens": "1", "Runs": "16", "Wickets": "2", "Economy": "4.00", "Dots": "17"}, {"player_name": "Praveen Jayawickrama", "Overs": "4", "Maidens": "0", "Runs": "18", "Wickets": "1", "Economy": "4.50", "Dots": "12"}, {"player_name": "Wanindu Hasaranga", "Overs": "8", "Maidens": "3", "Runs": "32", "Wickets": "2", "Economy": "4.00", "Dots": "34"}, {"player_name": "Maheesh Theekshana", "Overs": "10", "Maidens": "0", "Runs": "37", "Wickets": "4", "Economy": "3.70", "Dots": "43"}, {"player_name": "Dhananjaya de Silva", "Overs": "3", "Maidens": "0", "Runs": "18", "Wickets": "0", "Economy": "6.00", "Dots": "6"}, {"player_name": "Charith Asalanka", "Overs": "1", "Maidens": "0", "Runs": "3", "Wickets": "1", "Economy": "3.00", "Dots": "3"}]}, "Team2": {"Name": "South Africa", "score": "125", "overs": "30/50 ov", "rr": "RR: 4.16", "batting": [{"Player Name": "Janneman Malan", "Dismissed by": "c Dhananjaya de Silva b Maheesh Theekshana", "Runs": "18", "Balls Faced": "19", "Fours": "2", "Sixes": "0", "Strike Rate": "94.73"}, {"Player Name": "Aiden Markram", "Dismissed by": "c Dhananjaya de Silva b Praveen Jayawickrama", "Runs": "2", "Balls Faced": "4", "Fours": "0", "Sixes": "0", "Strike Rate": "50.00"}, {"Player Name": "Reeza Hendricks", "Dismissed by": "b Dushmantha Chameera", "Runs": "1", "Balls Faced": "7", "Fours": "0", "Sixes": "0", "Strike Rate": "14.28"}, {"Player Name": "Rassie van der Dussen", "Dismissed by": "c Kamindu Mendis b Dushmantha Chameera", "Runs": "5", "Balls Faced": "5", "Fours": "1", "Sixes": "0", "Strike Rate": "100.00"}, {"Player Name": "Heinrich Klaasen", "Dismissed by": "lbw Maheesh Theekshana", "Runs": "22", "Balls Faced": "30", "Fours": "3", "Sixes": "0", "Strike Rate": "73.33"}, {"Player Name": "Wiaan Mulder", "Dismissed by": "b Wanindu Hasaranga", "Runs": "2", "Balls Faced": "7", "Fours": "0", "Sixes": "0", "Strike Rate": "28.57"}, {"Player Name": "Andile Phehlukwayo", "Dismissed by": "c Dinesh Chandimal b Charith Asalanka", "Runs": "17", "Balls Faced": "36", "Fours": "2", "Sixes": "0", "Strike Rate": "47.22"}, {"Player Name": "George Linde", "Dismissed by": "c Kamindu Mendis b Wanindu Hasaranga", "Runs": "18", "Balls Faced": "24", "Fours": "2", "Sixes": "0", "Strike Rate": "75.00"}, {"Player Name": "Kagiso Rabada", "Dismissed by": "c Dhananjaya de Silva b Maheesh Theekshana", "Runs": "8", "Balls Faced": "13", "Fours": "1", "Sixes": "0", "Strike Rate": "61.53"}, {"Player Name": "Keshav Maharaj", "Dismissed by": "c Dinesh Chandimal b Maheesh Theekshana", "Runs": "15", "Balls Faced": "17", "Fours": "2", "Sixes": "0", "Strike Rate": "88.23"}, {"Player Name": "Tabraiz Shamsi", "Dismissed by": "", "Runs": "9", "Balls Faced": "19", "Fours": "0", "Sixes": "0", "Strike Rate": "47.36"}], "Extras": "Extras (nb 1, w 6, lb 1)", "balling": [{"player_name": "Kagiso Rabada", "Overs": "8", "Maidens": "0", "Runs": "46", "Wickets": "0", "Economy": "5.75", "Dots": "32"}, {"player_name": "Keshav Maharaj", "Overs": "10", "Maidens": "0", "Runs": "38", "Wickets": "3", "Economy": "3.80", "Dots": "36"}, {"player_name": "George Linde", "Overs": "10", "Maidens": "1", "Runs": "32", "Wickets": "2", "Economy": "3.20", "Dots": "37"}, {"player_name": "Aiden Markram", "Overs": "10", "Maidens": "0", "Runs": "41", "Wickets": "1", "Economy": "4.10", "Dots": "29"}, {"player_name": "Tabraiz Shamsi", "Overs": "10", "Maidens": "0", "Runs": "31", "Wickets": "2", "Economy": "3.10", "Dots": "35"}, {"player_name": "Andile Phehlukwayo", "Overs": "1", "Maidens": "0", "Runs": "10", "Wickets": "0", "Economy": "10.00", "Dots": "0"}, {"player_name": "Wiaan Mulder", "Overs": "1", "Maidens": "0", "Runs": "3", "Wickets": "1", "Economy": "3.00", "Dots": "4"}]}, "match_id": "32258"}