{"date": "07/17/2022 10:00:00 AM", "home": "England", "away": "India", "place": "Old Trafford", "result": "India won by 5 wickets", "Team1": {"Name": "England", "score": "259", "overs": "45.5/50 ov", "rr": "RR: 5.65", "batting": [{"Player Name": "Jason Roy", "Dismissed by": "c Rishabh Pant b Hardik Pandya", "Runs": "41", "Balls Faced": "31", "Fours": "7", "Sixes": "0", "Strike Rate": "132.25"}, {"Player Name": "Jonny Bairstow", "Dismissed by": "c Shreyas Iyer b Mohammed Siraj", "Runs": "0", "Balls Faced": "3", "Fours": "0", "Sixes": "0", "Strike Rate": "0.00"}, {"Player Name": "Joe Root", "Dismissed by": "c Rohit Sharma b Mohammed Siraj", "Runs": "0", "Balls Faced": "3", "Fours": "0", "Sixes": "0", "Strike Rate": "0.00"}, {"Player Name": "Ben Stokes", "Dismissed by": "c & b Hardik Pandya", "Runs": "27", "Balls Faced": "29", "Fours": "4", "Sixes": "0", "Strike Rate": "93.10"}, {"Player Name": "Jos Buttler", "Dismissed by": "c Ravindra Jadeja b Hardik Pandya", "Runs": "60", "Balls Faced": "80", "Fours": "3", "Sixes": "2", "Strike Rate": "75.00"}, {"Player Name": "Moeen Ali", "Dismissed by": "c Rishabh Pant b Ravindra Jadeja", "Runs": "34", "Balls Faced": "44", "Fours": "2", "Sixes": "2", "Strike Rate": "77.27"}, {"Player Name": "Liam Livingstone", "Dismissed by": "c Ravindra Jadeja b Hardik Pandya", "Runs": "27", "Balls Faced": "31", "Fours": "2", "Sixes": "2", "Strike Rate": "87.09"}, {"Player Name": "David Willey", "Dismissed by": "c Suryakumar Yadav b Yuzvendra Chahal", "Runs": "18", "Balls Faced": "15", "Fours": "1", "Sixes": "1", "Strike Rate": "120.00"}, {"Player Name": "Craig Overton", "Dismissed by": "c Virat Kohli b Yuzvendra Chahal", "Runs": "32", "Balls Faced": "33", "Fours": "1", "Sixes": "1", "Strike Rate": "96.96"}, {"Player Name": "Brydon Carse", "Dismissed by": "", "Runs": "3", "Balls Faced": "7", "Fours": "0", "Sixes": "0", "Strike Rate": "42.85"}, {"Player Name": "Reece Topley", "Dismissed by": "b Yuzvendra Chahal", "Runs": "0", "Balls Faced": "1", "Fours": "0", "Sixes": "0", "Strike Rate": "0.00"}], "Extras": "Extras (nb 2, w 13, lb 2)", "balling": [{"player_name": "Reece Topley", "Overs": "7", "Maidens": "1", "Runs": "35", "Wickets": "3", "Economy": "5.00", "Dots": "28"}, {"player_name": "David Willey", "Overs": "7", "Maidens": "0", "Runs": "58", "Wickets": "0", "Economy": "8.28", "Dots": "20"}, {"player_name": "Brydon Carse", "Overs": "8", "Maidens": "0", "Runs": "45", "Wickets": "1", "Economy": "5.62", "Dots": "21"}, {"player_name": "Moeen Ali", "Overs": "8", "Maidens": "0", "Runs": "33", "Wickets": "0", "Economy": "4.12", "Dots": "22"}, {"player_name": "Craig Overton", "Overs": "8", "Maidens": "0", "Runs": "54", "Wickets": "1", "Economy": "6.75", "Dots": "23"}, {"player_name": "Ben Stokes", "Overs": "2", "Maidens": "0", "Runs": "14", "Wickets": "0", "Economy": "7.00", "Dots": "4"}, {"player_name": "Liam Livingstone", "Overs": "2", "Maidens": "0", "Runs": "14", "Wickets": "0", "Economy": "7.00", "Dots": "4"}, {"player_name": "Joe Root", "Overs": "0.1", "Maidens": "0", "Runs": "4", "Wickets": "0", "Economy": "24.00", "Dots": "0"}]}, "Team2": {"Name": "India", "score": "261/5", "overs": "42.1/50 ov", "rr": "RR: 6.18", "batting": [{"Player Name": "Rohit Sharma", "Dismissed by": "c Joe Root b Reece Topley", "Runs": "17", "Balls Faced": "17", "Fours": "4", "Sixes": "0", "Strike Rate": "100.00"}, {"Player Name": "Shikhar Dhawan", "Dismissed by": "c Jason Roy b Reece Topley", "Runs": "1", "Balls Faced": "3", "Fours": "0", "Sixes": "0", "Strike Rate": "33.33"}, {"Player Name": "Virat Kohli", "Dismissed by": "c Jos Buttler b Reece Topley", "Runs": "17", "Balls Faced": "22", "Fours": "3", "Sixes": "0", "Strike Rate": "77.27"}, {"Player Name": "Rishabh Pant", "Dismissed by": "", "Runs": "125", "Balls Faced": "113", "Fours": "16", "Sixes": "2", "Strike Rate": "110.61"}, {"Player Name": "Suryakumar Yadav", "Dismissed by": "c Jos Buttler b Craig Overton", "Runs": "16", "Balls Faced": "28", "Fours": "1", "Sixes": "0", "Strike Rate": "57.14"}, {"Player Name": "Hardik Pandya", "Dismissed by": "c Ben Stokes b Brydon Carse", "Runs": "71", "Balls Faced": "55", "Fours": "10", "Sixes": "0", "Strike Rate": "129.09"}, {"Player Name": "Ravindra Jadeja", "Dismissed by": "", "Runs": "7", "Balls Faced": "15", "Fours": "0", "Sixes": "0", "Strike Rate": "46.66"}, {"Player Name": "Mohammed Shami", "Dismissed by": "", "Runs": "-", "Balls Faced": "-", "Fours": "-", "Sixes": "-", "Strike Rate": "-"}, {"Player Name": "Mohammed Siraj", "Dismissed by": "", "Runs": "-", "Balls Faced": "-", "Fours": "-", "Sixes": "-", "Strike Rate": "-"}, {"Player Name": "Yuzvendra Chahal", "Dismissed by": "", "Runs": "-", "Balls Faced": "-", "Fours": "-", "Sixes": "-", "Strike Rate": "-"}, {"Player Name": "Prasidh Krishna", "Dismissed by": "", "Runs": "-", "Balls Faced": "-", "Fours": "-", "Sixes": "-", "Strike Rate": "-"}], "Extras": "Extras (w 3, b 1, lb 3)", "balling": [{"player_name": "Mohammed Shami", "Overs": "7", "Maidens": "0", "Runs": "38", "Wickets": "0", "Economy": "5.42", "Dots": "24"}, {"player_name": "Mohammed Siraj", "Overs": "9", "Maidens": "1", "Runs": "66", "Wickets": "2", "Economy": "7.33", "Dots": "29"}, {"player_name": "Prasidh Krishna", "Overs": "9", "Maidens": "0", "Runs": "48", "Wickets": "0", "Economy": "5.33", "Dots": "31"}, {"player_name": "Hardik Pandya", "Overs": "7", "Maidens": "3", "Runs": "24", "Wickets": "4", "Economy": "3.42", "Dots": "33"}, {"player_name": "Yuzvendra Chahal", "Overs": "9.5", "Maidens": "0", "Runs": "60", "Wickets": "3", "Economy": "6.10", "Dots": "25"}, {"player_name": "Ravindra Jadeja", "Overs": "4", "Maidens": "0", "Runs": "21", "Wickets": "1", "Economy": "5.25", "Dots": "11"}]}, "match_id": "33691"}