{"date": "11/30/2022 01:30:00 AM", "home": "New Zealand", "away": "India", "place": "Hagley Oval", "result": "Match Abandoned", "Team1": {"Name": "New Zealand", "score": "104/1", "overs": "18/50 ov", "rr": "RR: 5.77", "batting": [{"Player Name": "Finn Allen", "Dismissed by": "c Suryakumar Yadav b Umran Malik", "Runs": "57", "Balls Faced": "54", "Fours": "8", "Sixes": "1", "Strike Rate": "105.55"}, {"Player Name": "Devon Conway", "Dismissed by": "", "Runs": "38", "Balls Faced": "51", "Fours": "6", "Sixes": "0", "Strike Rate": "74.50"}, {"Player Name": "Kane Williamson", "Dismissed by": "", "Runs": "0", "Balls Faced": "3", "Fours": "0", "Sixes": "0", "Strike Rate": "0.00"}, {"Player Name": "Tom Latham", "Dismissed by": "", "Runs": "-", "Balls Faced": "-", "Fours": "-", "Sixes": "-", "Strike Rate": "-"}, {"Player Name": "Daryl Mitchell", "Dismissed by": "", "Runs": "-", "Balls Faced": "-", "Fours": "-", "Sixes": "-", "Strike Rate": "-"}, {"Player Name": "Glenn Phillips", "Dismissed by": "", "Runs": "-", "Balls Faced": "-", "Fours": "-", "Sixes": "-", "Strike Rate": "-"}, {"Player Name": "Adam Milne", "Dismissed by": "", "Runs": "-", "Balls Faced": "-", "Fours": "-", "Sixes": "-", "Strike Rate": "-"}, {"Player Name": "Mitch Santner", "Dismissed by": "", "Runs": "-", "Balls Faced": "-", "Fours": "-", "Sixes": "-", "Strike Rate": "-"}, {"Player Name": "Matt Henry", "Dismissed by": "", "Runs": "-", "Balls Faced": "-", "Fours": "-", "Sixes": "-", "Strike Rate": "-"}, {"Player Name": "Tim Southee", "Dismissed by": "", "Runs": "-", "Balls Faced": "-", "Fours": "-", "Sixes": "-", "Strike Rate": "-"}, {"Player Name": "Lockie Ferguson", "Dismissed by": "", "Runs": "-", "Balls Faced": "-", "Fours": "-", "Sixes": "-", "Strike Rate": "-"}], "Extras": "Extras (w 3, lb 6)", "balling": [{"player_name": "Tim Southee", "Overs": "8.3", "Maidens": "1", "Runs": "36", "Wickets": "2", "Economy": "4.23", "Dots": "38"}, {"player_name": "Matt Henry", "Overs": "10", "Maidens": "2", "Runs": "29", "Wickets": "0", "Economy": "2.90", "Dots": "46"}, {"player_name": "Adam Milne", "Overs": "10", "Maidens": "0", "Runs": "57", "Wickets": "3", "Economy": "5.70", "Dots": "34"}, {"player_name": "Lockie Ferguson", "Overs": "10", "Maidens": "0", "Runs": "49", "Wickets": "1", "Economy": "4.90", "Dots": "41"}, {"player_name": "Daryl Mitchell", "Overs": "7", "Maidens": "0", "Runs": "25", "Wickets": "3", "Economy": "3.57", "Dots": "28"}, {"player_name": "Mitch Santner", "Overs": "2", "Maidens": "0", "Runs": "15", "Wickets": "1", "Economy": "7.50", "Dots": "3"}]}, "Team2": {"Name": "India", "score": "219", "overs": "47.3/50 ov", "rr": "RR: 4.61", "batting": [{"Player Name": "Shubman Gill", "Dismissed by": "c Mitch Santner b Adam Milne", "Runs": "13", "Balls Faced": "22", "Fours": "2", "Sixes": "0", "Strike Rate": "59.09"}, {"Player Name": "Shikhar Dhawan", "Dismissed by": "b Adam Milne", "Runs": "28", "Balls Faced": "45", "Fours": "3", "Sixes": "1", "Strike Rate": "62.22"}, {"Player Name": "Shreyas Iyer", "Dismissed by": "c Devon Conway b Lockie Ferguson", "Runs": "49", "Balls Faced": "59", "Fours": "8", "Sixes": "0", "Strike Rate": "83.05"}, {"Player Name": "Rishabh Pant", "Dismissed by": "c Glenn Phillips b Daryl Mitchell", "Runs": "10", "Balls Faced": "16", "Fours": "2", "Sixes": "0", "Strike Rate": "62.50"}, {"Player Name": "Suryakumar Yadav", "Dismissed by": "c Tim Southee b Adam Milne", "Runs": "6", "Balls Faced": "10", "Fours": "0", "Sixes": "0", "Strike Rate": "60.00"}, {"Player Name": "Deepak Hooda", "Dismissed by": "c Tom Latham b Tim Southee", "Runs": "12", "Balls Faced": "25", "Fours": "0", "Sixes": "0", "Strike Rate": "48.00"}, {"Player Name": "Washington Sundar", "Dismissed by": "c Tom Latham b Tim Southee", "Runs": "51", "Balls Faced": "64", "Fours": "5", "Sixes": "1", "Strike Rate": "79.68"}, {"Player Name": "Deepak Chahar", "Dismissed by": "c Tim Southee b Daryl Mitchell", "Runs": "12", "Balls Faced": "9", "Fours": "0", "Sixes": "2", "Strike Rate": "133.33"}, {"Player Name": "Yuzvendra Chahal", "Dismissed by": "c Tim Southee b Mitch Santner", "Runs": "8", "Balls Faced": "22", "Fours": "0", "Sixes": "0", "Strike Rate": "36.36"}, {"Player Name": "Arshdeep Singh", "Dismissed by": "lbw Daryl Mitchell", "Runs": "9", "Balls Faced": "9", "Fours": "0", "Sixes": "1", "Strike Rate": "100.00"}, {"Player Name": "Umran Malik", "Dismissed by": "", "Runs": "0", "Balls Faced": "4", "Fours": "0", "Sixes": "0", "Strike Rate": "0.00"}], "Extras": "Extras (w 13, lb 8)", "balling": [{"player_name": "Deepak Chahar", "Overs": "5", "Maidens": "0", "Runs": "30", "Wickets": "0", "Economy": "6.00", "Dots": "19"}, {"player_name": "Arshdeep Singh", "Overs": "5", "Maidens": "1", "Runs": "21", "Wickets": "0", "Economy": "4.20", "Dots": "23"}, {"player_name": "Umran Malik", "Overs": "5", "Maidens": "0", "Runs": "31", "Wickets": "1", "Economy": "6.20", "Dots": "18"}, {"player_name": "Washington Sundar", "Overs": "3", "Maidens": "0", "Runs": "16", "Wickets": "0", "Economy": "5.33", "Dots": "7"}]}, "match_id": "100838"}