{"date": "10/11/2022 08:00:00 AM", "home": "India", "away": "South Africa", "place": "Arun Jaitley Stadium", "result": "India won by 7 wickets", "Team1": {"Name": "India", "score": "105/3", "overs": "19.1/50 ov", "rr": "RR: 5.47", "batting": [{"Player Name": "Shikhar Dhawan", "Dismissed by": "run out (Marco Jansen)", "Runs": "8", "Balls Faced": "14", "Fours": "1", "Sixes": "0", "Strike Rate": "57.14"}, {"Player Name": "Shubman Gill", "Dismissed by": "lbw Lungi Ngidi", "Runs": "49", "Balls Faced": "57", "Fours": "8", "Sixes": "0", "Strike Rate": "85.96"}, {"Player Name": "Ishan Kishan", "Dismissed by": "c Quinton de Kock b Bjorn Fortuin", "Runs": "10", "Balls Faced": "18", "Fours": "2", "Sixes": "0", "Strike Rate": "55.55"}, {"Player Name": "Shreyas Iyer", "Dismissed by": "", "Runs": "28", "Balls Faced": "23", "Fours": "3", "Sixes": "2", "Strike Rate": "121.73"}, {"Player Name": "Sanju Samson", "Dismissed by": "", "Runs": "2", "Balls Faced": "4", "Fours": "0", "Sixes": "0", "Strike Rate": "50.00"}, {"Player Name": "Washington Sundar", "Dismissed by": "", "Runs": "-", "Balls Faced": "-", "Fours": "-", "Sixes": "-", "Strike Rate": "-"}, {"Player Name": "Shahbaz Ahmed", "Dismissed by": "", "Runs": "-", "Balls Faced": "-", "Fours": "-", "Sixes": "-", "Strike Rate": "-"}, {"Player Name": "Shardul Thakur", "Dismissed by": "", "Runs": "-", "Balls Faced": "-", "Fours": "-", "Sixes": "-", "Strike Rate": "-"}, {"Player Name": "Kuldeep Yadav", "Dismissed by": "", "Runs": "-", "Balls Faced": "-", "Fours": "-", "Sixes": "-", "Strike Rate": "-"}, {"Player Name": "Avesh Khan", "Dismissed by": "", "Runs": "-", "Balls Faced": "-", "Fours": "-", "Sixes": "-", "Strike Rate": "-"}, {"Player Name": "Mohammed Siraj", "Dismissed by": "", "Runs": "-", "Balls Faced": "-", "Fours": "-", "Sixes": "-", "Strike Rate": "-"}], "Extras": "Extras (nb 1, w 1, b 1, lb 5)", "balling": [{"player_name": "Washington Sundar", "Overs": "4", "Maidens": "0", "Runs": "15", "Wickets": "2", "Economy": "3.75", "Dots": "17"}, {"player_name": "Mohammed Siraj", "Overs": "5", "Maidens": "0", "Runs": "17", "Wickets": "2", "Economy": "3.40", "Dots": "23"}, {"player_name": "Avesh Khan", "Overs": "5", "Maidens": "1", "Runs": "8", "Wickets": "0", "Economy": "1.60", "Dots": "24"}, {"player_name": "Shahbaz Ahmed", "Overs": "7", "Maidens": "0", "Runs": "32", "Wickets": "2", "Economy": "4.57", "Dots": "23"}, {"player_name": "Shardul Thakur", "Overs": "2", "Maidens": "0", "Runs": "8", "Wickets": "0", "Economy": "4.00", "Dots": "7"}, {"player_name": "Kuldeep Yadav", "Overs": "4.1", "Maidens": "1", "Runs": "18", "Wickets": "4", "Economy": "4.32", "Dots": "15"}]}, "Team2": {"Name": "South Africa", "score": "99", "overs": "27.1/50 ov", "rr": "RR: 3.64", "batting": [{"Player Name": "Quinton de Kock", "Dismissed by": "c Avesh Khan b Washington Sundar", "Runs": "6", "Balls Faced": "10", "Fours": "1", "Sixes": "0", "Strike Rate": "60.00"}, {"Player Name": "Janneman Malan", "Dismissed by": "c Avesh Khan b Mohammed Siraj", "Runs": "15", "Balls Faced": "27", "Fours": "3", "Sixes": "0", "Strike Rate": "55.55"}, {"Player Name": "Reeza Hendricks", "Dismissed by": "c Ravi Bishnoi b Mohammed Siraj", "Runs": "3", "Balls Faced": "21", "Fours": "0", "Sixes": "0", "Strike Rate": "14.28"}, {"Player Name": "Aiden Markram", "Dismissed by": "c Sanju Samson b Shahbaz Ahmed", "Runs": "9", "Balls Faced": "19", "Fours": "0", "Sixes": "0", "Strike Rate": "47.36"}, {"Player Name": "Heinrich Klaasen", "Dismissed by": "b Shahbaz Ahmed", "Runs": "34", "Balls Faced": "42", "Fours": "4", "Sixes": "0", "Strike Rate": "80.95"}, {"Player Name": "David Miller", "Dismissed by": "b Washington Sundar", "Runs": "7", "Balls Faced": "8", "Fours": "1", "Sixes": "0", "Strike Rate": "87.50"}, {"Player Name": "Andile Phehlukwayo", "Dismissed by": "b Kuldeep Yadav", "Runs": "5", "Balls Faced": "5", "Fours": "1", "Sixes": "0", "Strike Rate": "100.00"}, {"Player Name": "Marco Jansen", "Dismissed by": "c Avesh Khan b Kuldeep Yadav", "Runs": "14", "Balls Faced": "19", "Fours": "1", "Sixes": "1", "Strike Rate": "73.68"}, {"Player Name": "Bjorn Fortuin", "Dismissed by": "lbw Kuldeep Yadav", "Runs": "1", "Balls Faced": "5", "Fours": "0", "Sixes": "0", "Strike Rate": "20.00"}, {"Player Name": "Anrich Nortje", "Dismissed by": "b Kuldeep Yadav", "Runs": "0", "Balls Faced": "1", "Fours": "0", "Sixes": "0", "Strike Rate": "0.00"}, {"Player Name": "Lungi Ngidi", "Dismissed by": "", "Runs": "0", "Balls Faced": "6", "Fours": "0", "Sixes": "0", "Strike Rate": "0.00"}], "Extras": "Extras (w 4, lb 1)", "balling": [{"player_name": "Marco Jansen", "Overs": "5.1", "Maidens": "0", "Runs": "43", "Wickets": "0", "Economy": "8.32", "Dots": "16"}, {"player_name": "Lungi Ngidi", "Overs": "5", "Maidens": "0", "Runs": "21", "Wickets": "1", "Economy": "4.20", "Dots": "21"}, {"player_name": "Anrich Nortje", "Overs": "5", "Maidens": "1", "Runs": "15", "Wickets": "0", "Economy": "3.00", "Dots": "24"}, {"player_name": "Bjorn Fortuin", "Overs": "4", "Maidens": "1", "Runs": "20", "Wickets": "1", "Economy": "5.00", "Dots": "16"}]}, "match_id": "101165"}