{"date": "06/15/2019 12:30:00 PM", "home": "South Africa", "away": "Afghanistan", "place": "Cardiff Wales Stadium", "result": "South Africa win by 9 wickets", "Team1": {"Name": "South Africa", "score": "131/1", "overs": "28.4/48 ov", "rr": "RR: 4.56", "batting": [{"Player Name": "Hashim Amla", "Dismissed by": "", "Runs": "41", "Balls Faced": "83", "Fours": "4", "Sixes": "0", "Strike Rate": "49.39"}, {"Player Name": "Quinton de Kock", "Dismissed by": "c Mohammad Nabi b Gulbadin Naib", "Runs": "68", "Balls Faced": "72", "Fours": "8", "Sixes": "0", "Strike Rate": "94.44"}, {"Player Name": "Andile Phehlukwayo", "Dismissed by": "", "Runs": "17", "Balls Faced": "17", "Fours": "2", "Sixes": "1", "Strike Rate": "100.00"}, {"Player Name": "Aiden Markram", "Dismissed by": "", "Runs": "-", "Balls Faced": "-", "Fours": "-", "Sixes": "-", "Strike Rate": "-"}, {"Player Name": "Faf du Plessis", "Dismissed by": "", "Runs": "-", "Balls Faced": "-", "Fours": "-", "Sixes": "-", "Strike Rate": "-"}, {"Player Name": "Rassie van der Dussen", "Dismissed by": "", "Runs": "-", "Balls Faced": "-", "Fours": "-", "Sixes": "-", "Strike Rate": "-"}, {"Player Name": "David Miller", "Dismissed by": "", "Runs": "-", "Balls Faced": "-", "Fours": "-", "Sixes": "-", "Strike Rate": "-"}, {"Player Name": "Chris Morris", "Dismissed by": "", "Runs": "-", "Balls Faced": "-", "Fours": "-", "Sixes": "-", "Strike Rate": "-"}, {"Player Name": "Kagiso Rabada", "Dismissed by": "", "Runs": "-", "Balls Faced": "-", "Fours": "-", "Sixes": "-", "Strike Rate": "-"}, {"Player Name": "Imran Tahir", "Dismissed by": "", "Runs": "-", "Balls Faced": "-", "Fours": "-", "Sixes": "-", "Strike Rate": "-"}, {"Player Name": "Beuran Hendricks", "Dismissed by": "", "Runs": "-", "Balls Faced": "-", "Fours": "-", "Sixes": "-", "Strike Rate": "-"}], "Extras": "Extras (w 4, lb 1)", "balling": [{"player_name": "Kagiso Rabada", "Overs": "8", "Maidens": "1", "Runs": "36", "Wickets": "1", "Economy": "4.50", "Dots": "32"}, {"player_name": "Beuran Hendricks", "Overs": "5", "Maidens": "1", "Runs": "25", "Wickets": "0", "Economy": "5.00", "Dots": "21"}, {"player_name": "Andile Phehlukwayo", "Overs": "8", "Maidens": "1", "Runs": "18", "Wickets": "2", "Economy": "2.25", "Dots": "36"}, {"player_name": "Chris Morris", "Overs": "6.1", "Maidens": "2", "Runs": "13", "Wickets": "3", "Economy": "2.10", "Dots": "30"}, {"player_name": "Imran Tahir", "Overs": "7", "Maidens": "0", "Runs": "29", "Wickets": "4", "Economy": "4.14", "Dots": "24"}]}, "Team2": {"Name": "Afghanistan", "score": "125", "overs": "34.1/48 ov", "rr": "RR: 3.65", "batting": [{"Player Name": "Hazratullah Zazai", "Dismissed by": "c Rassie van der Dussen b Kagiso Rabada", "Runs": "22", "Balls Faced": "23", "Fours": "3", "Sixes": "0", "Strike Rate": "95.65"}, {"Player Name": "Noor Ali Zadran", "Dismissed by": "b Imran Tahir", "Runs": "32", "Balls Faced": "58", "Fours": "4", "Sixes": "0", "Strike Rate": "55.17"}, {"Player Name": "Rahmat Shah", "Dismissed by": "lbw Chris Morris", "Runs": "6", "Balls Faced": "22", "Fours": "1", "Sixes": "0", "Strike Rate": "27.27"}, {"Player Name": "Hashmatullah Shahidi", "Dismissed by": "c Faf du Plessis b Andile Phehlukwayo", "Runs": "8", "Balls Faced": "22", "Fours": "1", "Sixes": "0", "Strike Rate": "36.36"}, {"Player Name": "Asghar Afghan", "Dismissed by": "c & b Imran Tahir", "Runs": "0", "Balls Faced": "5", "Fours": "0", "Sixes": "0", "Strike Rate": "0.00"}, {"Player Name": "Mohammad Nabi", "Dismissed by": "b Andile Phehlukwayo", "Runs": "1", "Balls Faced": "2", "Fours": "0", "Sixes": "0", "Strike Rate": "50.00"}, {"Player Name": "Ikram Ali Khil", "Dismissed by": "c Hashim Amla b Chris Morris", "Runs": "9", "Balls Faced": "33", "Fours": "0", "Sixes": "0", "Strike Rate": "27.27"}, {"Player Name": "Gulbadin Naib", "Dismissed by": "c Aiden Markram b Imran Tahir", "Runs": "5", "Balls Faced": "11", "Fours": "0", "Sixes": "0", "Strike Rate": "45.45"}, {"Player Name": "Rashid Khan", "Dismissed by": "c Rassie van der Dussen b Imran Tahir", "Runs": "35", "Balls Faced": "25", "Fours": "6", "Sixes": "0", "Strike Rate": "140.00"}, {"Player Name": "Hamid Hassan", "Dismissed by": "c Faf du Plessis b Chris Morris", "Runs": "0", "Balls Faced": "3", "Fours": "0", "Sixes": "0", "Strike Rate": "0.00"}, {"Player Name": "Aftab Alam", "Dismissed by": "", "Runs": "0", "Balls Faced": "1", "Fours": "0", "Sixes": "0", "Strike Rate": "0.00"}], "Extras": "Extras (w 3, lb 4)", "balling": [{"player_name": "Aftab Alam", "Overs": "5", "Maidens": "1", "Runs": "16", "Wickets": "0", "Economy": "3.20", "Dots": "23"}, {"player_name": "Hamid Hassan", "Overs": "4", "Maidens": "1", "Runs": "11", "Wickets": "0", "Economy": "2.75", "Dots": "16"}, {"player_name": "Rashid Khan", "Overs": "7", "Maidens": "0", "Runs": "45", "Wickets": "0", "Economy": "6.42", "Dots": "21"}, {"player_name": "Gulbadin Naib", "Overs": "6", "Maidens": "0", "Runs": "29", "Wickets": "1", "Economy": "4.83", "Dots": "18"}, {"player_name": "Mohammad Nabi", "Overs": "6.4", "Maidens": "0", "Runs": "29", "Wickets": "0", "Economy": "4.35", "Dots": "23"}]}, "match_id": "8212"}