{"date": "03/05/2014 08:00:00 AM", "home": "Afghanistan", "away": "India", "place": "Sher-e-Bangla National Cricket Stadium", "result": "India won by 8 wickets", "Team1": {"Name": "Afghanistan", "score": "159", "overs": "45.2/50 ov", "rr": "RR: 3.50", "batting": [{"Player Name": "Noor Ali Zadran", "Dismissed by": "c Virat Kohli b Ravindra Jadeja", "Runs": "31", "Balls Faced": "35", "Fours": "6", "Sixes": "0", "Strike Rate": "88.57"}, {"Player Name": "Nawroz Mangal", "Dismissed by": "b Mohammad Shami", "Runs": "5", "Balls Faced": "16", "Fours": "1", "Sixes": "0", "Strike Rate": "31.25"}, {"Player Name": "Rahmat Shah", "Dismissed by": "lbw Ravindra Jadeja", "Runs": "9", "Balls Faced": "23", "Fours": "1", "Sixes": "0", "Strike Rate": "39.13"}, {"Player Name": "Asghar Afghan", "Dismissed by": "c Amit Mishra b Ravindra Jadeja", "Runs": "5", "Balls Faced": "7", "Fours": "0", "Sixes": "0", "Strike Rate": "71.42"}, {"Player Name": "Najibullah Zadran", "Dismissed by": "c sub (Binny) b Ashwin", "Runs": "5", "Balls Faced": "14", "Fours": "0", "Sixes": "0", "Strike Rate": "35.71"}, {"Player Name": "Mohammad Nabi", "Dismissed by": "c Dinesh Karthik b Ravindra Jadeja", "Runs": "6", "Balls Faced": "20", "Fours": "0", "Sixes": "0", "Strike Rate": "30.00"}, {"Player Name": "Mohammad Shahzad", "Dismissed by": "lbw Ravichandran Ashwin", "Runs": "22", "Balls Faced": "28", "Fours": "2", "Sixes": "1", "Strike Rate": "78.57"}, {"Player Name": "Samiullah Shinwari", "Dismissed by": "lbw Mohammad Shami", "Runs": "50", "Balls Faced": "73", "Fours": "6", "Sixes": "1", "Strike Rate": "68.49"}, {"Player Name": "Mirwais Ashraf", "Dismissed by": "c Virat Kohli b Amit Mishra", "Runs": "9", "Balls Faced": "26", "Fours": "0", "Sixes": "0", "Strike Rate": "34.61"}, {"Player Name": "Shapoor Zadran", "Dismissed by": "lbw Ravichandran Ashwin", "Runs": "1", "Balls Faced": "13", "Fours": "0", "Sixes": "0", "Strike Rate": "7.69"}, {"Player Name": "Dawlat Zadran", "Dismissed by": "", "Runs": "2", "Balls Faced": "17", "Fours": "0", "Sixes": "0", "Strike Rate": "11.76"}], "Extras": "Extras (w 12, lb 2)", "balling": [{"player_name": "Mohammad Nabi", "Overs": "10", "Maidens": "0", "Runs": "30", "Wickets": "1", "Economy": "3.00", "Dots": "37"}, {"player_name": "Shapoor Zadran", "Overs": "6", "Maidens": "0", "Runs": "25", "Wickets": "0", "Economy": "4.16", "Dots": "21"}, {"player_name": "Dawlat Zadran", "Overs": "5", "Maidens": "0", "Runs": "25", "Wickets": "0", "Economy": "5.00", "Dots": "14"}, {"player_name": "Samiullah Shinwari", "Overs": "4.2", "Maidens": "0", "Runs": "32", "Wickets": "0", "Economy": "7.38", "Dots": "9"}, {"player_name": "Mirwais Ashraf", "Overs": "5", "Maidens": "0", "Runs": "26", "Wickets": "1", "Economy": "5.20", "Dots": "14"}, {"player_name": "Rahmat Shah", "Overs": "2", "Maidens": "0", "Runs": "21", "Wickets": "0", "Economy": "10.50", "Dots": "5"}]}, "Team2": {"Name": "India", "score": "160/2", "overs": "32.2/50 ov", "rr": "RR: 4.94", "batting": [{"Player Name": "Ajinkya Rahane", "Dismissed by": "lbw Mirwais Ashraf", "Runs": "56", "Balls Faced": "66", "Fours": "5", "Sixes": "0", "Strike Rate": "84.84"}, {"Player Name": "Shikhar Dhawan", "Dismissed by": "b Mohammad Nabi", "Runs": "60", "Balls Faced": "78", "Fours": "4", "Sixes": "1", "Strike Rate": "76.92"}, {"Player Name": "Rohit Sharma", "Dismissed by": "", "Runs": "18", "Balls Faced": "24", "Fours": "1", "Sixes": "0", "Strike Rate": "75.00"}, {"Player Name": "Dinesh Karthik", "Dismissed by": "", "Runs": "21", "Balls Faced": "27", "Fours": "3", "Sixes": "0", "Strike Rate": "77.77"}, {"Player Name": "Virat Kohli", "Dismissed by": "", "Runs": "-", "Balls Faced": "-", "Fours": "-", "Sixes": "-", "Strike Rate": "-"}, {"Player Name": "Ambati Rayudu", "Dismissed by": "", "Runs": "-", "Balls Faced": "-", "Fours": "-", "Sixes": "-", "Strike Rate": "-"}, {"Player Name": "Ravindra Jadeja", "Dismissed by": "", "Runs": "-", "Balls Faced": "-", "Fours": "-", "Sixes": "-", "Strike Rate": "-"}, {"Player Name": "Ravichandran Ashwin", "Dismissed by": "", "Runs": "-", "Balls Faced": "-", "Fours": "-", "Sixes": "-", "Strike Rate": "-"}, {"Player Name": "Mohammad Shami", "Dismissed by": "", "Runs": "-", "Balls Faced": "-", "Fours": "-", "Sixes": "-", "Strike Rate": "-"}, {"Player Name": "Amit Mishra", "Dismissed by": "", "Runs": "-", "Balls Faced": "-", "Fours": "-", "Sixes": "-", "Strike Rate": "-"}, {"Player Name": "Bhuvneshwar Kumar", "Dismissed by": "", "Runs": "-", "Balls Faced": "-", "Fours": "-", "Sixes": "-", "Strike Rate": "-"}], "Extras": "Extras (nb 1, w 3, lb 1)", "balling": [{"player_name": "Bhuvneshwar Kumar", "Overs": "8", "Maidens": "1", "Runs": "25", "Wickets": "0", "Economy": "3.12", "Dots": "37"}, {"player_name": "Mohammad Shami", "Overs": "7.2", "Maidens": "0", "Runs": "50", "Wickets": "2", "Economy": "6.81", "Dots": "29"}, {"player_name": "Amit Mishra", "Overs": "10", "Maidens": "1", "Runs": "21", "Wickets": "1", "Economy": "2.10", "Dots": "43"}, {"player_name": "Ravindra Jadeja", "Overs": "10", "Maidens": "1", "Runs": "30", "Wickets": "4", "Economy": "3.00", "Dots": "45"}, {"player_name": "Ravichandran Ashwin", "Overs": "10", "Maidens": "3", "Runs": "31", "Wickets": "3", "Economy": "3.10", "Dots": "43"}]}, "match_id": "2371"}