{"date": "09/15/2023 11:00:00 AM", "home": "South Africa", "away": "Australia", "place": "Supersport Park", "result": "South Africa won by 164 runs", "Team1": {"Name": "South Africa", "score": "416/5", "overs": "50/50 ov", "rr": "RR: 8.32", "batting": [{"Player Name": "Quinton de Kock", "Dismissed by": "c Mitchell Marsh b Josh Hazlewood", "Runs": "45", "Balls Faced": "64", "Fours": "5", "Sixes": "0", "Strike Rate": "70.31"}, {"Player Name": "Reeza Hendricks", "Dismissed by": "b Nathan Ellis", "Runs": "28", "Balls Faced": "34", "Fours": "5", "Sixes": "0", "Strike Rate": "82.35"}, {"Player Name": "Rassie van der Dussen", "Dismissed by": "c Alex Carey b Josh Hazlewood", "Runs": "62", "Balls Faced": "65", "Fours": "7", "Sixes": "2", "Strike Rate": "95.38"}, {"Player Name": "Aiden Markram", "Dismissed by": "c Marcus Stoinis b Michael Neser", "Runs": "8", "Balls Faced": "11", "Fours": "0", "Sixes": "0", "Strike Rate": "72.72"}, {"Player Name": "Heinrich Klaasen", "Dismissed by": "c Nathan Ellis b Marcus Stoinis", "Runs": "174", "Balls Faced": "83", "Fours": "13", "Sixes": "13", "Strike Rate": "209.63"}, {"Player Name": "David Miller", "Dismissed by": "", "Runs": "82", "Balls Faced": "45", "Fours": "6", "Sixes": "5", "Strike Rate": "182.22"}, {"Player Name": "Marco Jansen", "Dismissed by": "", "Runs": "-", "Balls Faced": "-", "Fours": "-", "Sixes": "-", "Strike Rate": "-"}, {"Player Name": "Gerald Coetzee", "Dismissed by": "", "Runs": "-", "Balls Faced": "-", "Fours": "-", "Sixes": "-", "Strike Rate": "-"}, {"Player Name": "Keshav Maharaj", "Dismissed by": "", "Runs": "-", "Balls Faced": "-", "Fours": "-", "Sixes": "-", "Strike Rate": "-"}, {"Player Name": "Kagiso Rabada", "Dismissed by": "", "Runs": "-", "Balls Faced": "-", "Fours": "-", "Sixes": "-", "Strike Rate": "-"}, {"Player Name": "Lungi Ngidi", "Dismissed by": "", "Runs": "-", "Balls Faced": "-", "Fours": "-", "Sixes": "-", "Strike Rate": "-"}], "Extras": "Extras (nb 2, w 10, b 1, lb 4)", "balling": [{"player_name": "Lungi Ngidi", "Overs": "8", "Maidens": "1", "Runs": "51", "Wickets": "4", "Economy": "6.37", "Dots": "23"}, {"player_name": "Kagiso Rabada", "Overs": "7.5", "Maidens": "0", "Runs": "41", "Wickets": "3", "Economy": "5.23", "Dots": "26"}, {"player_name": "Gerald Coetzee", "Overs": "8", "Maidens": "0", "Runs": "73", "Wickets": "0", "Economy": "9.12", "Dots": "19"}, {"player_name": "Marco Jansen", "Overs": "6", "Maidens": "0", "Runs": "55", "Wickets": "1", "Economy": "9.16", "Dots": "16"}, {"player_name": "Keshav Maharaj", "Overs": "5", "Maidens": "1", "Runs": "27", "Wickets": "1", "Economy": "5.40", "Dots": "18"}]}, "Team2": {"Name": "Australia", "score": "252", "overs": "34.5/50 ov", "rr": "RR: 7.23", "batting": [{"Player Name": "Travis Head", "Dismissed by": "Retired - Out", "Runs": "17", "Balls Faced": "11", "Fours": "1", "Sixes": "1", "Strike Rate": "154.54"}, {"Player Name": "David Warner", "Dismissed by": "c David Miller b Lungi Ngidi", "Runs": "12", "Balls Faced": "13", "Fours": "2", "Sixes": "0", "Strike Rate": "92.30"}, {"Player Name": "Mitchell Marsh", "Dismissed by": "lbw Lungi Ngidi", "Runs": "6", "Balls Faced": "9", "Fours": "1", "Sixes": "0", "Strike Rate": "66.66"}, {"Player Name": "Marnus Labuschagne", "Dismissed by": "c Quinton de Kock b Marco Jansen", "Runs": "20", "Balls Faced": "22", "Fours": "3", "Sixes": "0", "Strike Rate": "90.90"}, {"Player Name": "Alex Carey", "Dismissed by": "c Quinton de Kock b Kagiso Rabada", "Runs": "99", "Balls Faced": "77", "Fours": "9", "Sixes": "4", "Strike Rate": "128.57"}, {"Player Name": "Marcus Stoinis", "Dismissed by": "c Quinton de Kock b Kagiso Rabada", "Runs": "18", "Balls Faced": "13", "Fours": "2", "Sixes": "1", "Strike Rate": "138.46"}, {"Player Name": "Tim David", "Dismissed by": "c Aiden Markram b Lungi Ngidi", "Runs": "35", "Balls Faced": "25", "Fours": "2", "Sixes": "3", "Strike Rate": "140.00"}, {"Player Name": "Michael Neser", "Dismissed by": "b Keshav Maharaj", "Runs": "3", "Balls Faced": "11", "Fours": "0", "Sixes": "0", "Strike Rate": "27.27"}, {"Player Name": "Nathan Ellis", "Dismissed by": "c Kagiso Rabada b Lungi Ngidi", "Runs": "18", "Balls Faced": "16", "Fours": "0", "Sixes": "2", "Strike Rate": "112.50"}, {"Player Name": "Adam Zampa", "Dismissed by": "c Quinton de Kock b Kagiso Rabada", "Runs": "9", "Balls Faced": "11", "Fours": "1", "Sixes": "0", "Strike Rate": "81.81"}, {"Player Name": "Josh Hazlewood", "Dismissed by": "", "Runs": "1", "Balls Faced": "1", "Fours": "0", "Sixes": "0", "Strike Rate": "100.00"}], "Extras": "Extras (w 9, b 2, lb 3)", "balling": [{"player_name": "Josh Hazlewood", "Overs": "10", "Maidens": "0", "Runs": "79", "Wickets": "2", "Economy": "7.90", "Dots": "29"}, {"player_name": "Marcus Stoinis", "Overs": "10", "Maidens": "1", "Runs": "81", "Wickets": "1", "Economy": "8.10", "Dots": "27"}, {"player_name": "Michael Neser", "Overs": "10", "Maidens": "0", "Runs": "59", "Wickets": "1", "Economy": "5.90", "Dots": "26"}, {"player_name": "Nathan Ellis", "Overs": "10", "Maidens": "0", "Runs": "79", "Wickets": "1", "Economy": "7.90", "Dots": "22"}, {"player_name": "Adam Zampa", "Overs": "10", "Maidens": "0", "Runs": "113", "Wickets": "0", "Economy": "11.30", "Dots": "20"}]}, "match_id": "102106"}