{"date": "06/05/2019 12:30:00 PM", "home": "Bangladesh", "away": "New Zealand", "place": "The Oval", "result": "New Zealand win by 2 wickets", "Team1": {"Name": "Bangladesh", "score": "244", "overs": "49.2/50 ov", "rr": "RR: 4.94", "batting": [{"Player Name": "Tamim Iqbal", "Dismissed by": "c Trent Boult b Lockie Ferguson", "Runs": "24", "Balls Faced": "38", "Fours": "3", "Sixes": "0", "Strike Rate": "63.15"}, {"Player Name": "Soumya Sarkar", "Dismissed by": "b Matt Henry", "Runs": "25", "Balls Faced": "25", "Fours": "3", "Sixes": "0", "Strike Rate": "100.00"}, {"Player Name": "Shakib Al Hasan", "Dismissed by": "c Tom Latham b Colin de Grandhomme", "Runs": "64", "Balls Faced": "68", "Fours": "7", "Sixes": "0", "Strike Rate": "94.11"}, {"Player Name": "Mushfiqur Rahim", "Dismissed by": "run out (Martin Guptill/Tom Latham)", "Runs": "19", "Balls Faced": "35", "Fours": "2", "Sixes": "0", "Strike Rate": "54.28"}, {"Player Name": "Mohammad Mithun", "Dismissed by": "c Colin de Grandhomme b Matt Henry", "Runs": "26", "Balls Faced": "33", "Fours": "3", "Sixes": "0", "Strike Rate": "78.78"}, {"Player Name": "Mahmudullah", "Dismissed by": "c Kane Williamson b Mitchell Santner", "Runs": "20", "Balls Faced": "41", "Fours": "0", "Sixes": "0", "Strike Rate": "48.78"}, {"Player Name": "Mosaddek Hossain", "Dismissed by": "c Martin Guptill b Trent Boult", "Runs": "11", "Balls Faced": "22", "Fours": "0", "Sixes": "0", "Strike Rate": "50.00"}, {"Player Name": "Mohammad Saifuddin", "Dismissed by": "b Matt Henry", "Runs": "29", "Balls Faced": "23", "Fours": "3", "Sixes": "1", "Strike Rate": "126.08"}, {"Player Name": "Mehidy Hasan", "Dismissed by": "c Tom Latham b Trent Boult", "Runs": "7", "Balls Faced": "9", "Fours": "0", "Sixes": "0", "Strike Rate": "77.77"}, {"Player Name": "Mashrafe Mortaza", "Dismissed by": "c Trent Boult b Matt Henry", "Runs": "1", "Balls Faced": "2", "Fours": "0", "Sixes": "0", "Strike Rate": "50.00"}, {"Player Name": "Mustafizur Rahman", "Dismissed by": "", "Runs": "0", "Balls Faced": "0", "Fours": "0", "Sixes": "0", "Strike Rate": "-"}], "Extras": "Extras (w 9, b 1, lb 8)", "balling": [{"player_name": "Mashrafe Mortaza", "Overs": "5", "Maidens": "0", "Runs": "32", "Wickets": "0", "Economy": "6.40", "Dots": "16"}, {"player_name": "Mehidy Hasan", "Overs": "10", "Maidens": "0", "Runs": "47", "Wickets": "2", "Economy": "4.70", "Dots": "37"}, {"player_name": "Mustafizur Rahman", "Overs": "7.1", "Maidens": "0", "Runs": "48", "Wickets": "0", "Economy": "6.69", "Dots": "19"}, {"player_name": "Shakib Al Hasan", "Overs": "10", "Maidens": "0", "Runs": "47", "Wickets": "2", "Economy": "4.70", "Dots": "31"}, {"player_name": "Mohammad Saifuddin", "Overs": "7", "Maidens": "0", "Runs": "41", "Wickets": "2", "Economy": "5.85", "Dots": "19"}, {"player_name": "Mosaddek Hossain", "Overs": "8", "Maidens": "0", "Runs": "33", "Wickets": "2", "Economy": "4.12", "Dots": "27"}]}, "Team2": {"Name": "New Zealand", "score": "248/8", "overs": "47.1/50 ov", "rr": "RR: 5.25", "batting": [{"Player Name": "Martin Guptill", "Dismissed by": "c Tamim Iqbal b Shakib Al Hasan", "Runs": "25", "Balls Faced": "14", "Fours": "3", "Sixes": "1", "Strike Rate": "178.57"}, {"Player Name": "Colin Munro", "Dismissed by": "c Mehidy Hasan b Shakib Al Hasan", "Runs": "24", "Balls Faced": "34", "Fours": "3", "Sixes": "1", "Strike Rate": "70.58"}, {"Player Name": "Kane Williamson", "Dismissed by": "c Mosaddek Hossain b Mehidy Hasan", "Runs": "40", "Balls Faced": "72", "Fours": "1", "Sixes": "0", "Strike Rate": "55.55"}, {"Player Name": "Ross Taylor", "Dismissed by": "c Mushfiqur Rahim b Mosaddek Hossain", "Runs": "82", "Balls Faced": "91", "Fours": "9", "Sixes": "0", "Strike Rate": "90.10"}, {"Player Name": "Tom Latham", "Dismissed by": "c Mohammad Saifuddin b Mehidy Hasan", "Runs": "0", "Balls Faced": "4", "Fours": "0", "Sixes": "0", "Strike Rate": "0.00"}, {"Player Name": "Jimmy Neesham", "Dismissed by": "c Soumya Sarkar b Mosaddek Hossain", "Runs": "25", "Balls Faced": "33", "Fours": "2", "Sixes": "1", "Strike Rate": "75.75"}, {"Player Name": "Colin de Grandhomme", "Dismissed by": "c Mushfiqur Rahim b Mohammad Saifuddin", "Runs": "15", "Balls Faced": "13", "Fours": "2", "Sixes": "0", "Strike Rate": "115.38"}, {"Player Name": "Mitchell Santner", "Dismissed by": "", "Runs": "17", "Balls Faced": "12", "Fours": "2", "Sixes": "0", "Strike Rate": "141.66"}, {"Player Name": "Matt Henry", "Dismissed by": "b Mohammad Saifuddin", "Runs": "6", "Balls Faced": "8", "Fours": "1", "Sixes": "0", "Strike Rate": "75.00"}, {"Player Name": "Lockie Ferguson", "Dismissed by": "", "Runs": "4", "Balls Faced": "3", "Fours": "1", "Sixes": "0", "Strike Rate": "133.33"}, {"Player Name": "Trent Boult", "Dismissed by": "", "Runs": "-", "Balls Faced": "-", "Fours": "-", "Sixes": "-", "Strike Rate": "-"}], "Extras": "Extras (nb 1, w 9)", "balling": [{"player_name": "Matt Henry", "Overs": "9.2", "Maidens": "0", "Runs": "47", "Wickets": "4", "Economy": "5.03", "Dots": "31"}, {"player_name": "Trent Boult", "Overs": "10", "Maidens": "0", "Runs": "44", "Wickets": "2", "Economy": "4.40", "Dots": "32"}, {"player_name": "Lockie Ferguson", "Overs": "10", "Maidens": "0", "Runs": "40", "Wickets": "1", "Economy": "4.00", "Dots": "35"}, {"player_name": "Colin de Grandhomme", "Overs": "8", "Maidens": "0", "Runs": "39", "Wickets": "1", "Economy": "4.87", "Dots": "25"}, {"player_name": "Jimmy Neesham", "Overs": "2", "Maidens": "0", "Runs": "24", "Wickets": "0", "Economy": "12.00", "Dots": "2"}, {"player_name": "Mitchell Santner", "Overs": "10", "Maidens": "1", "Runs": "41", "Wickets": "1", "Economy": "4.10", "Dots": "32"}]}, "match_id": "8200"}