{"date": "01/10/2023 08:00:00 AM", "home": "India", "away": "Sri Lanka", "place": "Barsapara Cricket Stadium", "result": "India won by 67 runs", "Team1": {"Name": "India", "score": "373/7", "overs": "50/50 ov", "rr": "RR: 7.46", "batting": [{"Player Name": "Rohit Sharma", "Dismissed by": "b Dilshan Madushanka", "Runs": "83", "Balls Faced": "67", "Fours": "9", "Sixes": "3", "Strike Rate": "123.88"}, {"Player Name": "Shubman Gill", "Dismissed by": "lbw Dasun Shanaka", "Runs": "70", "Balls Faced": "60", "Fours": "11", "Sixes": "0", "Strike Rate": "116.66"}, {"Player Name": "Virat Kohli", "Dismissed by": "c Kusal Mendis b Kasun Rajitha", "Runs": "113", "Balls Faced": "87", "Fours": "12", "Sixes": "1", "Strike Rate": "129.88"}, {"Player Name": "Shreyas Iyer", "Dismissed by": "c Avishka Fernando b Dhananjaya de Silva", "Runs": "28", "Balls Faced": "24", "Fours": "3", "Sixes": "1", "Strike Rate": "116.66"}, {"Player Name": "KL Rahul", "Dismissed by": "b Kasun Rajitha", "Runs": "39", "Balls Faced": "29", "Fours": "4", "Sixes": "1", "Strike Rate": "134.48"}, {"Player Name": "Hardik Pandya", "Dismissed by": "c Wanindu Hasaranga b Kasun Rajitha", "Runs": "14", "Balls Faced": "12", "Fours": "0", "Sixes": "1", "Strike Rate": "116.66"}, {"Player Name": "Axar Patel", "Dismissed by": "c Avishka Fernando b Chamika Karunaratne", "Runs": "9", "Balls Faced": "9", "Fours": "0", "Sixes": "0", "Strike Rate": "100.00"}, {"Player Name": "Mohammed Shami", "Dismissed by": "", "Runs": "4", "Balls Faced": "4", "Fours": "0", "Sixes": "0", "Strike Rate": "100.00"}, {"Player Name": "Mohammed Siraj", "Dismissed by": "", "Runs": "7", "Balls Faced": "8", "Fours": "0", "Sixes": "0", "Strike Rate": "87.50"}, {"Player Name": "Yuzvendra Chahal", "Dismissed by": "", "Runs": "-", "Balls Faced": "-", "Fours": "-", "Sixes": "-", "Strike Rate": "-"}, {"Player Name": "Umran Malik", "Dismissed by": "", "Runs": "-", "Balls Faced": "-", "Fours": "-", "Sixes": "-", "Strike Rate": "-"}], "Extras": "Extras (w 5, lb 1)", "balling": [{"player_name": "Mohammed Shami", "Overs": "9", "Maidens": "0", "Runs": "67", "Wickets": "1", "Economy": "7.44", "Dots": "29"}, {"player_name": "Mohammed Siraj", "Overs": "7", "Maidens": "1", "Runs": "30", "Wickets": "2", "Economy": "4.28", "Dots": "29"}, {"player_name": "Hardik Pandya", "Overs": "6", "Maidens": "0", "Runs": "33", "Wickets": "1", "Economy": "5.50", "Dots": "18"}, {"player_name": "Umran Malik", "Overs": "8", "Maidens": "0", "Runs": "57", "Wickets": "3", "Economy": "7.12", "Dots": "27"}, {"player_name": "Yuzvendra Chahal", "Overs": "10", "Maidens": "0", "Runs": "58", "Wickets": "1", "Economy": "5.80", "Dots": "33"}, {"player_name": "Axar Patel", "Overs": "10", "Maidens": "0", "Runs": "58", "Wickets": "0", "Economy": "5.80", "Dots": "32"}]}, "Team2": {"Name": "Sri Lanka", "score": "306/8", "overs": "50/50 ov", "rr": "RR: 6.12", "batting": [{"Player Name": "Pathum Nissanka", "Dismissed by": "c Axar Patel b Umran Malik", "Runs": "72", "Balls Faced": "80", "Fours": "11", "Sixes": "0", "Strike Rate": "90.00"}, {"Player Name": "Avishka Fernando", "Dismissed by": "c Hardik Pandya b Mohammed Siraj", "Runs": "5", "Balls Faced": "12", "Fours": "1", "Sixes": "0", "Strike Rate": "41.66"}, {"Player Name": "Kusal Mendis", "Dismissed by": "b Mohammed Siraj", "Runs": "0", "Balls Faced": "4", "Fours": "0", "Sixes": "0", "Strike Rate": "0.00"}, {"Player Name": "Charith Asalanka", "Dismissed by": "c KL Rahul b Umran Malik", "Runs": "23", "Balls Faced": "28", "Fours": "3", "Sixes": "0", "Strike Rate": "82.14"}, {"Player Name": "Dhananjaya de Silva", "Dismissed by": "c KL Rahul b Mohammed Shami", "Runs": "47", "Balls Faced": "40", "Fours": "9", "Sixes": "0", "Strike Rate": "117.50"}, {"Player Name": "Dasun Shanaka", "Dismissed by": "", "Runs": "108", "Balls Faced": "88", "Fours": "12", "Sixes": "3", "Strike Rate": "122.72"}, {"Player Name": "Wanindu Hasaranga", "Dismissed by": "c Shreyas Iyer b Yuzvendra Chahal", "Runs": "16", "Balls Faced": "7", "Fours": "1", "Sixes": "2", "Strike Rate": "228.57"}, {"Player Name": "Dunith Wellalage", "Dismissed by": "c Shubman Gill b Umran Malik", "Runs": "0", "Balls Faced": "1", "Fours": "0", "Sixes": "0", "Strike Rate": "0.00"}, {"Player Name": "Chamika Karunaratne", "Dismissed by": "c Rohit Sharma b Hardik Pandya", "Runs": "14", "Balls Faced": "21", "Fours": "2", "Sixes": "0", "Strike Rate": "66.66"}, {"Player Name": "Kasun Rajitha", "Dismissed by": "", "Runs": "9", "Balls Faced": "19", "Fours": "0", "Sixes": "0", "Strike Rate": "47.36"}, {"Player Name": "Dilshan Madushanka", "Dismissed by": "", "Runs": "-", "Balls Faced": "-", "Fours": "-", "Sixes": "-", "Strike Rate": "-"}, {"Player Name": "Ashen Bandara", "Dismissed by": "", "Runs": "-", "Balls Faced": "-", "Fours": "-", "Sixes": "-", "Strike Rate": "-"}], "Extras": "Extras (w 9, lb 3)", "balling": [{"player_name": "Kasun Rajitha", "Overs": "10", "Maidens": "0", "Runs": "88", "Wickets": "3", "Economy": "8.80", "Dots": "23"}, {"player_name": "Dilshan Madushanka", "Overs": "6", "Maidens": "0", "Runs": "43", "Wickets": "1", "Economy": "7.16", "Dots": "22"}, {"player_name": "Wanindu Hasaranga", "Overs": "10", "Maidens": "0", "Runs": "67", "Wickets": "0", "Economy": "6.70", "Dots": "25"}, {"player_name": "Chamika Karunaratne", "Overs": "8", "Maidens": "0", "Runs": "54", "Wickets": "1", "Economy": "6.75", "Dots": "16"}, {"player_name": "Dunith Wellalage", "Overs": "8", "Maidens": "0", "Runs": "65", "Wickets": "0", "Economy": "8.12", "Dots": "14"}, {"player_name": "Dasun Shanaka", "Overs": "3", "Maidens": "0", "Runs": "22", "Wickets": "1", "Economy": "7.33", "Dots": "4"}, {"player_name": "Dhananjaya de Silva", "Overs": "5", "Maidens": "0", "Runs": "33", "Wickets": "1", "Economy": "6.60", "Dots": "9"}]}, "match_id": "101875"}