{"date": "03/20/2022 08:00:00 AM", "home": "South Africa", "away": "Bangladesh", "place": "New Wanderers Stadium", "result": "South Africa won by 7 wickets", "Team1": {"Name": "South Africa", "score": "195/3", "overs": "37.2/50 ov", "rr": "RR: 5.22", "batting": [{"Player Name": "Janneman Malan", "Dismissed by": "b Mahedi Hasan", "Runs": "26", "Balls Faced": "40", "Fours": "4", "Sixes": "0", "Strike Rate": "65.00"}, {"Player Name": "Quinton de Kock", "Dismissed by": "c Afif Hossain b Shakib Al Hasan", "Runs": "62", "Balls Faced": "41", "Fours": "9", "Sixes": "2", "Strike Rate": "151.21"}, {"Player Name": "Kyle Verreynne", "Dismissed by": "", "Runs": "58", "Balls Faced": "77", "Fours": "4", "Sixes": "2", "Strike Rate": "75.32"}, {"Player Name": "Temba Bavuma", "Dismissed by": "c Shoriful Islam b Afif Hossain", "Runs": "37", "Balls Faced": "52", "Fours": "3", "Sixes": "1", "Strike Rate": "71.15"}, {"Player Name": "Rassie van der Dussen", "Dismissed by": "", "Runs": "8", "Balls Faced": "14", "Fours": "1", "Sixes": "0", "Strike Rate": "57.14"}, {"Player Name": "David Miller", "Dismissed by": "", "Runs": "-", "Balls Faced": "-", "Fours": "-", "Sixes": "-", "Strike Rate": "-"}, {"Player Name": "Wayne Parnell", "Dismissed by": "", "Runs": "-", "Balls Faced": "-", "Fours": "-", "Sixes": "-", "Strike Rate": "-"}, {"Player Name": "Kagiso Rabada", "Dismissed by": "", "Runs": "-", "Balls Faced": "-", "Fours": "-", "Sixes": "-", "Strike Rate": "-"}, {"Player Name": "Keshav Maharaj", "Dismissed by": "", "Runs": "-", "Balls Faced": "-", "Fours": "-", "Sixes": "-", "Strike Rate": "-"}, {"Player Name": "Lungi Ngidi", "Dismissed by": "", "Runs": "-", "Balls Faced": "-", "Fours": "-", "Sixes": "-", "Strike Rate": "-"}, {"Player Name": "Tabraiz Shamsi", "Dismissed by": "", "Runs": "-", "Balls Faced": "-", "Fours": "-", "Sixes": "-", "Strike Rate": "-"}], "Extras": "Extras (w 4)", "balling": [{"player_name": "Lungi Ngidi", "Overs": "10", "Maidens": "2", "Runs": "34", "Wickets": "1", "Economy": "3.40", "Dots": "40"}, {"player_name": "Kagiso Rabada", "Overs": "10", "Maidens": "0", "Runs": "39", "Wickets": "5", "Economy": "3.90", "Dots": "38"}, {"player_name": "Wayne Parnell", "Overs": "2.5", "Maidens": "0", "Runs": "6", "Wickets": "1", "Economy": "2.11", "Dots": "11"}, {"player_name": "Temba Bavuma", "Overs": "6.1", "Maidens": "0", "Runs": "22", "Wickets": "0", "Economy": "3.56", "Dots": "24"}, {"player_name": "Tabraiz Shamsi", "Overs": "10", "Maidens": "1", "Runs": "26", "Wickets": "1", "Economy": "2.60", "Dots": "40"}, {"player_name": "Keshav Maharaj", "Overs": "10", "Maidens": "0", "Runs": "57", "Wickets": "0", "Economy": "5.70", "Dots": "33"}, {"player_name": "Rassie van der Dussen", "Overs": "1", "Maidens": "0", "Runs": "3", "Wickets": "1", "Economy": "3.00", "Dots": "3"}]}, "Team2": {"Name": "Bangladesh", "score": "194/9", "overs": "50/50 ov", "rr": "RR: 3.88", "batting": [{"Player Name": "Tamim Iqbal", "Dismissed by": "c Keshav Maharaj b Lungi Ngidi", "Runs": "1", "Balls Faced": "4", "Fours": "0", "Sixes": "0", "Strike Rate": "25.00"}, {"Player Name": "Liton Das", "Dismissed by": "c Quinton de Kock b Kagiso Rabada", "Runs": "15", "Balls Faced": "21", "Fours": "3", "Sixes": "0", "Strike Rate": "71.42"}, {"Player Name": "Shakib Al Hasan", "Dismissed by": "c Kyle Verreynne b Kagiso Rabada", "Runs": "0", "Balls Faced": "6", "Fours": "0", "Sixes": "0", "Strike Rate": "0.00"}, {"Player Name": "Mushfiqur Rahim", "Dismissed by": "lbw Wayne Parnell", "Runs": "11", "Balls Faced": "31", "Fours": "0", "Sixes": "0", "Strike Rate": "35.48"}, {"Player Name": "Yasir Ali", "Dismissed by": "Caught b Kagiso Rabada", "Runs": "2", "Balls Faced": "14", "Fours": "0", "Sixes": "0", "Strike Rate": "14.28"}, {"Player Name": "Mahmudullah", "Dismissed by": "c Janneman Malan b Tabraiz Shamsi", "Runs": "25", "Balls Faced": "44", "Fours": "3", "Sixes": "0", "Strike Rate": "56.81"}, {"Player Name": "Afif Hossain", "Dismissed by": "c Temba Bavuma b Kagiso Rabada", "Runs": "72", "Balls Faced": "107", "Fours": "9", "Sixes": "0", "Strike Rate": "67.28"}, {"Player Name": "Mahedi Hasan", "Dismissed by": "c Janneman Malan b Kagiso Rabada", "Runs": "38", "Balls Faced": "49", "Fours": "1", "Sixes": "2", "Strike Rate": "77.55"}, {"Player Name": "Taskin Ahmed", "Dismissed by": "", "Runs": "9", "Balls Faced": "12", "Fours": "0", "Sixes": "0", "Strike Rate": "75.00"}, {"Player Name": "Shoriful Islam", "Dismissed by": "c Aiden Markram b Rassie van der Dussen", "Runs": "2", "Balls Faced": "8", "Fours": "0", "Sixes": "0", "Strike Rate": "25.00"}, {"Player Name": "Mustafizur Rahman", "Dismissed by": "", "Runs": "2", "Balls Faced": "6", "Fours": "0", "Sixes": "0", "Strike Rate": "33.33"}], "Extras": "Extras (nb 2, w 8, b 5, lb 2)", "balling": [{"player_name": "Shoriful Islam", "Overs": "4", "Maidens": "0", "Runs": "29", "Wickets": "0", "Economy": "7.25", "Dots": "15"}, {"player_name": "Taskin Ahmed", "Overs": "4", "Maidens": "0", "Runs": "41", "Wickets": "0", "Economy": "10.25", "Dots": "13"}, {"player_name": "Mahedi Hasan", "Overs": "10", "Maidens": "0", "Runs": "56", "Wickets": "1", "Economy": "5.60", "Dots": "29"}, {"player_name": "Mustafizur Rahman", "Overs": "3", "Maidens": "0", "Runs": "13", "Wickets": "0", "Economy": "4.33", "Dots": "13"}, {"player_name": "Shakib Al Hasan", "Overs": "10", "Maidens": "2", "Runs": "33", "Wickets": "1", "Economy": "3.30", "Dots": "39"}, {"player_name": "Afif Hossain", "Overs": "5", "Maidens": "0", "Runs": "15", "Wickets": "1", "Economy": "3.00", "Dots": "18"}, {"player_name": "Mahmudullah", "Overs": "1.2", "Maidens": "0", "Runs": "8", "Wickets": "0", "Economy": "6.00", "Dots": "3"}]}, "match_id": "33725"}