{"date": "03/10/2019 08:00:00 AM", "home": "South Africa", "away": "Sri Lanka", "place": "Kingsmead", "result": "South Africa win by 71 runs (DLS Method)", "Team1": {"Name": "South Africa", "score": "331/5", "overs": "50/50 ov", "rr": "RR: 6.62", "batting": [{"Player Name": "Quinton de Kock", "Dismissed by": "c Niroshan Dickwella b Kasun Rajitha", "Runs": "121", "Balls Faced": "108", "Fours": "16", "Sixes": "2", "Strike Rate": "112.03"}, {"Player Name": "Reeza Hendricks", "Dismissed by": "c Lasith Malinga b Isuru Udana", "Runs": "4", "Balls Faced": "11", "Fours": "0", "Sixes": "0", "Strike Rate": "36.36"}, {"Player Name": "Faf du Plessis", "Dismissed by": "c Niroshan Dickwella b Lasith Malinga", "Runs": "36", "Balls Faced": "27", "Fours": "7", "Sixes": "0", "Strike Rate": "133.33"}, {"Player Name": "Rassie van der Dussen", "Dismissed by": "lbw Kamindu Mendis", "Runs": "50", "Balls Faced": "67", "Fours": "3", "Sixes": "0", "Strike Rate": "74.62"}, {"Player Name": "David Miller", "Dismissed by": "", "Runs": "41", "Balls Faced": "46", "Fours": "3", "Sixes": "0", "Strike Rate": "89.13"}, {"Player Name": "Dwaine Pretorius", "Dismissed by": "b Isuru Udana", "Runs": "31", "Balls Faced": "26", "Fours": "2", "Sixes": "1", "Strike Rate": "119.23"}, {"Player Name": "Andile Phehlukwayo", "Dismissed by": "", "Runs": "38", "Balls Faced": "15", "Fours": "5", "Sixes": "1", "Strike Rate": "253.33"}, {"Player Name": "Kagiso Rabada", "Dismissed by": "", "Runs": "-", "Balls Faced": "-", "Fours": "-", "Sixes": "-", "Strike Rate": "-"}, {"Player Name": "Lungi Ngidi", "Dismissed by": "", "Runs": "-", "Balls Faced": "-", "Fours": "-", "Sixes": "-", "Strike Rate": "-"}, {"Player Name": "Imran Tahir", "Dismissed by": "", "Runs": "-", "Balls Faced": "-", "Fours": "-", "Sixes": "-", "Strike Rate": "-"}, {"Player Name": "Tabraiz Shamsi", "Dismissed by": "", "Runs": "-", "Balls Faced": "-", "Fours": "-", "Sixes": "-", "Strike Rate": "-"}], "Extras": "Extras (w 5, lb 5)", "balling": [{"player_name": "Kagiso Rabada", "Overs": "6", "Maidens": "2", "Runs": "18", "Wickets": "1", "Economy": "3.00", "Dots": "27"}, {"player_name": "Lungi Ngidi", "Overs": "5", "Maidens": "1", "Runs": "25", "Wickets": "1", "Economy": "5.00", "Dots": "20"}, {"player_name": "Andile Phehlukwayo", "Overs": "2", "Maidens": "0", "Runs": "19", "Wickets": "0", "Economy": "9.50", "Dots": "3"}, {"player_name": "Dwaine Pretorius", "Overs": "2", "Maidens": "0", "Runs": "6", "Wickets": "0", "Economy": "3.00", "Dots": "9"}, {"player_name": "Imran Tahir", "Overs": "5", "Maidens": "0", "Runs": "19", "Wickets": "2", "Economy": "3.80", "Dots": "16"}, {"player_name": "Tabraiz Shamsi", "Overs": "4", "Maidens": "0", "Runs": "29", "Wickets": "1", "Economy": "7.25", "Dots": "11"}]}, "Team2": {"Name": "Sri Lanka", "score": "121/5", "overs": "24/24 ov", "rr": "RR: 5.04", "batting": [{"Player Name": "Avishka Fernando", "Dismissed by": "c Tabraiz Shamsi b Lungi Ngidi", "Runs": "23", "Balls Faced": "26", "Fours": "4", "Sixes": "0", "Strike Rate": "88.46"}, {"Player Name": "Niroshan Dickwella", "Dismissed by": "c Imran Tahir b Kagiso Rabada", "Runs": "2", "Balls Faced": "7", "Fours": "0", "Sixes": "0", "Strike Rate": "28.57"}, {"Player Name": "Oshada Fernando", "Dismissed by": "c Quinton de Kock b Tabraiz Shamsi", "Runs": "25", "Balls Faced": "44", "Fours": "3", "Sixes": "0", "Strike Rate": "56.81"}, {"Player Name": "Kamindu Mendis", "Dismissed by": "", "Runs": "49", "Balls Faced": "43", "Fours": "4", "Sixes": "2", "Strike Rate": "113.95"}, {"Player Name": "Kusal Mendis", "Dismissed by": "c & b Imran Tahir", "Runs": "0", "Balls Faced": "1", "Fours": "0", "Sixes": "0", "Strike Rate": "0.00"}, {"Player Name": "Thisara Perera", "Dismissed by": "c Rassie van der Dussen b Imran Tahir", "Runs": "12", "Balls Faced": "14", "Fours": "0", "Sixes": "0", "Strike Rate": "85.71"}, {"Player Name": "Isuru Udana", "Dismissed by": "", "Runs": "0", "Balls Faced": "9", "Fours": "0", "Sixes": "0", "Strike Rate": "0.00"}, {"Player Name": "Kusal Perera", "Dismissed by": "", "Runs": "-", "Balls Faced": "-", "Fours": "-", "Sixes": "-", "Strike Rate": "-"}, {"Player Name": "Akila Dananjaya", "Dismissed by": "", "Runs": "-", "Balls Faced": "-", "Fours": "-", "Sixes": "-", "Strike Rate": "-"}, {"Player Name": "Kasun Rajitha", "Dismissed by": "", "Runs": "-", "Balls Faced": "-", "Fours": "-", "Sixes": "-", "Strike Rate": "-"}, {"Player Name": "Lasith Malinga", "Dismissed by": "", "Runs": "-", "Balls Faced": "-", "Fours": "-", "Sixes": "-", "Strike Rate": "-"}], "Extras": "Extras (w 5, b 4, lb 1)", "balling": [{"player_name": "Lasith Malinga", "Overs": "10", "Maidens": "0", "Runs": "68", "Wickets": "1", "Economy": "6.80", "Dots": "22"}, {"player_name": "Isuru Udana", "Overs": "8", "Maidens": "0", "Runs": "50", "Wickets": "2", "Economy": "6.25", "Dots": "20"}, {"player_name": "Kasun Rajitha", "Overs": "8", "Maidens": "0", "Runs": "69", "Wickets": "1", "Economy": "8.62", "Dots": "21"}, {"player_name": "Akila Dananjaya", "Overs": "9", "Maidens": "0", "Runs": "56", "Wickets": "0", "Economy": "6.22", "Dots": "18"}, {"player_name": "Thisara Perera", "Overs": "5", "Maidens": "0", "Runs": "38", "Wickets": "0", "Economy": "7.60", "Dots": "10"}, {"player_name": "Kamindu Mendis", "Overs": "10", "Maidens": "0", "Runs": "45", "Wickets": "1", "Economy": "4.50", "Dots": "28"}]}, "match_id": "8178"}