{"date": "01/25/2022 07:00:00 AM", "home": "Afghanistan", "away": "Netherlands", "place": "West End Park International Cricket Stadium", "result": "Afghanistan won by 75 runs", "Team1": {"Name": "Afghanistan", "score": "254/5", "overs": "50/50 ov", "rr": "RR: 5.08", "batting": [{"Player Name": "Rahmanullah Gurbaz", "Dismissed by": "c Pieter Seelaar b Clayton Floyd", "Runs": "12", "Balls Faced": "27", "Fours": "1", "Sixes": "0", "Strike Rate": "44.44"}, {"Player Name": "Riaz Hussan", "Dismissed by": "c Bas de Leede b Saqib Zulfiqar", "Runs": "50", "Balls Faced": "75", "Fours": "3", "Sixes": "1", "Strike Rate": "66.66"}, {"Player Name": "Rahmat Shah", "Dismissed by": "c Bas de Leede b Brandon Glover", "Runs": "48", "Balls Faced": "81", "Fours": "3", "Sixes": "2", "Strike Rate": "59.25"}, {"Player Name": "Hashmatullah Shahidi", "Dismissed by": "b Aryan Dutt", "Runs": "28", "Balls Faced": "40", "Fours": "1", "Sixes": "0", "Strike Rate": "70.00"}, {"Player Name": "Najibullah Zadran", "Dismissed by": "c Scott Edwards b Vivian Kingma", "Runs": "71", "Balls Faced": "59", "Fours": "8", "Sixes": "3", "Strike Rate": "120.33"}, {"Player Name": "Azmatullah Omarzai", "Dismissed by": "", "Runs": "15", "Balls Faced": "15", "Fours": "2", "Sixes": "0", "Strike Rate": "100.00"}, {"Player Name": "Rashid Khan", "Dismissed by": "", "Runs": "13", "Balls Faced": "6", "Fours": "0", "Sixes": "1", "Strike Rate": "216.66"}, {"Player Name": "Mujeeb Ur Rahman", "Dismissed by": "", "Runs": "-", "Balls Faced": "-", "Fours": "-", "Sixes": "-", "Strike Rate": "-"}, {"Player Name": "Qais Ahmad", "Dismissed by": "", "Runs": "-", "Balls Faced": "-", "Fours": "-", "Sixes": "-", "Strike Rate": "-"}, {"Player Name": "Fareed Ahmad", "Dismissed by": "", "Runs": "-", "Balls Faced": "-", "Fours": "-", "Sixes": "-", "Strike Rate": "-"}, {"Player Name": "Fazal Haq", "Dismissed by": "", "Runs": "-", "Balls Faced": "-", "Fours": "-", "Sixes": "-", "Strike Rate": "-"}, {"Player Name": "Ikram Ali Khil", "Dismissed by": "", "Runs": "-", "Balls Faced": "-", "Fours": "-", "Sixes": "-", "Strike Rate": "-"}], "Extras": "Extras (nb 3, w 7, lb 2, pen 5)", "balling": [{"player_name": "Fazal Haq", "Overs": "6", "Maidens": "1", "Runs": "30", "Wickets": "1", "Economy": "5.00", "Dots": "25"}, {"player_name": "Mujeeb Ur Rahman", "Overs": "7", "Maidens": "0", "Runs": "29", "Wickets": "1", "Economy": "4.14", "Dots": "22"}, {"player_name": "Fareed Ahmad", "Overs": "7", "Maidens": "0", "Runs": "23", "Wickets": "1", "Economy": "3.28", "Dots": "24"}, {"player_name": "Azmatullah Omarzai", "Overs": "6", "Maidens": "0", "Runs": "23", "Wickets": "1", "Economy": "3.83", "Dots": "18"}, {"player_name": "Qais Ahmad", "Overs": "7.4", "Maidens": "0", "Runs": "32", "Wickets": "3", "Economy": "4.17", "Dots": "31"}, {"player_name": "Rashid Khan", "Overs": "9", "Maidens": "0", "Runs": "37", "Wickets": "2", "Economy": "4.11", "Dots": "32"}]}, "Team2": {"Name": "Netherlands", "score": "179", "overs": "42.4/50 ov", "rr": "RR: 4.19", "batting": [{"Player Name": "Scott Edwards", "Dismissed by": "lbw Qais Ahmad", "Runs": "54", "Balls Faced": "74", "Fours": "5", "Sixes": "1", "Strike Rate": "72.97"}, {"Player Name": "Colin Ackermann", "Dismissed by": "lbw Rashid Khan", "Runs": "81", "Balls Faced": "96", "Fours": "7", "Sixes": "2", "Strike Rate": "84.37"}, {"Player Name": "Pieter Seelaar", "Dismissed by": "b Fareed Ahmad", "Runs": "0", "Balls Faced": "5", "Fours": "0", "Sixes": "0", "Strike Rate": "0.00"}, {"Player Name": "Boris Gorlee", "Dismissed by": "lbw Fazal Haq", "Runs": "3", "Balls Faced": "9", "Fours": "0", "Sixes": "0", "Strike Rate": "33.33"}, {"Player Name": "Bas de Leede", "Dismissed by": "c Najibullah Zadran b Mujeeb Ur Rahman", "Runs": "8", "Balls Faced": "22", "Fours": "0", "Sixes": "0", "Strike Rate": "36.36"}, {"Player Name": "Saqib Zulfiqar", "Dismissed by": "lbw Qais Ahmad", "Runs": "13", "Balls Faced": "28", "Fours": "1", "Sixes": "0", "Strike Rate": "46.42"}, {"Player Name": "Aryan Dutt", "Dismissed by": "run out (Hashmatullah Shahidi)", "Runs": "4", "Balls Faced": "8", "Fours": "0", "Sixes": "0", "Strike Rate": "50.00"}, {"Player Name": "Clayton Floyd", "Dismissed by": "lbw Azmatullah Omarzai", "Runs": "2", "Balls Faced": "4", "Fours": "0", "Sixes": "0", "Strike Rate": "50.00"}, {"Player Name": "Philippe Boissevain", "Dismissed by": "st Ikram Ali Khil b Rashid Khan", "Runs": "1", "Balls Faced": "7", "Fours": "0", "Sixes": "0", "Strike Rate": "14.28"}, {"Player Name": "Vivian Kingma", "Dismissed by": "lbw Qais Ahmad", "Runs": "0", "Balls Faced": "2", "Fours": "0", "Sixes": "0", "Strike Rate": "0.00"}, {"Player Name": "Brandon Glover", "Dismissed by": "", "Runs": "1", "Balls Faced": "1", "Fours": "0", "Sixes": "0", "Strike Rate": "100.00"}], "Extras": "Extras (w 7, lb 5)", "balling": [{"player_name": "Vivian Kingma", "Overs": "10", "Maidens": "0", "Runs": "50", "Wickets": "1", "Economy": "5.00", "Dots": "35"}, {"player_name": "Clayton Floyd", "Overs": "8", "Maidens": "2", "Runs": "17", "Wickets": "1", "Economy": "2.12", "Dots": "36"}, {"player_name": "Brandon Glover", "Overs": "10", "Maidens": "0", "Runs": "64", "Wickets": "1", "Economy": "6.40", "Dots": "33"}, {"player_name": "Philippe Boissevain", "Overs": "7", "Maidens": "0", "Runs": "37", "Wickets": "0", "Economy": "5.28", "Dots": "25"}, {"player_name": "Pieter Seelaar", "Overs": "2", "Maidens": "0", "Runs": "17", "Wickets": "0", "Economy": "8.50", "Dots": "5"}, {"player_name": "Saqib Zulfiqar", "Overs": "3", "Maidens": "0", "Runs": "13", "Wickets": "1", "Economy": "4.33", "Dots": "6"}, {"player_name": "Aryan Dutt", "Overs": "6", "Maidens": "0", "Runs": "29", "Wickets": "1", "Economy": "4.83", "Dots": "19"}, {"player_name": "Colin Ackermann", "Overs": "4", "Maidens": "0", "Runs": "20", "Wickets": "0", "Economy": "5.00", "Dots": "9"}]}, "match_id": "100374"}