{"date": "07/18/2021 09:30:00 AM", "home": "Sri Lanka", "away": "India", "place": "R Premadasa Stadium", "result": "India won by 7 wickets", "Team1": {"Name": "Sri Lanka", "score": "262/9", "overs": "50/50 ov", "rr": "RR: 5.24", "batting": [{"Player Name": "Avishka Fernando", "Dismissed by": "c Manish Pandey b Yuzvendra Chahal", "Runs": "32", "Balls Faced": "35", "Fours": "2", "Sixes": "1", "Strike Rate": "91.42"}, {"Player Name": "Minod Bhanuka", "Dismissed by": "c Prithvi Shaw b Kuldeep Yadav", "Runs": "27", "Balls Faced": "44", "Fours": "3", "Sixes": "0", "Strike Rate": "61.36"}, {"Player Name": "Bhanuka Rajapaksa", "Dismissed by": "c Shikhar Dhawan b Kuldeep Yadav", "Runs": "24", "Balls Faced": "22", "Fours": "2", "Sixes": "2", "Strike Rate": "109.09"}, {"Player Name": "Dhananjaya de Silva", "Dismissed by": "c Bhuvneshwar Kumar b Krunal Pandya", "Runs": "14", "Balls Faced": "27", "Fours": "1", "Sixes": "0", "Strike Rate": "51.85"}, {"Player Name": "Charith Asalanka", "Dismissed by": "c Ishan Kishan b Deepak Chahar", "Runs": "38", "Balls Faced": "65", "Fours": "1", "Sixes": "0", "Strike Rate": "58.46"}, {"Player Name": "Dasun Shanaka", "Dismissed by": "c Hardik Pandya b Yuzvendra Chahal", "Runs": "39", "Balls Faced": "50", "Fours": "2", "Sixes": "1", "Strike Rate": "78.00"}, {"Player Name": "Wanindu Hasaranga", "Dismissed by": "c Shikhar Dhawan b Deepak Chahar", "Runs": "8", "Balls Faced": "7", "Fours": "1", "Sixes": "0", "Strike Rate": "114.28"}, {"Player Name": "Chamika Karunaratne", "Dismissed by": "", "Runs": "43", "Balls Faced": "35", "Fours": "1", "Sixes": "2", "Strike Rate": "122.85"}, {"Player Name": "Isuru Udana", "Dismissed by": "c Deepak Chahar b Hardik Pandya", "Runs": "8", "Balls Faced": "9", "Fours": "0", "Sixes": "0", "Strike Rate": "88.88"}, {"Player Name": "Dushmantha Chameera", "Dismissed by": "run out (Bhuvneshwar Kumar)", "Runs": "13", "Balls Faced": "7", "Fours": "1", "Sixes": "1", "Strike Rate": "185.71"}, {"Player Name": "Lakshan Sandakan", "Dismissed by": "", "Runs": "-", "Balls Faced": "-", "Fours": "-", "Sixes": "-", "Strike Rate": "-"}], "Extras": "Extras (nb 1, w 12, lb 3)", "balling": [{"player_name": "Dushmantha Chameera", "Overs": "7", "Maidens": "0", "Runs": "42", "Wickets": "0", "Economy": "6.00", "Dots": "24"}, {"player_name": "Isuru Udana", "Overs": "2", "Maidens": "0", "Runs": "27", "Wickets": "0", "Economy": "13.50", "Dots": "4"}, {"player_name": "Dhananjaya de Silva", "Overs": "5", "Maidens": "0", "Runs": "49", "Wickets": "2", "Economy": "9.80", "Dots": "11"}, {"player_name": "Lakshan Sandakan", "Overs": "8.4", "Maidens": "0", "Runs": "53", "Wickets": "1", "Economy": "6.11", "Dots": "20"}, {"player_name": "Charith Asalanka", "Overs": "3", "Maidens": "0", "Runs": "26", "Wickets": "0", "Economy": "8.66", "Dots": "8"}, {"player_name": "Wanindu Hasaranga", "Overs": "9", "Maidens": "1", "Runs": "45", "Wickets": "0", "Economy": "5.00", "Dots": "26"}, {"player_name": "Chamika Karunaratne", "Overs": "2", "Maidens": "0", "Runs": "16", "Wickets": "0", "Economy": "8.00", "Dots": "2"}]}, "Team2": {"Name": "India", "score": "263/3", "overs": "36.4/50 ov", "rr": "RR: 7.17", "batting": [{"Player Name": "Prithvi Shaw", "Dismissed by": "c Avishka Fernando b Dhananjaya de Silva", "Runs": "43", "Balls Faced": "24", "Fours": "9", "Sixes": "0", "Strike Rate": "179.16"}, {"Player Name": "Shikhar Dhawan", "Dismissed by": "", "Runs": "86", "Balls Faced": "95", "Fours": "6", "Sixes": "1", "Strike Rate": "90.52"}, {"Player Name": "Ishan Kishan", "Dismissed by": "c Minod Bhanuka b Lakshan Sandakan", "Runs": "59", "Balls Faced": "42", "Fours": "8", "Sixes": "2", "Strike Rate": "140.47"}, {"Player Name": "Manish Pandey", "Dismissed by": "c Dasun Shanaka b Dhananjaya de Silva", "Runs": "26", "Balls Faced": "40", "Fours": "1", "Sixes": "1", "Strike Rate": "65.00"}, {"Player Name": "Suryakumar Yadav", "Dismissed by": "", "Runs": "31", "Balls Faced": "20", "Fours": "5", "Sixes": "0", "Strike Rate": "155.00"}, {"Player Name": "Hardik Pandya", "Dismissed by": "", "Runs": "-", "Balls Faced": "-", "Fours": "-", "Sixes": "-", "Strike Rate": "-"}, {"Player Name": "Krunal Pandya", "Dismissed by": "", "Runs": "-", "Balls Faced": "-", "Fours": "-", "Sixes": "-", "Strike Rate": "-"}, {"Player Name": "Deepak Chahar", "Dismissed by": "", "Runs": "-", "Balls Faced": "-", "Fours": "-", "Sixes": "-", "Strike Rate": "-"}, {"Player Name": "Bhuvneshwar Kumar", "Dismissed by": "", "Runs": "-", "Balls Faced": "-", "Fours": "-", "Sixes": "-", "Strike Rate": "-"}, {"Player Name": "Yuzvendra Chahal", "Dismissed by": "", "Runs": "-", "Balls Faced": "-", "Fours": "-", "Sixes": "-", "Strike Rate": "-"}, {"Player Name": "Kuldeep Yadav", "Dismissed by": "", "Runs": "-", "Balls Faced": "-", "Fours": "-", "Sixes": "-", "Strike Rate": "-"}], "Extras": "Extras (nb 1, w 12, lb 5)", "balling": [{"player_name": "Bhuvneshwar Kumar", "Overs": "9", "Maidens": "0", "Runs": "63", "Wickets": "0", "Economy": "7.00", "Dots": "25"}, {"player_name": "Deepak Chahar", "Overs": "7", "Maidens": "1", "Runs": "37", "Wickets": "2", "Economy": "5.28", "Dots": "23"}, {"player_name": "Hardik Pandya", "Overs": "5", "Maidens": "0", "Runs": "33", "Wickets": "1", "Economy": "6.60", "Dots": "13"}, {"player_name": "Yuzvendra Chahal", "Overs": "10", "Maidens": "0", "Runs": "52", "Wickets": "2", "Economy": "5.20", "Dots": "33"}, {"player_name": "Kuldeep Yadav", "Overs": "9", "Maidens": "1", "Runs": "48", "Wickets": "2", "Economy": "5.33", "Dots": "29"}, {"player_name": "Krunal Pandya", "Overs": "10", "Maidens": "1", "Runs": "26", "Wickets": "1", "Economy": "2.60", "Dots": "36"}]}, "match_id": "31874"}