{"date": "10/02/2019 10:00:00 AM", "home": "Pakistan", "away": "Sri Lanka", "place": "National Stadium", "result": "Pakistan win by 5 wickets", "Team1": {"Name": "Pakistan", "score": "299/5", "overs": "48.2/50 ov", "rr": "RR: 6.18", "batting": [{"Player Name": "Fakhar Zaman", "Dismissed by": "c Dasun Shanaka b Nuwan Pradeep", "Runs": "76", "Balls Faced": "91", "Fours": "7", "Sixes": "1", "Strike Rate": "83.51"}, {"Player Name": "Abid Ali", "Dismissed by": "lbw Wanindu Hasaranga", "Runs": "74", "Balls Faced": "67", "Fours": "10", "Sixes": "0", "Strike Rate": "110.44"}, {"Player Name": "Babar Azam", "Dismissed by": "lbw Nuwan Pradeep", "Runs": "31", "Balls Faced": "26", "Fours": "2", "Sixes": "0", "Strike Rate": "119.23"}, {"Player Name": "Sarfaraz Ahmed", "Dismissed by": "b Lahiru Kumara", "Runs": "23", "Balls Faced": "33", "Fours": "1", "Sixes": "0", "Strike Rate": "69.69"}, {"Player Name": "Haris Sohail", "Dismissed by": "b Shehan Jayasuriya", "Runs": "56", "Balls Faced": "50", "Fours": "3", "Sixes": "1", "Strike Rate": "112.00"}, {"Player Name": "Iftikhar Ahmed", "Dismissed by": "", "Runs": "28", "Balls Faced": "22", "Fours": "3", "Sixes": "1", "Strike Rate": "127.27"}, {"Player Name": "Wahab Riaz", "Dismissed by": "", "Runs": "1", "Balls Faced": "1", "Fours": "0", "Sixes": "0", "Strike Rate": "100.00"}, {"Player Name": "Mohammad Nawaz", "Dismissed by": "", "Runs": "-", "Balls Faced": "-", "Fours": "-", "Sixes": "-", "Strike Rate": "-"}, {"Player Name": "Shadab Khan", "Dismissed by": "", "Runs": "-", "Balls Faced": "-", "Fours": "-", "Sixes": "-", "Strike Rate": "-"}, {"Player Name": "Mohammad Amir", "Dismissed by": "", "Runs": "-", "Balls Faced": "-", "Fours": "-", "Sixes": "-", "Strike Rate": "-"}, {"Player Name": "Usman Shinwari", "Dismissed by": "", "Runs": "-", "Balls Faced": "-", "Fours": "-", "Sixes": "-", "Strike Rate": "-"}], "Extras": "Extras (w 2, b 3, lb 5)", "balling": [{"player_name": "Mohammad Amir", "Overs": "10", "Maidens": "0", "Runs": "50", "Wickets": "3", "Economy": "5.00", "Dots": "32"}, {"player_name": "Usman Shinwari", "Overs": "8.1", "Maidens": "1", "Runs": "41", "Wickets": "1", "Economy": "5.02", "Dots": "29"}, {"player_name": "Iftikhar Ahmed", "Overs": "9", "Maidens": "1", "Runs": "43", "Wickets": "0", "Economy": "4.77", "Dots": "25"}, {"player_name": "Wahab Riaz", "Overs": "10", "Maidens": "0", "Runs": "81", "Wickets": "1", "Economy": "8.10", "Dots": "27"}, {"player_name": "Shadab Khan", "Overs": "9", "Maidens": "0", "Runs": "50", "Wickets": "1", "Economy": "5.55", "Dots": "24"}, {"player_name": "Mohammad Nawaz", "Overs": "4", "Maidens": "0", "Runs": "24", "Wickets": "1", "Economy": "6.00", "Dots": "9"}]}, "Team2": {"Name": "Sri Lanka", "score": "297/9", "overs": "50/50 ov", "rr": "RR: 5.94", "batting": [{"Player Name": "Danushka Gunathilaka", "Dismissed by": "b Mohammad Amir", "Runs": "133", "Balls Faced": "135", "Fours": "16", "Sixes": "1", "Strike Rate": "98.51"}, {"Player Name": "Avishka Fernando", "Dismissed by": "c Sarfaraz Ahmed b Mohammad Amir", "Runs": "4", "Balls Faced": "6", "Fours": "1", "Sixes": "0", "Strike Rate": "66.66"}, {"Player Name": "Lahiru Thirimanne", "Dismissed by": "c & b Mohammad Nawaz", "Runs": "36", "Balls Faced": "53", "Fours": "4", "Sixes": "0", "Strike Rate": "67.92"}, {"Player Name": "Angelo Perera", "Dismissed by": "c Haris Sohail b Usman Shinwari", "Runs": "13", "Balls Faced": "25", "Fours": "0", "Sixes": "0", "Strike Rate": "52.00"}, {"Player Name": "Minod Bhanuka", "Dismissed by": "run out (Mohammad Nawaz/Sarfaraz Ahmed)", "Runs": "36", "Balls Faced": "39", "Fours": "0", "Sixes": "2", "Strike Rate": "92.30"}, {"Player Name": "Shehan Jayasuriya", "Dismissed by": "c Iftikhar Ahmed b Shadab Khan", "Runs": "3", "Balls Faced": "6", "Fours": "0", "Sixes": "0", "Strike Rate": "50.00"}, {"Player Name": "Dasun Shanaka", "Dismissed by": "c Haris Sohail b Wahab Riaz", "Runs": "43", "Balls Faced": "24", "Fours": "5", "Sixes": "2", "Strike Rate": "179.16"}, {"Player Name": "Wanindu Hasaranga", "Dismissed by": "b Mohammad Amir", "Runs": "10", "Balls Faced": "12", "Fours": "0", "Sixes": "0", "Strike Rate": "83.33"}, {"Player Name": "Lakshan Sandakan", "Dismissed by": "run out (Mohammad Amir)", "Runs": "0", "Balls Faced": "1", "Fours": "0", "Sixes": "0", "Strike Rate": "0.00"}, {"Player Name": "Nuwan Pradeep", "Dismissed by": "", "Runs": "1", "Balls Faced": "2", "Fours": "0", "Sixes": "0", "Strike Rate": "50.00"}, {"Player Name": "Lahiru Kumara", "Dismissed by": "", "Runs": "-", "Balls Faced": "-", "Fours": "-", "Sixes": "-", "Strike Rate": "-"}], "Extras": "Extras (nb 2, w 8, b 1, lb 7)", "balling": [{"player_name": "Nuwan Pradeep", "Overs": "9.2", "Maidens": "1", "Runs": "53", "Wickets": "2", "Economy": "5.67", "Dots": "34"}, {"player_name": "Dasun Shanaka", "Overs": "5", "Maidens": "0", "Runs": "28", "Wickets": "0", "Economy": "5.60", "Dots": "14"}, {"player_name": "Lahiru Kumara", "Overs": "7", "Maidens": "0", "Runs": "55", "Wickets": "1", "Economy": "7.85", "Dots": "14"}, {"player_name": "Lakshan Sandakan", "Overs": "10", "Maidens": "0", "Runs": "62", "Wickets": "0", "Economy": "6.20", "Dots": "23"}, {"player_name": "Wanindu Hasaranga", "Overs": "10", "Maidens": "0", "Runs": "54", "Wickets": "1", "Economy": "5.40", "Dots": "29"}, {"player_name": "Shehan Jayasuriya", "Overs": "7", "Maidens": "0", "Runs": "39", "Wickets": "1", "Economy": "5.57", "Dots": "11"}]}, "match_id": "18115"}