{"date": "05/07/2023 10:30:00 AM", "home": "Pakistan", "away": "New Zealand", "place": "National Stadium", "result": "New Zealand won by 47 runs", "Team1": {"Name": "Pakistan", "score": "252", "overs": "46.1/50 ov", "rr": "RR: 5.45", "batting": [{"Player Name": "Fakhar Zaman", "Dismissed by": "c Tom Blundell b Rachin Ravindra", "Runs": "33", "Balls Faced": "64", "Fours": "5", "Sixes": "0", "Strike Rate": "51.56"}, {"Player Name": "Shan Masood", "Dismissed by": "b Matt Henry", "Runs": "7", "Balls Faced": "20", "Fours": "0", "Sixes": "0", "Strike Rate": "35.00"}, {"Player Name": "Babar Azam", "Dismissed by": "c Cole McConchie b Henry Shipley", "Runs": "1", "Balls Faced": "5", "Fours": "0", "Sixes": "0", "Strike Rate": "20.00"}, {"Player Name": "Muhammad Rizwan", "Dismissed by": "lbw Henry Shipley", "Runs": "9", "Balls Faced": "15", "Fours": "1", "Sixes": "0", "Strike Rate": "60.00"}, {"Player Name": "Salman Ali Agha", "Dismissed by": "c Tom Latham b Henry Shipley", "Runs": "57", "Balls Faced": "57", "Fours": "6", "Sixes": "1", "Strike Rate": "100.00"}, {"Player Name": "Iftikhar Ahmed", "Dismissed by": "", "Runs": "94", "Balls Faced": "72", "Fours": "8", "Sixes": "2", "Strike Rate": "130.55"}, {"Player Name": "Shadab Khan", "Dismissed by": "c Tom Latham b Adam Milne", "Runs": "14", "Balls Faced": "14", "Fours": "1", "Sixes": "0", "Strike Rate": "100.00"}, {"Player Name": "Usama Mir", "Dismissed by": "c Mark Chapman b Rachin Ravindra", "Runs": "20", "Balls Faced": "15", "Fours": "1", "Sixes": "1", "Strike Rate": "133.33"}, {"Player Name": "Shaheen Shah Afridi", "Dismissed by": "c & b Rachin Ravindra", "Runs": "0", "Balls Faced": "2", "Fours": "0", "Sixes": "0", "Strike Rate": "0.00"}, {"Player Name": "Mohammad Wasim", "Dismissed by": "b Ish Sodhi", "Runs": "6", "Balls Faced": "4", "Fours": "0", "Sixes": "1", "Strike Rate": "150.00"}, {"Player Name": "Haris Rauf", "Dismissed by": "run out (Cole McConchie)", "Runs": "1", "Balls Faced": "9", "Fours": "0", "Sixes": "0", "Strike Rate": "11.11"}], "Extras": "Extras (w 5, b 4, lb 1)", "balling": [{"player_name": "Shaheen Shah Afridi", "Overs": "10", "Maidens": "0", "Runs": "46", "Wickets": "3", "Economy": "4.60", "Dots": "34"}, {"player_name": "Haris Rauf", "Overs": "8.3", "Maidens": "0", "Runs": "45", "Wickets": "1", "Economy": "5.29", "Dots": "26"}, {"player_name": "Mohammad Wasim", "Overs": "6", "Maidens": "1", "Runs": "24", "Wickets": "1", "Economy": "4.00", "Dots": "24"}, {"player_name": "Usama Mir", "Overs": "8", "Maidens": "0", "Runs": "53", "Wickets": "2", "Economy": "6.62", "Dots": "13"}, {"player_name": "Salman Ali Agha", "Overs": "8", "Maidens": "0", "Runs": "60", "Wickets": "0", "Economy": "7.50", "Dots": "16"}, {"player_name": "Shadab Khan", "Overs": "9", "Maidens": "0", "Runs": "67", "Wickets": "2", "Economy": "7.44", "Dots": "18"}]}, "Team2": {"Name": "New Zealand", "score": "299", "overs": "49.3/50 ov", "rr": "RR: 6.04", "batting": [{"Player Name": "Will Young", "Dismissed by": "c Muhammad Rizwan b Shadab Khan", "Runs": "87", "Balls Faced": "91", "Fours": "8", "Sixes": "2", "Strike Rate": "95.60"}, {"Player Name": "Tom Blundell", "Dismissed by": "c Fakhar Zaman b Mohammad Wasim", "Runs": "15", "Balls Faced": "22", "Fours": "2", "Sixes": "0", "Strike Rate": "68.18"}, {"Player Name": "Henry Nicholls", "Dismissed by": "c Muhammad Rizwan b Usama Mir", "Runs": "23", "Balls Faced": "30", "Fours": "2", "Sixes": "0", "Strike Rate": "76.66"}, {"Player Name": "Tom Latham", "Dismissed by": "c Salman Ali Agha b Usama Mir", "Runs": "59", "Balls Faced": "58", "Fours": "5", "Sixes": "0", "Strike Rate": "101.72"}, {"Player Name": "Mark Chapman", "Dismissed by": "c Muhammad Rizwan b Shadab Khan", "Runs": "43", "Balls Faced": "33", "Fours": "5", "Sixes": "2", "Strike Rate": "130.30"}, {"Player Name": "Cole McConchie", "Dismissed by": "c Iftikhar Ahmed b Shaheen Shah Afridi", "Runs": "26", "Balls Faced": "25", "Fours": "2", "Sixes": "1", "Strike Rate": "104.00"}, {"Player Name": "Rachin Ravindra", "Dismissed by": "c Babar Azam b Haris Rauf", "Runs": "28", "Balls Faced": "20", "Fours": "4", "Sixes": "0", "Strike Rate": "140.00"}, {"Player Name": "Adam Milne", "Dismissed by": "c Iftikhar Ahmed b Shaheen Shah Afridi", "Runs": "4", "Balls Faced": "9", "Fours": "0", "Sixes": "0", "Strike Rate": "44.44"}, {"Player Name": "Henry Shipley", "Dismissed by": "c Shadab Khan b Shaheen Shah Afridi", "Runs": "3", "Balls Faced": "5", "Fours": "0", "Sixes": "0", "Strike Rate": "60.00"}, {"Player Name": "Matt Henry", "Dismissed by": "", "Runs": "4", "Balls Faced": "3", "Fours": "0", "Sixes": "0", "Strike Rate": "133.33"}, {"Player Name": "Ish Sodhi", "Dismissed by": "run out (Shadab Khan)", "Runs": "2", "Balls Faced": "2", "Fours": "0", "Sixes": "0", "Strike Rate": "100.00"}], "Extras": "Extras (nb 1, lb 4)", "balling": [{"player_name": "Adam Milne", "Overs": "8", "Maidens": "0", "Runs": "34", "Wickets": "1", "Economy": "4.25", "Dots": "28"}, {"player_name": "Matt Henry", "Overs": "8.1", "Maidens": "1", "Runs": "47", "Wickets": "1", "Economy": "5.75", "Dots": "31"}, {"player_name": "Henry Shipley", "Overs": "9", "Maidens": "1", "Runs": "34", "Wickets": "3", "Economy": "3.77", "Dots": "32"}, {"player_name": "Ish Sodhi", "Overs": "10", "Maidens": "0", "Runs": "60", "Wickets": "1", "Economy": "6.00", "Dots": "23"}, {"player_name": "Rachin Ravindra", "Overs": "10", "Maidens": "0", "Runs": "65", "Wickets": "3", "Economy": "6.50", "Dots": "27"}, {"player_name": "Cole McConchie", "Overs": "1", "Maidens": "0", "Runs": "7", "Wickets": "0", "Economy": "7.00", "Dots": "2"}]}, "match_id": "101622"}