{"date": "02/23/2022 05:00:00 AM", "home": "Bangladesh", "away": "Afghanistan", "place": "Zahur Ahmed Chowdhury Stadium", "result": "Bangladesh won by 4 wickets", "Team1": {"Name": "Bangladesh", "score": "219/6", "overs": "48.5/50 ov", "rr": "RR: 4.48", "batting": [{"Player Name": "Tamim Iqbal", "Dismissed by": "lbw Fazal Haq", "Runs": "8", "Balls Faced": "8", "Fours": "2", "Sixes": "0", "Strike Rate": "100.00"}, {"Player Name": "Liton Das", "Dismissed by": "c Rahmanullah Gurbaz b Fazal Haq", "Runs": "1", "Balls Faced": "8", "Fours": "0", "Sixes": "0", "Strike Rate": "12.50"}, {"Player Name": "Shakib Al Hasan", "Dismissed by": "b Mujeeb Ur Rahman", "Runs": "10", "Balls Faced": "15", "Fours": "1", "Sixes": "0", "Strike Rate": "66.66"}, {"Player Name": "Mushfiqur Rahim", "Dismissed by": "lbw Fazal Haq", "Runs": "3", "Balls Faced": "5", "Fours": "0", "Sixes": "0", "Strike Rate": "60.00"}, {"Player Name": "Yasir Ali", "Dismissed by": "b Fazal Haq", "Runs": "0", "Balls Faced": "5", "Fours": "0", "Sixes": "0", "Strike Rate": "0.00"}, {"Player Name": "Mahmudullah", "Dismissed by": "c Gulbadin Naib b Rashid Khan", "Runs": "8", "Balls Faced": "17", "Fours": "1", "Sixes": "0", "Strike Rate": "47.05"}, {"Player Name": "Afif Hossain", "Dismissed by": "", "Runs": "93", "Balls Faced": "115", "Fours": "11", "Sixes": "1", "Strike Rate": "80.86"}, {"Player Name": "Mehidy Hasan", "Dismissed by": "", "Runs": "81", "Balls Faced": "120", "Fours": "9", "Sixes": "0", "Strike Rate": "67.50"}, {"Player Name": "Shoriful Islam", "Dismissed by": "", "Runs": "-", "Balls Faced": "-", "Fours": "-", "Sixes": "-", "Strike Rate": "-"}, {"Player Name": "Taskin Ahmed", "Dismissed by": "", "Runs": "-", "Balls Faced": "-", "Fours": "-", "Sixes": "-", "Strike Rate": "-"}, {"Player Name": "Mustafizur Rahman", "Dismissed by": "", "Runs": "-", "Balls Faced": "-", "Fours": "-", "Sixes": "-", "Strike Rate": "-"}], "Extras": "Extras (w 4, lb 11)", "balling": [{"player_name": "Mustafizur Rahman", "Overs": "9.1", "Maidens": "0", "Runs": "35", "Wickets": "3", "Economy": "3.81", "Dots": "37"}, {"player_name": "Taskin Ahmed", "Overs": "10", "Maidens": "0", "Runs": "55", "Wickets": "2", "Economy": "5.50", "Dots": "33"}, {"player_name": "Shakib Al Hasan", "Overs": "9", "Maidens": "1", "Runs": "50", "Wickets": "2", "Economy": "5.55", "Dots": "25"}, {"player_name": "Shoriful Islam", "Overs": "10", "Maidens": "1", "Runs": "38", "Wickets": "2", "Economy": "3.80", "Dots": "35"}, {"player_name": "Mehidy Hasan", "Overs": "10", "Maidens": "3", "Runs": "28", "Wickets": "0", "Economy": "2.80", "Dots": "43"}, {"player_name": "Mahmudullah", "Overs": "1", "Maidens": "0", "Runs": "4", "Wickets": "1", "Economy": "4.00", "Dots": "2"}]}, "Team2": {"Name": "Afghanistan", "score": "215", "overs": "49.1/50 ov", "rr": "RR: 4.37", "batting": [{"Player Name": "Rahmanullah Gurbaz", "Dismissed by": "c Tamim Iqbal b Mustafizur Rahman", "Runs": "7", "Balls Faced": "14", "Fours": "1", "Sixes": "0", "Strike Rate": "50.00"}, {"Player Name": "Ibrahim Zadran", "Dismissed by": "c Yasir Ali b Shoriful Islam", "Runs": "19", "Balls Faced": "23", "Fours": "1", "Sixes": "1", "Strike Rate": "82.60"}, {"Player Name": "Rahmat Shah", "Dismissed by": "c Mushfiqur Rahim b Taskin Ahmed", "Runs": "34", "Balls Faced": "69", "Fours": "3", "Sixes": "0", "Strike Rate": "49.27"}, {"Player Name": "Hashmatullah Shahidi", "Dismissed by": "c Mushfiqur Rahim b Mahmudullah", "Runs": "28", "Balls Faced": "43", "Fours": "3", "Sixes": "1", "Strike Rate": "65.11"}, {"Player Name": "Najibullah Zadran", "Dismissed by": "c Mahmudullah b Shoriful Islam", "Runs": "67", "Balls Faced": "84", "Fours": "4", "Sixes": "2", "Strike Rate": "79.76"}, {"Player Name": "Mohammad Nabi", "Dismissed by": "c Mushfiqur Rahim b Taskin Ahmed", "Runs": "20", "Balls Faced": "24", "Fours": "2", "Sixes": "0", "Strike Rate": "83.33"}, {"Player Name": "Gulbadin Naib", "Dismissed by": "lbw Shakib Al Hasan", "Runs": "17", "Balls Faced": "21", "Fours": "0", "Sixes": "1", "Strike Rate": "80.95"}, {"Player Name": "Rashid Khan", "Dismissed by": "b Shakib Al Hasan", "Runs": "0", "Balls Faced": "3", "Fours": "0", "Sixes": "0", "Strike Rate": "0.00"}, {"Player Name": "Mujeeb Ur Rahman", "Dismissed by": "c Najmul Hossain Shanto b Mustafizur Rahman", "Runs": "0", "Balls Faced": "4", "Fours": "0", "Sixes": "0", "Strike Rate": "0.00"}, {"Player Name": "Yamin Ahmadzai", "Dismissed by": "c Mahmudullah b Mustafizur Rahman", "Runs": "5", "Balls Faced": "10", "Fours": "0", "Sixes": "0", "Strike Rate": "50.00"}, {"Player Name": "Fazal Haq", "Dismissed by": "", "Runs": "0", "Balls Faced": "0", "Fours": "0", "Sixes": "0", "Strike Rate": "-"}], "Extras": "Extras (w 13, lb 5)", "balling": [{"player_name": "Fazal Haq", "Overs": "10", "Maidens": "1", "Runs": "54", "Wickets": "4", "Economy": "5.40", "Dots": "36"}, {"player_name": "Mujeeb Ur Rahman", "Overs": "10", "Maidens": "0", "Runs": "32", "Wickets": "1", "Economy": "3.20", "Dots": "40"}, {"player_name": "Yamin Ahmadzai", "Overs": "5", "Maidens": "0", "Runs": "35", "Wickets": "0", "Economy": "7.00", "Dots": "16"}, {"player_name": "Rashid Khan", "Overs": "10", "Maidens": "1", "Runs": "30", "Wickets": "1", "Economy": "3.00", "Dots": "37"}, {"player_name": "Mohammad Nabi", "Overs": "10", "Maidens": "1", "Runs": "32", "Wickets": "0", "Economy": "3.20", "Dots": "36"}, {"player_name": "Gulbadin Naib", "Overs": "3.5", "Maidens": "0", "Runs": "25", "Wickets": "0", "Economy": "6.52", "Dots": "12"}]}, "match_id": "100489"}