{"date": "07/03/2019 09:30:00 AM", "home": "England", "away": "New Zealand", "place": "Emirates Riverside", "result": "England win by 119 runs", "Team1": {"Name": "England", "score": "305/8", "overs": "50/50 ov", "rr": "RR: 6.10", "batting": [{"Player Name": "Jason Roy", "Dismissed by": "c Mitchell Santner b Jimmy Neesham", "Runs": "60", "Balls Faced": "61", "Fours": "8", "Sixes": "0", "Strike Rate": "98.36"}, {"Player Name": "Jonny Bairstow", "Dismissed by": "b Matt Henry", "Runs": "106", "Balls Faced": "99", "Fours": "15", "Sixes": "1", "Strike Rate": "107.07"}, {"Player Name": "Joe Root", "Dismissed by": "c Tom Latham b Trent Boult", "Runs": "24", "Balls Faced": "25", "Fours": "1", "Sixes": "0", "Strike Rate": "96.00"}, {"Player Name": "Jos Buttler", "Dismissed by": "c Kane Williamson b Trent Boult", "Runs": "11", "Balls Faced": "12", "Fours": "1", "Sixes": "0", "Strike Rate": "91.66"}, {"Player Name": "Eoin Morgan", "Dismissed by": "c Mitchell Santner b Matt Henry", "Runs": "42", "Balls Faced": "40", "Fours": "5", "Sixes": "0", "Strike Rate": "105.00"}, {"Player Name": "Ben Stokes", "Dismissed by": "c Matt Henry b Mitchell Santner", "Runs": "11", "Balls Faced": "27", "Fours": "0", "Sixes": "0", "Strike Rate": "40.74"}, {"Player Name": "Chris Woakes", "Dismissed by": "c Kane Williamson b Jimmy Neesham", "Runs": "4", "Balls Faced": "11", "Fours": "0", "Sixes": "0", "Strike Rate": "36.36"}, {"Player Name": "Liam Plunkett", "Dismissed by": "", "Runs": "15", "Balls Faced": "12", "Fours": "1", "Sixes": "0", "Strike Rate": "125.00"}, {"Player Name": "Adil Rashid", "Dismissed by": "b Tim Southee", "Runs": "16", "Balls Faced": "12", "Fours": "1", "Sixes": "0", "Strike Rate": "133.33"}, {"Player Name": "Jofra Archer", "Dismissed by": "", "Runs": "1", "Balls Faced": "1", "Fours": "0", "Sixes": "0", "Strike Rate": "100.00"}, {"Player Name": "Mark Wood", "Dismissed by": "", "Runs": "-", "Balls Faced": "-", "Fours": "-", "Sixes": "-", "Strike Rate": "-"}], "Extras": "Extras (w 7, b 4, lb 4)", "balling": [{"player_name": "Chris Woakes", "Overs": "8", "Maidens": "0", "Runs": "44", "Wickets": "1", "Economy": "5.50", "Dots": "29"}, {"player_name": "Jofra Archer", "Overs": "7", "Maidens": "1", "Runs": "17", "Wickets": "1", "Economy": "2.42", "Dots": "31"}, {"player_name": "Liam Plunkett", "Overs": "8", "Maidens": "0", "Runs": "28", "Wickets": "1", "Economy": "3.50", "Dots": "26"}, {"player_name": "Mark Wood", "Overs": "9", "Maidens": "0", "Runs": "34", "Wickets": "3", "Economy": "3.77", "Dots": "35"}, {"player_name": "Joe Root", "Overs": "3", "Maidens": "0", "Runs": "15", "Wickets": "0", "Economy": "5.00", "Dots": "7"}, {"player_name": "Adil Rashid", "Overs": "5", "Maidens": "0", "Runs": "30", "Wickets": "1", "Economy": "6.00", "Dots": "12"}, {"player_name": "Ben Stokes", "Overs": "5", "Maidens": "0", "Runs": "10", "Wickets": "1", "Economy": "2.00", "Dots": "21"}]}, "Team2": {"Name": "New Zealand", "score": "186", "overs": "45/50 ov", "rr": "RR: 4.13", "batting": [{"Player Name": "Martin Guptill", "Dismissed by": "c Jos Buttler b Jofra Archer", "Runs": "8", "Balls Faced": "16", "Fours": "1", "Sixes": "0", "Strike Rate": "50.00"}, {"Player Name": "Henry Nicholls", "Dismissed by": "lbw Chris Woakes", "Runs": "0", "Balls Faced": "1", "Fours": "0", "Sixes": "0", "Strike Rate": "0.00"}, {"Player Name": "Kane Williamson", "Dismissed by": "run out (Mark Wood)", "Runs": "27", "Balls Faced": "40", "Fours": "3", "Sixes": "0", "Strike Rate": "67.50"}, {"Player Name": "Ross Taylor", "Dismissed by": "run out (Adil Rashid/Jos Buttler)", "Runs": "28", "Balls Faced": "42", "Fours": "2", "Sixes": "0", "Strike Rate": "66.66"}, {"Player Name": "Tom Latham", "Dismissed by": "c Jos Buttler b Liam Plunkett", "Runs": "57", "Balls Faced": "65", "Fours": "5", "Sixes": "0", "Strike Rate": "87.69"}, {"Player Name": "Jimmy Neesham", "Dismissed by": "b Mark Wood", "Runs": "19", "Balls Faced": "27", "Fours": "1", "Sixes": "0", "Strike Rate": "70.37"}, {"Player Name": "Colin de Grandhomme", "Dismissed by": "c Joe Root b Ben Stokes", "Runs": "3", "Balls Faced": "13", "Fours": "0", "Sixes": "0", "Strike Rate": "23.07"}, {"Player Name": "Mitchell Santner", "Dismissed by": "lbw Mark Wood", "Runs": "12", "Balls Faced": "30", "Fours": "1", "Sixes": "0", "Strike Rate": "40.00"}, {"Player Name": "Tim Southee", "Dismissed by": "", "Runs": "7", "Balls Faced": "16", "Fours": "0", "Sixes": "0", "Strike Rate": "43.75"}, {"Player Name": "Matt Henry", "Dismissed by": "b Mark Wood", "Runs": "7", "Balls Faced": "13", "Fours": "0", "Sixes": "0", "Strike Rate": "53.84"}, {"Player Name": "Trent Boult", "Dismissed by": "st Jos Buttler b Adil Rashid", "Runs": "4", "Balls Faced": "7", "Fours": "1", "Sixes": "0", "Strike Rate": "57.14"}], "Extras": "Extras (w 6, b 2, lb 6)", "balling": [{"player_name": "Mitchell Santner", "Overs": "10", "Maidens": "0", "Runs": "65", "Wickets": "1", "Economy": "6.50", "Dots": "24"}, {"player_name": "Trent Boult", "Overs": "10", "Maidens": "0", "Runs": "56", "Wickets": "2", "Economy": "5.60", "Dots": "30"}, {"player_name": "Tim Southee", "Overs": "9", "Maidens": "0", "Runs": "70", "Wickets": "1", "Economy": "7.77", "Dots": "23"}, {"player_name": "Matt Henry", "Overs": "10", "Maidens": "0", "Runs": "54", "Wickets": "2", "Economy": "5.40", "Dots": "30"}, {"player_name": "Colin de Grandhomme", "Overs": "1", "Maidens": "0", "Runs": "11", "Wickets": "0", "Economy": "11.00", "Dots": "1"}, {"player_name": "Jimmy Neesham", "Overs": "10", "Maidens": "1", "Runs": "41", "Wickets": "2", "Economy": "4.10", "Dots": "31"}]}, "match_id": "8232"}