{"date": "08/26/2023 09:30:00 AM", "home": "Afghanistan", "away": "Pakistan", "place": "R.Premadasa Stadium", "result": "Pakistan won by 59 runs", "Team1": {"Name": "Afghanistan", "score": "209", "overs": "48.4/50 ov", "rr": "RR: 4.29", "batting": [{"Player Name": "Rahmanullah Gurbaz", "Dismissed by": "lbw Faheem Ashraf", "Runs": "5", "Balls Faced": "15", "Fours": "0", "Sixes": "0", "Strike Rate": "33.33"}, {"Player Name": "Riaz Hassan", "Dismissed by": "c Fakhar Zaman b Shadab Khan", "Runs": "34", "Balls Faced": "66", "Fours": "5", "Sixes": "0", "Strike Rate": "51.51"}, {"Player Name": "Ibrahim Zadran", "Dismissed by": "c Muhammad Rizwan b Faheem Ashraf", "Runs": "0", "Balls Faced": "11", "Fours": "0", "Sixes": "0", "Strike Rate": "0.00"}, {"Player Name": "Hashmatullah Shahidi", "Dismissed by": "c Imam-ul-Haq b Shadab Khan", "Runs": "13", "Balls Faced": "31", "Fours": "1", "Sixes": "0", "Strike Rate": "41.93"}, {"Player Name": "Shahidullah", "Dismissed by": "lbw Shadab Khan", "Runs": "37", "Balls Faced": "65", "Fours": "2", "Sixes": "0", "Strike Rate": "56.92"}, {"Player Name": "Gulbadin Naib", "Dismissed by": "c Muhammad Rizwan b Salman Ali Agha", "Runs": "0", "Balls Faced": "3", "Fours": "0", "Sixes": "0", "Strike Rate": "0.00"}, {"Player Name": "Mohammad Nabi", "Dismissed by": "c Imam-ul-Haq b Mohammad Nawaz", "Runs": "3", "Balls Faced": "15", "Fours": "0", "Sixes": "0", "Strike Rate": "20.00"}, {"Player Name": "Rashid Khan", "Dismissed by": "c Shaheen Shah Afridi b Mohammad Nawaz", "Runs": "16", "Balls Faced": "12", "Fours": "1", "Sixes": "1", "Strike Rate": "133.33"}, {"Player Name": "Mujeeb Ur Rahman", "Dismissed by": "Hit wicket", "Runs": "64", "Balls Faced": "37", "Fours": "5", "Sixes": "5", "Strike Rate": "172.97"}, {"Player Name": "Fareed Malik", "Dismissed by": "b Shaheen Shah Afridi", "Runs": "17", "Balls Faced": "29", "Fours": "1", "Sixes": "0", "Strike Rate": "58.62"}, {"Player Name": "Fazalhaq Farooqi", "Dismissed by": "", "Runs": "6", "Balls Faced": "8", "Fours": "1", "Sixes": "0", "Strike Rate": "75.00"}], "Extras": "Extras (w 4, b 5, lb 5)", "balling": [{"player_name": "Fazalhaq Farooqi", "Overs": "7", "Maidens": "0", "Runs": "45", "Wickets": "1", "Economy": "6.42", "Dots": "24"}, {"player_name": "Mujeeb Ur Rahman", "Overs": "10", "Maidens": "2", "Runs": "50", "Wickets": "1", "Economy": "5.00", "Dots": "37"}, {"player_name": "Gulbadin Naib", "Overs": "9", "Maidens": "1", "Runs": "36", "Wickets": "2", "Economy": "4.00", "Dots": "32"}, {"player_name": "Rashid Khan", "Overs": "10", "Maidens": "1", "Runs": "42", "Wickets": "1", "Economy": "4.20", "Dots": "34"}, {"player_name": "Fareed Malik", "Overs": "10", "Maidens": "0", "Runs": "70", "Wickets": "2", "Economy": "7.00", "Dots": "28"}, {"player_name": "Mohammad Nabi", "Overs": "4", "Maidens": "0", "Runs": "18", "Wickets": "0", "Economy": "4.50", "Dots": "12"}]}, "Team2": {"Name": "Pakistan", "score": "268/8", "overs": "50/50 ov", "rr": "RR: 5.36", "batting": [{"Player Name": "Imam-ul-Haq", "Dismissed by": "c Rahmanullah Gurbaz b Gulbadin Naib", "Runs": "13", "Balls Faced": "30", "Fours": "1", "Sixes": "0", "Strike Rate": "43.33"}, {"Player Name": "Fakhar Zaman", "Dismissed by": "c Riaz Hassan b Gulbadin Naib", "Runs": "27", "Balls Faced": "33", "Fours": "5", "Sixes": "0", "Strike Rate": "81.81"}, {"Player Name": "Babar Azam", "Dismissed by": "c Rahmanullah Gurbaz b Rashid Khan", "Runs": "60", "Balls Faced": "86", "Fours": "4", "Sixes": "1", "Strike Rate": "69.76"}, {"Player Name": "Muhammad Rizwan", "Dismissed by": "lbw Fareed Malik", "Runs": "67", "Balls Faced": "79", "Fours": "6", "Sixes": "1", "Strike Rate": "84.81"}, {"Player Name": "Saud Shakeel", "Dismissed by": "run out (Rahmanullah Gurbaz)", "Runs": "9", "Balls Faced": "6", "Fours": "2", "Sixes": "0", "Strike Rate": "150.00"}, {"Player Name": "Salman Ali Agha", "Dismissed by": "", "Runs": "38", "Balls Faced": "31", "Fours": "4", "Sixes": "1", "Strike Rate": "122.58"}, {"Player Name": "Shadab Khan", "Dismissed by": "b Mujeeb Ur Rahman", "Runs": "3", "Balls Faced": "8", "Fours": "0", "Sixes": "0", "Strike Rate": "37.50"}, {"Player Name": "Mohammad Nawaz", "Dismissed by": "c Riaz Hassan b Fazalhaq Farooqi", "Runs": "30", "Balls Faced": "25", "Fours": "2", "Sixes": "1", "Strike Rate": "120.00"}, {"Player Name": "Faheem Ashraf", "Dismissed by": "c Rahmanullah Gurbaz b Fareed Malik", "Runs": "2", "Balls Faced": "2", "Fours": "0", "Sixes": "0", "Strike Rate": "100.00"}, {"Player Name": "Shaheen Shah Afridi", "Dismissed by": "", "Runs": "2", "Balls Faced": "1", "Fours": "0", "Sixes": "0", "Strike Rate": "200.00"}, {"Player Name": "Mohammad Wasim", "Dismissed by": "", "Runs": "-", "Balls Faced": "-", "Fours": "-", "Sixes": "-", "Strike Rate": "-"}], "Extras": "Extras (nb 1, w 9, b 5, lb 2)", "balling": [{"player_name": "Shaheen Shah Afridi", "Overs": "9.4", "Maidens": "0", "Runs": "31", "Wickets": "2", "Economy": "3.20", "Dots": "42"}, {"player_name": "Faheem Ashraf", "Overs": "8", "Maidens": "1", "Runs": "43", "Wickets": "2", "Economy": "5.37", "Dots": "33"}, {"player_name": "Mohammad Wasim", "Overs": "10", "Maidens": "0", "Runs": "35", "Wickets": "0", "Economy": "3.50", "Dots": "40"}, {"player_name": "Shadab Khan", "Overs": "10", "Maidens": "1", "Runs": "42", "Wickets": "3", "Economy": "4.20", "Dots": "40"}, {"player_name": "Salman Ali Agha", "Overs": "2", "Maidens": "0", "Runs": "3", "Wickets": "1", "Economy": "1.50", "Dots": "9"}, {"player_name": "Mohammad Nawaz", "Overs": "9", "Maidens": "0", "Runs": "45", "Wickets": "2", "Economy": "5.00", "Dots": "29"}]}, "match_id": "102979"}