{"date": "07/08/2023 08:00:00 AM", "home": "Bangladesh", "away": "Afghanistan", "place": "Zahur Ahmed Chowdhury Stadium", "result": "Afghanistan won by 142 runs", "Team1": {"Name": "Bangladesh", "score": "189/10", "overs": "43.2/50 ov", "rr": "RR: 4.36", "batting": [{"Player Name": "Mohammad Naim", "Dismissed by": "b Fazalhaq Farooqi", "Runs": "9", "Balls Faced": "21", "Fours": "0", "Sixes": "0", "Strike Rate": "42.85"}, {"Player Name": "Litton Das", "Dismissed by": "c Mohammad Nabi b Fazalhaq Farooqi", "Runs": "13", "Balls Faced": "15", "Fours": "3", "Sixes": "0", "Strike Rate": "86.66"}, {"Player Name": "Najmul Hossain Shanto", "Dismissed by": "b Mujeeb Ur Rahman", "Runs": "1", "Balls Faced": "5", "Fours": "0", "Sixes": "0", "Strike Rate": "20.00"}, {"Player Name": "Towhid Hridoy", "Dismissed by": "b Rashid Khan", "Runs": "16", "Balls Faced": "34", "Fours": "2", "Sixes": "0", "Strike Rate": "47.05"}, {"Player Name": "Shakib Al Hasan", "Dismissed by": "lbw Mohammad Nabi", "Runs": "25", "Balls Faced": "29", "Fours": "3", "Sixes": "0", "Strike Rate": "86.20"}, {"Player Name": "Mushfiqur Rahim", "Dismissed by": "c Mujeeb Ur Rahman b Fazalhaq Farooqi", "Runs": "69", "Balls Faced": "85", "Fours": "6", "Sixes": "0", "Strike Rate": "81.17"}, {"Player Name": "Afif Hossain", "Dismissed by": "c Mohammad Nabi b Rashid Khan", "Runs": "0", "Balls Faced": "1", "Fours": "0", "Sixes": "0", "Strike Rate": "0.00"}, {"Player Name": "Mehidy Hasan Miraz", "Dismissed by": "c Rahmat Shah b Mujeeb Ur Rahman", "Runs": "25", "Balls Faced": "48", "Fours": "2", "Sixes": "0", "Strike Rate": "52.08"}, {"Player Name": "Hasan Mahmud", "Dismissed by": "lbw Mujeeb Ur Rahman", "Runs": "4", "Balls Faced": "12", "Fours": "1", "Sixes": "0", "Strike Rate": "33.33"}, {"Player Name": "Mustafizur Rahman", "Dismissed by": "", "Runs": "7", "Balls Faced": "10", "Fours": "1", "Sixes": "0", "Strike Rate": "70.00"}, {"Player Name": "Ebadot Hossain", "Dismissed by": "Retired Hurt", "Runs": "0", "Balls Faced": "0", "Fours": "0", "Sixes": "0", "Strike Rate": "-"}], "Extras": "Extras (w 14, b 4, lb 2)", "balling": [{"player_name": "Mustafizur Rahman", "Overs": "10", "Maidens": "0", "Runs": "60", "Wickets": "2", "Economy": "6.00", "Dots": "30"}, {"player_name": "Hasan Mahmud", "Overs": "10", "Maidens": "0", "Runs": "70", "Wickets": "2", "Economy": "7.00", "Dots": "27"}, {"player_name": "Ebadot Hossain", "Overs": "9.2", "Maidens": "0", "Runs": "61", "Wickets": "1", "Economy": "6.53", "Dots": "26"}, {"player_name": "Shakib Al Hasan", "Overs": "10", "Maidens": "0", "Runs": "50", "Wickets": "2", "Economy": "5.00", "Dots": "34"}, {"player_name": "Mehidy Hasan Miraz", "Overs": "9", "Maidens": "0", "Runs": "60", "Wickets": "2", "Economy": "6.66", "Dots": "24"}, {"player_name": "Najmul Hossain Shanto", "Overs": "1.4", "Maidens": "0", "Runs": "17", "Wickets": "0", "Economy": "10.20", "Dots": "3"}]}, "Team2": {"Name": "Afghanistan", "score": "331/9", "overs": "50/50 ov", "rr": "RR: 6.62", "batting": [{"Player Name": "Rahmanullah Gurbaz", "Dismissed by": "lbw Shakib Al Hasan", "Runs": "145", "Balls Faced": "125", "Fours": "13", "Sixes": "8", "Strike Rate": "116.00"}, {"Player Name": "Ibrahim Zadran", "Dismissed by": "c Najmul Hossain Shanto b Mustafizur Rahman", "Runs": "100", "Balls Faced": "119", "Fours": "9", "Sixes": "1", "Strike Rate": "84.03"}, {"Player Name": "Rahmat Shah", "Dismissed by": "c Mustafizur Rahman b Ebadot Hossain", "Runs": "2", "Balls Faced": "5", "Fours": "0", "Sixes": "0", "Strike Rate": "40.00"}, {"Player Name": "Hashmatullah Shahidi", "Dismissed by": "b Mehidy Hasan Miraz", "Runs": "2", "Balls Faced": "7", "Fours": "0", "Sixes": "0", "Strike Rate": "28.57"}, {"Player Name": "Najib Zadran", "Dismissed by": "c Litton Das b Mehidy Hasan Miraz", "Runs": "10", "Balls Faced": "15", "Fours": "1", "Sixes": "0", "Strike Rate": "66.66"}, {"Player Name": "Mohammad Nabi", "Dismissed by": "", "Runs": "25", "Balls Faced": "15", "Fours": "1", "Sixes": "1", "Strike Rate": "166.66"}, {"Player Name": "Rashid Khan", "Dismissed by": "st Mushfiqur Rahim b Shakib Al Hasan", "Runs": "6", "Balls Faced": "6", "Fours": "1", "Sixes": "0", "Strike Rate": "100.00"}, {"Player Name": "Azmat Omarzai", "Dismissed by": "c Shakib Al Hasan b Mustafizur Rahman", "Runs": "2", "Balls Faced": "7", "Fours": "0", "Sixes": "0", "Strike Rate": "28.57"}, {"Player Name": "Mujeeb Ur Rahman", "Dismissed by": "c Mohammad Naim b Hasan Mahmud", "Runs": "5", "Balls Faced": "3", "Fours": "1", "Sixes": "0", "Strike Rate": "166.66"}, {"Player Name": "Fazalhaq Farooqi", "Dismissed by": "c Mehidy Hasan Miraz b Hasan Mahmud", "Runs": "1", "Balls Faced": "2", "Fours": "0", "Sixes": "0", "Strike Rate": "50.00"}, {"Player Name": "Mohammad Saleem Safi", "Dismissed by": "", "Runs": "-", "Balls Faced": "-", "Fours": "-", "Sixes": "-", "Strike Rate": "-"}], "Extras": "Extras (nb 4, w 16, b 4, lb 9)", "balling": [{"player_name": "Fazalhaq Farooqi", "Overs": "7.2", "Maidens": "1", "Runs": "22", "Wickets": "3", "Economy": "3.00", "Dots": "31"}, {"player_name": "Mujeeb Ur Rahman", "Overs": "10", "Maidens": "0", "Runs": "40", "Wickets": "3", "Economy": "4.00", "Dots": "41"}, {"player_name": "Mohammad Saleem Safi", "Overs": "6", "Maidens": "0", "Runs": "34", "Wickets": "0", "Economy": "5.66", "Dots": "23"}, {"player_name": "Mohammad Nabi", "Overs": "6", "Maidens": "0", "Runs": "29", "Wickets": "1", "Economy": "4.83", "Dots": "11"}, {"player_name": "Rashid Khan", "Overs": "9", "Maidens": "0", "Runs": "28", "Wickets": "2", "Economy": "3.11", "Dots": "31"}, {"player_name": "Azmat Omarzai", "Overs": "5", "Maidens": "0", "Runs": "30", "Wickets": "0", "Economy": "6.00", "Dots": "15"}]}, "match_id": "102171"}