{"date": "06/16/2022 09:00:00 AM", "home": "Sri Lanka", "away": "Australia", "place": "Pallekele International Cricket Stadium", "result": "Sri Lanka won by 26 runs (DLS method)", "Team1": {"Name": "Sri Lanka", "score": "220/9", "overs": "47.4/47.4 ov", "rr": "RR: 4.61", "batting": [{"Player Name": "Danushka Gunathilaka", "Dismissed by": "c Matthew Kuhnemann b Pat Cummins", "Runs": "18", "Balls Faced": "30", "Fours": "1", "Sixes": "0", "Strike Rate": "60.00"}, {"Player Name": "Pathum Nissanka", "Dismissed by": "c Alex Carey b Matthew Kuhnemann", "Runs": "14", "Balls Faced": "17", "Fours": "3", "Sixes": "0", "Strike Rate": "82.35"}, {"Player Name": "Kusal Mendis", "Dismissed by": "c & b Glenn Maxwell", "Runs": "36", "Balls Faced": "41", "Fours": "2", "Sixes": "1", "Strike Rate": "87.80"}, {"Player Name": "Dhananjaya de Silva", "Dismissed by": "c Alex Carey b Pat Cummins", "Runs": "34", "Balls Faced": "41", "Fours": "2", "Sixes": "1", "Strike Rate": "82.92"}, {"Player Name": "Charith Asalanka", "Dismissed by": "c Matthew Kuhnemann b Glenn Maxwell", "Runs": "13", "Balls Faced": "27", "Fours": "1", "Sixes": "0", "Strike Rate": "48.14"}, {"Player Name": "Dasun Shanaka", "Dismissed by": "c Glenn Maxwell b Mitchell Swepson", "Runs": "34", "Balls Faced": "36", "Fours": "5", "Sixes": "0", "Strike Rate": "94.44"}, {"Player Name": "Chamika Karunaratne", "Dismissed by": "c Pat Cummins b Matthew Kuhnemann", "Runs": "18", "Balls Faced": "17", "Fours": "0", "Sixes": "1", "Strike Rate": "105.88"}, {"Player Name": "Dunith Wellalage", "Dismissed by": "b Pat Cummins", "Runs": "20", "Balls Faced": "35", "Fours": "1", "Sixes": "1", "Strike Rate": "57.14"}, {"Player Name": "Jeffrey Vandersay", "Dismissed by": "c Alex Carey b Pat Cummins", "Runs": "7", "Balls Faced": "10", "Fours": "0", "Sixes": "0", "Strike Rate": "70.00"}, {"Player Name": "Dushmantha Chameera", "Dismissed by": "", "Runs": "7", "Balls Faced": "18", "Fours": "1", "Sixes": "0", "Strike Rate": "38.88"}, {"Player Name": "Maheesh Theekshana", "Dismissed by": "", "Runs": "11", "Balls Faced": "14", "Fours": "1", "Sixes": "0", "Strike Rate": "78.57"}], "Extras": "Extras (w 3, lb 5)", "balling": [{"player_name": "Dushmantha Chameera", "Overs": "6.1", "Maidens": "0", "Runs": "19", "Wickets": "2", "Economy": "3.08", "Dots": "27"}, {"player_name": "Maheesh Theekshana", "Overs": "8", "Maidens": "0", "Runs": "44", "Wickets": "0", "Economy": "5.50", "Dots": "25"}, {"player_name": "Dhananjaya de Silva", "Overs": "6", "Maidens": "0", "Runs": "26", "Wickets": "2", "Economy": "4.33", "Dots": "16"}, {"player_name": "Jeffrey Vandersay", "Overs": "5", "Maidens": "1", "Runs": "23", "Wickets": "0", "Economy": "4.60", "Dots": "20"}, {"player_name": "Chamika Karunaratne", "Overs": "7", "Maidens": "0", "Runs": "47", "Wickets": "3", "Economy": "6.71", "Dots": "18"}, {"player_name": "Dunith Wellalage", "Overs": "5", "Maidens": "0", "Runs": "25", "Wickets": "2", "Economy": "5.00", "Dots": "16"}]}, "Team2": {"Name": "Australia", "score": "189", "overs": "37.1/43 ov", "rr": "RR: 5.08", "batting": [{"Player Name": "David Warner", "Dismissed by": "b Dhananjaya de Silva", "Runs": "37", "Balls Faced": "51", "Fours": "5", "Sixes": "0", "Strike Rate": "72.54"}, {"Player Name": "Aaron Finch", "Dismissed by": "lbw Dhananjaya de Silva", "Runs": "14", "Balls Faced": "15", "Fours": "2", "Sixes": "0", "Strike Rate": "93.33"}, {"Player Name": "Steve Smith", "Dismissed by": "c Maheesh Theekshana b Chamika Karunaratne", "Runs": "28", "Balls Faced": "35", "Fours": "3", "Sixes": "0", "Strike Rate": "80.00"}, {"Player Name": "Travis Head", "Dismissed by": "c Charith Asalanka b Dunith Wellalage", "Runs": "23", "Balls Faced": "34", "Fours": "2", "Sixes": "0", "Strike Rate": "67.64"}, {"Player Name": "Marnus Labuschagne", "Dismissed by": "c Dasun Shanaka b Dunith Wellalage", "Runs": "18", "Balls Faced": "30", "Fours": "0", "Sixes": "0", "Strike Rate": "60.00"}, {"Player Name": "Alex Carey", "Dismissed by": "run out (Chamika Karunaratne/Kusal Mendis)", "Runs": "15", "Balls Faced": "20", "Fours": "1", "Sixes": "0", "Strike Rate": "75.00"}, {"Player Name": "Glenn Maxwell", "Dismissed by": "c Dasun Shanaka b Chamika Karunaratne", "Runs": "30", "Balls Faced": "25", "Fours": "5", "Sixes": "0", "Strike Rate": "120.00"}, {"Player Name": "Pat Cummins", "Dismissed by": "c Dunith Wellalage b Dushmantha Chameera", "Runs": "4", "Balls Faced": "6", "Fours": "1", "Sixes": "0", "Strike Rate": "66.66"}, {"Player Name": "Mitchell Swepson", "Dismissed by": "b Chamika Karunaratne", "Runs": "2", "Balls Faced": "2", "Fours": "0", "Sixes": "0", "Strike Rate": "100.00"}, {"Player Name": "Matthew Kuhnemann", "Dismissed by": "b Dushmantha Chameera", "Runs": "1", "Balls Faced": "2", "Fours": "0", "Sixes": "0", "Strike Rate": "50.00"}, {"Player Name": "Josh Hazlewood", "Dismissed by": "", "Runs": "4", "Balls Faced": "3", "Fours": "1", "Sixes": "0", "Strike Rate": "133.33"}], "Extras": "Extras (w 8, lb 5)", "balling": [{"player_name": "Josh Hazlewood", "Overs": "7", "Maidens": "1", "Runs": "26", "Wickets": "0", "Economy": "3.71", "Dots": "27"}, {"player_name": "Matthew Kuhnemann", "Overs": "10", "Maidens": "0", "Runs": "48", "Wickets": "2", "Economy": "4.80", "Dots": "29"}, {"player_name": "Glenn Maxwell", "Overs": "10", "Maidens": "2", "Runs": "35", "Wickets": "2", "Economy": "3.50", "Dots": "39"}, {"player_name": "Pat Cummins", "Overs": "8.4", "Maidens": "0", "Runs": "35", "Wickets": "4", "Economy": "4.03", "Dots": "30"}, {"player_name": "Mitchell Swepson", "Overs": "10", "Maidens": "0", "Runs": "58", "Wickets": "1", "Economy": "5.80", "Dots": "30"}, {"player_name": "Marnus Labuschagne", "Overs": "2", "Maidens": "0", "Runs": "13", "Wickets": "0", "Economy": "6.50", "Dots": "5"}]}, "match_id": "100567"}