{"date": "09/22/2023 08:00:00 AM", "home": "India", "away": "Australia", "place": "Punjab Cricket Association Stadium", "result": "India won by 5 wickets", "Team1": {"Name": "India", "score": "281/5", "overs": "48.4/50 ov", "rr": "RR: 5.77", "batting": [{"Player Name": "Ruturaj Gaikwad", "Dismissed by": "lbw Adam Zampa", "Runs": "71", "Balls Faced": "77", "Fours": "10", "Sixes": "0", "Strike Rate": "92.20"}, {"Player Name": "Shubman Gill", "Dismissed by": "b Adam Zampa", "Runs": "74", "Balls Faced": "63", "Fours": "6", "Sixes": "2", "Strike Rate": "117.46"}, {"Player Name": "Shreyas Iyer", "Dismissed by": "run out (Cameron Green/Josh Inglis)", "Runs": "3", "Balls Faced": "8", "Fours": "0", "Sixes": "0", "Strike Rate": "37.50"}, {"Player Name": "KL Rahul", "Dismissed by": "", "Runs": "58", "Balls Faced": "63", "Fours": "4", "Sixes": "1", "Strike Rate": "92.06"}, {"Player Name": "Ishan Kishan", "Dismissed by": "c Josh Inglis b Pat Cummins", "Runs": "18", "Balls Faced": "26", "Fours": "2", "Sixes": "0", "Strike Rate": "69.23"}, {"Player Name": "Suryakumar Yadav", "Dismissed by": "c Mitchell Marsh b Sean Abbott", "Runs": "50", "Balls Faced": "49", "Fours": "5", "Sixes": "1", "Strike Rate": "102.04"}, {"Player Name": "Ravindra Jadeja", "Dismissed by": "", "Runs": "3", "Balls Faced": "6", "Fours": "0", "Sixes": "0", "Strike Rate": "50.00"}, {"Player Name": "Shardul Thakur", "Dismissed by": "", "Runs": "-", "Balls Faced": "-", "Fours": "-", "Sixes": "-", "Strike Rate": "-"}, {"Player Name": "Ravichandran Ashwin", "Dismissed by": "", "Runs": "-", "Balls Faced": "-", "Fours": "-", "Sixes": "-", "Strike Rate": "-"}, {"Player Name": "Mohammed Shami", "Dismissed by": "", "Runs": "-", "Balls Faced": "-", "Fours": "-", "Sixes": "-", "Strike Rate": "-"}, {"Player Name": "Jasprit Bumrah", "Dismissed by": "", "Runs": "-", "Balls Faced": "-", "Fours": "-", "Sixes": "-", "Strike Rate": "-"}], "Extras": "Extras (w 3, lb 1)", "balling": [{"player_name": "Mohammed Shami", "Overs": "10", "Maidens": "1", "Runs": "51", "Wickets": "5", "Economy": "5.10", "Dots": "33"}, {"player_name": "Jasprit Bumrah", "Overs": "10", "Maidens": "2", "Runs": "43", "Wickets": "1", "Economy": "4.30", "Dots": "39"}, {"player_name": "Shardul Thakur", "Overs": "10", "Maidens": "0", "Runs": "78", "Wickets": "0", "Economy": "7.80", "Dots": "28"}, {"player_name": "Ravichandran Ashwin", "Overs": "10", "Maidens": "0", "Runs": "47", "Wickets": "1", "Economy": "4.70", "Dots": "31"}, {"player_name": "Ravindra Jadeja", "Overs": "10", "Maidens": "0", "Runs": "51", "Wickets": "1", "Economy": "5.10", "Dots": "24"}]}, "Team2": {"Name": "Australia", "score": "276", "overs": "50/50 ov", "rr": "RR: 5.52", "batting": [{"Player Name": "Mitchell Marsh", "Dismissed by": "c Shubman Gill b Mohammed Shami", "Runs": "4", "Balls Faced": "4", "Fours": "1", "Sixes": "0", "Strike Rate": "100.00"}, {"Player Name": "David Warner", "Dismissed by": "c Shubman Gill b Ravindra Jadeja", "Runs": "52", "Balls Faced": "53", "Fours": "6", "Sixes": "2", "Strike Rate": "98.11"}, {"Player Name": "Steve Smith", "Dismissed by": "b Mohammed Shami", "Runs": "41", "Balls Faced": "60", "Fours": "3", "Sixes": "1", "Strike Rate": "68.33"}, {"Player Name": "Marnus Labuschagne", "Dismissed by": "st KL Rahul b Ravichandran Ashwin", "Runs": "39", "Balls Faced": "49", "Fours": "3", "Sixes": "0", "Strike Rate": "79.59"}, {"Player Name": "Cameron Green", "Dismissed by": "run out (Suryakumar Yadav)", "Runs": "31", "Balls Faced": "52", "Fours": "3", "Sixes": "0", "Strike Rate": "59.61"}, {"Player Name": "Josh Inglis", "Dismissed by": "c Shreyas Iyer b Jasprit Bumrah", "Runs": "45", "Balls Faced": "45", "Fours": "3", "Sixes": "2", "Strike Rate": "100.00"}, {"Player Name": "Marcus Stoinis", "Dismissed by": "b Mohammed Shami", "Runs": "29", "Balls Faced": "21", "Fours": "5", "Sixes": "0", "Strike Rate": "138.09"}, {"Player Name": "Matthew Short", "Dismissed by": "c Suryakumar Yadav b Mohammed Shami", "Runs": "2", "Balls Faced": "4", "Fours": "0", "Sixes": "0", "Strike Rate": "50.00"}, {"Player Name": "Pat Cummins", "Dismissed by": "", "Runs": "21", "Balls Faced": "9", "Fours": "2", "Sixes": "1", "Strike Rate": "233.33"}, {"Player Name": "Sean Abbott", "Dismissed by": "b Mohammed Shami", "Runs": "2", "Balls Faced": "2", "Fours": "0", "Sixes": "0", "Strike Rate": "100.00"}, {"Player Name": "Adam Zampa", "Dismissed by": "run out (Ravindra Jadeja/KL Rahul)", "Runs": "2", "Balls Faced": "2", "Fours": "0", "Sixes": "0", "Strike Rate": "100.00"}], "Extras": "Extras (nb 1, w 1, b 4, lb 2)", "balling": [{"player_name": "Pat Cummins", "Overs": "10", "Maidens": "0", "Runs": "44", "Wickets": "1", "Economy": "4.40", "Dots": "34"}, {"player_name": "Marcus Stoinis", "Overs": "5", "Maidens": "0", "Runs": "40", "Wickets": "0", "Economy": "8.00", "Dots": "11"}, {"player_name": "Sean Abbott", "Overs": "9.4", "Maidens": "1", "Runs": "56", "Wickets": "1", "Economy": "5.79", "Dots": "30"}, {"player_name": "Cameron Green", "Overs": "6", "Maidens": "0", "Runs": "44", "Wickets": "0", "Economy": "7.33", "Dots": "13"}, {"player_name": "Matthew Short", "Overs": "8", "Maidens": "0", "Runs": "39", "Wickets": "0", "Economy": "4.87", "Dots": "21"}, {"player_name": "Adam Zampa", "Overs": "10", "Maidens": "0", "Runs": "57", "Wickets": "2", "Economy": "5.70", "Dots": "23"}]}, "match_id": "102962"}