{"date": "05/28/2021 07:00:00 AM", "home": "Bangladesh", "away": "Sri Lanka", "place": "Sher-e-Bangla National Cricket Stadium", "result": "Sri Lanka win by 97 runs", "Team1": {"Name": "Bangladesh", "score": "189", "overs": "42.3/50 ov", "rr": "RR: 4.44", "batting": [{"Player Name": "Tamim Iqbal", "Dismissed by": "c Niroshan Dickwella b Dushmantha Chameera", "Runs": "17", "Balls Faced": "29", "Fours": "2", "Sixes": "0", "Strike Rate": "58.62"}, {"Player Name": "Mohammad Naim", "Dismissed by": "c Kusal Mendis b Dushmantha Chameera", "Runs": "1", "Balls Faced": "2", "Fours": "0", "Sixes": "0", "Strike Rate": "50.00"}, {"Player Name": "Shakib Al Hasan", "Dismissed by": "c Ramesh Mendis b Dushmantha Chameera", "Runs": "4", "Balls Faced": "7", "Fours": "0", "Sixes": "0", "Strike Rate": "57.14"}, {"Player Name": "Mushfiqur Rahim", "Dismissed by": "c Dhananjaya de Silva b Ramesh Mendis", "Runs": "28", "Balls Faced": "54", "Fours": "0", "Sixes": "0", "Strike Rate": "51.85"}, {"Player Name": "Mosaddek Hossain", "Dismissed by": "c Binura Fernando b Ramesh Mendis", "Runs": "51", "Balls Faced": "72", "Fours": "3", "Sixes": "1", "Strike Rate": "70.83"}, {"Player Name": "Mahmudullah", "Dismissed by": "c Niroshan Dickwella b Binura Fernando", "Runs": "53", "Balls Faced": "63", "Fours": "2", "Sixes": "1", "Strike Rate": "84.12"}, {"Player Name": "Afif Hossain", "Dismissed by": "c Dushmantha Chameera b Wanindu Hasaranga", "Runs": "16", "Balls Faced": "17", "Fours": "0", "Sixes": "0", "Strike Rate": "94.11"}, {"Player Name": "Mehidy Hasan", "Dismissed by": "c Danushka Gunathilaka b Dushmantha Chameera", "Runs": "0", "Balls Faced": "4", "Fours": "0", "Sixes": "0", "Strike Rate": "0.00"}, {"Player Name": "Taskin Ahmed", "Dismissed by": "b Dushmantha Chameera", "Runs": "0", "Balls Faced": "2", "Fours": "0", "Sixes": "0", "Strike Rate": "0.00"}, {"Player Name": "Shoriful Islam", "Dismissed by": "c Niroshan Dickwella b Wanindu Hasaranga", "Runs": "8", "Balls Faced": "5", "Fours": "0", "Sixes": "1", "Strike Rate": "160.00"}, {"Player Name": "Mustafizur Rahman", "Dismissed by": "", "Runs": "0", "Balls Faced": "0", "Fours": "0", "Sixes": "0", "Strike Rate": "-"}], "Extras": "Extras (w 6, b 4, lb 1)", "balling": [{"player_name": "Shoriful Islam", "Overs": "8", "Maidens": "0", "Runs": "56", "Wickets": "1", "Economy": "7.00", "Dots": "24"}, {"player_name": "Mehidy Hasan", "Overs": "10", "Maidens": "0", "Runs": "48", "Wickets": "0", "Economy": "4.80", "Dots": "29"}, {"player_name": "Mosaddek Hossain", "Overs": "3", "Maidens": "0", "Runs": "32", "Wickets": "0", "Economy": "10.66", "Dots": "8"}, {"player_name": "Taskin Ahmed", "Overs": "9", "Maidens": "0", "Runs": "46", "Wickets": "4", "Economy": "5.11", "Dots": "26"}, {"player_name": "Mustafizur Rahman", "Overs": "10", "Maidens": "0", "Runs": "47", "Wickets": "0", "Economy": "4.70", "Dots": "24"}, {"player_name": "Shakib Al Hasan", "Overs": "10", "Maidens": "0", "Runs": "48", "Wickets": "0", "Economy": "4.80", "Dots": "21"}]}, "Team2": {"Name": "Sri Lanka", "score": "286/6", "overs": "50/50 ov", "rr": "RR: 5.72", "batting": [{"Player Name": "Danushka Gunathilaka", "Dismissed by": "b Taskin Ahmed", "Runs": "39", "Balls Faced": "33", "Fours": "5", "Sixes": "1", "Strike Rate": "118.18"}, {"Player Name": "Kusal Perera", "Dismissed by": "c Mahmudullah b Shoriful Islam", "Runs": "120", "Balls Faced": "122", "Fours": "11", "Sixes": "1", "Strike Rate": "98.36"}, {"Player Name": "Pathum Nissanka", "Dismissed by": "c Mushfiqur Rahim b Taskin Ahmed", "Runs": "0", "Balls Faced": "4", "Fours": "0", "Sixes": "0", "Strike Rate": "0.00"}, {"Player Name": "Kusal Mendis", "Dismissed by": "c Tamim Iqbal b Taskin Ahmed", "Runs": "22", "Balls Faced": "36", "Fours": "0", "Sixes": "1", "Strike Rate": "61.11"}, {"Player Name": "Dhananjaya de Silva", "Dismissed by": "", "Runs": "55", "Balls Faced": "70", "Fours": "4", "Sixes": "0", "Strike Rate": "78.57"}, {"Player Name": "Niroshan Dickwella", "Dismissed by": "run out (Shoriful Islam)", "Runs": "7", "Balls Faced": "9", "Fours": "0", "Sixes": "0", "Strike Rate": "77.77"}, {"Player Name": "Wanindu Hasaranga", "Dismissed by": "c Mehidy Hasan b Taskin Ahmed", "Runs": "18", "Balls Faced": "21", "Fours": "1", "Sixes": "0", "Strike Rate": "85.71"}, {"Player Name": "Ramesh Mendis", "Dismissed by": "", "Runs": "8", "Balls Faced": "6", "Fours": "0", "Sixes": "1", "Strike Rate": "133.33"}, {"Player Name": "Chamika Karunaratne", "Dismissed by": "", "Runs": "-", "Balls Faced": "-", "Fours": "-", "Sixes": "-", "Strike Rate": "-"}, {"Player Name": "Binura Fernando", "Dismissed by": "", "Runs": "-", "Balls Faced": "-", "Fours": "-", "Sixes": "-", "Strike Rate": "-"}, {"Player Name": "Dushmantha Chameera", "Dismissed by": "", "Runs": "-", "Balls Faced": "-", "Fours": "-", "Sixes": "-", "Strike Rate": "-"}], "Extras": "Extras (nb 1, w 7, lb 9)", "balling": [{"player_name": "Dhananjaya de Silva", "Overs": "4", "Maidens": "0", "Runs": "14", "Wickets": "0", "Economy": "3.50", "Dots": "11"}, {"player_name": "Dushmantha Chameera", "Overs": "9", "Maidens": "1", "Runs": "16", "Wickets": "5", "Economy": "1.77", "Dots": "40"}, {"player_name": "Binura Fernando", "Overs": "6.3", "Maidens": "0", "Runs": "33", "Wickets": "1", "Economy": "5.07", "Dots": "17"}, {"player_name": "Chamika Karunaratne", "Overs": "6", "Maidens": "0", "Runs": "34", "Wickets": "0", "Economy": "5.66", "Dots": "16"}, {"player_name": "Wanindu Hasaranga", "Overs": "10", "Maidens": "0", "Runs": "47", "Wickets": "2", "Economy": "4.70", "Dots": "34"}, {"player_name": "Ramesh Mendis", "Overs": "7", "Maidens": "0", "Runs": "40", "Wickets": "2", "Economy": "5.71", "Dots": "14"}]}, "match_id": "31760"}