{"date": "01/19/2022 08:30:00 AM", "home": "South Africa", "away": "India", "place": "Boland Park", "result": "South Africa won by 31 runs", "Team1": {"Name": "South Africa", "score": "296/4", "overs": "50.0/50 ov", "rr": "RR: 5.92", "batting": [{"Player Name": "Quinton de Kock", "Dismissed by": "b Ravichandran Ashwin", "Runs": "27", "Balls Faced": "41", "Fours": "2", "Sixes": "0", "Strike Rate": "65.85"}, {"Player Name": "Janneman Malan", "Dismissed by": "c Rishabh Pant b Jasprit Bumrah", "Runs": "6", "Balls Faced": "10", "Fours": "1", "Sixes": "0", "Strike Rate": "60.00"}, {"Player Name": "Temba Bavuma", "Dismissed by": "c KL Rahul b Jasprit Bumrah", "Runs": "110", "Balls Faced": "143", "Fours": "8", "Sixes": "0", "Strike Rate": "76.92"}, {"Player Name": "Aiden Markram", "Dismissed by": "run out (Venkatesh Iyer)", "Runs": "4", "Balls Faced": "11", "Fours": "0", "Sixes": "0", "Strike Rate": "36.36"}, {"Player Name": "Rassie van der Dussen", "Dismissed by": "", "Runs": "129", "Balls Faced": "96", "Fours": "9", "Sixes": "4", "Strike Rate": "134.37"}, {"Player Name": "David Miller", "Dismissed by": "", "Runs": "2", "Balls Faced": "2", "Fours": "0", "Sixes": "0", "Strike Rate": "100.00"}, {"Player Name": "Andile Phehlukwayo", "Dismissed by": "", "Runs": "-", "Balls Faced": "-", "Fours": "-", "Sixes": "-", "Strike Rate": "-"}, {"Player Name": "Marco Jansen", "Dismissed by": "", "Runs": "-", "Balls Faced": "-", "Fours": "-", "Sixes": "-", "Strike Rate": "-"}, {"Player Name": "Keshav Maharaj", "Dismissed by": "", "Runs": "-", "Balls Faced": "-", "Fours": "-", "Sixes": "-", "Strike Rate": "-"}, {"Player Name": "Tabraiz Shamsi", "Dismissed by": "", "Runs": "-", "Balls Faced": "-", "Fours": "-", "Sixes": "-", "Strike Rate": "-"}, {"Player Name": "Lungi Ngidi", "Dismissed by": "", "Runs": "-", "Balls Faced": "-", "Fours": "-", "Sixes": "-", "Strike Rate": "-"}], "Extras": "Extras (nb 3, w 9, lb 6)", "balling": [{"player_name": "Aiden Markram", "Overs": "6", "Maidens": "0", "Runs": "30", "Wickets": "1", "Economy": "5.00", "Dots": "16"}, {"player_name": "Marco Jansen", "Overs": "9", "Maidens": "0", "Runs": "49", "Wickets": "0", "Economy": "5.44", "Dots": "30"}, {"player_name": "Keshav Maharaj", "Overs": "10", "Maidens": "0", "Runs": "42", "Wickets": "1", "Economy": "4.20", "Dots": "27"}, {"player_name": "Lungi Ngidi", "Overs": "10", "Maidens": "0", "Runs": "64", "Wickets": "2", "Economy": "6.40", "Dots": "22"}, {"player_name": "Tabraiz Shamsi", "Overs": "10", "Maidens": "1", "Runs": "52", "Wickets": "2", "Economy": "5.20", "Dots": "24"}, {"player_name": "Andile Phehlukwayo", "Overs": "5", "Maidens": "0", "Runs": "26", "Wickets": "2", "Economy": "5.20", "Dots": "15"}]}, "Team2": {"Name": "India", "score": "265/8", "overs": "50/50 ov", "rr": "RR: 5.30", "batting": [{"Player Name": "KL Rahul", "Dismissed by": "c Quinton de Kock b Aiden Markram", "Runs": "12", "Balls Faced": "17", "Fours": "0", "Sixes": "0", "Strike Rate": "70.58"}, {"Player Name": "Shikhar Dhawan", "Dismissed by": "b Keshav Maharaj", "Runs": "79", "Balls Faced": "84", "Fours": "10", "Sixes": "0", "Strike Rate": "94.04"}, {"Player Name": "Virat Kohli", "Dismissed by": "c Temba Bavuma b Tabraiz Shamsi", "Runs": "51", "Balls Faced": "63", "Fours": "3", "Sixes": "0", "Strike Rate": "80.95"}, {"Player Name": "Rishabh Pant", "Dismissed by": "st Quinton de Kock b Andile Phehlukwayo", "Runs": "16", "Balls Faced": "22", "Fours": "1", "Sixes": "0", "Strike Rate": "72.72"}, {"Player Name": "Shreyas Iyer", "Dismissed by": "c Quinton de Kock b Lungi Ngidi", "Runs": "17", "Balls Faced": "17", "Fours": "1", "Sixes": "0", "Strike Rate": "100.00"}, {"Player Name": "Venkatesh Iyer", "Dismissed by": "c Rassie van der Dussen b Lungi Ngidi", "Runs": "2", "Balls Faced": "7", "Fours": "0", "Sixes": "0", "Strike Rate": "28.57"}, {"Player Name": "Ravichandran Ashwin", "Dismissed by": "b Andile Phehlukwayo", "Runs": "7", "Balls Faced": "13", "Fours": "0", "Sixes": "0", "Strike Rate": "53.84"}, {"Player Name": "Shardul Thakur", "Dismissed by": "", "Runs": "50", "Balls Faced": "43", "Fours": "5", "Sixes": "1", "Strike Rate": "116.27"}, {"Player Name": "Bhuvneshwar Kumar", "Dismissed by": "c Temba Bavuma b Tabraiz Shamsi", "Runs": "4", "Balls Faced": "11", "Fours": "0", "Sixes": "0", "Strike Rate": "36.36"}, {"Player Name": "Jasprit Bumrah", "Dismissed by": "", "Runs": "14", "Balls Faced": "23", "Fours": "1", "Sixes": "0", "Strike Rate": "60.86"}, {"Player Name": "Yuzvendra Chahal", "Dismissed by": "", "Runs": "-", "Balls Faced": "-", "Fours": "-", "Sixes": "-", "Strike Rate": "-"}], "Extras": "Extras (w 11, b 2)", "balling": [{"player_name": "Jasprit Bumrah", "Overs": "10", "Maidens": "0", "Runs": "48", "Wickets": "2", "Economy": "4.80", "Dots": "30"}, {"player_name": "Bhuvneshwar Kumar", "Overs": "10", "Maidens": "0", "Runs": "64", "Wickets": "0", "Economy": "6.40", "Dots": "26"}, {"player_name": "Shardul Thakur", "Overs": "10.3", "Maidens": "1", "Runs": "73", "Wickets": "0", "Economy": "6.95", "Dots": "27"}, {"player_name": "Ravichandran Ashwin", "Overs": "10", "Maidens": "0", "Runs": "53", "Wickets": "1", "Economy": "5.30", "Dots": "20"}, {"player_name": "Yuzvendra Chahal", "Overs": "10", "Maidens": "0", "Runs": "53", "Wickets": "0", "Economy": "5.30", "Dots": "30"}]}, "match_id": "33714"}