{"date": "06/02/2023 04:30:00 AM", "home": "Sri Lanka", "away": "Afghanistan", "place": "Mahinda Rajapaksa International Cricket Stadium", "result": "Afghanistan won by 6 wickets", "Team1": {"Name": "Sri Lanka", "score": "268", "overs": "50/50 ov", "rr": "RR: 5.36", "batting": [{"Player Name": "Pathum Nissanka", "Dismissed by": "c Hashmatullah Shahidi b Mujeeb Ur Rahman", "Runs": "38", "Balls Faced": "59", "Fours": "5", "Sixes": "0", "Strike Rate": "64.40"}, {"Player Name": "Dimuth Karunaratne", "Dismissed by": "c Rahmat Shah b Fazalhaq Farooqi", "Runs": "4", "Balls Faced": "6", "Fours": "1", "Sixes": "0", "Strike Rate": "66.66"}, {"Player Name": "Kusal Mendis", "Dismissed by": "c Rahmat Shah b Fazalhaq Farooqi", "Runs": "11", "Balls Faced": "17", "Fours": "2", "Sixes": "0", "Strike Rate": "64.70"}, {"Player Name": "Angelo Mathews", "Dismissed by": "c Rahmanullah Gurbaz b Fareed Malik", "Runs": "12", "Balls Faced": "21", "Fours": "0", "Sixes": "0", "Strike Rate": "57.14"}, {"Player Name": "Charith Asalanka", "Dismissed by": "run out (Rahmanullah Gurbaz)", "Runs": "91", "Balls Faced": "95", "Fours": "12", "Sixes": "0", "Strike Rate": "95.78"}, {"Player Name": "Dhananjaya de Silva", "Dismissed by": "b Mohammad Nabi", "Runs": "51", "Balls Faced": "59", "Fours": "5", "Sixes": "0", "Strike Rate": "86.44"}, {"Player Name": "Dasun Shanaka", "Dismissed by": "b Noor Ahmad", "Runs": "17", "Balls Faced": "16", "Fours": "1", "Sixes": "0", "Strike Rate": "106.25"}, {"Player Name": "Dushan Hemantha", "Dismissed by": "c Noor Ahmad b Fareed Malik", "Runs": "22", "Balls Faced": "20", "Fours": "1", "Sixes": "1", "Strike Rate": "110.00"}, {"Player Name": "Lahiru Kumara", "Dismissed by": "", "Runs": "4", "Balls Faced": "5", "Fours": "0", "Sixes": "0", "Strike Rate": "80.00"}, {"Player Name": "Kasun Rajitha", "Dismissed by": "b Azmat Omarzai", "Runs": "0", "Balls Faced": "1", "Fours": "0", "Sixes": "0", "Strike Rate": "0.00"}, {"Player Name": "Matheesha Pathirana", "Dismissed by": "run out (Hashmatullah Shahidi/Azmat Omarzai)", "Runs": "1", "Balls Faced": "2", "Fours": "0", "Sixes": "0", "Strike Rate": "50.00"}], "Extras": "Extras (nb 1, w 14, lb 2)", "balling": [{"player_name": "Kasun Rajitha", "Overs": "10", "Maidens": "0", "Runs": "49", "Wickets": "2", "Economy": "4.90", "Dots": "40"}, {"player_name": "Lahiru Kumara", "Overs": "4.3", "Maidens": "1", "Runs": "21", "Wickets": "1", "Economy": "4.66", "Dots": "18"}, {"player_name": "Matheesha Pathirana", "Overs": "8.5", "Maidens": "0", "Runs": "66", "Wickets": "1", "Economy": "7.47", "Dots": "27"}, {"player_name": "Dasun Shanaka", "Overs": "4.3", "Maidens": "0", "Runs": "32", "Wickets": "0", "Economy": "7.11", "Dots": "12"}, {"player_name": "Dushan Hemantha", "Overs": "9", "Maidens": "0", "Runs": "50", "Wickets": "0", "Economy": "5.55", "Dots": "20"}, {"player_name": "Dhananjaya de Silva", "Overs": "10", "Maidens": "0", "Runs": "44", "Wickets": "0", "Economy": "4.40", "Dots": "29"}]}, "Team2": {"Name": "Afghanistan", "score": "269/4", "overs": "46.5/50 ov", "rr": "RR: 5.74", "batting": [{"Player Name": "Rahmanullah Gurbaz", "Dismissed by": "b Lahiru Kumara", "Runs": "14", "Balls Faced": "23", "Fours": "2", "Sixes": "0", "Strike Rate": "60.86"}, {"Player Name": "Ibrahim Zadran", "Dismissed by": "c Sadeera Samarawickrama b Kasun Rajitha", "Runs": "98", "Balls Faced": "98", "Fours": "11", "Sixes": "2", "Strike Rate": "100.00"}, {"Player Name": "Rahmat Shah", "Dismissed by": "c Dhananjaya de Silva b Matheesha Pathirana", "Runs": "55", "Balls Faced": "80", "Fours": "3", "Sixes": "0", "Strike Rate": "68.75"}, {"Player Name": "Hashmatullah Shahidi", "Dismissed by": "c Kusal Mendis b Kasun Rajitha", "Runs": "38", "Balls Faced": "47", "Fours": "4", "Sixes": "0", "Strike Rate": "80.85"}, {"Player Name": "Mohammad Nabi", "Dismissed by": "", "Runs": "27", "Balls Faced": "28", "Fours": "4", "Sixes": "0", "Strike Rate": "96.42"}, {"Player Name": "Najib Zadran", "Dismissed by": "", "Runs": "7", "Balls Faced": "6", "Fours": "1", "Sixes": "0", "Strike Rate": "116.66"}, {"Player Name": "Azmat Omarzai", "Dismissed by": "", "Runs": "-", "Balls Faced": "-", "Fours": "-", "Sixes": "-", "Strike Rate": "-"}, {"Player Name": "Mujeeb Ur Rahman", "Dismissed by": "", "Runs": "-", "Balls Faced": "-", "Fours": "-", "Sixes": "-", "Strike Rate": "-"}, {"Player Name": "Noor Ahmad", "Dismissed by": "", "Runs": "-", "Balls Faced": "-", "Fours": "-", "Sixes": "-", "Strike Rate": "-"}, {"Player Name": "Fazalhaq Farooqi", "Dismissed by": "", "Runs": "-", "Balls Faced": "-", "Fours": "-", "Sixes": "-", "Strike Rate": "-"}, {"Player Name": "Fareed Malik", "Dismissed by": "", "Runs": "-", "Balls Faced": "-", "Fours": "-", "Sixes": "-", "Strike Rate": "-"}], "Extras": "Extras (nb 1, w 22, b 1, lb 6)", "balling": [{"player_name": "Fazalhaq Farooqi", "Overs": "9", "Maidens": "0", "Runs": "58", "Wickets": "2", "Economy": "6.44", "Dots": "31"}, {"player_name": "Azmat Omarzai", "Overs": "8", "Maidens": "1", "Runs": "35", "Wickets": "1", "Economy": "4.37", "Dots": "29"}, {"player_name": "Fareed Malik", "Overs": "8", "Maidens": "0", "Runs": "43", "Wickets": "2", "Economy": "5.37", "Dots": "24"}, {"player_name": "Mujeeb Ur Rahman", "Overs": "10", "Maidens": "1", "Runs": "45", "Wickets": "1", "Economy": "4.50", "Dots": "30"}, {"player_name": "Noor Ahmad", "Overs": "8", "Maidens": "0", "Runs": "54", "Wickets": "1", "Economy": "6.75", "Dots": "22"}, {"player_name": "Mohammad Nabi", "Overs": "7", "Maidens": "0", "Runs": "31", "Wickets": "1", "Economy": "4.42", "Dots": "22"}]}, "match_id": "102114"}