{"date": "06/26/2019 09:30:00 AM", "home": "New Zealand", "away": "Pakistan", "place": "Edgbaston", "result": "Pakistan win by 6 wickets", "Team1": {"Name": "New Zealand", "score": "237/6", "overs": "50/50 ov", "rr": "RR: 4.74", "batting": [{"Player Name": "Martin Guptill", "Dismissed by": "b Mohammad Amir", "Runs": "5", "Balls Faced": "4", "Fours": "1", "Sixes": "0", "Strike Rate": "125.00"}, {"Player Name": "Colin Munro", "Dismissed by": "c Haris Sohail b Shaheen Afridi", "Runs": "12", "Balls Faced": "17", "Fours": "2", "Sixes": "0", "Strike Rate": "70.58"}, {"Player Name": "Kane Williamson", "Dismissed by": "c Sarfaraz Ahmed b Shadab Khan", "Runs": "41", "Balls Faced": "69", "Fours": "4", "Sixes": "0", "Strike Rate": "59.42"}, {"Player Name": "Ross Taylor", "Dismissed by": "c Sarfaraz Ahmed b Shaheen Afridi", "Runs": "3", "Balls Faced": "8", "Fours": "0", "Sixes": "0", "Strike Rate": "37.50"}, {"Player Name": "Tom Latham", "Dismissed by": "c Sarfaraz Ahmed b Shaheen Afridi", "Runs": "1", "Balls Faced": "14", "Fours": "0", "Sixes": "0", "Strike Rate": "7.14"}, {"Player Name": "Jimmy Neesham", "Dismissed by": "", "Runs": "97", "Balls Faced": "112", "Fours": "5", "Sixes": "3", "Strike Rate": "86.60"}, {"Player Name": "Colin de Grandhomme", "Dismissed by": "run out (Mohammad Amir/Sarfaraz Ahmed)", "Runs": "64", "Balls Faced": "71", "Fours": "6", "Sixes": "1", "Strike Rate": "90.14"}, {"Player Name": "Mitchell Santner", "Dismissed by": "", "Runs": "5", "Balls Faced": "5", "Fours": "0", "Sixes": "0", "Strike Rate": "100.00"}, {"Player Name": "Matt Henry", "Dismissed by": "", "Runs": "-", "Balls Faced": "-", "Fours": "-", "Sixes": "-", "Strike Rate": "-"}, {"Player Name": "Lockie Ferguson", "Dismissed by": "", "Runs": "-", "Balls Faced": "-", "Fours": "-", "Sixes": "-", "Strike Rate": "-"}, {"Player Name": "Trent Boult", "Dismissed by": "", "Runs": "-", "Balls Faced": "-", "Fours": "-", "Sixes": "-", "Strike Rate": "-"}], "Extras": "Extras (w 4, b 2, lb 3)", "balling": [{"player_name": "Trent Boult", "Overs": "10", "Maidens": "0", "Runs": "48", "Wickets": "1", "Economy": "4.80", "Dots": "42"}, {"player_name": "Matt Henry", "Overs": "7", "Maidens": "0", "Runs": "25", "Wickets": "0", "Economy": "3.57", "Dots": "27"}, {"player_name": "Lockie Ferguson", "Overs": "8.1", "Maidens": "0", "Runs": "50", "Wickets": "1", "Economy": "6.12", "Dots": "26"}, {"player_name": "Colin de Grandhomme", "Overs": "2", "Maidens": "0", "Runs": "12", "Wickets": "0", "Economy": "6.00", "Dots": "6"}, {"player_name": "Mitchell Santner", "Overs": "10", "Maidens": "0", "Runs": "38", "Wickets": "0", "Economy": "3.80", "Dots": "37"}, {"player_name": "Jimmy Neesham", "Overs": "3", "Maidens": "0", "Runs": "20", "Wickets": "0", "Economy": "6.66", "Dots": "9"}, {"player_name": "Kane Williamson", "Overs": "8", "Maidens": "0", "Runs": "39", "Wickets": "1", "Economy": "4.87", "Dots": "24"}, {"player_name": "Colin Munro", "Overs": "1", "Maidens": "0", "Runs": "9", "Wickets": "0", "Economy": "9.00", "Dots": "1"}]}, "Team2": {"Name": "Pakistan", "score": "241/4", "overs": "49.1/50 ov", "rr": "RR: 4.90", "batting": [{"Player Name": "Imam-ul-Haq", "Dismissed by": "c Martin Guptill b Lockie Ferguson", "Runs": "19", "Balls Faced": "29", "Fours": "3", "Sixes": "0", "Strike Rate": "65.51"}, {"Player Name": "Fakhar Zaman", "Dismissed by": "c Martin Guptill b Trent Boult", "Runs": "9", "Balls Faced": "10", "Fours": "2", "Sixes": "0", "Strike Rate": "90.00"}, {"Player Name": "Babar Azam", "Dismissed by": "", "Runs": "101", "Balls Faced": "127", "Fours": "11", "Sixes": "0", "Strike Rate": "79.52"}, {"Player Name": "Mohammad Hafeez", "Dismissed by": "c Lockie Ferguson b Kane Williamson", "Runs": "32", "Balls Faced": "50", "Fours": "5", "Sixes": "0", "Strike Rate": "64.00"}, {"Player Name": "Haris Sohail", "Dismissed by": "run out (Martin Guptill)", "Runs": "68", "Balls Faced": "76", "Fours": "5", "Sixes": "2", "Strike Rate": "89.47"}, {"Player Name": "Sarfaraz Ahmed", "Dismissed by": "", "Runs": "5", "Balls Faced": "3", "Fours": "1", "Sixes": "0", "Strike Rate": "166.66"}, {"Player Name": "Imad Wasim", "Dismissed by": "", "Runs": "-", "Balls Faced": "-", "Fours": "-", "Sixes": "-", "Strike Rate": "-"}, {"Player Name": "Shadab Khan", "Dismissed by": "", "Runs": "-", "Balls Faced": "-", "Fours": "-", "Sixes": "-", "Strike Rate": "-"}, {"Player Name": "Wahab Riaz", "Dismissed by": "", "Runs": "-", "Balls Faced": "-", "Fours": "-", "Sixes": "-", "Strike Rate": "-"}, {"Player Name": "Mohammad Amir", "Dismissed by": "", "Runs": "-", "Balls Faced": "-", "Fours": "-", "Sixes": "-", "Strike Rate": "-"}, {"Player Name": "Shaheen Afridi", "Dismissed by": "", "Runs": "-", "Balls Faced": "-", "Fours": "-", "Sixes": "-", "Strike Rate": "-"}], "Extras": "Extras (w 7)", "balling": [{"player_name": "Mohammad Hafeez", "Overs": "7", "Maidens": "0", "Runs": "22", "Wickets": "0", "Economy": "3.14", "Dots": "25"}, {"player_name": "Mohammad Amir", "Overs": "10", "Maidens": "0", "Runs": "67", "Wickets": "1", "Economy": "6.70", "Dots": "31"}, {"player_name": "Shaheen Afridi", "Overs": "10", "Maidens": "3", "Runs": "28", "Wickets": "3", "Economy": "2.80", "Dots": "43"}, {"player_name": "Imad Wasim", "Overs": "3", "Maidens": "0", "Runs": "17", "Wickets": "0", "Economy": "5.66", "Dots": "7"}, {"player_name": "Shadab Khan", "Overs": "10", "Maidens": "0", "Runs": "43", "Wickets": "1", "Economy": "4.30", "Dots": "32"}, {"player_name": "Wahab Riaz", "Overs": "10", "Maidens": "0", "Runs": "55", "Wickets": "0", "Economy": "5.50", "Dots": "30"}]}, "match_id": "8224"}