{"date": "01/29/2023 08:00:00 AM", "home": "South Africa", "away": "England", "place": "Mangaung Oval", "result": "South Africa won by 5 wickets", "Team1": {"Name": "South Africa", "score": "347/5", "overs": "49.1/50 ov", "rr": "RR: 7.05", "batting": [{"Player Name": "Quinton de Kock", "Dismissed by": "c Ben Duckett b Olly Stone", "Runs": "31", "Balls Faced": "28", "Fours": "4", "Sixes": "1", "Strike Rate": "110.71"}, {"Player Name": "Temba Bavuma", "Dismissed by": "b Sam Curran", "Runs": "109", "Balls Faced": "102", "Fours": "14", "Sixes": "1", "Strike Rate": "106.86"}, {"Player Name": "Rassie van der Dussen", "Dismissed by": "c Moeen Ali b Adil Rashid", "Runs": "38", "Balls Faced": "38", "Fours": "3", "Sixes": "1", "Strike Rate": "100.00"}, {"Player Name": "Aiden Markram", "Dismissed by": "b Adil Rashid", "Runs": "49", "Balls Faced": "43", "Fours": "3", "Sixes": "2", "Strike Rate": "113.95"}, {"Player Name": "Heinrich Klaasen", "Dismissed by": "c Jos Buttler b Olly Stone", "Runs": "27", "Balls Faced": "19", "Fours": "3", "Sixes": "0", "Strike Rate": "142.10"}, {"Player Name": "David Miller", "Dismissed by": "", "Runs": "58", "Balls Faced": "37", "Fours": "2", "Sixes": "3", "Strike Rate": "156.75"}, {"Player Name": "Marco Jansen", "Dismissed by": "", "Runs": "32", "Balls Faced": "29", "Fours": "1", "Sixes": "1", "Strike Rate": "110.34"}, {"Player Name": "Wayne Parnell", "Dismissed by": "", "Runs": "-", "Balls Faced": "-", "Fours": "-", "Sixes": "-", "Strike Rate": "-"}, {"Player Name": "Keshav Maharaj", "Dismissed by": "", "Runs": "-", "Balls Faced": "-", "Fours": "-", "Sixes": "-", "Strike Rate": "-"}, {"Player Name": "Anrich Nortje", "Dismissed by": "", "Runs": "-", "Balls Faced": "-", "Fours": "-", "Sixes": "-", "Strike Rate": "-"}, {"Player Name": "Lungi Ngidi", "Dismissed by": "", "Runs": "-", "Balls Faced": "-", "Fours": "-", "Sixes": "-", "Strike Rate": "-"}], "Extras": "Extras (nb 1, w 1, lb 1)", "balling": [{"player_name": "Wayne Parnell", "Overs": "10", "Maidens": "1", "Runs": "54", "Wickets": "1", "Economy": "5.40", "Dots": "37"}, {"player_name": "Lungi Ngidi", "Overs": "9", "Maidens": "0", "Runs": "66", "Wickets": "1", "Economy": "7.33", "Dots": "30"}, {"player_name": "Marco Jansen", "Overs": "10", "Maidens": "0", "Runs": "66", "Wickets": "1", "Economy": "6.60", "Dots": "29"}, {"player_name": "Anrich Nortje", "Overs": "9", "Maidens": "1", "Runs": "64", "Wickets": "2", "Economy": "7.11", "Dots": "27"}, {"player_name": "Keshav Maharaj", "Overs": "8", "Maidens": "0", "Runs": "51", "Wickets": "1", "Economy": "6.37", "Dots": "18"}, {"player_name": "Aiden Markram", "Overs": "4", "Maidens": "0", "Runs": "26", "Wickets": "1", "Economy": "6.50", "Dots": "10"}]}, "Team2": {"Name": "England", "score": "342/7", "overs": "50/50 ov", "rr": "RR: 6.84", "batting": [{"Player Name": "Jason Roy", "Dismissed by": "b Lungi Ngidi", "Runs": "9", "Balls Faced": "19", "Fours": "1", "Sixes": "0", "Strike Rate": "47.36"}, {"Player Name": "Dawid Malan", "Dismissed by": "lbw Wayne Parnell", "Runs": "12", "Balls Faced": "15", "Fours": "1", "Sixes": "1", "Strike Rate": "80.00"}, {"Player Name": "Ben Duckett", "Dismissed by": "c Janneman Malan b Keshav Maharaj", "Runs": "20", "Balls Faced": "32", "Fours": "1", "Sixes": "0", "Strike Rate": "62.50"}, {"Player Name": "Harry Brook", "Dismissed by": "c Rassie van der Dussen b Aiden Markram", "Runs": "80", "Balls Faced": "75", "Fours": "7", "Sixes": "4", "Strike Rate": "106.66"}, {"Player Name": "Jos Buttler", "Dismissed by": "", "Runs": "94", "Balls Faced": "82", "Fours": "8", "Sixes": "3", "Strike Rate": "114.63"}, {"Player Name": "Moeen Ali", "Dismissed by": "b Anrich Nortje", "Runs": "51", "Balls Faced": "45", "Fours": "6", "Sixes": "1", "Strike Rate": "113.33"}, {"Player Name": "Chris Woakes", "Dismissed by": "c Heinrich Klaasen b Marco Jansen", "Runs": "14", "Balls Faced": "16", "Fours": "2", "Sixes": "0", "Strike Rate": "87.50"}, {"Player Name": "Sam Curran", "Dismissed by": "c Heinrich Klaasen b Anrich Nortje", "Runs": "28", "Balls Faced": "17", "Fours": "1", "Sixes": "3", "Strike Rate": "164.70"}, {"Player Name": "Adil Rashid", "Dismissed by": "", "Runs": "0", "Balls Faced": "1", "Fours": "0", "Sixes": "0", "Strike Rate": "0.00"}, {"Player Name": "Reece Topley", "Dismissed by": "", "Runs": "-", "Balls Faced": "-", "Fours": "-", "Sixes": "-", "Strike Rate": "-"}, {"Player Name": "Olly Stone", "Dismissed by": "", "Runs": "-", "Balls Faced": "-", "Fours": "-", "Sixes": "-", "Strike Rate": "-"}], "Extras": "Extras (nb 1, w 18, b 1, lb 9, pen 5)", "balling": [{"player_name": "Chris Woakes", "Overs": "6.1", "Maidens": "0", "Runs": "60", "Wickets": "0", "Economy": "9.72", "Dots": "15"}, {"player_name": "Reece Topley", "Overs": "9", "Maidens": "0", "Runs": "74", "Wickets": "0", "Economy": "8.22", "Dots": "20"}, {"player_name": "Moeen Ali", "Overs": "4", "Maidens": "0", "Runs": "32", "Wickets": "0", "Economy": "8.00", "Dots": "6"}, {"player_name": "Olly Stone", "Overs": "10", "Maidens": "1", "Runs": "48", "Wickets": "2", "Economy": "4.80", "Dots": "33"}, {"player_name": "Sam Curran", "Overs": "10", "Maidens": "1", "Runs": "60", "Wickets": "1", "Economy": "6.00", "Dots": "26"}, {"player_name": "Adil Rashid", "Overs": "10", "Maidens": "0", "Runs": "72", "Wickets": "2", "Economy": "7.20", "Dots": "16"}]}, "match_id": "101643"}