{"date": "07/01/2021 12:00:00 PM", "home": "England", "away": "Sri Lanka", "place": "The Oval", "result": "England win by 8 wickets", "Team1": {"Name": "England", "score": "244/2", "overs": "43/50 ov", "rr": "RR: 5.67", "batting": [{"Player Name": "Jason Roy", "Dismissed by": "c Dhananjaya de Silva b Chamika Karunaratne", "Runs": "60", "Balls Faced": "52", "Fours": "10", "Sixes": "0", "Strike Rate": "115.38"}, {"Player Name": "Jonny Bairstow", "Dismissed by": "b Wanindu Hasaranga", "Runs": "29", "Balls Faced": "36", "Fours": "3", "Sixes": "1", "Strike Rate": "80.55"}, {"Player Name": "Joe Root", "Dismissed by": "", "Runs": "68", "Balls Faced": "87", "Fours": "5", "Sixes": "0", "Strike Rate": "78.16"}, {"Player Name": "Eoin Morgan", "Dismissed by": "", "Runs": "75", "Balls Faced": "83", "Fours": "8", "Sixes": "1", "Strike Rate": "90.36"}, {"Player Name": "Sam Billings", "Dismissed by": "", "Runs": "-", "Balls Faced": "-", "Fours": "-", "Sixes": "-", "Strike Rate": "-"}, {"Player Name": "Moeen Ali", "Dismissed by": "", "Runs": "-", "Balls Faced": "-", "Fours": "-", "Sixes": "-", "Strike Rate": "-"}, {"Player Name": "Sam Curran", "Dismissed by": "", "Runs": "-", "Balls Faced": "-", "Fours": "-", "Sixes": "-", "Strike Rate": "-"}, {"Player Name": "David Willey", "Dismissed by": "", "Runs": "-", "Balls Faced": "-", "Fours": "-", "Sixes": "-", "Strike Rate": "-"}, {"Player Name": "Tom Curran", "Dismissed by": "", "Runs": "-", "Balls Faced": "-", "Fours": "-", "Sixes": "-", "Strike Rate": "-"}, {"Player Name": "Adil Rashid", "Dismissed by": "", "Runs": "-", "Balls Faced": "-", "Fours": "-", "Sixes": "-", "Strike Rate": "-"}, {"Player Name": "Mark Wood", "Dismissed by": "", "Runs": "-", "Balls Faced": "-", "Fours": "-", "Sixes": "-", "Strike Rate": "-"}], "Extras": "Extras (w 11, b 1)", "balling": [{"player_name": "David Willey", "Overs": "10", "Maidens": "1", "Runs": "64", "Wickets": "4", "Economy": "6.40", "Dots": "31"}, {"player_name": "Sam Curran", "Overs": "10", "Maidens": "1", "Runs": "48", "Wickets": "5", "Economy": "4.80", "Dots": "38"}, {"player_name": "Tom Curran", "Overs": "10", "Maidens": "0", "Runs": "43", "Wickets": "0", "Economy": "4.30", "Dots": "37"}, {"player_name": "Mark Wood", "Overs": "10", "Maidens": "1", "Runs": "35", "Wickets": "0", "Economy": "3.50", "Dots": "37"}, {"player_name": "Adil Rashid", "Overs": "10", "Maidens": "0", "Runs": "50", "Wickets": "0", "Economy": "5.00", "Dots": "28"}]}, "Team2": {"Name": "Sri Lanka", "score": "241/9", "overs": "50/50 ov", "rr": "RR: 4.82", "batting": [{"Player Name": "Pathum Nissanka", "Dismissed by": "b Sam Curran", "Runs": "5", "Balls Faced": "12", "Fours": "1", "Sixes": "0", "Strike Rate": "41.66"}, {"Player Name": "Kusal Perera", "Dismissed by": "lbw Sam Curran", "Runs": "0", "Balls Faced": "2", "Fours": "0", "Sixes": "0", "Strike Rate": "0.00"}, {"Player Name": "Avishka Fernando", "Dismissed by": "lbw Sam Curran", "Runs": "2", "Balls Faced": "2", "Fours": "0", "Sixes": "0", "Strike Rate": "100.00"}, {"Player Name": "Dhananjaya de Silva", "Dismissed by": "c Joe Root b David Willey", "Runs": "91", "Balls Faced": "91", "Fours": "13", "Sixes": "0", "Strike Rate": "100.00"}, {"Player Name": "Charith Asalanka", "Dismissed by": "c Sub b David Willey", "Runs": "3", "Balls Faced": "11", "Fours": "0", "Sixes": "0", "Strike Rate": "27.27"}, {"Player Name": "Wanindu Hasaranga", "Dismissed by": "c Sam Billings b Sam Curran", "Runs": "26", "Balls Faced": "49", "Fours": "2", "Sixes": "0", "Strike Rate": "53.06"}, {"Player Name": "Dasun Shanaka", "Dismissed by": "c Sam Curran b David Willey", "Runs": "47", "Balls Faced": "67", "Fours": "2", "Sixes": "1", "Strike Rate": "70.14"}, {"Player Name": "Chamika Karunaratne", "Dismissed by": "c Jonny Bairstow b Sam Curran", "Runs": "21", "Balls Faced": "38", "Fours": "1", "Sixes": "0", "Strike Rate": "55.26"}, {"Player Name": "Binura Fernando", "Dismissed by": "c Adil Rashid b David Willey", "Runs": "17", "Balls Faced": "15", "Fours": "3", "Sixes": "0", "Strike Rate": "113.33"}, {"Player Name": "Dushmantha Chameera", "Dismissed by": "", "Runs": "14", "Balls Faced": "12", "Fours": "0", "Sixes": "1", "Strike Rate": "116.66"}, {"Player Name": "Asitha Fernando", "Dismissed by": "", "Runs": "1", "Balls Faced": "1", "Fours": "0", "Sixes": "0", "Strike Rate": "100.00"}], "Extras": "Extras (w 13, lb 1)", "balling": [{"player_name": "Dushmantha Chameera", "Overs": "9", "Maidens": "0", "Runs": "46", "Wickets": "0", "Economy": "5.11", "Dots": "33"}, {"player_name": "Binura Fernando", "Overs": "9", "Maidens": "0", "Runs": "53", "Wickets": "0", "Economy": "5.88", "Dots": "30"}, {"player_name": "Asitha Fernando", "Overs": "10", "Maidens": "0", "Runs": "54", "Wickets": "0", "Economy": "5.40", "Dots": "29"}, {"player_name": "Wanindu Hasaranga", "Overs": "7", "Maidens": "0", "Runs": "46", "Wickets": "1", "Economy": "6.57", "Dots": "17"}, {"player_name": "Chamika Karunaratne", "Overs": "6", "Maidens": "0", "Runs": "34", "Wickets": "1", "Economy": "5.66", "Dots": "17"}, {"player_name": "Dhananjaya de Silva", "Overs": "2", "Maidens": "0", "Runs": "10", "Wickets": "0", "Economy": "5.00", "Dots": "5"}]}, "match_id": "22426"}