{"date": "06/29/2019 09:30:00 AM", "home": "Pakistan", "away": "Afghanistan", "place": "Headingley", "result": "Pakistan win by 3 wickets", "Team1": {"Name": "Pakistan", "score": "230/7", "overs": "49.4/50 ov", "rr": "RR: 4.63", "batting": [{"Player Name": "Fakhar Zaman", "Dismissed by": "lbw Mujeeb Ur Rahman", "Runs": "0", "Balls Faced": "2", "Fours": "0", "Sixes": "0", "Strike Rate": "0.00"}, {"Player Name": "Imam-ul-Haq", "Dismissed by": "st Ikram Ali Khil b Mohammad Nabi", "Runs": "36", "Balls Faced": "51", "Fours": "4", "Sixes": "0", "Strike Rate": "70.58"}, {"Player Name": "Babar Azam", "Dismissed by": "b Mohammad Nabi", "Runs": "45", "Balls Faced": "51", "Fours": "5", "Sixes": "0", "Strike Rate": "88.23"}, {"Player Name": "Mohammad Hafeez", "Dismissed by": "c Hashmatullah Shahidi b Mujeeb Ur Rahman", "Runs": "19", "Balls Faced": "35", "Fours": "1", "Sixes": "0", "Strike Rate": "54.28"}, {"Player Name": "Haris Sohail", "Dismissed by": "lbw Rashid Khan", "Runs": "27", "Balls Faced": "58", "Fours": "2", "Sixes": "0", "Strike Rate": "46.55"}, {"Player Name": "Sarfaraz Ahmed", "Dismissed by": "run out (Najibullah Zadran/Ikram Ali Khil)", "Runs": "18", "Balls Faced": "22", "Fours": "1", "Sixes": "0", "Strike Rate": "81.81"}, {"Player Name": "Imad Wasim", "Dismissed by": "", "Runs": "49", "Balls Faced": "54", "Fours": "5", "Sixes": "0", "Strike Rate": "90.74"}, {"Player Name": "Shadab Khan", "Dismissed by": "run out (Gulbadin Naib/Ikram Ali Khil)", "Runs": "11", "Balls Faced": "17", "Fours": "1", "Sixes": "0", "Strike Rate": "64.70"}, {"Player Name": "Wahab Riaz", "Dismissed by": "", "Runs": "15", "Balls Faced": "9", "Fours": "1", "Sixes": "1", "Strike Rate": "166.66"}, {"Player Name": "Mohammad Amir", "Dismissed by": "", "Runs": "-", "Balls Faced": "-", "Fours": "-", "Sixes": "-", "Strike Rate": "-"}, {"Player Name": "Shaheen Afridi", "Dismissed by": "", "Runs": "-", "Balls Faced": "-", "Fours": "-", "Sixes": "-", "Strike Rate": "-"}], "Extras": "Extras (w 5, b 1, lb 4)", "balling": [{"player_name": "Imad Wasim", "Overs": "10", "Maidens": "0", "Runs": "48", "Wickets": "2", "Economy": "4.80", "Dots": "34"}, {"player_name": "Mohammad Amir", "Overs": "10", "Maidens": "1", "Runs": "41", "Wickets": "0", "Economy": "4.10", "Dots": "39"}, {"player_name": "Shaheen Afridi", "Overs": "10", "Maidens": "0", "Runs": "47", "Wickets": "4", "Economy": "4.70", "Dots": "38"}, {"player_name": "Mohammad Hafeez", "Overs": "2", "Maidens": "0", "Runs": "10", "Wickets": "0", "Economy": "5.00", "Dots": "4"}, {"player_name": "Wahab Riaz", "Overs": "8", "Maidens": "0", "Runs": "29", "Wickets": "2", "Economy": "3.62", "Dots": "30"}, {"player_name": "Shadab Khan", "Overs": "10", "Maidens": "0", "Runs": "44", "Wickets": "1", "Economy": "4.40", "Dots": "29"}]}, "Team2": {"Name": "Afghanistan", "score": "227/9", "overs": "50/50 ov", "rr": "RR: 4.54", "batting": [{"Player Name": "Rahmat Shah", "Dismissed by": "c Babar Azam b Imad Wasim", "Runs": "35", "Balls Faced": "43", "Fours": "5", "Sixes": "0", "Strike Rate": "81.39"}, {"Player Name": "Gulbadin Naib", "Dismissed by": "c Sarfaraz Ahmed b Shaheen Afridi", "Runs": "15", "Balls Faced": "12", "Fours": "3", "Sixes": "0", "Strike Rate": "125.00"}, {"Player Name": "Hashmatullah Shahidi", "Dismissed by": "c Imad Wasim b Shaheen Afridi", "Runs": "0", "Balls Faced": "1", "Fours": "0", "Sixes": "0", "Strike Rate": "0.00"}, {"Player Name": "Ikram Ali Khil", "Dismissed by": "c Mohammad Hafeez b Imad Wasim", "Runs": "24", "Balls Faced": "66", "Fours": "1", "Sixes": "0", "Strike Rate": "36.36"}, {"Player Name": "Asghar Afghan", "Dismissed by": "b Shadab Khan", "Runs": "42", "Balls Faced": "35", "Fours": "3", "Sixes": "2", "Strike Rate": "120.00"}, {"Player Name": "Mohammad Nabi", "Dismissed by": "c Mohammad Amir b Wahab Riaz", "Runs": "16", "Balls Faced": "33", "Fours": "0", "Sixes": "0", "Strike Rate": "48.48"}, {"Player Name": "Najibullah Zadran", "Dismissed by": "b Shaheen Afridi", "Runs": "42", "Balls Faced": "54", "Fours": "6", "Sixes": "0", "Strike Rate": "77.77"}, {"Player Name": "Samiullah Shinwari", "Dismissed by": "", "Runs": "19", "Balls Faced": "32", "Fours": "1", "Sixes": "0", "Strike Rate": "59.37"}, {"Player Name": "Rashid Khan", "Dismissed by": "c Fakhar Zaman b Shaheen Afridi", "Runs": "8", "Balls Faced": "12", "Fours": "1", "Sixes": "0", "Strike Rate": "66.66"}, {"Player Name": "Hamid Hassan", "Dismissed by": "b Wahab Riaz", "Runs": "1", "Balls Faced": "3", "Fours": "0", "Sixes": "0", "Strike Rate": "33.33"}, {"Player Name": "Mujeeb Ur Rahman", "Dismissed by": "", "Runs": "7", "Balls Faced": "9", "Fours": "1", "Sixes": "0", "Strike Rate": "77.77"}], "Extras": "Extras (w 10, lb 8)", "balling": [{"player_name": "Mujeeb Ur Rahman", "Overs": "10", "Maidens": "1", "Runs": "34", "Wickets": "2", "Economy": "3.40", "Dots": "35"}, {"player_name": "Hamid Hassan", "Overs": "2", "Maidens": "0", "Runs": "13", "Wickets": "0", "Economy": "6.50", "Dots": "8"}, {"player_name": "Gulbadin Naib", "Overs": "9.4", "Maidens": "0", "Runs": "73", "Wickets": "0", "Economy": "7.55", "Dots": "20"}, {"player_name": "Mohammad Nabi", "Overs": "10", "Maidens": "0", "Runs": "23", "Wickets": "2", "Economy": "2.30", "Dots": "38"}, {"player_name": "Rashid Khan", "Overs": "10", "Maidens": "0", "Runs": "50", "Wickets": "2", "Economy": "5.00", "Dots": "36"}, {"player_name": "Samiullah Shinwari", "Overs": "8", "Maidens": "0", "Runs": "32", "Wickets": "0", "Economy": "4.00", "Dots": "27"}]}, "match_id": "8227"}