{"date": "02/29/2020 11:00:00 AM", "home": "South Africa", "away": "Australia", "place": "Boland Park", "result": "South Africa win by 74 runs", "Team1": {"Name": "South Africa", "score": "291/7", "overs": "50/50 ov", "rr": "RR: 5.82", "batting": [{"Player Name": "Janneman Malan", "Dismissed by": "lbw Mitchell Starc", "Runs": "0", "Balls Faced": "1", "Fours": "0", "Sixes": "0", "Strike Rate": "0.00"}, {"Player Name": "Quinton de Kock", "Dismissed by": "c Alex Carey b Josh Hazlewood", "Runs": "15", "Balls Faced": "16", "Fours": "1", "Sixes": "0", "Strike Rate": "93.75"}, {"Player Name": "Temba Bavuma", "Dismissed by": "b Pat Cummins", "Runs": "26", "Balls Faced": "30", "Fours": "3", "Sixes": "0", "Strike Rate": "86.66"}, {"Player Name": "Kyle Verreynne", "Dismissed by": "c Mitchell Marsh b Pat Cummins", "Runs": "48", "Balls Faced": "64", "Fours": "2", "Sixes": "0", "Strike Rate": "75.00"}, {"Player Name": "Heinrich Klaasen", "Dismissed by": "", "Runs": "123", "Balls Faced": "114", "Fours": "7", "Sixes": "3", "Strike Rate": "107.89"}, {"Player Name": "David Miller", "Dismissed by": "c Alex Carey b Pat Cummins", "Runs": "64", "Balls Faced": "70", "Fours": "4", "Sixes": "1", "Strike Rate": "91.42"}, {"Player Name": "Andile Phehlukwayo", "Dismissed by": "run out (Pat Cummins)", "Runs": "0", "Balls Faced": "2", "Fours": "0", "Sixes": "0", "Strike Rate": "0.00"}, {"Player Name": "Keshav Maharaj", "Dismissed by": "b Mitchell Starc", "Runs": "2", "Balls Faced": "2", "Fours": "0", "Sixes": "0", "Strike Rate": "100.00"}, {"Player Name": "Anrich Nortje", "Dismissed by": "", "Runs": "1", "Balls Faced": "1", "Fours": "0", "Sixes": "0", "Strike Rate": "100.00"}, {"Player Name": "Lungi Ngidi", "Dismissed by": "", "Runs": "-", "Balls Faced": "-", "Fours": "-", "Sixes": "-", "Strike Rate": "-"}, {"Player Name": "Tabraiz Shamsi", "Dismissed by": "", "Runs": "-", "Balls Faced": "-", "Fours": "-", "Sixes": "-", "Strike Rate": "-"}], "Extras": "Extras (w 6, b 1, lb 5)", "balling": [{"player_name": "Keshav Maharaj", "Overs": "10", "Maidens": "0", "Runs": "48", "Wickets": "1", "Economy": "4.80", "Dots": "19"}, {"player_name": "Anrich Nortje", "Overs": "7.1", "Maidens": "0", "Runs": "39", "Wickets": "2", "Economy": "5.44", "Dots": "20"}, {"player_name": "Lungi Ngidi", "Overs": "8", "Maidens": "0", "Runs": "30", "Wickets": "3", "Economy": "3.75", "Dots": "29"}, {"player_name": "Andile Phehlukwayo", "Overs": "10", "Maidens": "0", "Runs": "52", "Wickets": "1", "Economy": "5.20", "Dots": "26"}, {"player_name": "Tabraiz Shamsi", "Overs": "10", "Maidens": "0", "Runs": "45", "Wickets": "2", "Economy": "4.50", "Dots": "24"}]}, "Team2": {"Name": "Australia", "score": "217", "overs": "45.1/50 ov", "rr": "RR: 4.80", "batting": [{"Player Name": "David Warner", "Dismissed by": "c Kyle Verreynne b Lungi Ngidi", "Runs": "25", "Balls Faced": "27", "Fours": "3", "Sixes": "0", "Strike Rate": "92.59"}, {"Player Name": "Aaron Finch", "Dismissed by": "c Quinton de Kock b Lungi Ngidi", "Runs": "10", "Balls Faced": "12", "Fours": "1", "Sixes": "0", "Strike Rate": "83.33"}, {"Player Name": "Steve Smith", "Dismissed by": "lbw Anrich Nortje", "Runs": "76", "Balls Faced": "94", "Fours": "3", "Sixes": "0", "Strike Rate": "80.85"}, {"Player Name": "Marnus Labuschagne", "Dismissed by": "c Lungi Ngidi b Keshav Maharaj", "Runs": "41", "Balls Faced": "51", "Fours": "2", "Sixes": "0", "Strike Rate": "80.39"}, {"Player Name": "Mitchell Marsh", "Dismissed by": "b Lungi Ngidi", "Runs": "16", "Balls Faced": "19", "Fours": "1", "Sixes": "0", "Strike Rate": "84.21"}, {"Player Name": "Alex Carey", "Dismissed by": "c Kyle Verreynne b Tabraiz Shamsi", "Runs": "5", "Balls Faced": "16", "Fours": "0", "Sixes": "0", "Strike Rate": "31.25"}, {"Player Name": "D'Arcy Short", "Dismissed by": "st Quinton de Kock b Tabraiz Shamsi", "Runs": "18", "Balls Faced": "24", "Fours": "1", "Sixes": "0", "Strike Rate": "75.00"}, {"Player Name": "Mitchell Starc", "Dismissed by": "run out (Quinton de Kock)", "Runs": "5", "Balls Faced": "12", "Fours": "0", "Sixes": "0", "Strike Rate": "41.66"}, {"Player Name": "Pat Cummins", "Dismissed by": "c Kyle Verreynne b Andile Phehlukwayo", "Runs": "6", "Balls Faced": "7", "Fours": "1", "Sixes": "0", "Strike Rate": "85.71"}, {"Player Name": "Adam Zampa", "Dismissed by": "", "Runs": "7", "Balls Faced": "5", "Fours": "1", "Sixes": "0", "Strike Rate": "140.00"}, {"Player Name": "Josh Hazlewood", "Dismissed by": "b Anrich Nortje", "Runs": "1", "Balls Faced": "4", "Fours": "0", "Sixes": "0", "Strike Rate": "25.00"}], "Extras": "Extras (w 4, lb 3)", "balling": [{"player_name": "Mitchell Starc", "Overs": "10", "Maidens": "0", "Runs": "59", "Wickets": "2", "Economy": "5.90", "Dots": "29"}, {"player_name": "Josh Hazlewood", "Overs": "10", "Maidens": "0", "Runs": "63", "Wickets": "1", "Economy": "6.30", "Dots": "31"}, {"player_name": "Pat Cummins", "Overs": "10", "Maidens": "0", "Runs": "45", "Wickets": "3", "Economy": "4.50", "Dots": "33"}, {"player_name": "Mitchell Marsh", "Overs": "5", "Maidens": "0", "Runs": "35", "Wickets": "0", "Economy": "7.00", "Dots": "9"}, {"player_name": "D'Arcy Short", "Overs": "5", "Maidens": "0", "Runs": "35", "Wickets": "0", "Economy": "7.00", "Dots": "6"}, {"player_name": "Adam Zampa", "Overs": "10", "Maidens": "0", "Runs": "48", "Wickets": "0", "Economy": "4.80", "Dots": "25"}]}, "match_id": "15263"}