{"date": "03/01/2023 06:00:00 AM", "home": "Bangladesh", "away": "England", "place": "Sher-e-Bangla National Cricket Stadium", "result": "England won by 3 wickets", "Team1": {"Name": "Bangladesh", "score": "209", "overs": "47.2/50 ov", "rr": "RR: 4.41", "batting": [{"Player Name": "Tamim Iqbal", "Dismissed by": "b Mark Wood", "Runs": "23", "Balls Faced": "32", "Fours": "4", "Sixes": "0", "Strike Rate": "71.87"}, {"Player Name": "Litton Das", "Dismissed by": "lbw Chris Woakes", "Runs": "7", "Balls Faced": "15", "Fours": "0", "Sixes": "1", "Strike Rate": "46.66"}, {"Player Name": "Najmul Hossain Shanto", "Dismissed by": "c Jason Roy b Adil Rashid", "Runs": "58", "Balls Faced": "82", "Fours": "6", "Sixes": "0", "Strike Rate": "70.73"}, {"Player Name": "Mushfiqur Rahim", "Dismissed by": "c Mark Wood b Adil Rashid", "Runs": "16", "Balls Faced": "34", "Fours": "0", "Sixes": "1", "Strike Rate": "47.05"}, {"Player Name": "Shakib Al Hasan", "Dismissed by": "b Moeen Ali", "Runs": "8", "Balls Faced": "12", "Fours": "1", "Sixes": "0", "Strike Rate": "66.66"}, {"Player Name": "Mahmudullah", "Dismissed by": "c Jos Buttler b Mark Wood", "Runs": "31", "Balls Faced": "48", "Fours": "3", "Sixes": "0", "Strike Rate": "64.58"}, {"Player Name": "Afif Hossain", "Dismissed by": "c Adil Rashid b William Jacks", "Runs": "9", "Balls Faced": "12", "Fours": "1", "Sixes": "0", "Strike Rate": "75.00"}, {"Player Name": "Mehidy Hasan Miraz", "Dismissed by": "c Jos Buttler b Jofra Archer", "Runs": "7", "Balls Faced": "19", "Fours": "0", "Sixes": "0", "Strike Rate": "36.84"}, {"Player Name": "Taskin Ahmed", "Dismissed by": "c Jos Buttler b Jofra Archer", "Runs": "14", "Balls Faced": "18", "Fours": "1", "Sixes": "1", "Strike Rate": "77.77"}, {"Player Name": "Taijul Islam", "Dismissed by": "c & b Moeen Ali", "Runs": "10", "Balls Faced": "13", "Fours": "1", "Sixes": "0", "Strike Rate": "76.92"}, {"Player Name": "Mustafizur Rahman", "Dismissed by": "", "Runs": "0", "Balls Faced": "3", "Fours": "0", "Sixes": "0", "Strike Rate": "0.00"}], "Extras": "Extras (nb 4, w 12, b 1, lb 9)", "balling": [{"player_name": "Shakib Al Hasan", "Overs": "10", "Maidens": "0", "Runs": "45", "Wickets": "1", "Economy": "4.50", "Dots": "33"}, {"player_name": "Taskin Ahmed", "Overs": "9", "Maidens": "1", "Runs": "26", "Wickets": "1", "Economy": "2.88", "Dots": "38"}, {"player_name": "Taijul Islam", "Overs": "10", "Maidens": "0", "Runs": "54", "Wickets": "3", "Economy": "5.40", "Dots": "30"}, {"player_name": "Mehidy Hasan Miraz", "Overs": "10", "Maidens": "2", "Runs": "35", "Wickets": "2", "Economy": "3.50", "Dots": "40"}, {"player_name": "Mustafizur Rahman", "Overs": "8", "Maidens": "0", "Runs": "42", "Wickets": "0", "Economy": "5.25", "Dots": "24"}, {"player_name": "Najmul Hossain Shanto", "Overs": "1.4", "Maidens": "0", "Runs": "9", "Wickets": "0", "Economy": "5.40", "Dots": "4"}]}, "Team2": {"Name": "England", "score": "212/7", "overs": "48.4/50 ov", "rr": "RR: 4.35", "batting": [{"Player Name": "Jason Roy", "Dismissed by": "c Tamim Iqbal b Shakib Al Hasan", "Runs": "4", "Balls Faced": "6", "Fours": "1", "Sixes": "0", "Strike Rate": "66.66"}, {"Player Name": "Phil Salt", "Dismissed by": "b Taijul Islam", "Runs": "12", "Balls Faced": "19", "Fours": "1", "Sixes": "0", "Strike Rate": "63.15"}, {"Player Name": "Dawid Malan", "Dismissed by": "", "Runs": "114", "Balls Faced": "145", "Fours": "8", "Sixes": "4", "Strike Rate": "78.62"}, {"Player Name": "James Vince", "Dismissed by": "st Mushfiqur Rahim b Taijul Islam", "Runs": "6", "Balls Faced": "9", "Fours": "1", "Sixes": "0", "Strike Rate": "66.66"}, {"Player Name": "Jos Buttler", "Dismissed by": "c Najmul Hossain Shanto b Taskin Ahmed", "Runs": "9", "Balls Faced": "10", "Fours": "1", "Sixes": "0", "Strike Rate": "90.00"}, {"Player Name": "William Jacks", "Dismissed by": "c Afif Hossain b Mehidy Hasan Miraz", "Runs": "26", "Balls Faced": "31", "Fours": "3", "Sixes": "1", "Strike Rate": "83.87"}, {"Player Name": "Moeen Ali", "Dismissed by": "b Mehidy Hasan Miraz", "Runs": "14", "Balls Faced": "32", "Fours": "1", "Sixes": "0", "Strike Rate": "43.75"}, {"Player Name": "Chris Woakes", "Dismissed by": "c Tamim Iqbal b Taijul Islam", "Runs": "7", "Balls Faced": "11", "Fours": "1", "Sixes": "0", "Strike Rate": "63.63"}, {"Player Name": "Adil Rashid", "Dismissed by": "", "Runs": "17", "Balls Faced": "29", "Fours": "1", "Sixes": "0", "Strike Rate": "58.62"}, {"Player Name": "Jofra Archer", "Dismissed by": "", "Runs": "-", "Balls Faced": "-", "Fours": "-", "Sixes": "-", "Strike Rate": "-"}, {"Player Name": "Mark Wood", "Dismissed by": "", "Runs": "-", "Balls Faced": "-", "Fours": "-", "Sixes": "-", "Strike Rate": "-"}], "Extras": "Extras (w 2, lb 1)", "balling": [{"player_name": "Chris Woakes", "Overs": "8", "Maidens": "0", "Runs": "28", "Wickets": "1", "Economy": "3.50", "Dots": "36"}, {"player_name": "Jofra Archer", "Overs": "10", "Maidens": "0", "Runs": "37", "Wickets": "2", "Economy": "3.70", "Dots": "45"}, {"player_name": "Mark Wood", "Overs": "8", "Maidens": "0", "Runs": "34", "Wickets": "2", "Economy": "4.25", "Dots": "30"}, {"player_name": "Moeen Ali", "Overs": "7.2", "Maidens": "0", "Runs": "35", "Wickets": "2", "Economy": "4.77", "Dots": "21"}, {"player_name": "Adil Rashid", "Overs": "9", "Maidens": "0", "Runs": "47", "Wickets": "2", "Economy": "5.22", "Dots": "27"}, {"player_name": "William Jacks", "Overs": "5", "Maidens": "0", "Runs": "18", "Wickets": "1", "Economy": "3.60", "Dots": "16"}]}, "match_id": "101894"}