{"date": "07/08/2021 12:00:00 PM", "home": "England", "away": "Pakistan", "place": "Cardiff Wales Stadium", "result": "England win by 9 wickets", "Team1": {"Name": "England", "score": "142/1", "overs": "21.5/50 ov", "rr": "RR: 6.50", "batting": [{"Player Name": "Philip Salt", "Dismissed by": "c Sohaib Maqsood b Shaheen Afridi", "Runs": "7", "Balls Faced": "13", "Fours": "1", "Sixes": "0", "Strike Rate": "53.84"}, {"Player Name": "Dawid Malan", "Dismissed by": "", "Runs": "68", "Balls Faced": "69", "Fours": "8", "Sixes": "0", "Strike Rate": "98.55"}, {"Player Name": "Zak Crawley", "Dismissed by": "", "Runs": "58", "Balls Faced": "50", "Fours": "7", "Sixes": "0", "Strike Rate": "116.00"}, {"Player Name": "James Vince", "Dismissed by": "", "Runs": "-", "Balls Faced": "-", "Fours": "-", "Sixes": "-", "Strike Rate": "-"}, {"Player Name": "Ben Stokes", "Dismissed by": "", "Runs": "-", "Balls Faced": "-", "Fours": "-", "Sixes": "-", "Strike Rate": "-"}, {"Player Name": "John Simpson", "Dismissed by": "", "Runs": "-", "Balls Faced": "-", "Fours": "-", "Sixes": "-", "Strike Rate": "-"}, {"Player Name": "Lewis Gregory", "Dismissed by": "", "Runs": "-", "Balls Faced": "-", "Fours": "-", "Sixes": "-", "Strike Rate": "-"}, {"Player Name": "Craig Overton", "Dismissed by": "", "Runs": "-", "Balls Faced": "-", "Fours": "-", "Sixes": "-", "Strike Rate": "-"}, {"Player Name": "Brydon Carse", "Dismissed by": "", "Runs": "-", "Balls Faced": "-", "Fours": "-", "Sixes": "-", "Strike Rate": "-"}, {"Player Name": "Saqib Mahmood", "Dismissed by": "", "Runs": "-", "Balls Faced": "-", "Fours": "-", "Sixes": "-", "Strike Rate": "-"}, {"Player Name": "Matt Parkinson", "Dismissed by": "", "Runs": "-", "Balls Faced": "-", "Fours": "-", "Sixes": "-", "Strike Rate": "-"}], "Extras": "Extras (nb 1, w 7, lb 1)", "balling": [{"player_name": "Saqib Mahmood", "Overs": "10", "Maidens": "1", "Runs": "42", "Wickets": "4", "Economy": "4.20", "Dots": "37"}, {"player_name": "Lewis Gregory", "Overs": "4", "Maidens": "1", "Runs": "11", "Wickets": "1", "Economy": "2.75", "Dots": "19"}, {"player_name": "Craig Overton", "Overs": "6.2", "Maidens": "0", "Runs": "23", "Wickets": "2", "Economy": "3.63", "Dots": "28"}, {"player_name": "Brydon Carse", "Overs": "7", "Maidens": "0", "Runs": "31", "Wickets": "0", "Economy": "4.42", "Dots": "27"}, {"player_name": "Matt Parkinson", "Overs": "7", "Maidens": "0", "Runs": "28", "Wickets": "2", "Economy": "4.00", "Dots": "26"}, {"player_name": "Ben Stokes", "Overs": "1", "Maidens": "0", "Runs": "6", "Wickets": "0", "Economy": "6.00", "Dots": "3"}]}, "Team2": {"Name": "Pakistan", "score": "141", "overs": "35.2/50 ov", "rr": "RR: 3.99", "batting": [{"Player Name": "Imam-ul-Haq", "Dismissed by": "lbw Saqib Mahmood", "Runs": "0", "Balls Faced": "1", "Fours": "0", "Sixes": "0", "Strike Rate": "0.00"}, {"Player Name": "Fakhar Zaman", "Dismissed by": "c Zak Crawley b Matt Parkinson", "Runs": "47", "Balls Faced": "67", "Fours": "6", "Sixes": "0", "Strike Rate": "70.14"}, {"Player Name": "Babar Azam", "Dismissed by": "c Zak Crawley b Saqib Mahmood", "Runs": "0", "Balls Faced": "2", "Fours": "0", "Sixes": "0", "Strike Rate": "0.00"}, {"Player Name": "Mohammad Rizwan", "Dismissed by": "c John Simpson b Lewis Gregory", "Runs": "13", "Balls Faced": "9", "Fours": "3", "Sixes": "0", "Strike Rate": "144.44"}, {"Player Name": "Saud Shakeel", "Dismissed by": "lbw Saqib Mahmood", "Runs": "5", "Balls Faced": "13", "Fours": "1", "Sixes": "0", "Strike Rate": "38.46"}, {"Player Name": "Sohaib Maqsood", "Dismissed by": "run out (James Vince)", "Runs": "19", "Balls Faced": "32", "Fours": "1", "Sixes": "1", "Strike Rate": "59.37"}, {"Player Name": "Shadab Khan", "Dismissed by": "c Dawid Malan b Craig Overton", "Runs": "30", "Balls Faced": "43", "Fours": "0", "Sixes": "1", "Strike Rate": "69.76"}, {"Player Name": "Faheem Ashraf", "Dismissed by": "c John Simpson b Saqib Mahmood", "Runs": "5", "Balls Faced": "12", "Fours": "0", "Sixes": "0", "Strike Rate": "41.66"}, {"Player Name": "Hasan Ali", "Dismissed by": "c Dawid Malan b Matt Parkinson", "Runs": "6", "Balls Faced": "9", "Fours": "1", "Sixes": "0", "Strike Rate": "66.66"}, {"Player Name": "Shaheen Afridi", "Dismissed by": "c Ben Stokes b Craig Overton", "Runs": "12", "Balls Faced": "22", "Fours": "1", "Sixes": "0", "Strike Rate": "54.54"}, {"Player Name": "Haris Rauf", "Dismissed by": "", "Runs": "0", "Balls Faced": "3", "Fours": "0", "Sixes": "0", "Strike Rate": "0.00"}], "Extras": "Extras (nb 1, w 3)", "balling": [{"player_name": "Shaheen Afridi", "Overs": "5", "Maidens": "0", "Runs": "22", "Wickets": "1", "Economy": "4.40", "Dots": "19"}, {"player_name": "Hasan Ali", "Overs": "4", "Maidens": "0", "Runs": "33", "Wickets": "0", "Economy": "8.25", "Dots": "11"}, {"player_name": "Haris Rauf", "Overs": "4", "Maidens": "0", "Runs": "28", "Wickets": "0", "Economy": "7.00", "Dots": "8"}, {"player_name": "Faheem Ashraf", "Overs": "5", "Maidens": "0", "Runs": "33", "Wickets": "0", "Economy": "6.60", "Dots": "11"}, {"player_name": "Shadab Khan", "Overs": "3", "Maidens": "0", "Runs": "22", "Wickets": "0", "Economy": "7.33", "Dots": "4"}, {"player_name": "Saud Shakeel", "Overs": "0.5", "Maidens": "0", "Runs": "3", "Wickets": "0", "Economy": "3.60", "Dots": "2"}]}, "match_id": "22429"}