{"date": "02/11/2020 02:00:00 AM", "home": "New Zealand", "away": "India", "place": "Bay Oval", "result": "New Zealand won by 5 wickets", "Team1": {"Name": "New Zealand", "score": "300/5", "overs": "47.1/50 ov", "rr": "RR: 6.36", "batting": [{"Player Name": "Martin Guptill", "Dismissed by": "b Yuzvendra Chahal", "Runs": "66", "Balls Faced": "46", "Fours": "6", "Sixes": "4", "Strike Rate": "143.47"}, {"Player Name": "Henry Nicholls", "Dismissed by": "c KL Rahul b Shardul Thakur", "Runs": "80", "Balls Faced": "103", "Fours": "9", "Sixes": "0", "Strike Rate": "77.66"}, {"Player Name": "Kane Williamson", "Dismissed by": "c Mayank Agarwal b Yuzvendra Chahal", "Runs": "22", "Balls Faced": "31", "Fours": "2", "Sixes": "0", "Strike Rate": "70.96"}, {"Player Name": "Ross Taylor", "Dismissed by": "c Virat Kohli b Ravindra Jadeja", "Runs": "12", "Balls Faced": "18", "Fours": "1", "Sixes": "0", "Strike Rate": "66.66"}, {"Player Name": "Tom Latham", "Dismissed by": "", "Runs": "32", "Balls Faced": "34", "Fours": "3", "Sixes": "0", "Strike Rate": "94.11"}, {"Player Name": "Jimmy Neesham", "Dismissed by": "c Virat Kohli b Yuzvendra Chahal", "Runs": "19", "Balls Faced": "25", "Fours": "1", "Sixes": "1", "Strike Rate": "76.00"}, {"Player Name": "Colin de Grandhomme", "Dismissed by": "", "Runs": "58", "Balls Faced": "28", "Fours": "6", "Sixes": "3", "Strike Rate": "207.14"}, {"Player Name": "Mitchell Santner", "Dismissed by": "", "Runs": "-", "Balls Faced": "-", "Fours": "-", "Sixes": "-", "Strike Rate": "-"}, {"Player Name": "Tim Southee", "Dismissed by": "", "Runs": "-", "Balls Faced": "-", "Fours": "-", "Sixes": "-", "Strike Rate": "-"}, {"Player Name": "Kyle Jamieson", "Dismissed by": "", "Runs": "-", "Balls Faced": "-", "Fours": "-", "Sixes": "-", "Strike Rate": "-"}, {"Player Name": "Hamish Bennett", "Dismissed by": "", "Runs": "-", "Balls Faced": "-", "Fours": "-", "Sixes": "-", "Strike Rate": "-"}], "Extras": "Extras (nb 2, w 6, b 1, lb 2)", "balling": [{"player_name": "Tim Southee", "Overs": "9", "Maidens": "0", "Runs": "59", "Wickets": "0", "Economy": "6.55", "Dots": "22"}, {"player_name": "Kyle Jamieson", "Overs": "10", "Maidens": "0", "Runs": "53", "Wickets": "1", "Economy": "5.30", "Dots": "30"}, {"player_name": "Hamish Bennett", "Overs": "10", "Maidens": "1", "Runs": "64", "Wickets": "4", "Economy": "6.40", "Dots": "30"}, {"player_name": "Colin de Grandhomme", "Overs": "3", "Maidens": "0", "Runs": "10", "Wickets": "0", "Economy": "3.33", "Dots": "11"}, {"player_name": "Jimmy Neesham", "Overs": "8", "Maidens": "0", "Runs": "50", "Wickets": "1", "Economy": "6.25", "Dots": "22"}, {"player_name": "Mitchell Santner", "Overs": "10", "Maidens": "0", "Runs": "59", "Wickets": "0", "Economy": "5.90", "Dots": "21"}]}, "Team2": {"Name": "India", "score": "296/7", "overs": "50/50 ov", "rr": "RR: 5.92", "batting": [{"Player Name": "Prithvi Shaw", "Dismissed by": "run out (Colin de Grandhomme/Tom Latham)", "Runs": "40", "Balls Faced": "42", "Fours": "3", "Sixes": "2", "Strike Rate": "95.23"}, {"Player Name": "Mayank Agarwal", "Dismissed by": "b Kyle Jamieson", "Runs": "1", "Balls Faced": "3", "Fours": "0", "Sixes": "0", "Strike Rate": "33.33"}, {"Player Name": "Virat Kohli", "Dismissed by": "c Kyle Jamieson b Hamish Bennett", "Runs": "9", "Balls Faced": "12", "Fours": "0", "Sixes": "1", "Strike Rate": "75.00"}, {"Player Name": "Shreyas Iyer", "Dismissed by": "c Colin de Grandhomme b Jimmy Neesham", "Runs": "62", "Balls Faced": "63", "Fours": "9", "Sixes": "0", "Strike Rate": "98.41"}, {"Player Name": "KL Rahul", "Dismissed by": "c Kyle Jamieson b Hamish Bennett", "Runs": "112", "Balls Faced": "113", "Fours": "9", "Sixes": "2", "Strike Rate": "99.11"}, {"Player Name": "Manish Pandey", "Dismissed by": "c Mitchell Santner b Hamish Bennett", "Runs": "42", "Balls Faced": "48", "Fours": "2", "Sixes": "0", "Strike Rate": "87.50"}, {"Player Name": "Ravindra Jadeja", "Dismissed by": "", "Runs": "8", "Balls Faced": "7", "Fours": "1", "Sixes": "0", "Strike Rate": "114.28"}, {"Player Name": "Shardul Thakur", "Dismissed by": "c Colin de Grandhomme b Hamish Bennett", "Runs": "7", "Balls Faced": "6", "Fours": "1", "Sixes": "0", "Strike Rate": "116.66"}, {"Player Name": "Navdeep Saini", "Dismissed by": "", "Runs": "8", "Balls Faced": "6", "Fours": "2", "Sixes": "0", "Strike Rate": "133.33"}, {"Player Name": "Yuzvendra Chahal", "Dismissed by": "", "Runs": "-", "Balls Faced": "-", "Fours": "-", "Sixes": "-", "Strike Rate": "-"}, {"Player Name": "Jasprit Bumrah", "Dismissed by": "", "Runs": "-", "Balls Faced": "-", "Fours": "-", "Sixes": "-", "Strike Rate": "-"}], "Extras": "Extras (w 6, b 1)", "balling": [{"player_name": "Jasprit Bumrah", "Overs": "10", "Maidens": "0", "Runs": "50", "Wickets": "0", "Economy": "5.00", "Dots": "32"}, {"player_name": "Navdeep Saini", "Overs": "8", "Maidens": "0", "Runs": "68", "Wickets": "0", "Economy": "8.50", "Dots": "26"}, {"player_name": "Yuzvendra Chahal", "Overs": "10", "Maidens": "1", "Runs": "47", "Wickets": "3", "Economy": "4.70", "Dots": "28"}, {"player_name": "Shardul Thakur", "Overs": "9.1", "Maidens": "0", "Runs": "87", "Wickets": "1", "Economy": "9.49", "Dots": "22"}, {"player_name": "Ravindra Jadeja", "Overs": "10", "Maidens": "0", "Runs": "45", "Wickets": "1", "Economy": "4.50", "Dots": "25"}]}, "match_id": "15360"}