{"date": "10/06/2022 08:00:00 AM", "home": "India", "away": "South Africa", "place": "Bharat Ratna Shri Atal Bihari Vajpai Ekana Cricket Stadium", "result": "South Africa won by 9 runs", "Team1": {"Name": "India", "score": "240/8", "overs": "40/40 ov", "rr": "RR: 6.00", "batting": [{"Player Name": "Shikhar Dhawan", "Dismissed by": "b Wayne Parnell", "Runs": "4", "Balls Faced": "16", "Fours": "0", "Sixes": "0", "Strike Rate": "25.00"}, {"Player Name": "Shubman Gill", "Dismissed by": "b Kagiso Rabada", "Runs": "3", "Balls Faced": "7", "Fours": "0", "Sixes": "0", "Strike Rate": "42.85"}, {"Player Name": "Ruturaj Gaikwad", "Dismissed by": "st Quinton de Kock b Tabraiz Shamsi", "Runs": "19", "Balls Faced": "42", "Fours": "1", "Sixes": "0", "Strike Rate": "45.23"}, {"Player Name": "Ishan Kishan", "Dismissed by": "c Janneman Malan b Keshav Maharaj", "Runs": "20", "Balls Faced": "37", "Fours": "3", "Sixes": "0", "Strike Rate": "54.05"}, {"Player Name": "Shreyas Iyer", "Dismissed by": "c Kagiso Rabada b Lungi Ngidi", "Runs": "50", "Balls Faced": "37", "Fours": "8", "Sixes": "0", "Strike Rate": "135.13"}, {"Player Name": "Sanju Samson", "Dismissed by": "", "Runs": "86", "Balls Faced": "63", "Fours": "9", "Sixes": "3", "Strike Rate": "136.50"}, {"Player Name": "Shardul Thakur", "Dismissed by": "c Keshav Maharaj b Lungi Ngidi", "Runs": "33", "Balls Faced": "31", "Fours": "5", "Sixes": "0", "Strike Rate": "106.45"}, {"Player Name": "Kuldeep Yadav", "Dismissed by": "c Temba Bavuma b Lungi Ngidi", "Runs": "0", "Balls Faced": "1", "Fours": "0", "Sixes": "0", "Strike Rate": "0.00"}, {"Player Name": "Avesh Khan", "Dismissed by": "c Temba Bavuma b Kagiso Rabada", "Runs": "3", "Balls Faced": "6", "Fours": "0", "Sixes": "0", "Strike Rate": "50.00"}, {"Player Name": "Ravi Bishnoi", "Dismissed by": "", "Runs": "4", "Balls Faced": "2", "Fours": "1", "Sixes": "0", "Strike Rate": "200.00"}, {"Player Name": "Mohammed Siraj", "Dismissed by": "", "Runs": "-", "Balls Faced": "-", "Fours": "-", "Sixes": "-", "Strike Rate": "-"}], "Extras": "Extras (nb 2, w 14, lb 2)", "balling": [{"player_name": "Mohammed Siraj", "Overs": "8", "Maidens": "0", "Runs": "49", "Wickets": "0", "Economy": "6.12", "Dots": "26"}, {"player_name": "Avesh Khan", "Overs": "8", "Maidens": "0", "Runs": "51", "Wickets": "0", "Economy": "6.37", "Dots": "28"}, {"player_name": "Shardul Thakur", "Overs": "8", "Maidens": "1", "Runs": "35", "Wickets": "2", "Economy": "4.37", "Dots": "26"}, {"player_name": "Ravi Bishnoi", "Overs": "8", "Maidens": "0", "Runs": "69", "Wickets": "1", "Economy": "8.62", "Dots": "21"}, {"player_name": "Kuldeep Yadav", "Overs": "8", "Maidens": "0", "Runs": "39", "Wickets": "1", "Economy": "4.87", "Dots": "24"}]}, "Team2": {"Name": "South Africa", "score": "249/4", "overs": "40/40 ov", "rr": "RR: 6.22", "batting": [{"Player Name": "Janneman Malan", "Dismissed by": "c Shreyas Iyer b Shardul Thakur", "Runs": "22", "Balls Faced": "42", "Fours": "3", "Sixes": "0", "Strike Rate": "52.38"}, {"Player Name": "Quinton de Kock", "Dismissed by": "lbw Ravi Bishnoi", "Runs": "48", "Balls Faced": "54", "Fours": "5", "Sixes": "0", "Strike Rate": "88.88"}, {"Player Name": "Temba Bavuma", "Dismissed by": "b Shardul Thakur", "Runs": "8", "Balls Faced": "12", "Fours": "2", "Sixes": "0", "Strike Rate": "66.66"}, {"Player Name": "Aiden Markram", "Dismissed by": "b Kuldeep Yadav", "Runs": "0", "Balls Faced": "5", "Fours": "0", "Sixes": "0", "Strike Rate": "0.00"}, {"Player Name": "Heinrich Klaasen", "Dismissed by": "", "Runs": "74", "Balls Faced": "65", "Fours": "6", "Sixes": "2", "Strike Rate": "113.84"}, {"Player Name": "David Miller", "Dismissed by": "", "Runs": "75", "Balls Faced": "63", "Fours": "5", "Sixes": "3", "Strike Rate": "119.04"}, {"Player Name": "Wayne Parnell", "Dismissed by": "", "Runs": "-", "Balls Faced": "-", "Fours": "-", "Sixes": "-", "Strike Rate": "-"}, {"Player Name": "Keshav Maharaj", "Dismissed by": "", "Runs": "-", "Balls Faced": "-", "Fours": "-", "Sixes": "-", "Strike Rate": "-"}, {"Player Name": "Kagiso Rabada", "Dismissed by": "", "Runs": "-", "Balls Faced": "-", "Fours": "-", "Sixes": "-", "Strike Rate": "-"}, {"Player Name": "Lungi Ngidi", "Dismissed by": "", "Runs": "-", "Balls Faced": "-", "Fours": "-", "Sixes": "-", "Strike Rate": "-"}, {"Player Name": "Tabraiz Shamsi", "Dismissed by": "", "Runs": "-", "Balls Faced": "-", "Fours": "-", "Sixes": "-", "Strike Rate": "-"}], "Extras": "Extras (nb 1, w 15, b 2, lb 4)", "balling": [{"player_name": "Kagiso Rabada", "Overs": "8", "Maidens": "2", "Runs": "36", "Wickets": "2", "Economy": "4.50", "Dots": "30"}, {"player_name": "Wayne Parnell", "Overs": "8", "Maidens": "1", "Runs": "38", "Wickets": "1", "Economy": "4.75", "Dots": "31"}, {"player_name": "Keshav Maharaj", "Overs": "8", "Maidens": "1", "Runs": "23", "Wickets": "1", "Economy": "2.87", "Dots": "30"}, {"player_name": "Lungi Ngidi", "Overs": "8", "Maidens": "0", "Runs": "52", "Wickets": "3", "Economy": "6.50", "Dots": "25"}, {"player_name": "Tabraiz Shamsi", "Overs": "8", "Maidens": "0", "Runs": "89", "Wickets": "1", "Economy": "11.12", "Dots": "14"}]}, "match_id": "101163"}