{"date": "07/10/2019 09:30:00 AM", "home": "India", "away": "New Zealand", "place": "Old Trafford", "result": "New Zealand win by 18 runs", "Team1": {"Name": "India", "score": "221", "overs": "49.3/50 ov", "rr": "RR: 4.46", "batting": [{"Player Name": "KL Rahul", "Dismissed by": "c Tom Latham b Matt Henry", "Runs": "1", "Balls Faced": "7", "Fours": "0", "Sixes": "0", "Strike Rate": "14.28"}, {"Player Name": "Rohit Sharma", "Dismissed by": "c Tom Latham b Matt Henry", "Runs": "1", "Balls Faced": "4", "Fours": "0", "Sixes": "0", "Strike Rate": "25.00"}, {"Player Name": "Virat Kohli", "Dismissed by": "lbw Trent Boult", "Runs": "1", "Balls Faced": "6", "Fours": "0", "Sixes": "0", "Strike Rate": "16.66"}, {"Player Name": "Rishabh Pant", "Dismissed by": "c Colin de Grandhomme b Mitchell Santner", "Runs": "32", "Balls Faced": "56", "Fours": "4", "Sixes": "0", "Strike Rate": "57.14"}, {"Player Name": "Dinesh Karthik", "Dismissed by": "c Jimmy Neesham b Matt Henry", "Runs": "6", "Balls Faced": "25", "Fours": "1", "Sixes": "0", "Strike Rate": "24.00"}, {"Player Name": "Hardik Pandya", "Dismissed by": "c Kane Williamson b Mitchell Santner", "Runs": "32", "Balls Faced": "62", "Fours": "2", "Sixes": "0", "Strike Rate": "51.61"}, {"Player Name": "MS Dhoni", "Dismissed by": "run out (Martin Guptill)", "Runs": "50", "Balls Faced": "72", "Fours": "1", "Sixes": "1", "Strike Rate": "69.44"}, {"Player Name": "Ravindra Jadeja", "Dismissed by": "c Kane Williamson b Trent Boult", "Runs": "77", "Balls Faced": "59", "Fours": "4", "Sixes": "4", "Strike Rate": "130.50"}, {"Player Name": "Bhuvneshwar Kumar", "Dismissed by": "b Lockie Ferguson", "Runs": "0", "Balls Faced": "1", "Fours": "0", "Sixes": "0", "Strike Rate": "0.00"}, {"Player Name": "Yuzvendra Chahal", "Dismissed by": "c Tom Latham b Jimmy Neesham", "Runs": "5", "Balls Faced": "5", "Fours": "1", "Sixes": "0", "Strike Rate": "100.00"}, {"Player Name": "Jasprit Bumrah", "Dismissed by": "", "Runs": "0", "Balls Faced": "0", "Fours": "0", "Sixes": "0", "Strike Rate": "-"}], "Extras": "Extras (w 13, lb 3)", "balling": [{"player_name": "Bhuvneshwar Kumar", "Overs": "10", "Maidens": "1", "Runs": "43", "Wickets": "3", "Economy": "4.30", "Dots": "32"}, {"player_name": "Jasprit Bumrah", "Overs": "10", "Maidens": "1", "Runs": "39", "Wickets": "1", "Economy": "3.90", "Dots": "31"}, {"player_name": "Hardik Pandya", "Overs": "10", "Maidens": "0", "Runs": "55", "Wickets": "1", "Economy": "5.50", "Dots": "29"}, {"player_name": "Ravindra Jadeja", "Overs": "10", "Maidens": "0", "Runs": "34", "Wickets": "1", "Economy": "3.40", "Dots": "38"}, {"player_name": "Yuzvendra Chahal", "Overs": "10", "Maidens": "0", "Runs": "63", "Wickets": "1", "Economy": "6.30", "Dots": "28"}]}, "Team2": {"Name": "New Zealand", "score": "239/8", "overs": "50/50 ov", "rr": "RR: 4.78", "batting": [{"Player Name": "Martin Guptill", "Dismissed by": "c Virat Kohli b Jasprit Bumrah", "Runs": "1", "Balls Faced": "14", "Fours": "0", "Sixes": "0", "Strike Rate": "7.14"}, {"Player Name": "Henry Nicholls", "Dismissed by": "b Ravindra Jadeja", "Runs": "28", "Balls Faced": "51", "Fours": "2", "Sixes": "0", "Strike Rate": "54.90"}, {"Player Name": "Kane Williamson", "Dismissed by": "c Ravindra Jadeja b Yuzvendra Chahal", "Runs": "67", "Balls Faced": "95", "Fours": "6", "Sixes": "0", "Strike Rate": "70.52"}, {"Player Name": "Ross Taylor", "Dismissed by": "run out (Ravindra Jadeja)", "Runs": "74", "Balls Faced": "90", "Fours": "3", "Sixes": "1", "Strike Rate": "82.22"}, {"Player Name": "Jimmy Neesham", "Dismissed by": "c Dinesh Karthik b Hardik Pandya", "Runs": "12", "Balls Faced": "18", "Fours": "1", "Sixes": "0", "Strike Rate": "66.66"}, {"Player Name": "Colin de Grandhomme", "Dismissed by": "c MS Dhoni b Bhuvneshwar Kumar", "Runs": "16", "Balls Faced": "10", "Fours": "2", "Sixes": "0", "Strike Rate": "160.00"}, {"Player Name": "Tom Latham", "Dismissed by": "c Ravindra Jadeja b Bhuvneshwar Kumar", "Runs": "10", "Balls Faced": "11", "Fours": "0", "Sixes": "0", "Strike Rate": "90.90"}, {"Player Name": "Mitchell Santner", "Dismissed by": "", "Runs": "9", "Balls Faced": "6", "Fours": "1", "Sixes": "0", "Strike Rate": "150.00"}, {"Player Name": "Matt Henry", "Dismissed by": "c Virat Kohli b Bhuvneshwar Kumar", "Runs": "1", "Balls Faced": "2", "Fours": "0", "Sixes": "0", "Strike Rate": "50.00"}, {"Player Name": "Trent Boult", "Dismissed by": "", "Runs": "3", "Balls Faced": "3", "Fours": "0", "Sixes": "0", "Strike Rate": "100.00"}, {"Player Name": "Lockie Ferguson", "Dismissed by": "", "Runs": "-", "Balls Faced": "-", "Fours": "-", "Sixes": "-", "Strike Rate": "-"}], "Extras": "Extras (w 13, lb 5)", "balling": [{"player_name": "Trent Boult", "Overs": "10", "Maidens": "2", "Runs": "42", "Wickets": "2", "Economy": "4.20", "Dots": "36"}, {"player_name": "Matt Henry", "Overs": "10", "Maidens": "1", "Runs": "37", "Wickets": "3", "Economy": "3.70", "Dots": "42"}, {"player_name": "Lockie Ferguson", "Overs": "10", "Maidens": "0", "Runs": "43", "Wickets": "1", "Economy": "4.30", "Dots": "36"}, {"player_name": "Colin de Grandhomme", "Overs": "2", "Maidens": "0", "Runs": "13", "Wickets": "0", "Economy": "6.50", "Dots": "4"}, {"player_name": "Jimmy Neesham", "Overs": "7.3", "Maidens": "0", "Runs": "49", "Wickets": "1", "Economy": "6.53", "Dots": "22"}, {"player_name": "Mitchell Santner", "Overs": "10", "Maidens": "2", "Runs": "34", "Wickets": "2", "Economy": "3.40", "Dots": "40"}]}, "match_id": "8237"}