{"date": "02/04/2020 11:00:00 AM", "home": "South Africa", "away": "England", "place": "Newlands", "result": "South Africa win by 7 wickets", "Team1": {"Name": "South Africa", "score": "258/3", "overs": "47.4/50 ov", "rr": "RR: 5.41", "batting": [{"Player Name": "Quinton de Kock", "Dismissed by": "b Joe Root", "Runs": "107", "Balls Faced": "113", "Fours": "11", "Sixes": "1", "Strike Rate": "94.69"}, {"Player Name": "Reeza Hendricks", "Dismissed by": "c Jonny Bairstow b Chris Woakes", "Runs": "6", "Balls Faced": "14", "Fours": "1", "Sixes": "0", "Strike Rate": "42.85"}, {"Player Name": "Temba Bavuma", "Dismissed by": "lbw Chris Jordan", "Runs": "97", "Balls Faced": "102", "Fours": "5", "Sixes": "2", "Strike Rate": "95.09"}, {"Player Name": "Rassie van der Dussen", "Dismissed by": "", "Runs": "38", "Balls Faced": "45", "Fours": "3", "Sixes": "0", "Strike Rate": "84.44"}, {"Player Name": "Jon-Jon Smuts", "Dismissed by": "", "Runs": "7", "Balls Faced": "11", "Fours": "1", "Sixes": "0", "Strike Rate": "63.63"}, {"Player Name": "David Miller", "Dismissed by": "", "Runs": "-", "Balls Faced": "-", "Fours": "-", "Sixes": "-", "Strike Rate": "-"}, {"Player Name": "Andile Phehlukwayo", "Dismissed by": "", "Runs": "-", "Balls Faced": "-", "Fours": "-", "Sixes": "-", "Strike Rate": "-"}, {"Player Name": "Beuran Hendricks", "Dismissed by": "", "Runs": "-", "Balls Faced": "-", "Fours": "-", "Sixes": "-", "Strike Rate": "-"}, {"Player Name": "Lungi Ngidi", "Dismissed by": "", "Runs": "-", "Balls Faced": "-", "Fours": "-", "Sixes": "-", "Strike Rate": "-"}, {"Player Name": "Lutho Sipamla", "Dismissed by": "", "Runs": "-", "Balls Faced": "-", "Fours": "-", "Sixes": "-", "Strike Rate": "-"}, {"Player Name": "Tabraiz Shamsi", "Dismissed by": "", "Runs": "-", "Balls Faced": "-", "Fours": "-", "Sixes": "-", "Strike Rate": "-"}], "Extras": "Extras (w 1, lb 2)", "balling": [{"player_name": "Beuran Hendricks", "Overs": "8", "Maidens": "0", "Runs": "46", "Wickets": "1", "Economy": "5.75", "Dots": "23"}, {"player_name": "Lungi Ngidi", "Overs": "7", "Maidens": "0", "Runs": "42", "Wickets": "0", "Economy": "6.00", "Dots": "19"}, {"player_name": "Jon-Jon Smuts", "Overs": "10", "Maidens": "0", "Runs": "43", "Wickets": "1", "Economy": "4.30", "Dots": "26"}, {"player_name": "Andile Phehlukwayo", "Overs": "8", "Maidens": "0", "Runs": "47", "Wickets": "1", "Economy": "5.87", "Dots": "27"}, {"player_name": "Tabraiz Shamsi", "Overs": "10", "Maidens": "0", "Runs": "38", "Wickets": "3", "Economy": "3.80", "Dots": "31"}, {"player_name": "Lutho Sipamla", "Overs": "7", "Maidens": "0", "Runs": "40", "Wickets": "1", "Economy": "5.71", "Dots": "20"}]}, "Team2": {"Name": "England", "score": "258/8", "overs": "50/50 ov", "rr": "RR: 5.16", "batting": [{"Player Name": "Jason Roy", "Dismissed by": "c Reeza Hendricks b Jon-Jon Smuts", "Runs": "32", "Balls Faced": "32", "Fours": "5", "Sixes": "0", "Strike Rate": "100.00"}, {"Player Name": "Jonny Bairstow", "Dismissed by": "c Lutho Sipamla b Andile Phehlukwayo", "Runs": "19", "Balls Faced": "25", "Fours": "3", "Sixes": "0", "Strike Rate": "76.00"}, {"Player Name": "Joe Root", "Dismissed by": "run out (Rassie van der Dussen)", "Runs": "17", "Balls Faced": "21", "Fours": "0", "Sixes": "0", "Strike Rate": "80.95"}, {"Player Name": "Eoin Morgan", "Dismissed by": "c Temba Bavuma b Tabraiz Shamsi", "Runs": "11", "Balls Faced": "18", "Fours": "1", "Sixes": "0", "Strike Rate": "61.11"}, {"Player Name": "Joe Denly", "Dismissed by": "c Reeza Hendricks b Beuran Hendricks", "Runs": "87", "Balls Faced": "103", "Fours": "6", "Sixes": "2", "Strike Rate": "84.46"}, {"Player Name": "Tom Banton", "Dismissed by": "lbw Tabraiz Shamsi", "Runs": "18", "Balls Faced": "23", "Fours": "3", "Sixes": "0", "Strike Rate": "78.26"}, {"Player Name": "Sam Curran", "Dismissed by": "b Tabraiz Shamsi", "Runs": "7", "Balls Faced": "18", "Fours": "0", "Sixes": "0", "Strike Rate": "38.88"}, {"Player Name": "Chris Woakes", "Dismissed by": "c David Miller b Lutho Sipamla", "Runs": "40", "Balls Faced": "42", "Fours": "2", "Sixes": "0", "Strike Rate": "95.23"}, {"Player Name": "Tom Curran", "Dismissed by": "", "Runs": "15", "Balls Faced": "18", "Fours": "0", "Sixes": "0", "Strike Rate": "83.33"}, {"Player Name": "Chris Jordan", "Dismissed by": "", "Runs": "1", "Balls Faced": "1", "Fours": "0", "Sixes": "0", "Strike Rate": "100.00"}, {"Player Name": "Matt Parkinson", "Dismissed by": "", "Runs": "-", "Balls Faced": "-", "Fours": "-", "Sixes": "-", "Strike Rate": "-"}], "Extras": "Extras (nb 1, w 8, lb 2)", "balling": [{"player_name": "Chris Woakes", "Overs": "9", "Maidens": "0", "Runs": "36", "Wickets": "1", "Economy": "4.00", "Dots": "29"}, {"player_name": "Sam Curran", "Overs": "5", "Maidens": "0", "Runs": "27", "Wickets": "0", "Economy": "5.40", "Dots": "15"}, {"player_name": "Joe Root", "Overs": "7", "Maidens": "0", "Runs": "35", "Wickets": "1", "Economy": "5.00", "Dots": "19"}, {"player_name": "Tom Curran", "Overs": "7", "Maidens": "0", "Runs": "38", "Wickets": "0", "Economy": "5.42", "Dots": "21"}, {"player_name": "Matt Parkinson", "Overs": "8.4", "Maidens": "0", "Runs": "48", "Wickets": "0", "Economy": "5.53", "Dots": "25"}, {"player_name": "Chris Jordan", "Overs": "5", "Maidens": "0", "Runs": "31", "Wickets": "1", "Economy": "6.20", "Dots": "10"}, {"player_name": "Joe Denly", "Overs": "6", "Maidens": "0", "Runs": "41", "Wickets": "0", "Economy": "6.83", "Dots": "12"}]}, "match_id": "15253"}