{"date": "03/07/2015 10:00:00 PM", "home": "New Zealand", "away": "Afghanistan", "place": "McLean Park", "result": "New Zealand won by 6 wickets", "Team1": {"Name": "New Zealand", "score": "188/4", "overs": "36.1/50 ov", "rr": "RR: 5.19", "batting": [{"Player Name": "Martin Guptill", "Dismissed by": "run out (Samiullah Shinwari/Nawroz Mangal)", "Runs": "57", "Balls Faced": "76", "Fours": "7", "Sixes": "0", "Strike Rate": "75.00"}, {"Player Name": "Brendon McCullum", "Dismissed by": "b Mohammad Nabi", "Runs": "42", "Balls Faced": "19", "Fours": "6", "Sixes": "1", "Strike Rate": "221.05"}, {"Player Name": "Kane Williamson", "Dismissed by": "c Samiullah Shinwari b Shapoor Zadran", "Runs": "33", "Balls Faced": "45", "Fours": "4", "Sixes": "0", "Strike Rate": "73.33"}, {"Player Name": "Ross Taylor", "Dismissed by": "", "Runs": "24", "Balls Faced": "41", "Fours": "2", "Sixes": "0", "Strike Rate": "58.53"}, {"Player Name": "Grant Elliott", "Dismissed by": "run out (Mohammad Nabi)", "Runs": "19", "Balls Faced": "28", "Fours": "1", "Sixes": "0", "Strike Rate": "67.85"}, {"Player Name": "Corey Anderson", "Dismissed by": "", "Runs": "7", "Balls Faced": "8", "Fours": "1", "Sixes": "0", "Strike Rate": "87.50"}, {"Player Name": "Luke Ronchi", "Dismissed by": "", "Runs": "-", "Balls Faced": "-", "Fours": "-", "Sixes": "-", "Strike Rate": "-"}, {"Player Name": "Daniel Vettori", "Dismissed by": "", "Runs": "-", "Balls Faced": "-", "Fours": "-", "Sixes": "-", "Strike Rate": "-"}, {"Player Name": "Adam Milne", "Dismissed by": "", "Runs": "-", "Balls Faced": "-", "Fours": "-", "Sixes": "-", "Strike Rate": "-"}, {"Player Name": "Tim Southee", "Dismissed by": "", "Runs": "-", "Balls Faced": "-", "Fours": "-", "Sixes": "-", "Strike Rate": "-"}, {"Player Name": "Trent Boult", "Dismissed by": "", "Runs": "-", "Balls Faced": "-", "Fours": "-", "Sixes": "-", "Strike Rate": "-"}], "Extras": "Extras (w 4, lb 2)", "balling": [{"player_name": "Tim Southee", "Overs": "10", "Maidens": "0", "Runs": "43", "Wickets": "0", "Economy": "4.30", "Dots": "40"}, {"player_name": "Trent Boult", "Overs": "10", "Maidens": "2", "Runs": "34", "Wickets": "3", "Economy": "3.40", "Dots": "45"}, {"player_name": "Daniel Vettori", "Overs": "10", "Maidens": "4", "Runs": "18", "Wickets": "4", "Economy": "1.80", "Dots": "48"}, {"player_name": "Adam Milne", "Overs": "10", "Maidens": "0", "Runs": "38", "Wickets": "1", "Economy": "3.80", "Dots": "41"}, {"player_name": "Corey Anderson", "Overs": "6.4", "Maidens": "0", "Runs": "38", "Wickets": "2", "Economy": "5.70", "Dots": "26"}, {"player_name": "Grant Elliott", "Overs": "1", "Maidens": "0", "Runs": "10", "Wickets": "0", "Economy": "10.00", "Dots": "2"}]}, "Team2": {"Name": "Afghanistan", "score": "186", "overs": "47.4/50 ov", "rr": "RR: 3.90", "batting": [{"Player Name": "Javed Ahmadi", "Dismissed by": "lbw Trent Boult", "Runs": "1", "Balls Faced": "7", "Fours": "0", "Sixes": "0", "Strike Rate": "14.28"}, {"Player Name": "Usman Ghani", "Dismissed by": "b Daniel Vettori", "Runs": "0", "Balls Faced": "3", "Fours": "0", "Sixes": "0", "Strike Rate": "0.00"}, {"Player Name": "Nawroz Mangal", "Dismissed by": "b Daniel Vettori", "Runs": "27", "Balls Faced": "46", "Fours": "3", "Sixes": "0", "Strike Rate": "58.69"}, {"Player Name": "Asghar Afghan", "Dismissed by": "c Martin Guptill b Trent Boult", "Runs": "9", "Balls Faced": "18", "Fours": "2", "Sixes": "0", "Strike Rate": "50.00"}, {"Player Name": "Samiullah Shinwari", "Dismissed by": "c Ross Taylor b Corey Anderson", "Runs": "54", "Balls Faced": "110", "Fours": "5", "Sixes": "1", "Strike Rate": "49.09"}, {"Player Name": "Mohammad Nabi", "Dismissed by": "c Ross Taylor b Daniel Vettori", "Runs": "6", "Balls Faced": "15", "Fours": "0", "Sixes": "0", "Strike Rate": "40.00"}, {"Player Name": "Afsar Zazai", "Dismissed by": "lbw Daniel Vettori", "Runs": "0", "Balls Faced": "1", "Fours": "0", "Sixes": "0", "Strike Rate": "0.00"}, {"Player Name": "Najibullah Zadran", "Dismissed by": "c Daniel Vettori b Adam Milne", "Runs": "56", "Balls Faced": "56", "Fours": "8", "Sixes": "2", "Strike Rate": "100.00"}, {"Player Name": "Dawlat Zadran", "Dismissed by": "c Luke Ronchi b Trent Boult", "Runs": "1", "Balls Faced": "5", "Fours": "0", "Sixes": "0", "Strike Rate": "20.00"}, {"Player Name": "Hamid Hassan", "Dismissed by": "c Adam Milne b Corey Anderson", "Runs": "16", "Balls Faced": "21", "Fours": "4", "Sixes": "0", "Strike Rate": "76.19"}, {"Player Name": "Shapoor Zadran", "Dismissed by": "", "Runs": "2", "Balls Faced": "4", "Fours": "0", "Sixes": "0", "Strike Rate": "50.00"}], "Extras": "Extras (w 9, lb 5)", "balling": [{"player_name": "Dawlat Zadran", "Overs": "9", "Maidens": "0", "Runs": "51", "Wickets": "0", "Economy": "5.66", "Dots": "30"}, {"player_name": "Shapoor Zadran", "Overs": "10", "Maidens": "2", "Runs": "45", "Wickets": "1", "Economy": "4.50", "Dots": "35"}, {"player_name": "Hamid Hassan", "Overs": "7", "Maidens": "1", "Runs": "36", "Wickets": "0", "Economy": "5.14", "Dots": "26"}, {"player_name": "Mohammad Nabi", "Overs": "7.1", "Maidens": "0", "Runs": "39", "Wickets": "1", "Economy": "5.44", "Dots": "22"}, {"player_name": "Samiullah Shinwari", "Overs": "3", "Maidens": "0", "Runs": "15", "Wickets": "0", "Economy": "5.00", "Dots": "8"}]}, "match_id": "913"}