{"date": "06/14/2022 09:00:00 AM", "home": "Sri Lanka", "away": "Australia", "place": "Pallekele International Cricket Stadium", "result": "Australia won by 2 wickets (DLS method)", "Team1": {"Name": "Sri Lanka", "score": "300/7", "overs": "50/50 ov", "rr": "RR: 6.00", "batting": [{"Player Name": "Danushka Gunathilaka", "Dismissed by": "run out (Marcus Stoinis/Alex Carey)", "Runs": "55", "Balls Faced": "53", "Fours": "7", "Sixes": "0", "Strike Rate": "103.77"}, {"Player Name": "Pathum Nissanka", "Dismissed by": "c Aaron Finch b Ashton Agar", "Runs": "56", "Balls Faced": "68", "Fours": "7", "Sixes": "1", "Strike Rate": "82.35"}, {"Player Name": "Ramesh Mendis", "Dismissed by": "", "Runs": "86", "Balls Faced": "87", "Fours": "8", "Sixes": "1", "Strike Rate": "98.85"}, {"Player Name": "Dhananjaya de Silva", "Dismissed by": "c David Warner b Ashton Agar", "Runs": "7", "Balls Faced": "17", "Fours": "0", "Sixes": "0", "Strike Rate": "41.17"}, {"Player Name": "Charith Asalanka", "Dismissed by": "c Aaron Finch b Jhye Richardson", "Runs": "37", "Balls Faced": "42", "Fours": "4", "Sixes": "0", "Strike Rate": "88.09"}, {"Player Name": "Dasun Shanaka", "Dismissed by": "c David Warner b Marnus Labuschagne", "Runs": "6", "Balls Faced": "7", "Fours": "1", "Sixes": "0", "Strike Rate": "85.71"}, {"Player Name": "Chamika Karunaratne", "Dismissed by": "c Alex Carey b Marnus Labuschagne", "Runs": "7", "Balls Faced": "7", "Fours": "1", "Sixes": "0", "Strike Rate": "100.00"}, {"Player Name": "Wanindu Hasaranga", "Dismissed by": "c Jhye Richardson b Josh Hazlewood", "Runs": "37", "Balls Faced": "19", "Fours": "6", "Sixes": "0", "Strike Rate": "194.73"}, {"Player Name": "Dunith Wellalage", "Dismissed by": "", "Runs": "-", "Balls Faced": "-", "Fours": "-", "Sixes": "-", "Strike Rate": "-"}, {"Player Name": "Dushmantha Chameera", "Dismissed by": "", "Runs": "-", "Balls Faced": "-", "Fours": "-", "Sixes": "-", "Strike Rate": "-"}, {"Player Name": "Maheesh Theekshana", "Dismissed by": "", "Runs": "-", "Balls Faced": "-", "Fours": "-", "Sixes": "-", "Strike Rate": "-"}], "Extras": "Extras (w 6, b 1, lb 2)", "balling": [{"player_name": "Dushmantha Chameera", "Overs": "7.3", "Maidens": "0", "Runs": "60", "Wickets": "0", "Economy": "8.00", "Dots": "23"}, {"player_name": "Maheesh Theekshana", "Overs": "8", "Maidens": "0", "Runs": "51", "Wickets": "1", "Economy": "6.37", "Dots": "21"}, {"player_name": "Chamika Karunaratne", "Overs": "4", "Maidens": "0", "Runs": "16", "Wickets": "0", "Economy": "4.00", "Dots": "12"}, {"player_name": "Wanindu Hasaranga", "Overs": "9", "Maidens": "0", "Runs": "58", "Wickets": "4", "Economy": "6.44", "Dots": "27"}, {"player_name": "Dunith Wellalage", "Overs": "7", "Maidens": "0", "Runs": "49", "Wickets": "2", "Economy": "7.00", "Dots": "16"}, {"player_name": "Dhananjaya de Silva", "Overs": "3", "Maidens": "0", "Runs": "14", "Wickets": "0", "Economy": "4.66", "Dots": "8"}, {"player_name": "Dasun Shanaka", "Overs": "4", "Maidens": "0", "Runs": "27", "Wickets": "1", "Economy": "6.75", "Dots": "8"}]}, "Team2": {"Name": "Australia", "score": "282/8", "overs": "42.3/44 ov", "rr": "RR: 6.63", "batting": [{"Player Name": "Aaron Finch", "Dismissed by": "c Ramesh Mendis b Wanindu Hasaranga", "Runs": "44", "Balls Faced": "41", "Fours": "5", "Sixes": "1", "Strike Rate": "107.31"}, {"Player Name": "David Warner", "Dismissed by": "lbw Maheesh Theekshana", "Runs": "0", "Balls Faced": "3", "Fours": "0", "Sixes": "0", "Strike Rate": "0.00"}, {"Player Name": "Steve Smith", "Dismissed by": "b Dunith Wellalage", "Runs": "53", "Balls Faced": "60", "Fours": "5", "Sixes": "0", "Strike Rate": "88.33"}, {"Player Name": "Marnus Labuschagne", "Dismissed by": "c Dunith Wellalage b Dasun Shanaka", "Runs": "24", "Balls Faced": "31", "Fours": "1", "Sixes": "0", "Strike Rate": "77.41"}, {"Player Name": "Marcus Stoinis", "Dismissed by": "b Wanindu Hasaranga", "Runs": "44", "Balls Faced": "31", "Fours": "4", "Sixes": "2", "Strike Rate": "141.93"}, {"Player Name": "Alex Carey", "Dismissed by": "lbw Wanindu Hasaranga", "Runs": "21", "Balls Faced": "22", "Fours": "1", "Sixes": "0", "Strike Rate": "95.45"}, {"Player Name": "Glenn Maxwell", "Dismissed by": "", "Runs": "80", "Balls Faced": "51", "Fours": "6", "Sixes": "6", "Strike Rate": "156.86"}, {"Player Name": "Pat Cummins", "Dismissed by": "b Wanindu Hasaranga", "Runs": "0", "Balls Faced": "2", "Fours": "0", "Sixes": "0", "Strike Rate": "0.00"}, {"Player Name": "Ashton Agar", "Dismissed by": "lbw Dunith Wellalage", "Runs": "3", "Balls Faced": "11", "Fours": "0", "Sixes": "0", "Strike Rate": "27.27"}, {"Player Name": "Jhye Richardson", "Dismissed by": "", "Runs": "1", "Balls Faced": "3", "Fours": "0", "Sixes": "0", "Strike Rate": "33.33"}, {"Player Name": "Josh Hazlewood", "Dismissed by": "", "Runs": "-", "Balls Faced": "-", "Fours": "-", "Sixes": "-", "Strike Rate": "-"}], "Extras": "Extras (w 5, b 6, lb 1)", "balling": [{"player_name": "Josh Hazlewood", "Overs": "10", "Maidens": "0", "Runs": "54", "Wickets": "1", "Economy": "5.40", "Dots": "28"}, {"player_name": "Glenn Maxwell", "Overs": "10", "Maidens": "0", "Runs": "60", "Wickets": "0", "Economy": "6.00", "Dots": "31"}, {"player_name": "Pat Cummins", "Overs": "8", "Maidens": "1", "Runs": "48", "Wickets": "0", "Economy": "6.00", "Dots": "25"}, {"player_name": "Jhye Richardson", "Overs": "8", "Maidens": "0", "Runs": "64", "Wickets": "1", "Economy": "8.00", "Dots": "18"}, {"player_name": "Ashton Agar", "Overs": "10", "Maidens": "0", "Runs": "49", "Wickets": "2", "Economy": "4.90", "Dots": "25"}, {"player_name": "Marcus Stoinis", "Overs": "1", "Maidens": "0", "Runs": "3", "Wickets": "0", "Economy": "3.00", "Dots": "4"}, {"player_name": "Marnus Labuschagne", "Overs": "3", "Maidens": "0", "Runs": "19", "Wickets": "2", "Economy": "6.33", "Dots": "8"}]}, "match_id": "100571"}