{"date": "09/07/2023 11:00:00 AM", "home": "South Africa", "away": "Australia", "place": "Mangaung Oval", "result": "Australia won by 3 wickets", "Team1": {"Name": "South Africa", "score": "222", "overs": "49/50 ov", "rr": "RR: 4.53", "batting": [{"Player Name": "Temba Bavuma", "Dismissed by": "", "Runs": "114", "Balls Faced": "142", "Fours": "14", "Sixes": "1", "Strike Rate": "80.28"}, {"Player Name": "Quinton de Kock", "Dismissed by": "c Cameron Green b Marcus Stoinis", "Runs": "11", "Balls Faced": "31", "Fours": "2", "Sixes": "0", "Strike Rate": "35.48"}, {"Player Name": "Rassie van der Dussen", "Dismissed by": "run out (Marcus Stoinis)", "Runs": "8", "Balls Faced": "16", "Fours": "1", "Sixes": "0", "Strike Rate": "50.00"}, {"Player Name": "Aiden Markram", "Dismissed by": "c Alex Carey b Cameron Green", "Runs": "19", "Balls Faced": "14", "Fours": "3", "Sixes": "0", "Strike Rate": "135.71"}, {"Player Name": "Heinrich Klaasen", "Dismissed by": "b Marcus Stoinis", "Runs": "14", "Balls Faced": "19", "Fours": "2", "Sixes": "0", "Strike Rate": "73.68"}, {"Player Name": "David Miller", "Dismissed by": "c Alex Carey b Josh Hazlewood", "Runs": "0", "Balls Faced": "2", "Fours": "0", "Sixes": "0", "Strike Rate": "0.00"}, {"Player Name": "Marco Jansen", "Dismissed by": "b Josh Hazlewood", "Runs": "32", "Balls Faced": "40", "Fours": "3", "Sixes": "1", "Strike Rate": "80.00"}, {"Player Name": "Gerald Coetzee", "Dismissed by": "c Josh Hazlewood b Ashton Agar", "Runs": "2", "Balls Faced": "8", "Fours": "0", "Sixes": "0", "Strike Rate": "25.00"}, {"Player Name": "Keshav Maharaj", "Dismissed by": "b Sean Abbott", "Runs": "2", "Balls Faced": "6", "Fours": "0", "Sixes": "0", "Strike Rate": "33.33"}, {"Player Name": "Kagiso Rabada", "Dismissed by": "c Alex Carey b Adam Zampa", "Runs": "1", "Balls Faced": "7", "Fours": "0", "Sixes": "0", "Strike Rate": "14.28"}, {"Player Name": "Lungi Ngidi", "Dismissed by": "c Alex Carey b Josh Hazlewood", "Runs": "0", "Balls Faced": "10", "Fours": "0", "Sixes": "0", "Strike Rate": "0.00"}], "Extras": "Extras (nb 1, w 11, b 4, lb 3)", "balling": [{"player_name": "Marco Jansen", "Overs": "6", "Maidens": "0", "Runs": "44", "Wickets": "1", "Economy": "7.33", "Dots": "23"}, {"player_name": "Kagiso Rabada", "Overs": "9", "Maidens": "1", "Runs": "48", "Wickets": "2", "Economy": "5.33", "Dots": "33"}, {"player_name": "Lungi Ngidi", "Overs": "8", "Maidens": "0", "Runs": "42", "Wickets": "1", "Economy": "5.25", "Dots": "27"}, {"player_name": "Gerald Coetzee", "Overs": "7", "Maidens": "0", "Runs": "44", "Wickets": "2", "Economy": "6.28", "Dots": "24"}, {"player_name": "Keshav Maharaj", "Overs": "9", "Maidens": "0", "Runs": "38", "Wickets": "1", "Economy": "4.22", "Dots": "27"}, {"player_name": "Aiden Markram", "Overs": "1.2", "Maidens": "0", "Runs": "9", "Wickets": "0", "Economy": "6.75", "Dots": "3"}]}, "Team2": {"Name": "Australia", "score": "225/7", "overs": "40.2/50 ov", "rr": "RR: 5.57", "batting": [{"Player Name": "Travis Head", "Dismissed by": "c Kagiso Rabada b Lungi Ngidi", "Runs": "33", "Balls Faced": "28", "Fours": "6", "Sixes": "1", "Strike Rate": "117.85"}, {"Player Name": "David Warner", "Dismissed by": "b Marco Jansen", "Runs": "0", "Balls Faced": "2", "Fours": "0", "Sixes": "0", "Strike Rate": "0.00"}, {"Player Name": "Mitchell Marsh", "Dismissed by": "c Quinton de Kock b Kagiso Rabada", "Runs": "17", "Balls Faced": "15", "Fours": "4", "Sixes": "0", "Strike Rate": "113.33"}, {"Player Name": "Josh Inglis", "Dismissed by": "b Kagiso Rabada", "Runs": "1", "Balls Faced": "5", "Fours": "0", "Sixes": "0", "Strike Rate": "20.00"}, {"Player Name": "Alex Carey", "Dismissed by": "b Gerald Coetzee", "Runs": "3", "Balls Faced": "9", "Fours": "0", "Sixes": "0", "Strike Rate": "33.33"}, {"Player Name": "Marcus Stoinis", "Dismissed by": "c Heinrich Klaasen b Gerald Coetzee", "Runs": "17", "Balls Faced": "10", "Fours": "4", "Sixes": "0", "Strike Rate": "170.00"}, {"Player Name": "Marnus Labuschagne", "Dismissed by": "", "Runs": "80", "Balls Faced": "93", "Fours": "8", "Sixes": "0", "Strike Rate": "86.02"}, {"Player Name": "Sean Abbott", "Dismissed by": "b Keshav Maharaj", "Runs": "9", "Balls Faced": "11", "Fours": "2", "Sixes": "0", "Strike Rate": "81.81"}, {"Player Name": "Ashton Agar", "Dismissed by": "", "Runs": "48", "Balls Faced": "69", "Fours": "3", "Sixes": "1", "Strike Rate": "69.56"}, {"Player Name": "Josh Hazlewood", "Dismissed by": "", "Runs": "-", "Balls Faced": "-", "Fours": "-", "Sixes": "-", "Strike Rate": "-"}, {"Player Name": "Adam Zampa", "Dismissed by": "", "Runs": "-", "Balls Faced": "-", "Fours": "-", "Sixes": "-", "Strike Rate": "-"}], "Extras": "Extras (nb 2, w 15)", "balling": [{"player_name": "Josh Hazlewood", "Overs": "10", "Maidens": "2", "Runs": "41", "Wickets": "3", "Economy": "4.10", "Dots": "43"}, {"player_name": "Marcus Stoinis", "Overs": "6", "Maidens": "0", "Runs": "20", "Wickets": "2", "Economy": "3.33", "Dots": "25"}, {"player_name": "Sean Abbott", "Overs": "9", "Maidens": "0", "Runs": "40", "Wickets": "1", "Economy": "4.44", "Dots": "37"}, {"player_name": "Ashton Agar", "Overs": "9", "Maidens": "0", "Runs": "40", "Wickets": "1", "Economy": "4.44", "Dots": "26"}, {"player_name": "Adam Zampa", "Overs": "10", "Maidens": "1", "Runs": "42", "Wickets": "1", "Economy": "4.20", "Dots": "37"}]}, "match_id": "102107"}