{"date": "02/09/2020 08:00:00 AM", "home": "South Africa", "away": "England", "place": "New Wanderers Stadium", "result": "England win by 2 wickets", "Team1": {"Name": "South Africa", "score": "256/7", "overs": "50/50 ov", "rr": "RR: 5.12", "batting": [{"Player Name": "Quinton de Kock", "Dismissed by": "b Adil Rashid", "Runs": "69", "Balls Faced": "81", "Fours": "5", "Sixes": "2", "Strike Rate": "85.18"}, {"Player Name": "Reeza Hendricks", "Dismissed by": "b Saqib Mahmood", "Runs": "11", "Balls Faced": "26", "Fours": "2", "Sixes": "0", "Strike Rate": "42.30"}, {"Player Name": "Temba Bavuma", "Dismissed by": "lbw Adil Rashid", "Runs": "29", "Balls Faced": "43", "Fours": "3", "Sixes": "0", "Strike Rate": "67.44"}, {"Player Name": "Rassie van der Dussen", "Dismissed by": "b Moeen Ali", "Runs": "5", "Balls Faced": "8", "Fours": "1", "Sixes": "0", "Strike Rate": "62.50"}, {"Player Name": "Jon-Jon Smuts", "Dismissed by": "run out (Tom Banton/Jonny Bairstow)", "Runs": "31", "Balls Faced": "38", "Fours": "2", "Sixes": "1", "Strike Rate": "81.57"}, {"Player Name": "David Miller", "Dismissed by": "", "Runs": "69", "Balls Faced": "53", "Fours": "4", "Sixes": "4", "Strike Rate": "130.18"}, {"Player Name": "Andile Phehlukwayo", "Dismissed by": "lbw Adil Rashid", "Runs": "14", "Balls Faced": "31", "Fours": "1", "Sixes": "0", "Strike Rate": "45.16"}, {"Player Name": "Beuran Hendricks", "Dismissed by": "run out (Adil Rashid/Eoin Morgan)", "Runs": "3", "Balls Faced": "6", "Fours": "0", "Sixes": "0", "Strike Rate": "50.00"}, {"Player Name": "Lutho Sipamla", "Dismissed by": "", "Runs": "10", "Balls Faced": "14", "Fours": "0", "Sixes": "0", "Strike Rate": "71.42"}, {"Player Name": "Lungi Ngidi", "Dismissed by": "", "Runs": "-", "Balls Faced": "-", "Fours": "-", "Sixes": "-", "Strike Rate": "-"}, {"Player Name": "Tabraiz Shamsi", "Dismissed by": "", "Runs": "-", "Balls Faced": "-", "Fours": "-", "Sixes": "-", "Strike Rate": "-"}], "Extras": "Extras (w 8, b 1, lb 6)", "balling": [{"player_name": "Lungi Ngidi", "Overs": "9", "Maidens": "2", "Runs": "63", "Wickets": "3", "Economy": "7.00", "Dots": "32"}, {"player_name": "Beuran Hendricks", "Overs": "10", "Maidens": "0", "Runs": "59", "Wickets": "3", "Economy": "5.90", "Dots": "35"}, {"player_name": "Lutho Sipamla", "Overs": "9.2", "Maidens": "1", "Runs": "42", "Wickets": "1", "Economy": "4.50", "Dots": "35"}, {"player_name": "Tabraiz Shamsi", "Overs": "10", "Maidens": "0", "Runs": "58", "Wickets": "1", "Economy": "5.80", "Dots": "31"}, {"player_name": "Jon-Jon Smuts", "Overs": "3", "Maidens": "0", "Runs": "12", "Wickets": "0", "Economy": "4.00", "Dots": "11"}, {"player_name": "Andile Phehlukwayo", "Overs": "2", "Maidens": "0", "Runs": "23", "Wickets": "0", "Economy": "11.50", "Dots": "3"}]}, "Team2": {"Name": "England", "score": "257/8", "overs": "43.2/50 ov", "rr": "RR: 5.93", "batting": [{"Player Name": "Jason Roy", "Dismissed by": "c Lungi Ngidi b Beuran Hendricks", "Runs": "21", "Balls Faced": "21", "Fours": "0", "Sixes": "2", "Strike Rate": "100.00"}, {"Player Name": "Jonny Bairstow", "Dismissed by": "c Andile Phehlukwayo b Lutho Sipamla", "Runs": "43", "Balls Faced": "23", "Fours": "6", "Sixes": "3", "Strike Rate": "186.95"}, {"Player Name": "Joe Root", "Dismissed by": "c Temba Bavuma b Tabraiz Shamsi", "Runs": "49", "Balls Faced": "52", "Fours": "3", "Sixes": "0", "Strike Rate": "94.23"}, {"Player Name": "Eoin Morgan", "Dismissed by": "c & b Beuran Hendricks", "Runs": "9", "Balls Faced": "14", "Fours": "1", "Sixes": "0", "Strike Rate": "64.28"}, {"Player Name": "Joe Denly", "Dismissed by": "c Andile Phehlukwayo b Lungi Ngidi", "Runs": "66", "Balls Faced": "79", "Fours": "6", "Sixes": "3", "Strike Rate": "83.54"}, {"Player Name": "Tom Banton", "Dismissed by": "c Quinton de Kock b Beuran Hendricks", "Runs": "32", "Balls Faced": "32", "Fours": "4", "Sixes": "1", "Strike Rate": "100.00"}, {"Player Name": "Moeen Ali", "Dismissed by": "", "Runs": "17", "Balls Faced": "16", "Fours": "3", "Sixes": "0", "Strike Rate": "106.25"}, {"Player Name": "Tom Curran", "Dismissed by": "c Temba Bavuma b Lungi Ngidi", "Runs": "5", "Balls Faced": "9", "Fours": "1", "Sixes": "0", "Strike Rate": "55.55"}, {"Player Name": "Adil Rashid", "Dismissed by": "c Quinton de Kock b Lungi Ngidi", "Runs": "2", "Balls Faced": "10", "Fours": "0", "Sixes": "0", "Strike Rate": "20.00"}, {"Player Name": "Chris Jordan", "Dismissed by": "", "Runs": "0", "Balls Faced": "4", "Fours": "0", "Sixes": "0", "Strike Rate": "0.00"}, {"Player Name": "Saqib Mahmood", "Dismissed by": "", "Runs": "-", "Balls Faced": "-", "Fours": "-", "Sixes": "-", "Strike Rate": "-"}], "Extras": "Extras (w 13)", "balling": [{"player_name": "Tom Curran", "Overs": "9", "Maidens": "1", "Runs": "38", "Wickets": "0", "Economy": "4.22", "Dots": "32"}, {"player_name": "Saqib Mahmood", "Overs": "5", "Maidens": "1", "Runs": "17", "Wickets": "1", "Economy": "3.40", "Dots": "23"}, {"player_name": "Chris Jordan", "Overs": "9", "Maidens": "0", "Runs": "59", "Wickets": "0", "Economy": "6.55", "Dots": "27"}, {"player_name": "Joe Root", "Overs": "7", "Maidens": "0", "Runs": "42", "Wickets": "0", "Economy": "6.00", "Dots": "17"}, {"player_name": "Moeen Ali", "Overs": "10", "Maidens": "0", "Runs": "42", "Wickets": "1", "Economy": "4.20", "Dots": "33"}, {"player_name": "Adil Rashid", "Overs": "10", "Maidens": "0", "Runs": "51", "Wickets": "3", "Economy": "5.10", "Dots": "27"}]}, "match_id": "15255"}