{"date": "11/27/2022 09:00:00 AM", "home": "Sri Lanka", "away": "Afghanistan", "place": "Pallekele International Cricket Stadium", "result": "Match Abandoned", "Team1": {"Name": "Sri Lanka", "score": "10/0", "overs": "2.4/50 ov", "rr": "RR: 3.75", "batting": [{"Player Name": "Pathum Nissanka", "Dismissed by": "", "Runs": "3", "Balls Faced": "8", "Fours": "0", "Sixes": "0", "Strike Rate": "37.50"}, {"Player Name": "Kusal Mendis", "Dismissed by": "", "Runs": "2", "Balls Faced": "8", "Fours": "0", "Sixes": "0", "Strike Rate": "25.00"}, {"Player Name": "Dinesh Chandimal", "Dismissed by": "", "Runs": "-", "Balls Faced": "-", "Fours": "-", "Sixes": "-", "Strike Rate": "-"}, {"Player Name": "Dhananjaya de Silva", "Dismissed by": "", "Runs": "-", "Balls Faced": "-", "Fours": "-", "Sixes": "-", "Strike Rate": "-"}, {"Player Name": "Charith Asalanka", "Dismissed by": "", "Runs": "-", "Balls Faced": "-", "Fours": "-", "Sixes": "-", "Strike Rate": "-"}, {"Player Name": "Dasun Shanaka", "Dismissed by": "", "Runs": "-", "Balls Faced": "-", "Fours": "-", "Sixes": "-", "Strike Rate": "-"}, {"Player Name": "Wanindu Hasaranga", "Dismissed by": "", "Runs": "-", "Balls Faced": "-", "Fours": "-", "Sixes": "-", "Strike Rate": "-"}, {"Player Name": "Pothotuwa Arachchige Dhananjaya Lakshan", "Dismissed by": "", "Runs": "-", "Balls Faced": "-", "Fours": "-", "Sixes": "-", "Strike Rate": "-"}, {"Player Name": "Maheesh Theekshana", "Dismissed by": "", "Runs": "-", "Balls Faced": "-", "Fours": "-", "Sixes": "-", "Strike Rate": "-"}, {"Player Name": "Lahiru Kumara", "Dismissed by": "", "Runs": "-", "Balls Faced": "-", "Fours": "-", "Sixes": "-", "Strike Rate": "-"}, {"Player Name": "Kasun Rajitha", "Dismissed by": "", "Runs": "-", "Balls Faced": "-", "Fours": "-", "Sixes": "-", "Strike Rate": "-"}], "Extras": "Extras (w 5)", "balling": [{"player_name": "Kasun Rajitha", "Overs": "9", "Maidens": "2", "Runs": "31", "Wickets": "3", "Economy": "3.44", "Dots": "40"}, {"player_name": "Maheesh Theekshana", "Overs": "10", "Maidens": "1", "Runs": "49", "Wickets": "2", "Economy": "4.90", "Dots": "37"}, {"player_name": "Lahiru Kumara", "Overs": "6.2", "Maidens": "0", "Runs": "50", "Wickets": "2", "Economy": "7.89", "Dots": "17"}, {"player_name": "Wanindu Hasaranga", "Overs": "10", "Maidens": "0", "Runs": "39", "Wickets": "1", "Economy": "3.90", "Dots": "38"}, {"player_name": "Pothotuwa Arachchige Dhananjaya Lakshan", "Overs": "3", "Maidens": "0", "Runs": "21", "Wickets": "0", "Economy": "7.00", "Dots": "6"}, {"player_name": "Dhananjaya de Silva", "Overs": "10", "Maidens": "0", "Runs": "37", "Wickets": "1", "Economy": "3.70", "Dots": "34"}]}, "Team2": {"Name": "Afghanistan", "score": "228", "overs": "48.2/50 ov", "rr": "RR: 4.71", "batting": [{"Player Name": "Gurbaz", "Dismissed by": "c Maheesh Theekshana b Dhananjaya de Silva", "Runs": "68", "Balls Faced": "73", "Fours": "4", "Sixes": "4", "Strike Rate": "93.15"}, {"Player Name": "Ibrahim Zadran", "Dismissed by": "b Lahiru Kumara", "Runs": "10", "Balls Faced": "18", "Fours": "2", "Sixes": "0", "Strike Rate": "55.55"}, {"Player Name": "Rahmat Shah", "Dismissed by": "lbw Maheesh Theekshana", "Runs": "58", "Balls Faced": "78", "Fours": "7", "Sixes": "0", "Strike Rate": "74.35"}, {"Player Name": "Hashmatullah Shahidi", "Dismissed by": "run out (Pothotuwa Arachchige Dhananjaya Lakshan)", "Runs": "28", "Balls Faced": "45", "Fours": "2", "Sixes": "0", "Strike Rate": "62.22"}, {"Player Name": "Najib Zadran", "Dismissed by": "lbw Maheesh Theekshana", "Runs": "6", "Balls Faced": "8", "Fours": "1", "Sixes": "0", "Strike Rate": "75.00"}, {"Player Name": "Gulbadin Naib", "Dismissed by": "b Wanindu Hasaranga", "Runs": "6", "Balls Faced": "15", "Fours": "0", "Sixes": "0", "Strike Rate": "40.00"}, {"Player Name": "Mohammad Nabi", "Dismissed by": "c Dhananjaya de Silva b Kasun Rajitha", "Runs": "41", "Balls Faced": "34", "Fours": "2", "Sixes": "3", "Strike Rate": "120.58"}, {"Player Name": "Rashid Khan", "Dismissed by": "c Dhananjaya de Silva b Kasun Rajitha", "Runs": "3", "Balls Faced": "8", "Fours": "0", "Sixes": "0", "Strike Rate": "37.50"}, {"Player Name": "Mujeeb Zadran", "Dismissed by": "c Kusal Mendis b Kasun Rajitha", "Runs": "0", "Balls Faced": "2", "Fours": "0", "Sixes": "0", "Strike Rate": "0.00"}, {"Player Name": "Fazalhaq Farooqi", "Dismissed by": "", "Runs": "2", "Balls Faced": "7", "Fours": "0", "Sixes": "0", "Strike Rate": "28.57"}, {"Player Name": "Yamin Ahmadzai", "Dismissed by": "c Charith Asalanka b Lahiru Kumara", "Runs": "1", "Balls Faced": "2", "Fours": "0", "Sixes": "0", "Strike Rate": "50.00"}], "Extras": "Extras (w 4, b 1)", "balling": [{"player_name": "Fazalhaq Farooqi", "Overs": "1.4", "Maidens": "0", "Runs": "8", "Wickets": "0", "Economy": "4.80", "Dots": "7"}, {"player_name": "Mujeeb Zadran", "Overs": "1", "Maidens": "0", "Runs": "2", "Wickets": "0", "Economy": "2.00", "Dots": "4"}]}, "match_id": "101690"}