{"date": "08/18/2022 09:00:00 AM", "home": "Netherlands", "away": "Pakistan", "place": "Hazelaarweg", "result": "Pakistan won by 7 wickets", "Team1": {"Name": "Netherlands", "score": "186", "overs": "44.1/50 ov", "rr": "RR: 4.21", "batting": [{"Player Name": "Vikramjit Singh", "Dismissed by": "c Mohammad Rizwan b Naseem Shah", "Runs": "1", "Balls Faced": "3", "Fours": "0", "Sixes": "0", "Strike Rate": "33.33"}, {"Player Name": "Max O'Dowd", "Dismissed by": "c Babar Azam b Haris Rauf", "Runs": "1", "Balls Faced": "8", "Fours": "0", "Sixes": "0", "Strike Rate": "12.50"}, {"Player Name": "Wesley Barresi", "Dismissed by": "b Naseem Shah", "Runs": "3", "Balls Faced": "7", "Fours": "0", "Sixes": "0", "Strike Rate": "42.85"}, {"Player Name": "Bastiaan de Leede", "Dismissed by": "c Fakhar Zaman b Haris Rauf", "Runs": "89", "Balls Faced": "120", "Fours": "2", "Sixes": "3", "Strike Rate": "74.16"}, {"Player Name": "Tom Cooper", "Dismissed by": "c & b Mohammad Nawaz", "Runs": "66", "Balls Faced": "74", "Fours": "7", "Sixes": "2", "Strike Rate": "89.18"}, {"Player Name": "Scott Edwards", "Dismissed by": "c Mohammad Rizwan b Mohammad Nawaz", "Runs": "5", "Balls Faced": "9", "Fours": "0", "Sixes": "0", "Strike Rate": "55.55"}, {"Player Name": "Teja Nidamanuru", "Dismissed by": "c Mohammad Rizwan b Haris Rauf", "Runs": "0", "Balls Faced": "2", "Fours": "0", "Sixes": "0", "Strike Rate": "0.00"}, {"Player Name": "Logan van Beek", "Dismissed by": "c Naseem Shah b Shadab Khan", "Runs": "13", "Balls Faced": "28", "Fours": "0", "Sixes": "0", "Strike Rate": "46.42"}, {"Player Name": "Tim Pringle", "Dismissed by": "lbw Mohammad Wasim", "Runs": "0", "Balls Faced": "3", "Fours": "0", "Sixes": "0", "Strike Rate": "0.00"}, {"Player Name": "Aryan Dutt", "Dismissed by": "b Mohammad Nawaz", "Runs": "1", "Balls Faced": "8", "Fours": "0", "Sixes": "0", "Strike Rate": "12.50"}, {"Player Name": "Vivian Kingma", "Dismissed by": "", "Runs": "0", "Balls Faced": "5", "Fours": "0", "Sixes": "0", "Strike Rate": "0.00"}], "Extras": "Extras (nb 2, w 2, lb 3)", "balling": [{"player_name": "Aryan Dutt", "Overs": "8", "Maidens": "0", "Runs": "37", "Wickets": "1", "Economy": "4.62", "Dots": "20"}, {"player_name": "Vivian Kingma", "Overs": "4.4", "Maidens": "1", "Runs": "32", "Wickets": "2", "Economy": "6.85", "Dots": "18"}, {"player_name": "Logan van Beek", "Overs": "6", "Maidens": "0", "Runs": "38", "Wickets": "0", "Economy": "6.33", "Dots": "19"}, {"player_name": "Tim Pringle", "Overs": "9", "Maidens": "1", "Runs": "55", "Wickets": "0", "Economy": "6.11", "Dots": "27"}, {"player_name": "Bastiaan de Leede", "Overs": "6", "Maidens": "0", "Runs": "28", "Wickets": "0", "Economy": "4.66", "Dots": "21"}]}, "Team2": {"Name": "Pakistan", "score": "191/3", "overs": "33.4/50 ov", "rr": "RR: 5.67", "batting": [{"Player Name": "Fakhar Zaman", "Dismissed by": "c & b Vivian Kingma", "Runs": "3", "Balls Faced": "10", "Fours": "0", "Sixes": "0", "Strike Rate": "30.00"}, {"Player Name": "Imam-ul-Haq", "Dismissed by": "c Logan van Beek b Vivian Kingma", "Runs": "6", "Balls Faced": "10", "Fours": "0", "Sixes": "0", "Strike Rate": "60.00"}, {"Player Name": "Babar Azam", "Dismissed by": "c Bastiaan de Leede b Aryan Dutt", "Runs": "57", "Balls Faced": "65", "Fours": "7", "Sixes": "0", "Strike Rate": "87.69"}, {"Player Name": "Mohammad Rizwan", "Dismissed by": "", "Runs": "69", "Balls Faced": "82", "Fours": "6", "Sixes": "1", "Strike Rate": "84.14"}, {"Player Name": "Salman Ali Agha", "Dismissed by": "", "Runs": "50", "Balls Faced": "35", "Fours": "5", "Sixes": "2", "Strike Rate": "142.85"}, {"Player Name": "Khushdil Shah", "Dismissed by": "", "Runs": "-", "Balls Faced": "-", "Fours": "-", "Sixes": "-", "Strike Rate": "-"}, {"Player Name": "Shadab Khan", "Dismissed by": "", "Runs": "-", "Balls Faced": "-", "Fours": "-", "Sixes": "-", "Strike Rate": "-"}, {"Player Name": "Mohammad Nawaz", "Dismissed by": "", "Runs": "-", "Balls Faced": "-", "Fours": "-", "Sixes": "-", "Strike Rate": "-"}, {"Player Name": "Mohammad Wasim", "Dismissed by": "", "Runs": "-", "Balls Faced": "-", "Fours": "-", "Sixes": "-", "Strike Rate": "-"}, {"Player Name": "Haris Rauf", "Dismissed by": "", "Runs": "-", "Balls Faced": "-", "Fours": "-", "Sixes": "-", "Strike Rate": "-"}, {"Player Name": "Naseem Shah", "Dismissed by": "", "Runs": "-", "Balls Faced": "-", "Fours": "-", "Sixes": "-", "Strike Rate": "-"}], "Extras": "Extras (w 5, b 1)", "balling": [{"player_name": "Haris Rauf", "Overs": "7.1", "Maidens": "0", "Runs": "16", "Wickets": "3", "Economy": "2.23", "Dots": "33"}, {"player_name": "Naseem Shah", "Overs": "6", "Maidens": "0", "Runs": "27", "Wickets": "2", "Economy": "4.50", "Dots": "25"}, {"player_name": "Mohammad Wasim", "Overs": "9", "Maidens": "0", "Runs": "42", "Wickets": "1", "Economy": "4.66", "Dots": "32"}, {"player_name": "Shadab Khan", "Overs": "10", "Maidens": "0", "Runs": "41", "Wickets": "1", "Economy": "4.10", "Dots": "32"}, {"player_name": "Mohammad Nawaz", "Overs": "10", "Maidens": "0", "Runs": "42", "Wickets": "3", "Economy": "4.20", "Dots": "34"}, {"player_name": "Khushdil Shah", "Overs": "2", "Maidens": "0", "Runs": "15", "Wickets": "0", "Economy": "7.50", "Dots": "4"}]}, "match_id": "100616"}