{"date": "12/10/2022 06:00:00 AM", "home": "Bangladesh", "away": "India", "place": "Zahur Ahmed Chowdhury Stadium", "result": "India won by 227 runs", "Team1": {"Name": "Bangladesh", "score": "182", "overs": "34/50 ov", "rr": "RR: 5.35", "batting": [{"Player Name": "Litton Das", "Dismissed by": "c Shardul Thakur b Mohammed Siraj", "Runs": "29", "Balls Faced": "26", "Fours": "4", "Sixes": "1", "Strike Rate": "111.53"}, {"Player Name": "Anamul Haque", "Dismissed by": "c Mohammed Siraj b Axar Patel", "Runs": "8", "Balls Faced": "7", "Fours": "0", "Sixes": "1", "Strike Rate": "114.28"}, {"Player Name": "Shakib Al Hasan", "Dismissed by": "b Kuldeep Yadav", "Runs": "43", "Balls Faced": "50", "Fours": "4", "Sixes": "0", "Strike Rate": "86.00"}, {"Player Name": "Mushfiqur Rahim", "Dismissed by": "b Axar Patel", "Runs": "7", "Balls Faced": "13", "Fours": "0", "Sixes": "0", "Strike Rate": "53.84"}, {"Player Name": "Yasir Ali", "Dismissed by": "lbw Umran Malik", "Runs": "25", "Balls Faced": "30", "Fours": "2", "Sixes": "1", "Strike Rate": "83.33"}, {"Player Name": "Mahmudullah", "Dismissed by": "lbw Washington Sundar", "Runs": "20", "Balls Faced": "26", "Fours": "1", "Sixes": "1", "Strike Rate": "76.92"}, {"Player Name": "Afif Hossain", "Dismissed by": "c Umran Malik b Shardul Thakur", "Runs": "8", "Balls Faced": "12", "Fours": "1", "Sixes": "0", "Strike Rate": "66.66"}, {"Player Name": "Mehidy Hasan Miraz", "Dismissed by": "c Mohammed Siraj b Shardul Thakur", "Runs": "3", "Balls Faced": "5", "Fours": "0", "Sixes": "0", "Strike Rate": "60.00"}, {"Player Name": "Taskin Ahmed", "Dismissed by": "", "Runs": "17", "Balls Faced": "16", "Fours": "0", "Sixes": "2", "Strike Rate": "106.25"}, {"Player Name": "Ebadot Hossain", "Dismissed by": "lbw Shardul Thakur", "Runs": "0", "Balls Faced": "3", "Fours": "0", "Sixes": "0", "Strike Rate": "0.00"}, {"Player Name": "Mustafizur Rahman", "Dismissed by": "b Umran Malik", "Runs": "13", "Balls Faced": "17", "Fours": "2", "Sixes": "0", "Strike Rate": "76.47"}], "Extras": "Extras (nb 1, w 3, b 4, lb 1)", "balling": [{"player_name": "Mustafizur Rahman", "Overs": "10", "Maidens": "0", "Runs": "66", "Wickets": "1", "Economy": "6.60", "Dots": "20"}, {"player_name": "Taskin Ahmed", "Overs": "9", "Maidens": "1", "Runs": "89", "Wickets": "2", "Economy": "9.88", "Dots": "21"}, {"player_name": "Mehidy Hasan Miraz", "Overs": "10", "Maidens": "0", "Runs": "76", "Wickets": "1", "Economy": "7.60", "Dots": "24"}, {"player_name": "Ebadot Hossain", "Overs": "9", "Maidens": "0", "Runs": "80", "Wickets": "2", "Economy": "8.88", "Dots": "22"}, {"player_name": "Shakib Al Hasan", "Overs": "10", "Maidens": "0", "Runs": "68", "Wickets": "2", "Economy": "6.80", "Dots": "22"}, {"player_name": "Afif Hossain", "Overs": "1", "Maidens": "0", "Runs": "14", "Wickets": "0", "Economy": "14.00", "Dots": "0"}, {"player_name": "Mahmudullah", "Overs": "1", "Maidens": "0", "Runs": "11", "Wickets": "0", "Economy": "11.00", "Dots": "1"}]}, "Team2": {"Name": "India", "score": "409/8", "overs": "50/50 ov", "rr": "RR: 8.18", "batting": [{"Player Name": "Shikhar Dhawan", "Dismissed by": "lbw Mehidy Hasan Miraz", "Runs": "3", "Balls Faced": "8", "Fours": "0", "Sixes": "0", "Strike Rate": "37.50"}, {"Player Name": "Ishan Kishan", "Dismissed by": "c Litton Das b Taskin Ahmed", "Runs": "210", "Balls Faced": "131", "Fours": "24", "Sixes": "10", "Strike Rate": "160.30"}, {"Player Name": "Virat Kohli", "Dismissed by": "c Mehidy Hasan Miraz b Shakib Al Hasan", "Runs": "113", "Balls Faced": "91", "Fours": "11", "Sixes": "2", "Strike Rate": "124.17"}, {"Player Name": "Shreyas Iyer", "Dismissed by": "c Litton Das b Ebadot Hossain", "Runs": "3", "Balls Faced": "6", "Fours": "0", "Sixes": "0", "Strike Rate": "50.00"}, {"Player Name": "KL Rahul", "Dismissed by": "b Ebadot Hossain", "Runs": "8", "Balls Faced": "10", "Fours": "1", "Sixes": "0", "Strike Rate": "80.00"}, {"Player Name": "Washington Sundar", "Dismissed by": "b Shakib Al Hasan", "Runs": "37", "Balls Faced": "27", "Fours": "4", "Sixes": "1", "Strike Rate": "137.03"}, {"Player Name": "Axar Patel", "Dismissed by": "b Taskin Ahmed", "Runs": "20", "Balls Faced": "17", "Fours": "1", "Sixes": "1", "Strike Rate": "117.64"}, {"Player Name": "Shardul Thakur", "Dismissed by": "c Litton Das b Mustafizur Rahman", "Runs": "3", "Balls Faced": "5", "Fours": "0", "Sixes": "0", "Strike Rate": "60.00"}, {"Player Name": "Kuldeep Yadav", "Dismissed by": "", "Runs": "3", "Balls Faced": "3", "Fours": "0", "Sixes": "0", "Strike Rate": "100.00"}, {"Player Name": "Mohammed Siraj", "Dismissed by": "", "Runs": "0", "Balls Faced": "2", "Fours": "0", "Sixes": "0", "Strike Rate": "0.00"}, {"Player Name": "Umran Malik", "Dismissed by": "", "Runs": "-", "Balls Faced": "-", "Fours": "-", "Sixes": "-", "Strike Rate": "-"}], "Extras": "Extras (w 4, lb 5)", "balling": [{"player_name": "Mohammed Siraj", "Overs": "5", "Maidens": "0", "Runs": "27", "Wickets": "1", "Economy": "5.40", "Dots": "16"}, {"player_name": "Shardul Thakur", "Overs": "5", "Maidens": "0", "Runs": "30", "Wickets": "3", "Economy": "6.00", "Dots": "22"}, {"player_name": "Axar Patel", "Overs": "5", "Maidens": "0", "Runs": "22", "Wickets": "2", "Economy": "4.40", "Dots": "15"}, {"player_name": "Umran Malik", "Overs": "8", "Maidens": "0", "Runs": "43", "Wickets": "2", "Economy": "5.37", "Dots": "24"}, {"player_name": "Kuldeep Yadav", "Overs": "10", "Maidens": "1", "Runs": "53", "Wickets": "1", "Economy": "5.30", "Dots": "31"}, {"player_name": "Washington Sundar", "Overs": "1", "Maidens": "0", "Runs": "2", "Wickets": "1", "Economy": "2.00", "Dots": "4"}]}, "match_id": "101693"}