{"date": "05/19/2019 10:00:00 AM", "home": "England", "away": "Pakistan", "place": "Headingley", "result": "England win by 54 runs", "Team1": {"Name": "England", "score": "351/9", "overs": "50/50 ov", "rr": "RR: 7.02", "batting": [{"Player Name": "James Vince", "Dismissed by": "c Fakhar Zaman b Shaheen Afridi", "Runs": "33", "Balls Faced": "32", "Fours": "7", "Sixes": "0", "Strike Rate": "103.12"}, {"Player Name": "Jonny Bairstow", "Dismissed by": "c Shaheen Afridi b Imad Wasim", "Runs": "32", "Balls Faced": "21", "Fours": "6", "Sixes": "0", "Strike Rate": "152.38"}, {"Player Name": "Joe Root", "Dismissed by": "c Asif Ali b Mohammad Hasnain", "Runs": "84", "Balls Faced": "73", "Fours": "9", "Sixes": "0", "Strike Rate": "115.06"}, {"Player Name": "Eoin Morgan", "Dismissed by": "c Abid Ali b Shaheen Afridi", "Runs": "76", "Balls Faced": "64", "Fours": "4", "Sixes": "5", "Strike Rate": "118.75"}, {"Player Name": "Jos Buttler", "Dismissed by": "c Abid Ali b Imad Wasim", "Runs": "34", "Balls Faced": "34", "Fours": "4", "Sixes": "1", "Strike Rate": "100.00"}, {"Player Name": "Ben Stokes", "Dismissed by": "c Fakhar Zaman b Hasan Ali", "Runs": "21", "Balls Faced": "29", "Fours": "2", "Sixes": "0", "Strike Rate": "72.41"}, {"Player Name": "Moeen Ali", "Dismissed by": "lbw Imad Wasim", "Runs": "0", "Balls Faced": "2", "Fours": "0", "Sixes": "0", "Strike Rate": "0.00"}, {"Player Name": "Chris Woakes", "Dismissed by": "c Babar Azam b Shaheen Afridi", "Runs": "13", "Balls Faced": "18", "Fours": "0", "Sixes": "0", "Strike Rate": "72.22"}, {"Player Name": "David Willey", "Dismissed by": "b Shaheen Afridi", "Runs": "14", "Balls Faced": "11", "Fours": "0", "Sixes": "1", "Strike Rate": "127.27"}, {"Player Name": "Tom Curran", "Dismissed by": "", "Runs": "29", "Balls Faced": "15", "Fours": "2", "Sixes": "2", "Strike Rate": "193.33"}, {"Player Name": "Adil Rashid", "Dismissed by": "", "Runs": "2", "Balls Faced": "2", "Fours": "0", "Sixes": "0", "Strike Rate": "100.00"}], "Extras": "Extras (nb 1, w 10, lb 2)", "balling": [{"player_name": "Chris Woakes", "Overs": "10", "Maidens": "2", "Runs": "54", "Wickets": "5", "Economy": "5.40", "Dots": "37"}, {"player_name": "David Willey", "Overs": "9", "Maidens": "1", "Runs": "55", "Wickets": "1", "Economy": "6.11", "Dots": "25"}, {"player_name": "Tom Curran", "Overs": "6", "Maidens": "0", "Runs": "40", "Wickets": "0", "Economy": "6.66", "Dots": "14"}, {"player_name": "Ben Stokes", "Overs": "4", "Maidens": "0", "Runs": "28", "Wickets": "0", "Economy": "7.00", "Dots": "4"}, {"player_name": "Moeen Ali", "Overs": "10", "Maidens": "0", "Runs": "63", "Wickets": "0", "Economy": "6.30", "Dots": "19"}, {"player_name": "Adil Rashid", "Overs": "7.5", "Maidens": "0", "Runs": "54", "Wickets": "2", "Economy": "6.89", "Dots": "21"}]}, "Team2": {"Name": "Pakistan", "score": "297", "overs": "46.5/50 ov", "rr": "RR: 6.34", "batting": [{"Player Name": "Fakhar Zaman", "Dismissed by": "c Joe Root b Chris Woakes", "Runs": "0", "Balls Faced": "3", "Fours": "0", "Sixes": "0", "Strike Rate": "0.00"}, {"Player Name": "Abid Ali", "Dismissed by": "lbw Chris Woakes", "Runs": "5", "Balls Faced": "9", "Fours": "1", "Sixes": "0", "Strike Rate": "55.55"}, {"Player Name": "Babar Azam", "Dismissed by": "run out (Jos Buttler)", "Runs": "80", "Balls Faced": "83", "Fours": "9", "Sixes": "1", "Strike Rate": "96.38"}, {"Player Name": "Mohammad Hafeez", "Dismissed by": "lbw Chris Woakes", "Runs": "0", "Balls Faced": "3", "Fours": "0", "Sixes": "0", "Strike Rate": "0.00"}, {"Player Name": "Sarfaraz Ahmed", "Dismissed by": "run out (Jos Buttler)", "Runs": "97", "Balls Faced": "80", "Fours": "7", "Sixes": "2", "Strike Rate": "121.25"}, {"Player Name": "Shoaib Malik", "Dismissed by": "c & b Adil Rashid", "Runs": "4", "Balls Faced": "12", "Fours": "0", "Sixes": "0", "Strike Rate": "33.33"}, {"Player Name": "Asif Ali", "Dismissed by": "c Ben Stokes b David Willey", "Runs": "22", "Balls Faced": "17", "Fours": "2", "Sixes": "0", "Strike Rate": "129.41"}, {"Player Name": "Imad Wasim", "Dismissed by": "c Jos Buttler b Chris Woakes", "Runs": "25", "Balls Faced": "21", "Fours": "3", "Sixes": "0", "Strike Rate": "119.04"}, {"Player Name": "Hasan Ali", "Dismissed by": "c David Willey b Chris Woakes", "Runs": "11", "Balls Faced": "10", "Fours": "1", "Sixes": "1", "Strike Rate": "110.00"}, {"Player Name": "Shaheen Afridi", "Dismissed by": "", "Runs": "19", "Balls Faced": "26", "Fours": "2", "Sixes": "0", "Strike Rate": "73.07"}, {"Player Name": "Mohammad Hasnain", "Dismissed by": "st Jos Buttler b Adil Rashid", "Runs": "28", "Balls Faced": "17", "Fours": "4", "Sixes": "1", "Strike Rate": "164.70"}], "Extras": "Extras (w 3, lb 3)", "balling": [{"player_name": "Hasan Ali", "Overs": "10", "Maidens": "0", "Runs": "70", "Wickets": "1", "Economy": "7.00", "Dots": "24"}, {"player_name": "Shaheen Afridi", "Overs": "10", "Maidens": "0", "Runs": "82", "Wickets": "4", "Economy": "8.20", "Dots": "25"}, {"player_name": "Mohammad Hasnain", "Overs": "8", "Maidens": "0", "Runs": "67", "Wickets": "1", "Economy": "8.37", "Dots": "22"}, {"player_name": "Imad Wasim", "Overs": "10", "Maidens": "0", "Runs": "53", "Wickets": "3", "Economy": "5.30", "Dots": "32"}, {"player_name": "Fakhar Zaman", "Overs": "4", "Maidens": "0", "Runs": "23", "Wickets": "0", "Economy": "5.75", "Dots": "11"}, {"player_name": "Shoaib Malik", "Overs": "4", "Maidens": "0", "Runs": "29", "Wickets": "0", "Economy": "7.25", "Dots": "7"}, {"player_name": "Mohammad Hafeez", "Overs": "4", "Maidens": "0", "Runs": "25", "Wickets": "0", "Economy": "6.25", "Dots": "5"}]}, "match_id": "8969"}