{"date": "06/29/2019 12:30:00 PM", "home": "New Zealand", "away": "Australia", "place": "Lord's Cricket Ground", "result": "Australia win by 86 runs", "Team1": {"Name": "New Zealand", "score": "157", "overs": "43.4/50 ov", "rr": "RR: 3.59", "batting": [{"Player Name": "Martin Guptill", "Dismissed by": "lbw Jason Behrendorff", "Runs": "20", "Balls Faced": "43", "Fours": "2", "Sixes": "0", "Strike Rate": "46.51"}, {"Player Name": "Henry Nicholls", "Dismissed by": "c Alex Carey b Jason Behrendorff", "Runs": "8", "Balls Faced": "20", "Fours": "2", "Sixes": "0", "Strike Rate": "40.00"}, {"Player Name": "Kane Williamson", "Dismissed by": "c Alex Carey b Mitchell Starc", "Runs": "40", "Balls Faced": "51", "Fours": "2", "Sixes": "1", "Strike Rate": "78.43"}, {"Player Name": "Ross Taylor", "Dismissed by": "c Alex Carey b Pat Cummins", "Runs": "30", "Balls Faced": "54", "Fours": "2", "Sixes": "0", "Strike Rate": "55.55"}, {"Player Name": "Tom Latham", "Dismissed by": "c Steve Smith b Mitchell Starc", "Runs": "14", "Balls Faced": "28", "Fours": "0", "Sixes": "0", "Strike Rate": "50.00"}, {"Player Name": "Colin de Grandhomme", "Dismissed by": "c Usman Khawaja b Steve Smith", "Runs": "0", "Balls Faced": "1", "Fours": "0", "Sixes": "0", "Strike Rate": "0.00"}, {"Player Name": "Jimmy Neesham", "Dismissed by": "c & b Nathan Lyon", "Runs": "9", "Balls Faced": "22", "Fours": "0", "Sixes": "0", "Strike Rate": "40.90"}, {"Player Name": "Mitchell Santner", "Dismissed by": "c Jason Behrendorff b Mitchell Starc", "Runs": "12", "Balls Faced": "29", "Fours": "0", "Sixes": "1", "Strike Rate": "41.37"}, {"Player Name": "Ish Sodhi", "Dismissed by": "lbw Mitchell Starc", "Runs": "5", "Balls Faced": "4", "Fours": "1", "Sixes": "0", "Strike Rate": "125.00"}, {"Player Name": "Lockie Ferguson", "Dismissed by": "b Mitchell Starc", "Runs": "0", "Balls Faced": "3", "Fours": "0", "Sixes": "0", "Strike Rate": "0.00"}, {"Player Name": "Trent Boult", "Dismissed by": "", "Runs": "2", "Balls Faced": "7", "Fours": "0", "Sixes": "0", "Strike Rate": "28.57"}], "Extras": "Extras (w 10, b 4, lb 3)", "balling": [{"player_name": "Trent Boult", "Overs": "10", "Maidens": "1", "Runs": "51", "Wickets": "4", "Economy": "5.10", "Dots": "35"}, {"player_name": "Colin de Grandhomme", "Overs": "8", "Maidens": "1", "Runs": "29", "Wickets": "0", "Economy": "3.62", "Dots": "31"}, {"player_name": "Lockie Ferguson", "Overs": "10", "Maidens": "0", "Runs": "49", "Wickets": "2", "Economy": "4.90", "Dots": "35"}, {"player_name": "Ish Sodhi", "Overs": "6", "Maidens": "0", "Runs": "35", "Wickets": "0", "Economy": "5.83", "Dots": "12"}, {"player_name": "Jimmy Neesham", "Overs": "6", "Maidens": "0", "Runs": "28", "Wickets": "2", "Economy": "4.66", "Dots": "21"}, {"player_name": "Mitchell Santner", "Overs": "3", "Maidens": "0", "Runs": "23", "Wickets": "0", "Economy": "7.66", "Dots": "8"}, {"player_name": "Kane Williamson", "Overs": "7", "Maidens": "0", "Runs": "25", "Wickets": "1", "Economy": "3.57", "Dots": "19"}]}, "Team2": {"Name": "Australia", "score": "243/9", "overs": "50/50 ov", "rr": "RR: 4.86", "batting": [{"Player Name": "David Warner", "Dismissed by": "c Tom Latham b Lockie Ferguson", "Runs": "16", "Balls Faced": "23", "Fours": "3", "Sixes": "0", "Strike Rate": "69.56"}, {"Player Name": "Aaron Finch", "Dismissed by": "lbw Trent Boult", "Runs": "8", "Balls Faced": "15", "Fours": "1", "Sixes": "0", "Strike Rate": "53.33"}, {"Player Name": "Usman Khawaja", "Dismissed by": "b Trent Boult", "Runs": "88", "Balls Faced": "129", "Fours": "5", "Sixes": "0", "Strike Rate": "68.21"}, {"Player Name": "Steve Smith", "Dismissed by": "c Martin Guptill b Lockie Ferguson", "Runs": "5", "Balls Faced": "8", "Fours": "0", "Sixes": "0", "Strike Rate": "62.50"}, {"Player Name": "Marcus Stoinis", "Dismissed by": "c Tom Latham b Jimmy Neesham", "Runs": "21", "Balls Faced": "26", "Fours": "3", "Sixes": "0", "Strike Rate": "80.76"}, {"Player Name": "Glenn Maxwell", "Dismissed by": "c & b Jimmy Neesham", "Runs": "1", "Balls Faced": "5", "Fours": "0", "Sixes": "0", "Strike Rate": "20.00"}, {"Player Name": "Alex Carey", "Dismissed by": "c Martin Guptill b Kane Williamson", "Runs": "71", "Balls Faced": "72", "Fours": "11", "Sixes": "0", "Strike Rate": "98.61"}, {"Player Name": "Pat Cummins", "Dismissed by": "", "Runs": "23", "Balls Faced": "19", "Fours": "1", "Sixes": "0", "Strike Rate": "121.05"}, {"Player Name": "Mitchell Starc", "Dismissed by": "b Trent Boult", "Runs": "0", "Balls Faced": "1", "Fours": "0", "Sixes": "0", "Strike Rate": "0.00"}, {"Player Name": "Jason Behrendorff", "Dismissed by": "lbw Trent Boult", "Runs": "0", "Balls Faced": "1", "Fours": "0", "Sixes": "0", "Strike Rate": "0.00"}, {"Player Name": "Nathan Lyon", "Dismissed by": "", "Runs": "0", "Balls Faced": "1", "Fours": "0", "Sixes": "0", "Strike Rate": "0.00"}], "Extras": "Extras (w 7, lb 3)", "balling": [{"player_name": "Jason Behrendorff", "Overs": "9", "Maidens": "0", "Runs": "31", "Wickets": "2", "Economy": "3.44", "Dots": "37"}, {"player_name": "Mitchell Starc", "Overs": "9.4", "Maidens": "1", "Runs": "26", "Wickets": "5", "Economy": "2.68", "Dots": "45"}, {"player_name": "Pat Cummins", "Overs": "6", "Maidens": "1", "Runs": "14", "Wickets": "1", "Economy": "2.33", "Dots": "28"}, {"player_name": "Nathan Lyon", "Overs": "10", "Maidens": "0", "Runs": "36", "Wickets": "1", "Economy": "3.60", "Dots": "37"}, {"player_name": "Steve Smith", "Overs": "2", "Maidens": "0", "Runs": "6", "Wickets": "1", "Economy": "3.00", "Dots": "6"}, {"player_name": "Aaron Finch", "Overs": "1", "Maidens": "0", "Runs": "7", "Wickets": "0", "Economy": "7.00", "Dots": "2"}, {"player_name": "Marcus Stoinis", "Overs": "2", "Maidens": "0", "Runs": "12", "Wickets": "0", "Economy": "6.00", "Dots": "7"}, {"player_name": "Glenn Maxwell", "Overs": "4", "Maidens": "0", "Runs": "18", "Wickets": "0", "Economy": "4.50", "Dots": "10"}]}, "match_id": "8228"}