{"date": "03/03/2014 08:00:00 AM", "home": "Afghanistan", "away": "Sri Lanka", "place": "Sher-e-Bangla National Cricket Stadium", "result": "Sri Lanka won by 129 runs", "Team1": {"Name": "Afghanistan", "score": "124", "overs": "38.4/50 ov", "rr": "RR: 3.20", "batting": [{"Player Name": "Mohammad Shahzad", "Dismissed by": "b Suranga Lakmal", "Runs": "7", "Balls Faced": "7", "Fours": "0", "Sixes": "1", "Strike Rate": "100.00"}, {"Player Name": "Noor Ali Zadran", "Dismissed by": "c Chaturanga de Silva b Ajantha Mendis", "Runs": "21", "Balls Faced": "41", "Fours": "2", "Sixes": "0", "Strike Rate": "51.21"}, {"Player Name": "Asghar Afghan", "Dismissed by": "b Thisara Perera", "Runs": "27", "Balls Faced": "34", "Fours": "5", "Sixes": "0", "Strike Rate": "79.41"}, {"Player Name": "Nawroz Mangal", "Dismissed by": "c Kumar Sangakkara b Thisara Perera", "Runs": "4", "Balls Faced": "13", "Fours": "0", "Sixes": "0", "Strike Rate": "30.76"}, {"Player Name": "Samiullah Shinwari", "Dismissed by": "c Lahiru Thirimanne b Suranga Lakmal", "Runs": "6", "Balls Faced": "19", "Fours": "0", "Sixes": "0", "Strike Rate": "31.57"}, {"Player Name": "Mohammad Nabi", "Dismissed by": "lbw Chaturanga de Silva", "Runs": "37", "Balls Faced": "43", "Fours": "3", "Sixes": "1", "Strike Rate": "86.04"}, {"Player Name": "Najibullah Zadran", "Dismissed by": "c Angelo Mathews b Thisara Perera", "Runs": "11", "Balls Faced": "35", "Fours": "1", "Sixes": "0", "Strike Rate": "31.42"}, {"Player Name": "Mirwais Ashraf", "Dismissed by": "c Thisara Perera b Chaturanga de Silva", "Runs": "1", "Balls Faced": "18", "Fours": "0", "Sixes": "0", "Strike Rate": "5.55"}, {"Player Name": "Dawlat Zadran", "Dismissed by": "b Ajantha Mendis", "Runs": "0", "Balls Faced": "8", "Fours": "0", "Sixes": "0", "Strike Rate": "0.00"}, {"Player Name": "Shapoor Zadran", "Dismissed by": "", "Runs": "0", "Balls Faced": "0", "Fours": "0", "Sixes": "0", "Strike Rate": "-"}, {"Player Name": "Amir Hamza", "Dismissed by": "", "Runs": "-", "Balls Faced": "-", "Fours": "-", "Sixes": "-", "Strike Rate": "-"}], "Extras": "Extras (w 7, lb 2)", "balling": [{"player_name": "Najibullah Zadran", "Overs": "3", "Maidens": "0", "Runs": "9", "Wickets": "0", "Economy": "3.00", "Dots": "13"}, {"player_name": "Shapoor Zadran", "Overs": "9", "Maidens": "1", "Runs": "46", "Wickets": "1", "Economy": "5.11", "Dots": "27"}, {"player_name": "Dawlat Zadran", "Overs": "9.2", "Maidens": "0", "Runs": "56", "Wickets": "1", "Economy": "6.00", "Dots": "28"}, {"player_name": "Mirwais Ashraf", "Overs": "8", "Maidens": "1", "Runs": "29", "Wickets": "2", "Economy": "3.62", "Dots": "28"}, {"player_name": "Mohammad Nabi", "Overs": "6.4", "Maidens": "1", "Runs": "23", "Wickets": "0", "Economy": "3.45", "Dots": "20"}, {"player_name": "Samiullah Shinwari", "Overs": "4", "Maidens": "0", "Runs": "20", "Wickets": "0", "Economy": "5.00", "Dots": "8"}, {"player_name": "Nawroz Mangal", "Overs": "3", "Maidens": "0", "Runs": "17", "Wickets": "0", "Economy": "5.66", "Dots": "10"}]}, "Team2": {"Name": "Sri Lanka", "score": "253/6", "overs": "50/50 ov", "rr": "RR: 5.06", "batting": [{"Player Name": "Kusal Perera", "Dismissed by": "b Mirwais Ashraf", "Runs": "33", "Balls Faced": "49", "Fours": "4", "Sixes": "1", "Strike Rate": "67.34"}, {"Player Name": "Lahiru Thirimanne", "Dismissed by": "b Shapoor Zadran", "Runs": "5", "Balls Faced": "16", "Fours": "0", "Sixes": "0", "Strike Rate": "31.25"}, {"Player Name": "Kumar Sangakkara", "Dismissed by": "run out (Mohammad Nabi/Dawlat Zadran)", "Runs": "76", "Balls Faced": "102", "Fours": "6", "Sixes": "1", "Strike Rate": "74.50"}, {"Player Name": "Mahela Jayawardena", "Dismissed by": "c Mohammad Nabi b Mirwais Ashraf", "Runs": "14", "Balls Faced": "14", "Fours": "2", "Sixes": "0", "Strike Rate": "100.00"}, {"Player Name": "Dinesh Chandimal", "Dismissed by": "b Hamza Hotak - DUPLICATE of AMIR HAMZA", "Runs": "26", "Balls Faced": "41", "Fours": "1", "Sixes": "0", "Strike Rate": "63.41"}, {"Player Name": "Angelo Mathews", "Dismissed by": "", "Runs": "45", "Balls Faced": "41", "Fours": "4", "Sixes": "0", "Strike Rate": "109.75"}, {"Player Name": "Chaturanga de Silva", "Dismissed by": "c Mirwais Ashraf b Dawlat Zadran", "Runs": "17", "Balls Faced": "16", "Fours": "1", "Sixes": "0", "Strike Rate": "106.25"}, {"Player Name": "Thisara Perera", "Dismissed by": "", "Runs": "19", "Balls Faced": "23", "Fours": "0", "Sixes": "0", "Strike Rate": "82.60"}, {"Player Name": "Lasith Malinga", "Dismissed by": "", "Runs": "-", "Balls Faced": "-", "Fours": "-", "Sixes": "-", "Strike Rate": "-"}, {"Player Name": "Ajantha Mendis", "Dismissed by": "", "Runs": "-", "Balls Faced": "-", "Fours": "-", "Sixes": "-", "Strike Rate": "-"}, {"Player Name": "Suranga Lakmal", "Dismissed by": "", "Runs": "-", "Balls Faced": "-", "Fours": "-", "Sixes": "-", "Strike Rate": "-"}], "Extras": "Extras (nb 2, w 6, b 4, lb 6)", "balling": [{"player_name": "Lasith Malinga", "Overs": "5", "Maidens": "0", "Runs": "23", "Wickets": "0", "Economy": "4.60", "Dots": "21"}, {"player_name": "Suranga Lakmal", "Overs": "7", "Maidens": "2", "Runs": "30", "Wickets": "2", "Economy": "4.28", "Dots": "31"}, {"player_name": "Thisara Perera", "Overs": "10", "Maidens": "2", "Runs": "29", "Wickets": "3", "Economy": "2.90", "Dots": "45"}, {"player_name": "Chaturanga de Silva", "Overs": "9.4", "Maidens": "1", "Runs": "29", "Wickets": "2", "Economy": "3.00", "Dots": "39"}, {"player_name": "Ajantha Mendis", "Overs": "7", "Maidens": "2", "Runs": "11", "Wickets": "3", "Economy": "1.57", "Dots": "33"}]}, "match_id": "2369"}