{"date": "03/18/2007 11:00:00 AM", "home": "Australia", "away": "Netherlands", "place": "Warner Park", "result": "Australia won by 229 runs", "Team1": {"Name": "Australia", "score": "358/5", "overs": "50/50 ov", "rr": "RR: 7.16", "batting": [{"Player Name": "Adam Gilchrist", "Dismissed by": "c Luuk Troost b Tim de Leede", "Runs": "57", "Balls Faced": "64", "Fours": "11", "Sixes": "0", "Strike Rate": "89.06"}, {"Player Name": "Matthew Hayden", "Dismissed by": "c Peter Borren b Tim de Leede", "Runs": "29", "Balls Faced": "34", "Fours": "4", "Sixes": "1", "Strike Rate": "85.29"}, {"Player Name": "Ricky Ponting", "Dismissed by": "c & b Ryan ten Doeschate", "Runs": "23", "Balls Faced": "22", "Fours": "4", "Sixes": "1", "Strike Rate": "104.54"}, {"Player Name": "Michael Clarke", "Dismissed by": "", "Runs": "93", "Balls Faced": "85", "Fours": "6", "Sixes": "3", "Strike Rate": "109.41"}, {"Player Name": "Brad Hodge", "Dismissed by": "b Peter Borren", "Runs": "123", "Balls Faced": "89", "Fours": "8", "Sixes": "7", "Strike Rate": "138.20"}, {"Player Name": "Michael Hussey", "Dismissed by": "\tc sub (Mohammad Kashif) b Ryan ten Doeschate", "Runs": "2", "Balls Faced": "4", "Fours": "0", "Sixes": "0", "Strike Rate": "50.00"}, {"Player Name": "Shane Watson", "Dismissed by": "", "Runs": "12", "Balls Faced": "4", "Fours": "1", "Sixes": "1", "Strike Rate": "300.00"}, {"Player Name": "Shaun Tait", "Dismissed by": "", "Runs": "-", "Balls Faced": "-", "Fours": "-", "Sixes": "-", "Strike Rate": "-"}, {"Player Name": "Glenn McGrath", "Dismissed by": "", "Runs": "-", "Balls Faced": "-", "Fours": "-", "Sixes": "-", "Strike Rate": "-"}, {"Player Name": "Brad Hogg", "Dismissed by": "", "Runs": "-", "Balls Faced": "-", "Fours": "-", "Sixes": "-", "Strike Rate": "-"}, {"Player Name": "Nathan Bracken", "Dismissed by": "", "Runs": "-", "Balls Faced": "-", "Fours": "-", "Sixes": "-", "Strike Rate": "-"}], "Extras": "Extras (nb 2, w 8, lb 9)", "balling": [{"player_name": "Nathan Bracken", "Overs": "7", "Maidens": "1", "Runs": "33", "Wickets": "2", "Economy": "4.71", "Dots": "29"}, {"player_name": "Shaun Tait", "Overs": "7", "Maidens": "0", "Runs": "29", "Wickets": "1", "Economy": "4.14", "Dots": "29"}, {"player_name": "Glenn McGrath", "Overs": "8", "Maidens": "0", "Runs": "33", "Wickets": "2", "Economy": "4.12", "Dots": "31"}, {"player_name": "Brad Hogg", "Overs": "4.5", "Maidens": "0", "Runs": "27", "Wickets": "4", "Economy": "5.58", "Dots": "20"}]}, "Team2": {"Name": "Netherlands", "score": "129", "overs": "26.5/50 ov", "rr": "RR: 4.80", "batting": [{"Player Name": "Bastiaan Zuiderent", "Dismissed by": "run out (Michael Clarke)", "Runs": "9", "Balls Faced": "29", "Fours": "1", "Sixes": "0", "Strike Rate": "31.03"}, {"Player Name": "Darron Reekers", "Dismissed by": "c Michael Clarke b Nathan Bracken", "Runs": "25", "Balls Faced": "19", "Fours": "5", "Sixes": "0", "Strike Rate": "131.57"}, {"Player Name": "Alexei Kervezee", "Dismissed by": "lbw Nathan Bracken", "Runs": "0", "Balls Faced": "2", "Fours": "0", "Sixes": "0", "Strike Rate": "0.00"}, {"Player Name": "Ryan ten Doeschate", "Dismissed by": "lbw Shaun Tait", "Runs": "1", "Balls Faced": "6", "Fours": "0", "Sixes": "0", "Strike Rate": "16.66"}, {"Player Name": "Luuk Troost", "Dismissed by": "lbw Glenn McGrath", "Runs": "0", "Balls Faced": "4", "Fours": "0", "Sixes": "0", "Strike Rate": "0.00"}, {"Player Name": "Daan van Bunge", "Dismissed by": "lbw Glenn McGrath", "Runs": "33", "Balls Faced": "33", "Fours": "4", "Sixes": "1", "Strike Rate": "100.00"}, {"Player Name": "Tim de Leede", "Dismissed by": "c Matthew Hayden b Brad Hogg", "Runs": "14", "Balls Faced": "22", "Fours": "2", "Sixes": "0", "Strike Rate": "63.63"}, {"Player Name": "Peter Borren", "Dismissed by": "c Michael Hussey b Brad Hogg", "Runs": "24", "Balls Faced": "18", "Fours": "4", "Sixes": "1", "Strike Rate": "133.33"}, {"Player Name": "Jeroen Smits", "Dismissed by": "lbw Brad Hogg", "Runs": "3", "Balls Faced": "12", "Fours": "0", "Sixes": "0", "Strike Rate": "25.00"}, {"Player Name": "Adeel Raja", "Dismissed by": "", "Runs": "8", "Balls Faced": "14", "Fours": "1", "Sixes": "0", "Strike Rate": "57.14"}, {"Player Name": "Mark Jonkman", "Dismissed by": "st Adam Gilchrist b Brad Hogg", "Runs": "0", "Balls Faced": "2", "Fours": "0", "Sixes": "0", "Strike Rate": "0.00"}], "Extras": "Extras (w 5, b 4, lb 3)", "balling": [{"player_name": "Mark Jonkman", "Overs": "6.1", "Maidens": "1", "Runs": "35", "Wickets": "0", "Economy": "5.67", "Dots": "23"}, {"player_name": "Darron Reekers", "Overs": "6", "Maidens": "1", "Runs": "48", "Wickets": "0", "Economy": "8.00", "Dots": "17"}, {"player_name": "Tim de Leede", "Overs": "10", "Maidens": "1", "Runs": "40", "Wickets": "2", "Economy": "4.00", "Dots": "40"}, {"player_name": "Ryan ten Doeschate", "Overs": "10", "Maidens": "0", "Runs": "76", "Wickets": "2", "Economy": "7.60", "Dots": "28"}, {"player_name": "Adeel Raja", "Overs": "7.5", "Maidens": "0", "Runs": "61", "Wickets": "0", "Economy": "7.78", "Dots": "15"}, {"player_name": "Peter Borren", "Overs": "10", "Maidens": "0", "Runs": "89", "Wickets": "1", "Economy": "8.90", "Dots": "19"}]}, "match_id": "3133"}