{"date": "09/28/2018 11:30:00 AM", "home": "India", "away": "Bangladesh", "place": "Dubai International Stadium", "result": "India won by 3 wickets", "Team1": {"Name": "India", "score": "223/7", "overs": "50/50 ov", "rr": "RR: 4.46", "batting": [{"Player Name": "Rohit Sharma", "Dismissed by": "c Nazmul Islam b Rubel Hossain", "Runs": "48", "Balls Faced": "55", "Fours": "3", "Sixes": "3", "Strike Rate": "87.27"}, {"Player Name": "Shikhar Dhawan", "Dismissed by": "c Soumya Sarkar b Nazmul Islam", "Runs": "15", "Balls Faced": "14", "Fours": "3", "Sixes": "0", "Strike Rate": "107.14"}, {"Player Name": "Ambati Rayudu", "Dismissed by": "c Mushfiqur Rahim b Mashrafe Mortaza", "Runs": "2", "Balls Faced": "7", "Fours": "0", "Sixes": "0", "Strike Rate": "28.57"}, {"Player Name": "Dinesh Karthik", "Dismissed by": "lbw Mahmudullah", "Runs": "37", "Balls Faced": "61", "Fours": "1", "Sixes": "1", "Strike Rate": "60.65"}, {"Player Name": "MS Dhoni", "Dismissed by": "c Mushfiqur Rahim b Mustafizur Rahman", "Runs": "36", "Balls Faced": "67", "Fours": "3", "Sixes": "0", "Strike Rate": "53.73"}, {"Player Name": "Kedar Jadhav", "Dismissed by": "", "Runs": "23", "Balls Faced": "27", "Fours": "1", "Sixes": "1", "Strike Rate": "85.18"}, {"Player Name": "Ravindra Jadeja", "Dismissed by": "c Mushfiqur Rahim b Rubel Hossain", "Runs": "27", "Balls Faced": "33", "Fours": "2", "Sixes": "0", "Strike Rate": "81.81"}, {"Player Name": "Bhuvneshwar Kumar", "Dismissed by": "c Mushfiqur Rahim b Mustafizur Rahman", "Runs": "21", "Balls Faced": "31", "Fours": "1", "Sixes": "1", "Strike Rate": "67.74"}, {"Player Name": "Kuldeep Yadav", "Dismissed by": "", "Runs": "5", "Balls Faced": "5", "Fours": "0", "Sixes": "0", "Strike Rate": "100.00"}, {"Player Name": "Yuzvendra Chahal", "Dismissed by": "", "Runs": "-", "Balls Faced": "-", "Fours": "-", "Sixes": "-", "Strike Rate": "-"}, {"Player Name": "Jasprit Bumrah", "Dismissed by": "", "Runs": "-", "Balls Faced": "-", "Fours": "-", "Sixes": "-", "Strike Rate": "-"}], "Extras": "Extras (w 5, b 1, lb 3)", "balling": [{"player_name": "Bhuvneshwar Kumar", "Overs": "7", "Maidens": "0", "Runs": "33", "Wickets": "0", "Economy": "4.71", "Dots": "24"}, {"player_name": "Jasprit Bumrah", "Overs": "8.3", "Maidens": "0", "Runs": "39", "Wickets": "1", "Economy": "4.58", "Dots": "31"}, {"player_name": "Yuzvendra Chahal", "Overs": "8", "Maidens": "1", "Runs": "31", "Wickets": "1", "Economy": "3.87", "Dots": "30"}, {"player_name": "Kuldeep Yadav", "Overs": "10", "Maidens": "0", "Runs": "45", "Wickets": "3", "Economy": "4.50", "Dots": "33"}, {"player_name": "Ravindra Jadeja", "Overs": "6", "Maidens": "0", "Runs": "31", "Wickets": "0", "Economy": "5.16", "Dots": "22"}, {"player_name": "Kedar Jadhav", "Overs": "9", "Maidens": "0", "Runs": "41", "Wickets": "2", "Economy": "4.55", "Dots": "28"}]}, "Team2": {"Name": "Bangladesh", "score": "222", "overs": "48.3/50 ov", "rr": "RR: 4.57", "batting": [{"Player Name": "Litton Das", "Dismissed by": "st MS Dhoni b Kuldeep Yadav", "Runs": "121", "Balls Faced": "117", "Fours": "12", "Sixes": "2", "Strike Rate": "103.41"}, {"Player Name": "Mehidy Hasan", "Dismissed by": "c Ambati Rayudu b Kedar Jadhav", "Runs": "32", "Balls Faced": "59", "Fours": "3", "Sixes": "0", "Strike Rate": "54.23"}, {"Player Name": "Imrul Kayes", "Dismissed by": "lbw Yuzvendra Chahal", "Runs": "2", "Balls Faced": "12", "Fours": "0", "Sixes": "0", "Strike Rate": "16.66"}, {"Player Name": "Mushfiqur Rahim", "Dismissed by": "c Jasprit Bumrah b Kedar Jadhav", "Runs": "5", "Balls Faced": "9", "Fours": "1", "Sixes": "0", "Strike Rate": "55.55"}, {"Player Name": "Mohammad Mithun", "Dismissed by": "run out (Ravindra Jadeja/Kuldeep Yadav)", "Runs": "2", "Balls Faced": "4", "Fours": "0", "Sixes": "0", "Strike Rate": "50.00"}, {"Player Name": "Mahmudullah", "Dismissed by": "c Jasprit Bumrah b Kuldeep Yadav", "Runs": "4", "Balls Faced": "16", "Fours": "0", "Sixes": "0", "Strike Rate": "25.00"}, {"Player Name": "Soumya Sarkar", "Dismissed by": "run out (Ambati Rayudu/MS Dhoni)", "Runs": "33", "Balls Faced": "45", "Fours": "1", "Sixes": "1", "Strike Rate": "73.33"}, {"Player Name": "Mashrafe Mortaza", "Dismissed by": "st MS Dhoni b Kuldeep Yadav", "Runs": "7", "Balls Faced": "9", "Fours": "0", "Sixes": "1", "Strike Rate": "77.77"}, {"Player Name": "Nazmul Islam", "Dismissed by": "run out (sub [Manish Pandey])", "Runs": "7", "Balls Faced": "13", "Fours": "0", "Sixes": "0", "Strike Rate": "53.84"}, {"Player Name": "Mustafizur Rahman", "Dismissed by": "", "Runs": "2", "Balls Faced": "5", "Fours": "0", "Sixes": "0", "Strike Rate": "40.00"}, {"Player Name": "Rubel Hossain", "Dismissed by": "b Jasprit Bumrah", "Runs": "0", "Balls Faced": "2", "Fours": "0", "Sixes": "0", "Strike Rate": "0.00"}], "Extras": "Extras (w 5, lb 2)", "balling": [{"player_name": "Mehidy Hasan", "Overs": "4", "Maidens": "0", "Runs": "27", "Wickets": "0", "Economy": "6.75", "Dots": "11"}, {"player_name": "Mustafizur Rahman", "Overs": "10", "Maidens": "0", "Runs": "38", "Wickets": "2", "Economy": "3.80", "Dots": "40"}, {"player_name": "Nazmul Islam", "Overs": "10", "Maidens": "0", "Runs": "56", "Wickets": "1", "Economy": "5.60", "Dots": "27"}, {"player_name": "Mashrafe Mortaza", "Overs": "10", "Maidens": "0", "Runs": "39", "Wickets": "1", "Economy": "3.90", "Dots": "34"}, {"player_name": "Rubel Hossain", "Overs": "10", "Maidens": "2", "Runs": "26", "Wickets": "2", "Economy": "2.60", "Dots": "46"}, {"player_name": "Mahmudullah", "Overs": "6", "Maidens": "0", "Runs": "33", "Wickets": "1", "Economy": "5.50", "Dots": "16"}]}, "match_id": "8993"}