{"date": "06/30/2019 09:30:00 AM", "home": "England", "away": "India", "place": "Edgbaston", "result": "England win by 31 runs", "Team1": {"Name": "England", "score": "337/7", "overs": "50/50 ov", "rr": "RR: 6.74", "batting": [{"Player Name": "Jason Roy", "Dismissed by": "c sub (Ravindra Jadeja) b Kuldeep Yadav", "Runs": "66", "Balls Faced": "57", "Fours": "7", "Sixes": "2", "Strike Rate": "115.78"}, {"Player Name": "Jonny Bairstow", "Dismissed by": "c Rishabh Pant b Mohammad Shami", "Runs": "111", "Balls Faced": "109", "Fours": "10", "Sixes": "6", "Strike Rate": "101.83"}, {"Player Name": "Joe Root", "Dismissed by": "c Hardik Pandya b Mohammad Shami", "Runs": "44", "Balls Faced": "54", "Fours": "2", "Sixes": "0", "Strike Rate": "81.48"}, {"Player Name": "Eoin Morgan", "Dismissed by": "c Kedar Jadhav b Mohammad Shami", "Runs": "1", "Balls Faced": "9", "Fours": "0", "Sixes": "0", "Strike Rate": "11.11"}, {"Player Name": "Ben Stokes", "Dismissed by": "c sub (Ravindra Jadeja) b Jasprit Bumrah", "Runs": "79", "Balls Faced": "54", "Fours": "6", "Sixes": "3", "Strike Rate": "146.29"}, {"Player Name": "Jos Buttler", "Dismissed by": "c & b Mohammad Shami", "Runs": "20", "Balls Faced": "8", "Fours": "1", "Sixes": "2", "Strike Rate": "250.00"}, {"Player Name": "Chris Woakes", "Dismissed by": "c Rohit Sharma b Mohammad Shami", "Runs": "7", "Balls Faced": "5", "Fours": "1", "Sixes": "0", "Strike Rate": "140.00"}, {"Player Name": "Liam Plunkett", "Dismissed by": "", "Runs": "1", "Balls Faced": "4", "Fours": "0", "Sixes": "0", "Strike Rate": "25.00"}, {"Player Name": "Jofra Archer", "Dismissed by": "", "Runs": "0", "Balls Faced": "0", "Fours": "0", "Sixes": "0", "Strike Rate": "-"}, {"Player Name": "Adil Rashid", "Dismissed by": "", "Runs": "-", "Balls Faced": "-", "Fours": "-", "Sixes": "-", "Strike Rate": "-"}, {"Player Name": "Mark Wood", "Dismissed by": "", "Runs": "-", "Balls Faced": "-", "Fours": "-", "Sixes": "-", "Strike Rate": "-"}], "Extras": "Extras (w 4, b 2, lb 2)", "balling": [{"player_name": "Chris Woakes", "Overs": "10", "Maidens": "3", "Runs": "58", "Wickets": "2", "Economy": "5.80", "Dots": "35"}, {"player_name": "Jofra Archer", "Overs": "10", "Maidens": "0", "Runs": "45", "Wickets": "0", "Economy": "4.50", "Dots": "33"}, {"player_name": "Liam Plunkett", "Overs": "10", "Maidens": "0", "Runs": "55", "Wickets": "3", "Economy": "5.50", "Dots": "27"}, {"player_name": "Mark Wood", "Overs": "10", "Maidens": "0", "Runs": "73", "Wickets": "0", "Economy": "7.30", "Dots": "19"}, {"player_name": "Adil Rashid", "Overs": "6", "Maidens": "0", "Runs": "40", "Wickets": "0", "Economy": "6.66", "Dots": "12"}, {"player_name": "Ben Stokes", "Overs": "4", "Maidens": "0", "Runs": "34", "Wickets": "0", "Economy": "8.50", "Dots": "7"}]}, "Team2": {"Name": "India", "score": "306/5", "overs": "50/50 ov", "rr": "RR: 6.12", "batting": [{"Player Name": "KL Rahul", "Dismissed by": "c & b Chris Woakes", "Runs": "0", "Balls Faced": "9", "Fours": "0", "Sixes": "0", "Strike Rate": "0.00"}, {"Player Name": "Rohit Sharma", "Dismissed by": "c Jos Buttler b Chris Woakes", "Runs": "102", "Balls Faced": "109", "Fours": "15", "Sixes": "0", "Strike Rate": "93.57"}, {"Player Name": "Virat Kohli", "Dismissed by": "c sub (James Vince) b Liam Plunkett", "Runs": "66", "Balls Faced": "76", "Fours": "7", "Sixes": "0", "Strike Rate": "86.84"}, {"Player Name": "Rishabh Pant", "Dismissed by": "c Chris Woakes b Liam Plunkett", "Runs": "32", "Balls Faced": "29", "Fours": "4", "Sixes": "0", "Strike Rate": "110.34"}, {"Player Name": "Hardik Pandya", "Dismissed by": "c sub (James Vince) b Liam Plunkett", "Runs": "45", "Balls Faced": "33", "Fours": "4", "Sixes": "0", "Strike Rate": "136.36"}, {"Player Name": "MS Dhoni", "Dismissed by": "", "Runs": "42", "Balls Faced": "31", "Fours": "4", "Sixes": "1", "Strike Rate": "135.48"}, {"Player Name": "Kedar Jadhav", "Dismissed by": "", "Runs": "12", "Balls Faced": "13", "Fours": "1", "Sixes": "0", "Strike Rate": "92.30"}, {"Player Name": "Kuldeep Yadav", "Dismissed by": "", "Runs": "-", "Balls Faced": "-", "Fours": "-", "Sixes": "-", "Strike Rate": "-"}, {"Player Name": "Mohammad Shami", "Dismissed by": "", "Runs": "-", "Balls Faced": "-", "Fours": "-", "Sixes": "-", "Strike Rate": "-"}, {"Player Name": "Yuzvendra Chahal", "Dismissed by": "", "Runs": "-", "Balls Faced": "-", "Fours": "-", "Sixes": "-", "Strike Rate": "-"}, {"Player Name": "Jasprit Bumrah", "Dismissed by": "", "Runs": "-", "Balls Faced": "-", "Fours": "-", "Sixes": "-", "Strike Rate": "-"}], "Extras": "Extras (w 6, lb 1)", "balling": [{"player_name": "Mohammad Shami", "Overs": "10", "Maidens": "1", "Runs": "69", "Wickets": "5", "Economy": "6.90", "Dots": "37"}, {"player_name": "Jasprit Bumrah", "Overs": "10", "Maidens": "1", "Runs": "44", "Wickets": "1", "Economy": "4.40", "Dots": "30"}, {"player_name": "Yuzvendra Chahal", "Overs": "10", "Maidens": "0", "Runs": "88", "Wickets": "0", "Economy": "8.80", "Dots": "28"}, {"player_name": "Hardik Pandya", "Overs": "10", "Maidens": "0", "Runs": "60", "Wickets": "0", "Economy": "6.00", "Dots": "22"}, {"player_name": "Kuldeep Yadav", "Overs": "10", "Maidens": "0", "Runs": "72", "Wickets": "1", "Economy": "7.20", "Dots": "25"}]}, "match_id": "8229"}