{"date": "06/23/2019 09:30:00 AM", "home": "Pakistan", "away": "South Africa", "place": "Lord's Cricket Ground", "result": "Pakistan win by 49 runs", "Team1": {"Name": "Pakistan", "score": "308/7", "overs": "50/50 ov", "rr": "RR: 6.16", "batting": [{"Player Name": "Imam-ul-Haq", "Dismissed by": "c & b Imran Tahir", "Runs": "44", "Balls Faced": "58", "Fours": "6", "Sixes": "0", "Strike Rate": "75.86"}, {"Player Name": "Fakhar Zaman", "Dismissed by": "c Hashim Amla b Imran Tahir", "Runs": "44", "Balls Faced": "50", "Fours": "6", "Sixes": "1", "Strike Rate": "88.00"}, {"Player Name": "Babar Azam", "Dismissed by": "c Lungi Ngidi b Andile Phehlukwayo", "Runs": "69", "Balls Faced": "80", "Fours": "7", "Sixes": "0", "Strike Rate": "86.25"}, {"Player Name": "Mohammad Hafeez", "Dismissed by": "lbw Aiden Markram", "Runs": "20", "Balls Faced": "33", "Fours": "0", "Sixes": "1", "Strike Rate": "60.60"}, {"Player Name": "Haris Sohail", "Dismissed by": "c Quinton de Kock b Lungi Ngidi", "Runs": "89", "Balls Faced": "59", "Fours": "9", "Sixes": "3", "Strike Rate": "150.84"}, {"Player Name": "Imad Wasim", "Dismissed by": "c Sub b Lungi Ngidi", "Runs": "23", "Balls Faced": "15", "Fours": "3", "Sixes": "0", "Strike Rate": "153.33"}, {"Player Name": "Wahab Riaz", "Dismissed by": "b Lungi Ngidi", "Runs": "4", "Balls Faced": "4", "Fours": "0", "Sixes": "0", "Strike Rate": "100.00"}, {"Player Name": "Sarfaraz Ahmed", "Dismissed by": "", "Runs": "2", "Balls Faced": "2", "Fours": "0", "Sixes": "0", "Strike Rate": "100.00"}, {"Player Name": "Shadab Khan", "Dismissed by": "", "Runs": "1", "Balls Faced": "1", "Fours": "0", "Sixes": "0", "Strike Rate": "100.00"}, {"Player Name": "Mohammad Amir", "Dismissed by": "", "Runs": "-", "Balls Faced": "-", "Fours": "-", "Sixes": "-", "Strike Rate": "-"}, {"Player Name": "Shaheen Afridi", "Dismissed by": "", "Runs": "-", "Balls Faced": "-", "Fours": "-", "Sixes": "-", "Strike Rate": "-"}], "Extras": "Extras (nb 1, w 5, lb 6)", "balling": [{"player_name": "Mohammad Hafeez", "Overs": "2", "Maidens": "0", "Runs": "11", "Wickets": "0", "Economy": "5.50", "Dots": "4"}, {"player_name": "Mohammad Amir", "Overs": "10", "Maidens": "1", "Runs": "49", "Wickets": "2", "Economy": "4.90", "Dots": "32"}, {"player_name": "Shaheen Afridi", "Overs": "8", "Maidens": "0", "Runs": "54", "Wickets": "1", "Economy": "6.75", "Dots": "23"}, {"player_name": "Imad Wasim", "Overs": "10", "Maidens": "0", "Runs": "48", "Wickets": "0", "Economy": "4.80", "Dots": "26"}, {"player_name": "Wahab Riaz", "Overs": "10", "Maidens": "0", "Runs": "46", "Wickets": "3", "Economy": "4.60", "Dots": "29"}, {"player_name": "Shadab Khan", "Overs": "10", "Maidens": "1", "Runs": "50", "Wickets": "3", "Economy": "5.00", "Dots": "26"}]}, "Team2": {"Name": "South Africa", "score": "259/9", "overs": "50/50 ov", "rr": "RR: 5.18", "batting": [{"Player Name": "Hashim Amla", "Dismissed by": "lbw Mohammad Amir", "Runs": "2", "Balls Faced": "3", "Fours": "0", "Sixes": "0", "Strike Rate": "66.66"}, {"Player Name": "Quinton de Kock", "Dismissed by": "c Imam-ul-Haq b Shadab Khan", "Runs": "47", "Balls Faced": "60", "Fours": "3", "Sixes": "2", "Strike Rate": "78.33"}, {"Player Name": "Faf du Plessis", "Dismissed by": "c Sarfaraz Ahmed b Mohammad Amir", "Runs": "63", "Balls Faced": "79", "Fours": "5", "Sixes": "0", "Strike Rate": "79.74"}, {"Player Name": "Aiden Markram", "Dismissed by": "b Shadab Khan", "Runs": "7", "Balls Faced": "16", "Fours": "0", "Sixes": "0", "Strike Rate": "43.75"}, {"Player Name": "Rassie van der Dussen", "Dismissed by": "c Mohammad Hafeez b Shadab Khan", "Runs": "36", "Balls Faced": "47", "Fours": "1", "Sixes": "1", "Strike Rate": "76.59"}, {"Player Name": "David Miller", "Dismissed by": "b Shaheen Afridi", "Runs": "31", "Balls Faced": "37", "Fours": "3", "Sixes": "0", "Strike Rate": "83.78"}, {"Player Name": "Andile Phehlukwayo", "Dismissed by": "", "Runs": "46", "Balls Faced": "32", "Fours": "6", "Sixes": "0", "Strike Rate": "143.75"}, {"Player Name": "Chris Morris", "Dismissed by": "b Wahab Riaz", "Runs": "16", "Balls Faced": "10", "Fours": "1", "Sixes": "1", "Strike Rate": "160.00"}, {"Player Name": "Kagiso Rabada", "Dismissed by": "b Wahab Riaz", "Runs": "3", "Balls Faced": "7", "Fours": "0", "Sixes": "0", "Strike Rate": "42.85"}, {"Player Name": "Lungi Ngidi", "Dismissed by": "b Wahab Riaz", "Runs": "1", "Balls Faced": "6", "Fours": "0", "Sixes": "0", "Strike Rate": "16.66"}, {"Player Name": "Imran Tahir", "Dismissed by": "", "Runs": "1", "Balls Faced": "3", "Fours": "0", "Sixes": "0", "Strike Rate": "33.33"}], "Extras": "Extras (w 5, lb 1)", "balling": [{"player_name": "Kagiso Rabada", "Overs": "10", "Maidens": "0", "Runs": "65", "Wickets": "0", "Economy": "6.50", "Dots": "30"}, {"player_name": "Lungi Ngidi", "Overs": "9", "Maidens": "0", "Runs": "64", "Wickets": "3", "Economy": "7.11", "Dots": "26"}, {"player_name": "Chris Morris", "Overs": "9", "Maidens": "0", "Runs": "61", "Wickets": "0", "Economy": "6.77", "Dots": "24"}, {"player_name": "Andile Phehlukwayo", "Overs": "8", "Maidens": "0", "Runs": "49", "Wickets": "1", "Economy": "6.12", "Dots": "24"}, {"player_name": "Imran Tahir", "Overs": "10", "Maidens": "0", "Runs": "41", "Wickets": "2", "Economy": "4.10", "Dots": "33"}, {"player_name": "Aiden Markram", "Overs": "4", "Maidens": "0", "Runs": "22", "Wickets": "1", "Economy": "5.50", "Dots": "10"}]}, "match_id": "8221"}