{"date": "03/25/2023 01:00:00 AM", "home": "New Zealand", "away": "Sri Lanka", "place": "Eden Park", "result": "New Zealand won by 198 runs", "Team1": {"Name": "New Zealand", "score": "274", "overs": "49.3/50 ov", "rr": "RR: 5.53", "batting": [{"Player Name": "Finn Allen", "Dismissed by": "c Kasun Rajitha b Chamika Karunaratne", "Runs": "51", "Balls Faced": "49", "Fours": "5", "Sixes": "2", "Strike Rate": "104.08"}, {"Player Name": "Chad Jayson Bowes", "Dismissed by": "c Dilshan Madushanka b Lahiru Kumara", "Runs": "14", "Balls Faced": "15", "Fours": "2", "Sixes": "0", "Strike Rate": "93.33"}, {"Player Name": "Will Young", "Dismissed by": "c Charith Asalanka b Chamika Karunaratne", "Runs": "26", "Balls Faced": "28", "Fours": "2", "Sixes": "1", "Strike Rate": "92.85"}, {"Player Name": "Daryl Mitchell", "Dismissed by": "c Chamika Karunaratne b Lahiru Kumara", "Runs": "47", "Balls Faced": "58", "Fours": "3", "Sixes": "2", "Strike Rate": "81.03"}, {"Player Name": "Tom Latham", "Dismissed by": "c Kusal Mendis b Dasun Shanaka", "Runs": "5", "Balls Faced": "17", "Fours": "0", "Sixes": "0", "Strike Rate": "29.41"}, {"Player Name": "Glenn Phillips", "Dismissed by": "c Wanindu Hasaranga b Dilshan Madushanka", "Runs": "39", "Balls Faced": "42", "Fours": "3", "Sixes": "2", "Strike Rate": "92.85"}, {"Player Name": "Rachin Ravindra", "Dismissed by": "c Dasun Shanaka b Kasun Rajitha", "Runs": "49", "Balls Faced": "52", "Fours": "4", "Sixes": "1", "Strike Rate": "94.23"}, {"Player Name": "Henry Shipley", "Dismissed by": "c Pathum Nissanka b Chamika Karunaratne", "Runs": "6", "Balls Faced": "15", "Fours": "0", "Sixes": "0", "Strike Rate": "40.00"}, {"Player Name": "Matt Henry", "Dismissed by": "c Dasun Shanaka b Chamika Karunaratne", "Runs": "0", "Balls Faced": "2", "Fours": "0", "Sixes": "0", "Strike Rate": "0.00"}, {"Player Name": "Ish Sodhi", "Dismissed by": "c Kusal Mendis b Kasun Rajitha", "Runs": "10", "Balls Faced": "18", "Fours": "0", "Sixes": "0", "Strike Rate": "55.55"}, {"Player Name": "Blair Tickner", "Dismissed by": "", "Runs": "6", "Balls Faced": "4", "Fours": "1", "Sixes": "0", "Strike Rate": "150.00"}], "Extras": "Extras (nb 3, w 12, b 2, lb 4)", "balling": [{"player_name": "Matt Henry", "Overs": "6", "Maidens": "2", "Runs": "12", "Wickets": "0", "Economy": "2.00", "Dots": "29"}, {"player_name": "Henry Shipley", "Overs": "7", "Maidens": "0", "Runs": "31", "Wickets": "5", "Economy": "4.42", "Dots": "33"}, {"player_name": "Daryl Mitchell", "Overs": "3", "Maidens": "0", "Runs": "12", "Wickets": "2", "Economy": "4.00", "Dots": "12"}, {"player_name": "Blair Tickner", "Overs": "3.5", "Maidens": "0", "Runs": "20", "Wickets": "2", "Economy": "5.21", "Dots": "14"}]}, "Team2": {"Name": "Sri Lanka", "score": "76", "overs": "19.5/50 ov", "rr": "RR: 3.83", "batting": [{"Player Name": "Pathum Nissanka", "Dismissed by": "b Henry Shipley", "Runs": "9", "Balls Faced": "10", "Fours": "2", "Sixes": "0", "Strike Rate": "90.00"}, {"Player Name": "Nuwanidu Fernando", "Dismissed by": "run out (Glenn Phillips/Tom Latham)", "Runs": "4", "Balls Faced": "6", "Fours": "0", "Sixes": "0", "Strike Rate": "66.66"}, {"Player Name": "Kusal Mendis", "Dismissed by": "c Blair Tickner b Henry Shipley", "Runs": "0", "Balls Faced": "16", "Fours": "0", "Sixes": "0", "Strike Rate": "0.00"}, {"Player Name": "Angelo Mathews", "Dismissed by": "lbw Blair Tickner", "Runs": "18", "Balls Faced": "25", "Fours": "3", "Sixes": "0", "Strike Rate": "72.00"}, {"Player Name": "Charith Asalanka", "Dismissed by": "c Tom Latham b Henry Shipley", "Runs": "9", "Balls Faced": "12", "Fours": "2", "Sixes": "0", "Strike Rate": "75.00"}, {"Player Name": "Dasun Shanaka", "Dismissed by": "c Daryl Mitchell b Henry Shipley", "Runs": "0", "Balls Faced": "1", "Fours": "0", "Sixes": "0", "Strike Rate": "0.00"}, {"Player Name": "Chamika Karunaratne", "Dismissed by": "c Glenn Phillips b Henry Shipley", "Runs": "11", "Balls Faced": "24", "Fours": "1", "Sixes": "0", "Strike Rate": "45.83"}, {"Player Name": "Wanindu Hasaranga", "Dismissed by": "c Chad Jayson Bowes b Daryl Mitchell", "Runs": "2", "Balls Faced": "4", "Fours": "0", "Sixes": "0", "Strike Rate": "50.00"}, {"Player Name": "Kasun Rajitha", "Dismissed by": "c Chad Jayson Bowes b Daryl Mitchell", "Runs": "5", "Balls Faced": "9", "Fours": "1", "Sixes": "0", "Strike Rate": "55.55"}, {"Player Name": "Lahiru Kumara", "Dismissed by": "c Rachin Ravindra b Blair Tickner", "Runs": "10", "Balls Faced": "10", "Fours": "1", "Sixes": "1", "Strike Rate": "100.00"}, {"Player Name": "Dilshan Madushanka", "Dismissed by": "", "Runs": "4", "Balls Faced": "2", "Fours": "1", "Sixes": "0", "Strike Rate": "200.00"}], "Extras": "Extras (w 3, lb 1)", "balling": [{"player_name": "Kasun Rajitha", "Overs": "7.3", "Maidens": "0", "Runs": "38", "Wickets": "2", "Economy": "5.06", "Dots": "28"}, {"player_name": "Dilshan Madushanka", "Overs": "8", "Maidens": "0", "Runs": "58", "Wickets": "1", "Economy": "7.25", "Dots": "20"}, {"player_name": "Lahiru Kumara", "Overs": "10", "Maidens": "0", "Runs": "46", "Wickets": "2", "Economy": "4.60", "Dots": "32"}, {"player_name": "Chamika Karunaratne", "Overs": "9", "Maidens": "0", "Runs": "43", "Wickets": "4", "Economy": "4.77", "Dots": "31"}, {"player_name": "Wanindu Hasaranga", "Overs": "10", "Maidens": "0", "Runs": "67", "Wickets": "0", "Economy": "6.70", "Dots": "26"}, {"player_name": "Dasun Shanaka", "Overs": "5", "Maidens": "1", "Runs": "16", "Wickets": "1", "Economy": "3.20", "Dots": "21"}]}, "match_id": "100826"}