{"date": "05/11/2019 10:00:00 AM", "home": "England", "away": "Pakistan", "place": "The Ageas Bowl", "result": "England won by 12 runs", "Team1": {"Name": "England", "score": "373/3", "overs": "50/50 ov", "rr": "RR: 7.46", "batting": [{"Player Name": "Jason Roy", "Dismissed by": "c Imad Wasim b Hasan Ali", "Runs": "87", "Balls Faced": "98", "Fours": "6", "Sixes": "3", "Strike Rate": "88.77"}, {"Player Name": "Jonny Bairstow", "Dismissed by": "c Fakhar Zaman b Shaheen Afridi", "Runs": "51", "Balls Faced": "45", "Fours": "6", "Sixes": "0", "Strike Rate": "113.33"}, {"Player Name": "Joe Root", "Dismissed by": "c Haris Sohail b Yasir Shah", "Runs": "40", "Balls Faced": "54", "Fours": "3", "Sixes": "0", "Strike Rate": "74.07"}, {"Player Name": "Eoin Morgan", "Dismissed by": "", "Runs": "71", "Balls Faced": "48", "Fours": "6", "Sixes": "1", "Strike Rate": "147.91"}, {"Player Name": "Jos Buttler", "Dismissed by": "", "Runs": "110", "Balls Faced": "55", "Fours": "6", "Sixes": "9", "Strike Rate": "200.00"}, {"Player Name": "Ben Stokes", "Dismissed by": "", "Runs": "-", "Balls Faced": "-", "Fours": "-", "Sixes": "-", "Strike Rate": "-"}, {"Player Name": "Moeen Ali", "Dismissed by": "", "Runs": "-", "Balls Faced": "-", "Fours": "-", "Sixes": "-", "Strike Rate": "-"}, {"Player Name": "Chris Woakes", "Dismissed by": "", "Runs": "-", "Balls Faced": "-", "Fours": "-", "Sixes": "-", "Strike Rate": "-"}, {"Player Name": "David Willey", "Dismissed by": "", "Runs": "-", "Balls Faced": "-", "Fours": "-", "Sixes": "-", "Strike Rate": "-"}, {"Player Name": "Adil Rashid", "Dismissed by": "", "Runs": "-", "Balls Faced": "-", "Fours": "-", "Sixes": "-", "Strike Rate": "-"}, {"Player Name": "Liam Plunkett", "Dismissed by": "", "Runs": "-", "Balls Faced": "-", "Fours": "-", "Sixes": "-", "Strike Rate": "-"}], "Extras": "Extras (w 10, b 1, lb 3)", "balling": [{"player_name": "Chris Woakes", "Overs": "9", "Maidens": "0", "Runs": "72", "Wickets": "1", "Economy": "8.00", "Dots": "18"}, {"player_name": "David Willey", "Overs": "10", "Maidens": "0", "Runs": "57", "Wickets": "2", "Economy": "5.70", "Dots": "27"}, {"player_name": "Moeen Ali", "Overs": "10", "Maidens": "0", "Runs": "66", "Wickets": "1", "Economy": "6.60", "Dots": "21"}, {"player_name": "Liam Plunkett", "Overs": "9", "Maidens": "0", "Runs": "64", "Wickets": "2", "Economy": "7.11", "Dots": "19"}, {"player_name": "Adil Rashid", "Overs": "10", "Maidens": "0", "Runs": "81", "Wickets": "1", "Economy": "8.10", "Dots": "18"}, {"player_name": "Ben Stokes", "Overs": "2", "Maidens": "0", "Runs": "15", "Wickets": "0", "Economy": "7.50", "Dots": "4"}]}, "Team2": {"Name": "Pakistan", "score": "361/7", "overs": "50/50 ov", "rr": "RR: 7.22", "batting": [{"Player Name": "Imam-ul-Haq", "Dismissed by": "c & b Moeen Ali", "Runs": "35", "Balls Faced": "44", "Fours": "3", "Sixes": "0", "Strike Rate": "79.54"}, {"Player Name": "Fakhar Zaman", "Dismissed by": "c Jos Buttler b Chris Woakes", "Runs": "138", "Balls Faced": "106", "Fours": "12", "Sixes": "4", "Strike Rate": "130.18"}, {"Player Name": "Babar Azam", "Dismissed by": "c & b Adil Rashid", "Runs": "51", "Balls Faced": "52", "Fours": "1", "Sixes": "0", "Strike Rate": "98.07"}, {"Player Name": "Asif Ali", "Dismissed by": "c Ben Stokes b David Willey", "Runs": "51", "Balls Faced": "36", "Fours": "2", "Sixes": "4", "Strike Rate": "141.66"}, {"Player Name": "Haris Sohail", "Dismissed by": "c Jonny Bairstow b Liam Plunkett", "Runs": "14", "Balls Faced": "18", "Fours": "0", "Sixes": "0", "Strike Rate": "77.77"}, {"Player Name": "Sarfaraz Ahmed", "Dismissed by": "", "Runs": "41", "Balls Faced": "32", "Fours": "2", "Sixes": "0", "Strike Rate": "128.12"}, {"Player Name": "Imad Wasim", "Dismissed by": "c Jos Buttler b David Willey", "Runs": "8", "Balls Faced": "4", "Fours": "0", "Sixes": "1", "Strike Rate": "200.00"}, {"Player Name": "Faheem Ashraf", "Dismissed by": "c Ben Stokes b Liam Plunkett", "Runs": "3", "Balls Faced": "4", "Fours": "0", "Sixes": "0", "Strike Rate": "75.00"}, {"Player Name": "Hasan Ali", "Dismissed by": "", "Runs": "4", "Balls Faced": "4", "Fours": "0", "Sixes": "0", "Strike Rate": "100.00"}, {"Player Name": "Yasir Shah", "Dismissed by": "", "Runs": "-", "Balls Faced": "-", "Fours": "-", "Sixes": "-", "Strike Rate": "-"}, {"Player Name": "Shaheen Afridi", "Dismissed by": "", "Runs": "-", "Balls Faced": "-", "Fours": "-", "Sixes": "-", "Strike Rate": "-"}], "Extras": "Extras (w 10, b 2, lb 4)", "balling": [{"player_name": "Shaheen Afridi", "Overs": "10", "Maidens": "0", "Runs": "80", "Wickets": "1", "Economy": "8.00", "Dots": "28"}, {"player_name": "Faheem Ashraf", "Overs": "10", "Maidens": "0", "Runs": "69", "Wickets": "0", "Economy": "6.90", "Dots": "26"}, {"player_name": "Imad Wasim", "Overs": "10", "Maidens": "0", "Runs": "63", "Wickets": "0", "Economy": "6.30", "Dots": "23"}, {"player_name": "Hasan Ali", "Overs": "10", "Maidens": "1", "Runs": "81", "Wickets": "1", "Economy": "8.10", "Dots": "23"}, {"player_name": "Yasir Shah", "Overs": "7", "Maidens": "0", "Runs": "60", "Wickets": "1", "Economy": "8.57", "Dots": "13"}, {"player_name": "Haris Sohail", "Overs": "3", "Maidens": "0", "Runs": "16", "Wickets": "0", "Economy": "5.33", "Dots": "10"}]}, "match_id": "8966"}