{"date": "03/13/2020 03:30:00 AM", "home": "Australia", "away": "New Zealand", "place": "SCG", "result": "Australia win by 71 runs", "Team1": {"Name": "Australia", "score": "258/7", "overs": "50/50 ov", "rr": "RR: 5.16", "batting": [{"Player Name": "David Warner", "Dismissed by": "c Ish Sodhi b Lockie Ferguson", "Runs": "67", "Balls Faced": "88", "Fours": "9", "Sixes": "0", "Strike Rate": "76.13"}, {"Player Name": "Aaron Finch", "Dismissed by": "c Tom Latham b Mitchell Santner", "Runs": "60", "Balls Faced": "75", "Fours": "3", "Sixes": "2", "Strike Rate": "80.00"}, {"Player Name": "Steve Smith", "Dismissed by": "b Mitchell Santner", "Runs": "14", "Balls Faced": "17", "Fours": "0", "Sixes": "1", "Strike Rate": "82.35"}, {"Player Name": "D'Arcy Short", "Dismissed by": "c Henry Nicholls b Ish Sodhi", "Runs": "5", "Balls Faced": "19", "Fours": "0", "Sixes": "0", "Strike Rate": "26.31"}, {"Player Name": "Marnus Labuschagne", "Dismissed by": "c Ross Taylor b Lockie Ferguson", "Runs": "56", "Balls Faced": "52", "Fours": "2", "Sixes": "0", "Strike Rate": "107.69"}, {"Player Name": "Mitchell Marsh", "Dismissed by": "c Martin Guptill b Ish Sodhi", "Runs": "27", "Balls Faced": "34", "Fours": "2", "Sixes": "0", "Strike Rate": "79.41"}, {"Player Name": "Alex Carey", "Dismissed by": "c Trent Boult b Ish Sodhi", "Runs": "1", "Balls Faced": "2", "Fours": "0", "Sixes": "0", "Strike Rate": "50.00"}, {"Player Name": "Pat Cummins", "Dismissed by": "", "Runs": "14", "Balls Faced": "11", "Fours": "0", "Sixes": "1", "Strike Rate": "127.27"}, {"Player Name": "Mitchell Starc", "Dismissed by": "", "Runs": "9", "Balls Faced": "4", "Fours": "1", "Sixes": "0", "Strike Rate": "225.00"}, {"Player Name": "Adam Zampa", "Dismissed by": "", "Runs": "-", "Balls Faced": "-", "Fours": "-", "Sixes": "-", "Strike Rate": "-"}, {"Player Name": "Josh Hazlewood", "Dismissed by": "", "Runs": "-", "Balls Faced": "-", "Fours": "-", "Sixes": "-", "Strike Rate": "-"}], "Extras": "Extras (nb 2, lb 3)", "balling": [{"player_name": "Mitchell Starc", "Overs": "7", "Maidens": "0", "Runs": "33", "Wickets": "0", "Economy": "4.71", "Dots": "24"}, {"player_name": "Josh Hazlewood", "Overs": "10", "Maidens": "0", "Runs": "37", "Wickets": "2", "Economy": "3.70", "Dots": "40"}, {"player_name": "Pat Cummins", "Overs": "8", "Maidens": "2", "Runs": "25", "Wickets": "3", "Economy": "3.12", "Dots": "33"}, {"player_name": "Mitchell Marsh", "Overs": "7", "Maidens": "0", "Runs": "29", "Wickets": "3", "Economy": "4.14", "Dots": "20"}, {"player_name": "Adam Zampa", "Overs": "8", "Maidens": "0", "Runs": "50", "Wickets": "2", "Economy": "6.25", "Dots": "20"}, {"player_name": "Steve Smith", "Overs": "1", "Maidens": "0", "Runs": "8", "Wickets": "0", "Economy": "8.00", "Dots": "3"}]}, "Team2": {"Name": "New Zealand", "score": "187", "overs": "41/50 ov", "rr": "RR: 4.56", "batting": [{"Player Name": "Martin Guptill", "Dismissed by": "c Steve Smith b Pat Cummins", "Runs": "40", "Balls Faced": "73", "Fours": "1", "Sixes": "1", "Strike Rate": "54.79"}, {"Player Name": "Henry Nicholls", "Dismissed by": "c Alex Carey b Josh Hazlewood", "Runs": "10", "Balls Faced": "22", "Fours": "1", "Sixes": "0", "Strike Rate": "45.45"}, {"Player Name": "Kane Williamson", "Dismissed by": "b Adam Zampa", "Runs": "19", "Balls Faced": "26", "Fours": "2", "Sixes": "0", "Strike Rate": "73.07"}, {"Player Name": "Ross Taylor", "Dismissed by": "c Mitchell Starc b Mitchell Marsh", "Runs": "4", "Balls Faced": "6", "Fours": "0", "Sixes": "0", "Strike Rate": "66.66"}, {"Player Name": "Tom Latham", "Dismissed by": "c D'Arcy Short b Josh Hazlewood", "Runs": "38", "Balls Faced": "40", "Fours": "4", "Sixes": "0", "Strike Rate": "95.00"}, {"Player Name": "Jimmy Neesham", "Dismissed by": "c Alex Carey b Pat Cummins", "Runs": "8", "Balls Faced": "10", "Fours": "0", "Sixes": "1", "Strike Rate": "80.00"}, {"Player Name": "Colin de Grandhomme", "Dismissed by": "c Mitchell Starc b Adam Zampa", "Runs": "25", "Balls Faced": "26", "Fours": "3", "Sixes": "0", "Strike Rate": "96.15"}, {"Player Name": "Mitchell Santner", "Dismissed by": "c Pat Cummins b Mitchell Marsh", "Runs": "14", "Balls Faced": "16", "Fours": "1", "Sixes": "0", "Strike Rate": "87.50"}, {"Player Name": "Ish Sodhi", "Dismissed by": "", "Runs": "14", "Balls Faced": "16", "Fours": "1", "Sixes": "0", "Strike Rate": "87.50"}, {"Player Name": "Lockie Ferguson", "Dismissed by": "b Mitchell Marsh", "Runs": "1", "Balls Faced": "7", "Fours": "0", "Sixes": "0", "Strike Rate": "14.28"}, {"Player Name": "Trent Boult", "Dismissed by": "c & b Pat Cummins", "Runs": "5", "Balls Faced": "4", "Fours": "1", "Sixes": "0", "Strike Rate": "125.00"}], "Extras": "Extras (w 4, lb 5)", "balling": [{"player_name": "Trent Boult", "Overs": "10", "Maidens": "0", "Runs": "37", "Wickets": "0", "Economy": "3.70", "Dots": "35"}, {"player_name": "Lockie Ferguson", "Overs": "9", "Maidens": "0", "Runs": "60", "Wickets": "2", "Economy": "6.66", "Dots": "22"}, {"player_name": "Jimmy Neesham", "Overs": "7", "Maidens": "0", "Runs": "44", "Wickets": "0", "Economy": "6.28", "Dots": "21"}, {"player_name": "Mitchell Santner", "Overs": "10", "Maidens": "0", "Runs": "34", "Wickets": "2", "Economy": "3.40", "Dots": "38"}, {"player_name": "Colin de Grandhomme", "Overs": "6", "Maidens": "0", "Runs": "29", "Wickets": "0", "Economy": "4.83", "Dots": "16"}, {"player_name": "Ish Sodhi", "Overs": "8", "Maidens": "0", "Runs": "51", "Wickets": "3", "Economy": "6.37", "Dots": "17"}]}, "match_id": "11482"}