{"date": "11/27/2022 01:30:00 AM", "home": "New Zealand", "away": "India", "place": "Seddon Park", "result": "Match Abandoned", "Team1": {"Name": "New Zealand", "score": "Did not bat", "overs": "", "rr": "", "batting": "None", "Extras": "None", "balling": [{"player_name": "Tim Southee", "Overs": "3", "Maidens": "0", "Runs": "12", "Wickets": "0", "Economy": "4.00", "Dots": "12"}, {"player_name": "Matt Henry", "Overs": "4", "Maidens": "0", "Runs": "20", "Wickets": "1", "Economy": "5.00", "Dots": "14"}, {"player_name": "Lockie Ferguson", "Overs": "2.5", "Maidens": "0", "Runs": "24", "Wickets": "0", "Economy": "8.47", "Dots": "5"}, {"player_name": "Michael Bracewell", "Overs": "2", "Maidens": "0", "Runs": "18", "Wickets": "0", "Economy": "9.00", "Dots": "3"}, {"player_name": "Mitch Santner", "Overs": "1", "Maidens": "0", "Runs": "9", "Wickets": "0", "Economy": "9.00", "Dots": "2"}]}, "Team2": {"Name": "India", "score": "89/1", "overs": "12.5/29 ov", "rr": "RR: 6.93", "batting": [{"Player Name": "Shubman Gill", "Dismissed by": "", "Runs": "45", "Balls Faced": "42", "Fours": "4", "Sixes": "1", "Strike Rate": "107.14"}, {"Player Name": "Shikhar Dhawan", "Dismissed by": "c Lockie Ferguson b Matt Henry", "Runs": "3", "Balls Faced": "10", "Fours": "0", "Sixes": "0", "Strike Rate": "30.00"}, {"Player Name": "Suryakumar Yadav", "Dismissed by": "", "Runs": "34", "Balls Faced": "25", "Fours": "2", "Sixes": "3", "Strike Rate": "136.00"}, {"Player Name": "Rishabh Pant", "Dismissed by": "", "Runs": "-", "Balls Faced": "-", "Fours": "-", "Sixes": "-", "Strike Rate": "-"}, {"Player Name": "Shreyas Iyer", "Dismissed by": "", "Runs": "-", "Balls Faced": "-", "Fours": "-", "Sixes": "-", "Strike Rate": "-"}, {"Player Name": "Deepak Hooda", "Dismissed by": "", "Runs": "-", "Balls Faced": "-", "Fours": "-", "Sixes": "-", "Strike Rate": "-"}, {"Player Name": "Washington Sundar", "Dismissed by": "", "Runs": "-", "Balls Faced": "-", "Fours": "-", "Sixes": "-", "Strike Rate": "-"}, {"Player Name": "Deepak Chahar", "Dismissed by": "", "Runs": "-", "Balls Faced": "-", "Fours": "-", "Sixes": "-", "Strike Rate": "-"}, {"Player Name": "Umran Malik", "Dismissed by": "", "Runs": "-", "Balls Faced": "-", "Fours": "-", "Sixes": "-", "Strike Rate": "-"}, {"Player Name": "Arshdeep Singh", "Dismissed by": "", "Runs": "-", "Balls Faced": "-", "Fours": "-", "Sixes": "-", "Strike Rate": "-"}, {"Player Name": "Yuzvendra Chahal", "Dismissed by": "", "Runs": "-", "Balls Faced": "-", "Fours": "-", "Sixes": "-", "Strike Rate": "-"}], "Extras": "Extras (w 1, b 4, lb 2)", "balling": []}, "match_id": "100837"}