{"date": "02/05/2020 02:00:00 AM", "home": "New Zealand", "away": "India", "place": "Seddon Park", "result": "New Zealand won by 4 wickets", "Team1": {"Name": "New Zealand", "score": "348/6", "overs": "48.1/50 ov", "rr": "RR: 7.22", "batting": [{"Player Name": "Martin Guptill", "Dismissed by": "c Kedar Jadhav b Shardul Thakur", "Runs": "32", "Balls Faced": "41", "Fours": "1", "Sixes": "0", "Strike Rate": "78.04"}, {"Player Name": "Henry Nicholls", "Dismissed by": "run out (Virat Kohli)", "Runs": "78", "Balls Faced": "82", "Fours": "11", "Sixes": "0", "Strike Rate": "95.12"}, {"Player Name": "Tom Blundell", "Dismissed by": "st KL Rahul b Kuldeep Yadav", "Runs": "9", "Balls Faced": "10", "Fours": "1", "Sixes": "0", "Strike Rate": "90.00"}, {"Player Name": "Ross Taylor", "Dismissed by": "", "Runs": "109", "Balls Faced": "84", "Fours": "10", "Sixes": "4", "Strike Rate": "129.76"}, {"Player Name": "Tom Latham", "Dismissed by": "c Mohammad Shami b Kuldeep Yadav", "Runs": "69", "Balls Faced": "48", "Fours": "8", "Sixes": "2", "Strike Rate": "143.75"}, {"Player Name": "Jimmy Neesham", "Dismissed by": "c Kedar Jadhav b Mohammad Shami", "Runs": "9", "Balls Faced": "14", "Fours": "1", "Sixes": "0", "Strike Rate": "64.28"}, {"Player Name": "Colin de Grandhomme", "Dismissed by": "run out (Shreyas Iyer/Virat Kohli)", "Runs": "1", "Balls Faced": "2", "Fours": "0", "Sixes": "0", "Strike Rate": "50.00"}, {"Player Name": "Mitchell Santner", "Dismissed by": "", "Runs": "12", "Balls Faced": "9", "Fours": "1", "Sixes": "1", "Strike Rate": "133.33"}, {"Player Name": "Ish Sodhi", "Dismissed by": "", "Runs": "-", "Balls Faced": "-", "Fours": "-", "Sixes": "-", "Strike Rate": "-"}, {"Player Name": "Tim Southee", "Dismissed by": "", "Runs": "-", "Balls Faced": "-", "Fours": "-", "Sixes": "-", "Strike Rate": "-"}, {"Player Name": "Hamish Bennett", "Dismissed by": "", "Runs": "-", "Balls Faced": "-", "Fours": "-", "Sixes": "-", "Strike Rate": "-"}], "Extras": "Extras (nb 1, w 24, lb 4)", "balling": [{"player_name": "Tim Southee", "Overs": "10", "Maidens": "1", "Runs": "85", "Wickets": "2", "Economy": "8.50", "Dots": "31"}, {"player_name": "Hamish Bennett", "Overs": "10", "Maidens": "0", "Runs": "77", "Wickets": "0", "Economy": "7.70", "Dots": "24"}, {"player_name": "Colin de Grandhomme", "Overs": "8", "Maidens": "0", "Runs": "41", "Wickets": "1", "Economy": "5.12", "Dots": "27"}, {"player_name": "Jimmy Neesham", "Overs": "8", "Maidens": "0", "Runs": "52", "Wickets": "0", "Economy": "6.50", "Dots": "22"}, {"player_name": "Mitchell Santner", "Overs": "10", "Maidens": "0", "Runs": "58", "Wickets": "0", "Economy": "5.80", "Dots": "20"}, {"player_name": "Ish Sodhi", "Overs": "4", "Maidens": "0", "Runs": "27", "Wickets": "1", "Economy": "6.75", "Dots": "8"}]}, "Team2": {"Name": "India", "score": "347/4", "overs": "50/50 ov", "rr": "RR: 6.94", "batting": [{"Player Name": "Prithvi Shaw", "Dismissed by": "c Tom Latham b Colin de Grandhomme", "Runs": "20", "Balls Faced": "21", "Fours": "3", "Sixes": "0", "Strike Rate": "95.23"}, {"Player Name": "Mayank Agarwal", "Dismissed by": "c Tom Blundell b Tim Southee", "Runs": "32", "Balls Faced": "31", "Fours": "6", "Sixes": "0", "Strike Rate": "103.22"}, {"Player Name": "Virat Kohli", "Dismissed by": "b Ish Sodhi", "Runs": "51", "Balls Faced": "63", "Fours": "6", "Sixes": "0", "Strike Rate": "80.95"}, {"Player Name": "Shreyas Iyer", "Dismissed by": "c Mitchell Santner b Tim Southee", "Runs": "103", "Balls Faced": "107", "Fours": "11", "Sixes": "1", "Strike Rate": "96.26"}, {"Player Name": "KL Rahul", "Dismissed by": "", "Runs": "88", "Balls Faced": "64", "Fours": "3", "Sixes": "6", "Strike Rate": "137.50"}, {"Player Name": "Kedar Jadhav", "Dismissed by": "", "Runs": "26", "Balls Faced": "15", "Fours": "3", "Sixes": "1", "Strike Rate": "173.33"}, {"Player Name": "Ravindra Jadeja", "Dismissed by": "", "Runs": "-", "Balls Faced": "-", "Fours": "-", "Sixes": "-", "Strike Rate": "-"}, {"Player Name": "Shardul Thakur", "Dismissed by": "", "Runs": "-", "Balls Faced": "-", "Fours": "-", "Sixes": "-", "Strike Rate": "-"}, {"Player Name": "Kuldeep Yadav", "Dismissed by": "", "Runs": "-", "Balls Faced": "-", "Fours": "-", "Sixes": "-", "Strike Rate": "-"}, {"Player Name": "Mohammad Shami", "Dismissed by": "", "Runs": "-", "Balls Faced": "-", "Fours": "-", "Sixes": "-", "Strike Rate": "-"}, {"Player Name": "Jasprit Bumrah", "Dismissed by": "", "Runs": "-", "Balls Faced": "-", "Fours": "-", "Sixes": "-", "Strike Rate": "-"}], "Extras": "Extras (nb 1, w 19, lb 7)", "balling": [{"player_name": "Jasprit Bumrah", "Overs": "10", "Maidens": "1", "Runs": "53", "Wickets": "0", "Economy": "5.30", "Dots": "37"}, {"player_name": "Mohammad Shami", "Overs": "9.1", "Maidens": "0", "Runs": "63", "Wickets": "1", "Economy": "6.87", "Dots": "27"}, {"player_name": "Shardul Thakur", "Overs": "9", "Maidens": "0", "Runs": "80", "Wickets": "1", "Economy": "8.88", "Dots": "20"}, {"player_name": "Ravindra Jadeja", "Overs": "10", "Maidens": "0", "Runs": "64", "Wickets": "0", "Economy": "6.40", "Dots": "23"}, {"player_name": "Kuldeep Yadav", "Overs": "10", "Maidens": "0", "Runs": "84", "Wickets": "2", "Economy": "8.40", "Dots": "17"}]}, "match_id": "15358"}