{"date": "04/02/2022 01:00:00 AM", "home": "New Zealand", "away": "Netherlands", "place": "Seddon Park", "result": "New Zealand won by 118 runs", "Team1": {"Name": "New Zealand", "score": "264/9", "overs": "50/50 ov", "rr": "RR: 5.28", "batting": [{"Player Name": "Martin Guptill", "Dismissed by": "c Bas de Leede b Fred Klaassen", "Runs": "6", "Balls Faced": "7", "Fours": "1", "Sixes": "0", "Strike Rate": "85.71"}, {"Player Name": "Henry Nicholls", "Dismissed by": "c Vikramjit Singh b Logan van Beek", "Runs": "19", "Balls Faced": "29", "Fours": "4", "Sixes": "0", "Strike Rate": "65.51"}, {"Player Name": "Will Young", "Dismissed by": "b Logan van Beek", "Runs": "1", "Balls Faced": "5", "Fours": "0", "Sixes": "0", "Strike Rate": "20.00"}, {"Player Name": "Ross Taylor", "Dismissed by": "c Logan van Beek b Fred Klaassen", "Runs": "1", "Balls Faced": "10", "Fours": "0", "Sixes": "0", "Strike Rate": "10.00"}, {"Player Name": "Tom Latham", "Dismissed by": "", "Runs": "140", "Balls Faced": "123", "Fours": "10", "Sixes": "5", "Strike Rate": "113.82"}, {"Player Name": "Michael Bracewell", "Dismissed by": "c & b Logan van Beek", "Runs": "1", "Balls Faced": "5", "Fours": "0", "Sixes": "0", "Strike Rate": "20.00"}, {"Player Name": "Colin de Grandhomme", "Dismissed by": "c Scott Edwards b Pieter Seelaar", "Runs": "16", "Balls Faced": "40", "Fours": "1", "Sixes": "0", "Strike Rate": "40.00"}, {"Player Name": "Doug Bracewell", "Dismissed by": "c Brandon Glover b Michael Rippon", "Runs": "41", "Balls Faced": "51", "Fours": "2", "Sixes": "2", "Strike Rate": "80.39"}, {"Player Name": "Ish Sodhi", "Dismissed by": "c Vikramjit Singh b Fred Klaassen", "Runs": "18", "Balls Faced": "25", "Fours": "0", "Sixes": "1", "Strike Rate": "72.00"}, {"Player Name": "Kyle Jamieson", "Dismissed by": "lbw Logan van Beek", "Runs": "3", "Balls Faced": "4", "Fours": "0", "Sixes": "0", "Strike Rate": "75.00"}, {"Player Name": "Blair Tickner", "Dismissed by": "", "Runs": "1", "Balls Faced": "3", "Fours": "0", "Sixes": "0", "Strike Rate": "33.33"}], "Extras": "Extras (nb 2, w 12, lb 3)", "balling": [{"player_name": "Doug Bracewell", "Overs": "7", "Maidens": "2", "Runs": "24", "Wickets": "1", "Economy": "3.42", "Dots": "34"}, {"player_name": "Kyle Jamieson", "Overs": "7", "Maidens": "0", "Runs": "22", "Wickets": "2", "Economy": "3.14", "Dots": "34"}, {"player_name": "Blair Tickner", "Overs": "5", "Maidens": "0", "Runs": "38", "Wickets": "1", "Economy": "7.60", "Dots": "19"}, {"player_name": "Colin de Grandhomme", "Overs": "4", "Maidens": "0", "Runs": "20", "Wickets": "1", "Economy": "5.00", "Dots": "13"}, {"player_name": "Ish Sodhi", "Overs": "6.1", "Maidens": "0", "Runs": "17", "Wickets": "2", "Economy": "2.75", "Dots": "26"}, {"player_name": "Michael Bracewell", "Overs": "5", "Maidens": "0", "Runs": "21", "Wickets": "3", "Economy": "4.20", "Dots": "19"}]}, "Team2": {"Name": "Netherlands", "score": "146", "overs": "34.1/50 ov", "rr": "RR: 4.27", "batting": [{"Player Name": "Stephan Myburgh", "Dismissed by": "c & b Doug Bracewell", "Runs": "4", "Balls Faced": "5", "Fours": "1", "Sixes": "0", "Strike Rate": "80.00"}, {"Player Name": "Max O'Dowd", "Dismissed by": "c Martin Guptill b Kyle Jamieson", "Runs": "0", "Balls Faced": "1", "Fours": "0", "Sixes": "0", "Strike Rate": "0.00"}, {"Player Name": "Vikramjit Singh", "Dismissed by": "c Ish Sodhi b Colin de Grandhomme", "Runs": "31", "Balls Faced": "50", "Fours": "7", "Sixes": "0", "Strike Rate": "62.00"}, {"Player Name": "Bas de Leede", "Dismissed by": "c Doug Bracewell b Ish Sodhi", "Runs": "37", "Balls Faced": "59", "Fours": "5", "Sixes": "0", "Strike Rate": "62.71"}, {"Player Name": "Scott Edwards", "Dismissed by": "c Henry Nicholls b Blair Tickner", "Runs": "6", "Balls Faced": "8", "Fours": "0", "Sixes": "0", "Strike Rate": "75.00"}, {"Player Name": "Michael Rippon", "Dismissed by": "Stumped b Michael Bracewell", "Runs": "18", "Balls Faced": "22", "Fours": "2", "Sixes": "1", "Strike Rate": "81.81"}, {"Player Name": "Pieter Seelaar", "Dismissed by": "b Michael Bracewell", "Runs": "9", "Balls Faced": "13", "Fours": "0", "Sixes": "1", "Strike Rate": "69.23"}, {"Player Name": "Logan van Beek", "Dismissed by": "c Ross Taylor b Michael Bracewell", "Runs": "7", "Balls Faced": "15", "Fours": "1", "Sixes": "0", "Strike Rate": "46.66"}, {"Player Name": "Aryan Dutt", "Dismissed by": "b Kyle Jamieson", "Runs": "8", "Balls Faced": "17", "Fours": "1", "Sixes": "0", "Strike Rate": "47.05"}, {"Player Name": "Fred Klaassen", "Dismissed by": "", "Runs": "8", "Balls Faced": "9", "Fours": "1", "Sixes": "0", "Strike Rate": "88.88"}, {"Player Name": "Brandon Glover", "Dismissed by": "c Ross Taylor b Ish Sodhi", "Runs": "2", "Balls Faced": "6", "Fours": "0", "Sixes": "0", "Strike Rate": "33.33"}], "Extras": "Extras (w 12, lb 4)", "balling": [{"player_name": "Fred Klaassen", "Overs": "10", "Maidens": "0", "Runs": "36", "Wickets": "3", "Economy": "3.60", "Dots": "41"}, {"player_name": "Logan van Beek", "Overs": "10", "Maidens": "2", "Runs": "56", "Wickets": "4", "Economy": "5.60", "Dots": "35"}, {"player_name": "Brandon Glover", "Overs": "8", "Maidens": "0", "Runs": "60", "Wickets": "0", "Economy": "7.50", "Dots": "22"}, {"player_name": "Michael Rippon", "Overs": "10", "Maidens": "0", "Runs": "45", "Wickets": "1", "Economy": "4.50", "Dots": "30"}, {"player_name": "Pieter Seelaar", "Overs": "9", "Maidens": "0", "Runs": "48", "Wickets": "1", "Economy": "5.33", "Dots": "24"}, {"player_name": "Aryan Dutt", "Overs": "3", "Maidens": "0", "Runs": "16", "Wickets": "0", "Economy": "5.33", "Dots": "7"}]}, "match_id": "34377"}