{"date": "05/05/2023 10:30:00 AM", "home": "Pakistan", "away": "New Zealand", "place": "National Stadium", "result": "Pakistan won by 102 runs", "Team1": {"Name": "Pakistan", "score": "334/6", "overs": "50/50 ov", "rr": "RR: 6.68", "batting": [{"Player Name": "Shan Masood", "Dismissed by": "st Tom Blundell b Ish Sodhi", "Runs": "44", "Balls Faced": "55", "Fours": "7", "Sixes": "0", "Strike Rate": "80.00"}, {"Player Name": "Fakhar Zaman", "Dismissed by": "c Tom Blundell b Matt Henry", "Runs": "14", "Balls Faced": "17", "Fours": "2", "Sixes": "0", "Strike Rate": "82.35"}, {"Player Name": "Babar Azam", "Dismissed by": "c Cole McConchie b Benjamin George Lister", "Runs": "107", "Balls Faced": "117", "Fours": "10", "Sixes": "0", "Strike Rate": "91.45"}, {"Player Name": "Muhammad Rizwan", "Dismissed by": "run out (Matt Henry)", "Runs": "24", "Balls Faced": "28", "Fours": "1", "Sixes": "0", "Strike Rate": "85.71"}, {"Player Name": "Salman Ali Agha", "Dismissed by": "c & b Matt Henry", "Runs": "58", "Balls Faced": "46", "Fours": "4", "Sixes": "2", "Strike Rate": "126.08"}, {"Player Name": "Iftikhar Ahmed", "Dismissed by": "c Tom Blundell b Matt Henry", "Runs": "28", "Balls Faced": "22", "Fours": "5", "Sixes": "0", "Strike Rate": "127.27"}, {"Player Name": "Mohammad Haris", "Dismissed by": "", "Runs": "17", "Balls Faced": "8", "Fours": "1", "Sixes": "1", "Strike Rate": "212.50"}, {"Player Name": "Shaheen Shah Afridi", "Dismissed by": "", "Runs": "23", "Balls Faced": "7", "Fours": "1", "Sixes": "3", "Strike Rate": "328.57"}, {"Player Name": "Usama Mir", "Dismissed by": "", "Runs": "-", "Balls Faced": "-", "Fours": "-", "Sixes": "-", "Strike Rate": "-"}, {"Player Name": "Mohammad Wasim", "Dismissed by": "", "Runs": "-", "Balls Faced": "-", "Fours": "-", "Sixes": "-", "Strike Rate": "-"}, {"Player Name": "Haris Rauf", "Dismissed by": "", "Runs": "-", "Balls Faced": "-", "Fours": "-", "Sixes": "-", "Strike Rate": "-"}], "Extras": "Extras (w 10, lb 9)", "balling": [{"player_name": "Shaheen Shah Afridi", "Overs": "6", "Maidens": "1", "Runs": "34", "Wickets": "1", "Economy": "5.66", "Dots": "23"}, {"player_name": "Haris Rauf", "Overs": "8", "Maidens": "0", "Runs": "37", "Wickets": "2", "Economy": "4.62", "Dots": "26"}, {"player_name": "Mohammad Wasim", "Overs": "8.4", "Maidens": "1", "Runs": "40", "Wickets": "3", "Economy": "4.61", "Dots": "31"}, {"player_name": "Salman Ali Agha", "Overs": "9", "Maidens": "0", "Runs": "49", "Wickets": "0", "Economy": "5.44", "Dots": "21"}, {"player_name": "Usama Mir", "Overs": "10", "Maidens": "0", "Runs": "43", "Wickets": "4", "Economy": "4.30", "Dots": "28"}, {"player_name": "Iftikhar Ahmed", "Overs": "2", "Maidens": "0", "Runs": "21", "Wickets": "0", "Economy": "10.50", "Dots": "5"}]}, "Team2": {"Name": "New Zealand", "score": "232", "overs": "43.4/50 ov", "rr": "RR: 5.31", "batting": [{"Player Name": "Will Young", "Dismissed by": "c Haris Rauf b Mohammad Wasim", "Runs": "15", "Balls Faced": "20", "Fours": "3", "Sixes": "0", "Strike Rate": "75.00"}, {"Player Name": "Tom Blundell", "Dismissed by": "c Iftikhar Ahmed b Haris Rauf", "Runs": "23", "Balls Faced": "29", "Fours": "4", "Sixes": "0", "Strike Rate": "79.31"}, {"Player Name": "Daryl Mitchell", "Dismissed by": "c Shaheen Shah Afridi b Usama Mir", "Runs": "34", "Balls Faced": "48", "Fours": "1", "Sixes": "0", "Strike Rate": "70.83"}, {"Player Name": "Tom Latham", "Dismissed by": "c Muhammad Rizwan b Shaheen Shah Afridi", "Runs": "60", "Balls Faced": "76", "Fours": "5", "Sixes": "0", "Strike Rate": "78.94"}, {"Player Name": "Mark Chapman", "Dismissed by": "b Usama Mir", "Runs": "46", "Balls Faced": "33", "Fours": "4", "Sixes": "3", "Strike Rate": "139.39"}, {"Player Name": "Jimmy Neesham", "Dismissed by": "b Haris Rauf", "Runs": "11", "Balls Faced": "10", "Fours": "1", "Sixes": "0", "Strike Rate": "110.00"}, {"Player Name": "Cole McConchie", "Dismissed by": "c Muhammad Rizwan b Mohammad Wasim", "Runs": "8", "Balls Faced": "14", "Fours": "0", "Sixes": "0", "Strike Rate": "57.14"}, {"Player Name": "Ish Sodhi", "Dismissed by": "st Muhammad Rizwan b Usama Mir", "Runs": "9", "Balls Faced": "14", "Fours": "1", "Sixes": "0", "Strike Rate": "64.28"}, {"Player Name": "Matt Henry", "Dismissed by": "c Haris Rauf b Usama Mir", "Runs": "5", "Balls Faced": "5", "Fours": "1", "Sixes": "0", "Strike Rate": "100.00"}, {"Player Name": "Blair Tickner", "Dismissed by": "b Mohammad Wasim", "Runs": "6", "Balls Faced": "11", "Fours": "0", "Sixes": "0", "Strike Rate": "54.54"}, {"Player Name": "Benjamin George Lister", "Dismissed by": "", "Runs": "1", "Balls Faced": "3", "Fours": "0", "Sixes": "0", "Strike Rate": "33.33"}], "Extras": "Extras (nb 1, w 5, b 1, lb 7)", "balling": [{"player_name": "Matt Henry", "Overs": "10", "Maidens": "1", "Runs": "65", "Wickets": "3", "Economy": "6.50", "Dots": "32"}, {"player_name": "Benjamin George Lister", "Overs": "10", "Maidens": "0", "Runs": "57", "Wickets": "1", "Economy": "5.70", "Dots": "33"}, {"player_name": "Blair Tickner", "Overs": "8", "Maidens": "0", "Runs": "74", "Wickets": "0", "Economy": "9.25", "Dots": "15"}, {"player_name": "Ish Sodhi", "Overs": "10", "Maidens": "1", "Runs": "53", "Wickets": "1", "Economy": "5.30", "Dots": "29"}, {"player_name": "Cole McConchie", "Overs": "10", "Maidens": "0", "Runs": "61", "Wickets": "0", "Economy": "6.10", "Dots": "21"}, {"player_name": "Jimmy Neesham", "Overs": "2", "Maidens": "0", "Runs": "15", "Wickets": "0", "Economy": "7.50", "Dots": "6"}]}, "match_id": "101621"}