{"date": "06/29/2021 10:00:00 AM", "home": "England", "away": "Sri Lanka", "place": "Emirates Riverside", "result": "England win by 5 wickets", "Team1": {"Name": "England", "score": "189/5", "overs": "34.5/50 ov", "rr": "RR: 5.42", "batting": [{"Player Name": "Jonny Bairstow", "Dismissed by": "b Binura Fernando", "Runs": "43", "Balls Faced": "21", "Fours": "6", "Sixes": "1", "Strike Rate": "204.76"}, {"Player Name": "Liam Livingstone", "Dismissed by": "c Dushmantha Chameera b Chamika Karunaratne", "Runs": "9", "Balls Faced": "12", "Fours": "0", "Sixes": "1", "Strike Rate": "75.00"}, {"Player Name": "Joe Root", "Dismissed by": "", "Runs": "79", "Balls Faced": "87", "Fours": "4", "Sixes": "0", "Strike Rate": "90.80"}, {"Player Name": "Eoin Morgan", "Dismissed by": "c Kusal Perera b Dushmantha Chameera", "Runs": "6", "Balls Faced": "17", "Fours": "1", "Sixes": "0", "Strike Rate": "35.29"}, {"Player Name": "Sam Billings", "Dismissed by": "c Wanindu Hasaranga b Dushmantha Chameera", "Runs": "3", "Balls Faced": "8", "Fours": "0", "Sixes": "0", "Strike Rate": "37.50"}, {"Player Name": "Moeen Ali", "Dismissed by": "b Dushmantha Chameera", "Runs": "28", "Balls Faced": "57", "Fours": "1", "Sixes": "0", "Strike Rate": "49.12"}, {"Player Name": "Sam Curran", "Dismissed by": "", "Runs": "9", "Balls Faced": "9", "Fours": "1", "Sixes": "0", "Strike Rate": "100.00"}, {"Player Name": "Chris Woakes", "Dismissed by": "", "Runs": "-", "Balls Faced": "-", "Fours": "-", "Sixes": "-", "Strike Rate": "-"}, {"Player Name": "David Willey", "Dismissed by": "", "Runs": "-", "Balls Faced": "-", "Fours": "-", "Sixes": "-", "Strike Rate": "-"}, {"Player Name": "Adil Rashid", "Dismissed by": "", "Runs": "-", "Balls Faced": "-", "Fours": "-", "Sixes": "-", "Strike Rate": "-"}, {"Player Name": "Mark Wood", "Dismissed by": "", "Runs": "-", "Balls Faced": "-", "Fours": "-", "Sixes": "-", "Strike Rate": "-"}], "Extras": "Extras (nb 2, w 5, lb 5)", "balling": [{"player_name": "Chris Woakes", "Overs": "10", "Maidens": "5", "Runs": "18", "Wickets": "4", "Economy": "1.80", "Dots": "49"}, {"player_name": "David Willey", "Overs": "10", "Maidens": "1", "Runs": "44", "Wickets": "3", "Economy": "4.40", "Dots": "38"}, {"player_name": "Mark Wood", "Overs": "7", "Maidens": "0", "Runs": "19", "Wickets": "0", "Economy": "2.71", "Dots": "28"}, {"player_name": "Sam Curran", "Overs": "7.3", "Maidens": "0", "Runs": "45", "Wickets": "0", "Economy": "6.00", "Dots": "21"}, {"player_name": "Adil Rashid", "Overs": "6", "Maidens": "0", "Runs": "45", "Wickets": "0", "Economy": "7.50", "Dots": "13"}, {"player_name": "Moeen Ali", "Overs": "2", "Maidens": "0", "Runs": "5", "Wickets": "1", "Economy": "2.50", "Dots": "7"}]}, "Team2": {"Name": "Sri Lanka", "score": "185", "overs": "42.3/50 ov", "rr": "RR: 4.35", "batting": [{"Player Name": "Pathum Nissanka", "Dismissed by": "c Moeen Ali b Chris Woakes", "Runs": "5", "Balls Faced": "19", "Fours": "0", "Sixes": "0", "Strike Rate": "26.31"}, {"Player Name": "Kusal Perera", "Dismissed by": "c Sam Billings b David Willey", "Runs": "73", "Balls Faced": "81", "Fours": "7", "Sixes": "0", "Strike Rate": "90.12"}, {"Player Name": "Charith Asalanka", "Dismissed by": "c Joe Root b David Willey", "Runs": "0", "Balls Faced": "6", "Fours": "0", "Sixes": "0", "Strike Rate": "0.00"}, {"Player Name": "Dasun Shanaka", "Dismissed by": "c Jonny Bairstow b Chris Woakes", "Runs": "1", "Balls Faced": "9", "Fours": "0", "Sixes": "0", "Strike Rate": "11.11"}, {"Player Name": "Wanindu Hasaranga", "Dismissed by": "c Liam Livingstone b Chris Woakes", "Runs": "54", "Balls Faced": "65", "Fours": "6", "Sixes": "1", "Strike Rate": "83.07"}, {"Player Name": "Dhananjaya Lakshan", "Dismissed by": "c Joe Root b Chris Woakes", "Runs": "2", "Balls Faced": "9", "Fours": "0", "Sixes": "0", "Strike Rate": "22.22"}, {"Player Name": "Ramesh Mendis", "Dismissed by": "lbw Moeen Ali", "Runs": "1", "Balls Faced": "5", "Fours": "0", "Sixes": "0", "Strike Rate": "20.00"}, {"Player Name": "Chamika Karunaratne", "Dismissed by": "", "Runs": "19", "Balls Faced": "33", "Fours": "0", "Sixes": "1", "Strike Rate": "57.57"}, {"Player Name": "Binura Fernando", "Dismissed by": "c Moeen Ali b David Willey", "Runs": "2", "Balls Faced": "7", "Fours": "0", "Sixes": "0", "Strike Rate": "28.57"}, {"Player Name": "Dushmantha Chameera", "Dismissed by": "run out (Sam Billings/Sam Curran)", "Runs": "7", "Balls Faced": "15", "Fours": "1", "Sixes": "0", "Strike Rate": "46.66"}, {"Player Name": "Praveen Jayawickrama", "Dismissed by": "run out (Sam Billings)", "Runs": "4", "Balls Faced": "7", "Fours": "1", "Sixes": "0", "Strike Rate": "57.14"}], "Extras": "Extras (nb 1, w 7, lb 9)", "balling": [{"player_name": "Dushmantha Chameera", "Overs": "8", "Maidens": "0", "Runs": "50", "Wickets": "3", "Economy": "6.25", "Dots": "23"}, {"player_name": "Binura Fernando", "Overs": "9.5", "Maidens": "0", "Runs": "50", "Wickets": "1", "Economy": "5.08", "Dots": "31"}, {"player_name": "Chamika Karunaratne", "Overs": "7", "Maidens": "0", "Runs": "39", "Wickets": "1", "Economy": "5.57", "Dots": "22"}, {"player_name": "Wanindu Hasaranga", "Overs": "7", "Maidens": "0", "Runs": "26", "Wickets": "0", "Economy": "3.71", "Dots": "21"}, {"player_name": "Dhananjaya Lakshan", "Overs": "2", "Maidens": "0", "Runs": "12", "Wickets": "0", "Economy": "6.00", "Dots": "4"}, {"player_name": "Praveen Jayawickrama", "Overs": "1", "Maidens": "0", "Runs": "7", "Wickets": "0", "Economy": "7.00", "Dots": "0"}]}, "match_id": "22425"}