{"date": "03/18/2022 11:00:00 AM", "home": "South Africa", "away": "Bangladesh", "place": "Supersport Park", "result": "Bangladesh won by 38 runs", "Team1": {"Name": "South Africa", "score": "276", "overs": "48.5/50 ov", "rr": "RR: 5.65", "batting": [{"Player Name": "Kyle Verreynne", "Dismissed by": "lbw Taskin Ahmed", "Runs": "21", "Balls Faced": "25", "Fours": "2", "Sixes": "1", "Strike Rate": "84.00"}, {"Player Name": "Janneman Malan", "Dismissed by": "c Mushfiqur Rahim b Shoriful Islam", "Runs": "4", "Balls Faced": "10", "Fours": "0", "Sixes": "0", "Strike Rate": "40.00"}, {"Player Name": "Temba Bavuma", "Dismissed by": "c Mushfiqur Rahim b Shoriful Islam", "Runs": "31", "Balls Faced": "55", "Fours": "2", "Sixes": "0", "Strike Rate": "56.36"}, {"Player Name": "Aiden Markram", "Dismissed by": "c Mehidy Hasan Miraz b Taskin Ahmed", "Runs": "0", "Balls Faced": "3", "Fours": "0", "Sixes": "0", "Strike Rate": "0.00"}, {"Player Name": "Rassie van der Dussen", "Dismissed by": "c Yasir Ali b Taskin Ahmed", "Runs": "86", "Balls Faced": "98", "Fours": "9", "Sixes": "1", "Strike Rate": "87.75"}, {"Player Name": "David Miller", "Dismissed by": "st Mushfiqur Rahim b Mehidy Hasan Miraz", "Runs": "79", "Balls Faced": "57", "Fours": "8", "Sixes": "3", "Strike Rate": "138.59"}, {"Player Name": "Andile Phehlukwayo", "Dismissed by": "c Liton Das b Mehidy Hasan Miraz", "Runs": "2", "Balls Faced": "13", "Fours": "0", "Sixes": "0", "Strike Rate": "15.38"}, {"Player Name": "Marco Jansen", "Dismissed by": "c Tamim Iqbal b Mehidy Hasan Miraz", "Runs": "2", "Balls Faced": "4", "Fours": "0", "Sixes": "0", "Strike Rate": "50.00"}, {"Player Name": "Kagiso Rabada", "Dismissed by": "c & b Mehidy Hasan Miraz", "Runs": "1", "Balls Faced": "2", "Fours": "0", "Sixes": "0", "Strike Rate": "50.00"}, {"Player Name": "Keshav Maharaj", "Dismissed by": "lbw Mahmudullah", "Runs": "23", "Balls Faced": "16", "Fours": "3", "Sixes": "1", "Strike Rate": "143.75"}, {"Player Name": "Lungi Ngidi", "Dismissed by": "", "Runs": "15", "Balls Faced": "10", "Fours": "0", "Sixes": "2", "Strike Rate": "150.00"}], "Extras": "Extras (w 8, b 4)", "balling": [{"player_name": "Lungi Ngidi", "Overs": "10", "Maidens": "1", "Runs": "75", "Wickets": "1", "Economy": "7.50", "Dots": "32"}, {"player_name": "Kagiso Rabada", "Overs": "10", "Maidens": "0", "Runs": "57", "Wickets": "1", "Economy": "5.70", "Dots": "28"}, {"player_name": "Marco Jansen", "Overs": "10", "Maidens": "1", "Runs": "57", "Wickets": "2", "Economy": "5.70", "Dots": "31"}, {"player_name": "Keshav Maharaj", "Overs": "10", "Maidens": "0", "Runs": "56", "Wickets": "2", "Economy": "5.60", "Dots": "26"}, {"player_name": "Andile Phehlukwayo", "Overs": "10", "Maidens": "1", "Runs": "63", "Wickets": "1", "Economy": "6.30", "Dots": "26"}]}, "Team2": {"Name": "Bangladesh", "score": "314/7", "overs": "50/50 ov", "rr": "RR: 6.28", "batting": [{"Player Name": "Tamim Iqbal", "Dismissed by": "lbw Andile Phehlukwayo", "Runs": "41", "Balls Faced": "67", "Fours": "3", "Sixes": "1", "Strike Rate": "61.19"}, {"Player Name": "Liton Das", "Dismissed by": "b Keshav Maharaj", "Runs": "50", "Balls Faced": "67", "Fours": "5", "Sixes": "1", "Strike Rate": "74.62"}, {"Player Name": "Shakib Al Hasan", "Dismissed by": "lbw Lungi Ngidi", "Runs": "77", "Balls Faced": "64", "Fours": "7", "Sixes": "3", "Strike Rate": "120.31"}, {"Player Name": "Mushfiqur Rahim", "Dismissed by": "c David Miller b Keshav Maharaj", "Runs": "9", "Balls Faced": "12", "Fours": "1", "Sixes": "0", "Strike Rate": "75.00"}, {"Player Name": "Yasir Ali", "Dismissed by": "c & b Kagiso Rabada", "Runs": "50", "Balls Faced": "44", "Fours": "4", "Sixes": "2", "Strike Rate": "113.63"}, {"Player Name": "Mahmudullah", "Dismissed by": "c Rassie van der Dussen b Marco Jansen", "Runs": "25", "Balls Faced": "17", "Fours": "1", "Sixes": "1", "Strike Rate": "147.05"}, {"Player Name": "Afif Hossain", "Dismissed by": "c Rassie van der Dussen b Marco Jansen", "Runs": "17", "Balls Faced": "13", "Fours": "1", "Sixes": "1", "Strike Rate": "130.76"}, {"Player Name": "Mehidy Hasan Miraz", "Dismissed by": "", "Runs": "19", "Balls Faced": "13", "Fours": "0", "Sixes": "2", "Strike Rate": "146.15"}, {"Player Name": "Taskin Ahmed", "Dismissed by": "", "Runs": "7", "Balls Faced": "5", "Fours": "1", "Sixes": "0", "Strike Rate": "140.00"}, {"Player Name": "Shoriful Islam", "Dismissed by": "", "Runs": "-", "Balls Faced": "-", "Fours": "-", "Sixes": "-", "Strike Rate": "-"}, {"Player Name": "Mustafizur Rahman", "Dismissed by": "", "Runs": "-", "Balls Faced": "-", "Fours": "-", "Sixes": "-", "Strike Rate": "-"}], "Extras": "Extras (nb 2, w 11, b 3, lb 3)", "balling": [{"player_name": "Shakib Al Hasan", "Overs": "10", "Maidens": "0", "Runs": "54", "Wickets": "0", "Economy": "5.40", "Dots": "27"}, {"player_name": "Shoriful Islam", "Overs": "8", "Maidens": "0", "Runs": "47", "Wickets": "2", "Economy": "5.87", "Dots": "26"}, {"player_name": "Taskin Ahmed", "Overs": "10", "Maidens": "1", "Runs": "36", "Wickets": "3", "Economy": "3.60", "Dots": "40"}, {"player_name": "Mustafizur Rahman", "Overs": "10", "Maidens": "0", "Runs": "50", "Wickets": "0", "Economy": "5.00", "Dots": "30"}, {"player_name": "Mehidy Hasan Miraz", "Overs": "9", "Maidens": "0", "Runs": "61", "Wickets": "4", "Economy": "6.77", "Dots": "23"}, {"player_name": "Mahmudullah", "Overs": "1.5", "Maidens": "0", "Runs": "24", "Wickets": "1", "Economy": "13.09", "Dots": "1"}]}, "match_id": "33724"}