{"date": "07/04/2021 10:00:00 AM", "home": "England", "away": "Sri Lanka", "place": "Bristol County Ground", "result": "No Result", "Team1": {"Name": "England", "score": "Did not bat", "overs": "", "rr": "", "batting": "None", "Extras": "None", "balling": [{"player_name": "Chris Woakes", "Overs": "10", "Maidens": "3", "Runs": "28", "Wickets": "2", "Economy": "2.80", "Dots": "46"}, {"player_name": "David Willey", "Overs": "7", "Maidens": "0", "Runs": "36", "Wickets": "2", "Economy": "5.14", "Dots": "26"}, {"player_name": "Sam Curran", "Overs": "6.1", "Maidens": "1", "Runs": "30", "Wickets": "0", "Economy": "4.86", "Dots": "20"}, {"player_name": "Tom Curran", "Overs": "10", "Maidens": "0", "Runs": "35", "Wickets": "4", "Economy": "3.50", "Dots": "35"}, {"player_name": "Adil Rashid", "Overs": "8", "Maidens": "0", "Runs": "35", "Wickets": "1", "Economy": "4.37", "Dots": "33"}]}, "Team2": {"Name": "Sri Lanka", "score": "166", "overs": "41.1/50 ov", "rr": "RR: 4.03", "batting": [{"Player Name": "Avishka Fernando", "Dismissed by": "lbw David Willey", "Runs": "14", "Balls Faced": "14", "Fours": "2", "Sixes": "0", "Strike Rate": "100.00"}, {"Player Name": "Kusal Perera", "Dismissed by": "b Chris Woakes", "Runs": "9", "Balls Faced": "7", "Fours": "1", "Sixes": "0", "Strike Rate": "128.57"}, {"Player Name": "Pathum Nissanka", "Dismissed by": "c Jonny Bairstow b David Willey", "Runs": "6", "Balls Faced": "17", "Fours": "1", "Sixes": "0", "Strike Rate": "35.29"}, {"Player Name": "Dhananjaya de Silva", "Dismissed by": "c Adil Rashid b Chris Woakes", "Runs": "4", "Balls Faced": "12", "Fours": "1", "Sixes": "0", "Strike Rate": "33.33"}, {"Player Name": "Oshada Fernando", "Dismissed by": "c Chris Woakes b Tom Curran", "Runs": "18", "Balls Faced": "24", "Fours": "0", "Sixes": "1", "Strike Rate": "75.00"}, {"Player Name": "Wanindu Hasaranga", "Dismissed by": "c David Willey b Tom Curran", "Runs": "20", "Balls Faced": "33", "Fours": "1", "Sixes": "0", "Strike Rate": "60.60"}, {"Player Name": "Dasun Shanaka", "Dismissed by": "", "Runs": "48", "Balls Faced": "65", "Fours": "2", "Sixes": "2", "Strike Rate": "73.84"}, {"Player Name": "Chamika Karunaratne", "Dismissed by": "c Jonny Bairstow b Tom Curran", "Runs": "11", "Balls Faced": "29", "Fours": "0", "Sixes": "0", "Strike Rate": "37.93"}, {"Player Name": "Binura Fernando", "Dismissed by": "c Jonny Bairstow b Tom Curran", "Runs": "7", "Balls Faced": "14", "Fours": "1", "Sixes": "0", "Strike Rate": "50.00"}, {"Player Name": "Dushmantha Chameera", "Dismissed by": "st Jonny Bairstow b Adil Rashid", "Runs": "16", "Balls Faced": "27", "Fours": "2", "Sixes": "0", "Strike Rate": "59.25"}, {"Player Name": "Asitha Fernando", "Dismissed by": "run out (Sam Curran/Jonny Bairstow)", "Runs": "0", "Balls Faced": "5", "Fours": "0", "Sixes": "0", "Strike Rate": "0.00"}], "Extras": "Extras (w 11, b 1, lb 1)", "balling": []}, "match_id": "22427"}