{"date": "09/26/2018 11:30:00 AM", "home": "Pakistan", "away": "Bangladesh", "place": "Zayed Cricket Stadium", "result": "Bangladesh win by 37 runs", "Team1": {"Name": "Pakistan", "score": "202/9", "overs": "50/50 ov", "rr": "RR: 4.04", "batting": [{"Player Name": "Fakhar Zaman", "Dismissed by": "c Rubel Hossain b Mehidy Hasan", "Runs": "1", "Balls Faced": "4", "Fours": "0", "Sixes": "0", "Strike Rate": "25.00"}, {"Player Name": "Imam-ul-Haq", "Dismissed by": "st Litton Das b Mahmudullah", "Runs": "83", "Balls Faced": "105", "Fours": "2", "Sixes": "1", "Strike Rate": "79.04"}, {"Player Name": "Babar Azam", "Dismissed by": "lbw Mustafizur Rahman", "Runs": "1", "Balls Faced": "3", "Fours": "0", "Sixes": "0", "Strike Rate": "33.33"}, {"Player Name": "Sarfaraz Ahmed", "Dismissed by": "c Mushfiqur Rahim b Mustafizur Rahman", "Runs": "10", "Balls Faced": "7", "Fours": "2", "Sixes": "0", "Strike Rate": "142.85"}, {"Player Name": "Shoaib Malik", "Dismissed by": "c Mashrafe Mortaza b Rubel Hossain", "Runs": "30", "Balls Faced": "51", "Fours": "2", "Sixes": "0", "Strike Rate": "58.82"}, {"Player Name": "Shadab Khan", "Dismissed by": "c Litton Das b Soumya Sarkar", "Runs": "4", "Balls Faced": "24", "Fours": "0", "Sixes": "0", "Strike Rate": "16.66"}, {"Player Name": "Asif Ali", "Dismissed by": "st Litton Das b Mehidy Hasan", "Runs": "31", "Balls Faced": "47", "Fours": "3", "Sixes": "0", "Strike Rate": "65.95"}, {"Player Name": "Mohammad Nawaz", "Dismissed by": "Caught b Mustafizur Rahman", "Runs": "8", "Balls Faced": "19", "Fours": "0", "Sixes": "0", "Strike Rate": "42.10"}, {"Player Name": "Hasan Ali", "Dismissed by": "c Mashrafe Mortaza b Mustafizur Rahman", "Runs": "8", "Balls Faced": "11", "Fours": "1", "Sixes": "0", "Strike Rate": "72.72"}, {"Player Name": "Shaheen Afridi", "Dismissed by": "", "Runs": "14", "Balls Faced": "20", "Fours": "0", "Sixes": "1", "Strike Rate": "70.00"}, {"Player Name": "Junaid Khan", "Dismissed by": "", "Runs": "3", "Balls Faced": "10", "Fours": "0", "Sixes": "0", "Strike Rate": "30.00"}], "Extras": "Extras (nb 1, w 5, b 1, lb 2)", "balling": [{"player_name": "Junaid Khan", "Overs": "9", "Maidens": "1", "Runs": "19", "Wickets": "4", "Economy": "2.11", "Dots": "41"}, {"player_name": "Shaheen Afridi", "Overs": "10", "Maidens": "1", "Runs": "47", "Wickets": "2", "Economy": "4.70", "Dots": "31"}, {"player_name": "Hasan Ali", "Overs": "9.5", "Maidens": "0", "Runs": "60", "Wickets": "2", "Economy": "6.10", "Dots": "24"}, {"player_name": "Mohammad Nawaz", "Overs": "8", "Maidens": "0", "Runs": "39", "Wickets": "0", "Economy": "4.87", "Dots": "21"}, {"player_name": "Shoaib Malik", "Overs": "2", "Maidens": "0", "Runs": "14", "Wickets": "0", "Economy": "7.00", "Dots": "3"}, {"player_name": "Shadab Khan", "Overs": "10", "Maidens": "0", "Runs": "52", "Wickets": "1", "Economy": "5.20", "Dots": "26"}]}, "Team2": {"Name": "Bangladesh", "score": "239", "overs": "48.5/50 ov", "rr": "RR: 4.89", "batting": [{"Player Name": "Litton Das", "Dismissed by": "b Junaid Khan", "Runs": "6", "Balls Faced": "16", "Fours": "0", "Sixes": "0", "Strike Rate": "37.50"}, {"Player Name": "Soumya Sarkar", "Dismissed by": "c Fakhar Zaman b Junaid Khan", "Runs": "0", "Balls Faced": "5", "Fours": "0", "Sixes": "0", "Strike Rate": "0.00"}, {"Player Name": "Mominul Haque", "Dismissed by": "b Shaheen Afridi", "Runs": "5", "Balls Faced": "4", "Fours": "1", "Sixes": "0", "Strike Rate": "125.00"}, {"Player Name": "Mushfiqur Rahim", "Dismissed by": "c Sarfaraz Ahmed b Shaheen Afridi", "Runs": "99", "Balls Faced": "116", "Fours": "9", "Sixes": "0", "Strike Rate": "85.34"}, {"Player Name": "Mohammad Mithun", "Dismissed by": "c & b Hasan Ali", "Runs": "60", "Balls Faced": "84", "Fours": "4", "Sixes": "0", "Strike Rate": "71.42"}, {"Player Name": "Imrul Kayes", "Dismissed by": "lbw Shadab Khan", "Runs": "9", "Balls Faced": "10", "Fours": "1", "Sixes": "0", "Strike Rate": "90.00"}, {"Player Name": "Mahmudullah", "Dismissed by": "b Junaid Khan", "Runs": "25", "Balls Faced": "31", "Fours": "1", "Sixes": "0", "Strike Rate": "80.64"}, {"Player Name": "Mehidy Hasan", "Dismissed by": "Caught b Junaid Khan", "Runs": "12", "Balls Faced": "11", "Fours": "1", "Sixes": "0", "Strike Rate": "109.09"}, {"Player Name": "Mashrafe Mortaza", "Dismissed by": "c Fakhar Zaman b Hasan Ali", "Runs": "13", "Balls Faced": "13", "Fours": "0", "Sixes": "1", "Strike Rate": "100.00"}, {"Player Name": "Rubel Hossain", "Dismissed by": "run out (Hasan Ali)", "Runs": "1", "Balls Faced": "3", "Fours": "0", "Sixes": "0", "Strike Rate": "33.33"}, {"Player Name": "Mustafizur Rahman", "Dismissed by": "", "Runs": "0", "Balls Faced": "0", "Fours": "0", "Sixes": "0", "Strike Rate": "-"}], "Extras": "Extras (w 1, lb 8)", "balling": [{"player_name": "Mehidy Hasan", "Overs": "10", "Maidens": "1", "Runs": "28", "Wickets": "2", "Economy": "2.80", "Dots": "33"}, {"player_name": "Mustafizur Rahman", "Overs": "10", "Maidens": "2", "Runs": "43", "Wickets": "4", "Economy": "4.30", "Dots": "36"}, {"player_name": "Mashrafe Mortaza", "Overs": "7", "Maidens": "1", "Runs": "33", "Wickets": "0", "Economy": "4.71", "Dots": "24"}, {"player_name": "Rubel Hossain", "Overs": "8", "Maidens": "0", "Runs": "38", "Wickets": "1", "Economy": "4.75", "Dots": "23"}, {"player_name": "Mahmudullah", "Overs": "10", "Maidens": "0", "Runs": "38", "Wickets": "1", "Economy": "3.80", "Dots": "32"}, {"player_name": "Soumya Sarkar", "Overs": "5", "Maidens": "0", "Runs": "19", "Wickets": "1", "Economy": "3.80", "Dots": "16"}]}, "match_id": "8992"}