{"date": "09/08/2022 04:20:00 AM", "home": "Australia", "away": "New Zealand", "place": "Cazaly's Stadium", "result": "Australia won by 113 runs", "Team1": {"Name": "Australia", "score": "195/9", "overs": "50/50 ov", "rr": "RR: 3.90", "batting": [{"Player Name": "David Warner", "Dismissed by": "c Kane Williamson b Matt Henry", "Runs": "5", "Balls Faced": "11", "Fours": "1", "Sixes": "0", "Strike Rate": "45.45"}, {"Player Name": "Aaron Finch", "Dismissed by": "c Kane Williamson b Matt Henry", "Runs": "0", "Balls Faced": "2", "Fours": "0", "Sixes": "0", "Strike Rate": "0.00"}, {"Player Name": "Steve Smith", "Dismissed by": "c Trent Boult b Tim Southee", "Runs": "61", "Balls Faced": "94", "Fours": "5", "Sixes": "1", "Strike Rate": "64.89"}, {"Player Name": "Marnus Labuschagne", "Dismissed by": "lbw Trent Boult", "Runs": "5", "Balls Faced": "12", "Fours": "0", "Sixes": "0", "Strike Rate": "41.66"}, {"Player Name": "Marcus Stoinis", "Dismissed by": "lbw Trent Boult", "Runs": "0", "Balls Faced": "6", "Fours": "0", "Sixes": "0", "Strike Rate": "0.00"}, {"Player Name": "Alex Carey", "Dismissed by": "st Tom Latham b Mitchell Santner", "Runs": "12", "Balls Faced": "28", "Fours": "0", "Sixes": "0", "Strike Rate": "42.85"}, {"Player Name": "Glenn Maxwell", "Dismissed by": "c Martin Guptill b Trent Boult", "Runs": "25", "Balls Faced": "50", "Fours": "1", "Sixes": "1", "Strike Rate": "50.00"}, {"Player Name": "Sean Abbott", "Dismissed by": "c Mitchell Santner b Matt Henry", "Runs": "7", "Balls Faced": "15", "Fours": "1", "Sixes": "0", "Strike Rate": "46.66"}, {"Player Name": "Mitchell Starc", "Dismissed by": "", "Runs": "38", "Balls Faced": "45", "Fours": "2", "Sixes": "1", "Strike Rate": "84.44"}, {"Player Name": "Adam Zampa", "Dismissed by": "c James Neesham b Trent Boult", "Runs": "16", "Balls Faced": "21", "Fours": "2", "Sixes": "0", "Strike Rate": "76.19"}, {"Player Name": "Josh Hazlewood", "Dismissed by": "", "Runs": "23", "Balls Faced": "16", "Fours": "1", "Sixes": "1", "Strike Rate": "143.75"}], "Extras": "Extras (w 2, lb 1)", "balling": [{"player_name": "Mitchell Starc", "Overs": "7", "Maidens": "0", "Runs": "12", "Wickets": "2", "Economy": "1.71", "Dots": "33"}, {"player_name": "Josh Hazlewood", "Overs": "6", "Maidens": "2", "Runs": "11", "Wickets": "0", "Economy": "1.83", "Dots": "31"}, {"player_name": "Sean Abbott", "Overs": "5", "Maidens": "4", "Runs": "1", "Wickets": "2", "Economy": "0.20", "Dots": "29"}, {"player_name": "Adam Zampa", "Overs": "9", "Maidens": "0", "Runs": "35", "Wickets": "5", "Economy": "3.88", "Dots": "33"}, {"player_name": "Marcus Stoinis", "Overs": "3", "Maidens": "0", "Runs": "14", "Wickets": "1", "Economy": "4.66", "Dots": "10"}, {"player_name": "Glenn Maxwell", "Overs": "3", "Maidens": "0", "Runs": "9", "Wickets": "0", "Economy": "3.00", "Dots": "9"}]}, "Team2": {"Name": "New Zealand", "score": "82", "overs": "33/50 ov", "rr": "RR: 2.48", "batting": [{"Player Name": "Martin Guptill", "Dismissed by": "c Aaron Finch b Mitchell Starc", "Runs": "2", "Balls Faced": "5", "Fours": "0", "Sixes": "0", "Strike Rate": "40.00"}, {"Player Name": "Devon Conway", "Dismissed by": "c Adam Zampa b Sean Abbott", "Runs": "5", "Balls Faced": "20", "Fours": "0", "Sixes": "0", "Strike Rate": "25.00"}, {"Player Name": "Kane Williamson", "Dismissed by": "lbw Adam Zampa", "Runs": "17", "Balls Faced": "58", "Fours": "1", "Sixes": "0", "Strike Rate": "29.31"}, {"Player Name": "Tom Latham", "Dismissed by": "c Aaron Finch b Sean Abbott", "Runs": "0", "Balls Faced": "3", "Fours": "0", "Sixes": "0", "Strike Rate": "0.00"}, {"Player Name": "Daryl Mitchell", "Dismissed by": "lbw Adam Zampa", "Runs": "10", "Balls Faced": "31", "Fours": "1", "Sixes": "0", "Strike Rate": "32.25"}, {"Player Name": "Michael Bracewell", "Dismissed by": "c Glenn Maxwell b Mitchell Starc", "Runs": "12", "Balls Faced": "22", "Fours": "1", "Sixes": "0", "Strike Rate": "54.54"}, {"Player Name": "James Neesham", "Dismissed by": "c Aaron Finch b Marcus Stoinis", "Runs": "2", "Balls Faced": "4", "Fours": "0", "Sixes": "0", "Strike Rate": "50.00"}, {"Player Name": "Mitchell Santner", "Dismissed by": "", "Runs": "16", "Balls Faced": "29", "Fours": "2", "Sixes": "0", "Strike Rate": "55.17"}, {"Player Name": "Tim Southee", "Dismissed by": "b Adam Zampa", "Runs": "2", "Balls Faced": "3", "Fours": "0", "Sixes": "0", "Strike Rate": "66.66"}, {"Player Name": "Matt Henry", "Dismissed by": "c Ashton Agar b Adam Zampa", "Runs": "5", "Balls Faced": "11", "Fours": "0", "Sixes": "0", "Strike Rate": "45.45"}, {"Player Name": "Trent Boult", "Dismissed by": "lbw Adam Zampa", "Runs": "9", "Balls Faced": "12", "Fours": "1", "Sixes": "0", "Strike Rate": "75.00"}], "Extras": "Extras (w 2)", "balling": [{"player_name": "Trent Boult", "Overs": "10", "Maidens": "2", "Runs": "38", "Wickets": "4", "Economy": "3.80", "Dots": "41"}, {"player_name": "Matt Henry", "Overs": "10", "Maidens": "0", "Runs": "33", "Wickets": "3", "Economy": "3.30", "Dots": "41"}, {"player_name": "Tim Southee", "Overs": "10", "Maidens": "0", "Runs": "39", "Wickets": "1", "Economy": "3.90", "Dots": "40"}, {"player_name": "James Neesham", "Overs": "10", "Maidens": "0", "Runs": "41", "Wickets": "0", "Economy": "4.10", "Dots": "38"}, {"player_name": "Mitchell Santner", "Overs": "7", "Maidens": "1", "Runs": "22", "Wickets": "1", "Economy": "3.14", "Dots": "27"}, {"player_name": "Michael Bracewell", "Overs": "3", "Maidens": "0", "Runs": "21", "Wickets": "0", "Economy": "7.00", "Dots": "6"}]}, "match_id": "100713"}