{"date": "07/06/2019 12:30:00 PM", "home": "Australia", "away": "South Africa", "place": "Old Trafford", "result": "South Africa win by 10 runs", "Team1": {"Name": "Australia", "score": "315", "overs": "49.5/50 ov", "rr": "RR: 6.32", "batting": [{"Player Name": "David Warner", "Dismissed by": "c Chris Morris b Dwaine Pretorius", "Runs": "122", "Balls Faced": "117", "Fours": "15", "Sixes": "2", "Strike Rate": "104.27"}, {"Player Name": "Aaron Finch", "Dismissed by": "c Aiden Markram b Imran Tahir", "Runs": "3", "Balls Faced": "4", "Fours": "0", "Sixes": "0", "Strike Rate": "75.00"}, {"Player Name": "Usman Khawaja", "Dismissed by": "b Kagiso Rabada", "Runs": "18", "Balls Faced": "14", "Fours": "3", "Sixes": "0", "Strike Rate": "128.57"}, {"Player Name": "Steve Smith", "Dismissed by": "lbw Dwaine Pretorius", "Runs": "7", "Balls Faced": "6", "Fours": "1", "Sixes": "0", "Strike Rate": "116.66"}, {"Player Name": "Marcus Stoinis", "Dismissed by": "run out (Kagiso Rabada/Quinton de Kock)", "Runs": "22", "Balls Faced": "34", "Fours": "4", "Sixes": "0", "Strike Rate": "64.70"}, {"Player Name": "Glenn Maxwell", "Dismissed by": "c Quinton de Kock b Kagiso Rabada", "Runs": "12", "Balls Faced": "20", "Fours": "1", "Sixes": "0", "Strike Rate": "60.00"}, {"Player Name": "Alex Carey", "Dismissed by": "c Aiden Markram b Chris Morris", "Runs": "85", "Balls Faced": "69", "Fours": "11", "Sixes": "1", "Strike Rate": "123.18"}, {"Player Name": "Pat Cummins", "Dismissed by": "c JP Duminy b Andile Phehlukwayo", "Runs": "9", "Balls Faced": "15", "Fours": "1", "Sixes": "0", "Strike Rate": "60.00"}, {"Player Name": "Mitchell Starc", "Dismissed by": "b Kagiso Rabada", "Runs": "16", "Balls Faced": "11", "Fours": "1", "Sixes": "1", "Strike Rate": "145.45"}, {"Player Name": "Jason Behrendorff", "Dismissed by": "", "Runs": "11", "Balls Faced": "6", "Fours": "0", "Sixes": "0", "Strike Rate": "183.33"}, {"Player Name": "Nathan Lyon", "Dismissed by": "c Aiden Markram b Andile Phehlukwayo", "Runs": "3", "Balls Faced": "3", "Fours": "0", "Sixes": "0", "Strike Rate": "100.00"}], "Extras": "Extras (w 3, lb 4)", "balling": [{"player_name": "Mitchell Starc", "Overs": "9", "Maidens": "0", "Runs": "59", "Wickets": "2", "Economy": "6.55", "Dots": "27"}, {"player_name": "Jason Behrendorff", "Overs": "8", "Maidens": "0", "Runs": "55", "Wickets": "1", "Economy": "6.87", "Dots": "21"}, {"player_name": "Nathan Lyon", "Overs": "10", "Maidens": "0", "Runs": "53", "Wickets": "2", "Economy": "5.30", "Dots": "32"}, {"player_name": "Pat Cummins", "Overs": "9", "Maidens": "0", "Runs": "66", "Wickets": "1", "Economy": "7.33", "Dots": "28"}, {"player_name": "Steve Smith", "Overs": "1", "Maidens": "0", "Runs": "5", "Wickets": "0", "Economy": "5.00", "Dots": "4"}, {"player_name": "Marcus Stoinis", "Overs": "3", "Maidens": "0", "Runs": "19", "Wickets": "0", "Economy": "6.33", "Dots": "5"}, {"player_name": "Glenn Maxwell", "Overs": "10", "Maidens": "0", "Runs": "57", "Wickets": "0", "Economy": "5.70", "Dots": "22"}]}, "Team2": {"Name": "South Africa", "score": "325/6", "overs": "50/50 ov", "rr": "RR: 6.50", "batting": [{"Player Name": "Aiden Markram", "Dismissed by": "st Alex Carey b Nathan Lyon", "Runs": "34", "Balls Faced": "37", "Fours": "6", "Sixes": "1", "Strike Rate": "91.89"}, {"Player Name": "Quinton de Kock", "Dismissed by": "c Mitchell Starc b Nathan Lyon", "Runs": "52", "Balls Faced": "51", "Fours": "7", "Sixes": "0", "Strike Rate": "101.96"}, {"Player Name": "Faf du Plessis", "Dismissed by": "c Mitchell Starc b Jason Behrendorff", "Runs": "100", "Balls Faced": "94", "Fours": "7", "Sixes": "2", "Strike Rate": "106.38"}, {"Player Name": "Rassie van der Dussen", "Dismissed by": "c Glenn Maxwell b Pat Cummins", "Runs": "95", "Balls Faced": "97", "Fours": "4", "Sixes": "4", "Strike Rate": "97.93"}, {"Player Name": "JP Duminy", "Dismissed by": "c Marcus Stoinis b Mitchell Starc", "Runs": "14", "Balls Faced": "13", "Fours": "1", "Sixes": "0", "Strike Rate": "107.69"}, {"Player Name": "Dwaine Pretorius", "Dismissed by": "b Mitchell Starc", "Runs": "2", "Balls Faced": "5", "Fours": "0", "Sixes": "0", "Strike Rate": "40.00"}, {"Player Name": "Andile Phehlukwayo", "Dismissed by": "", "Runs": "4", "Balls Faced": "3", "Fours": "1", "Sixes": "0", "Strike Rate": "133.33"}, {"Player Name": "Chris Morris", "Dismissed by": "", "Runs": "-", "Balls Faced": "-", "Fours": "-", "Sixes": "-", "Strike Rate": "-"}, {"Player Name": "Kagiso Rabada", "Dismissed by": "", "Runs": "-", "Balls Faced": "-", "Fours": "-", "Sixes": "-", "Strike Rate": "-"}, {"Player Name": "Imran Tahir", "Dismissed by": "", "Runs": "-", "Balls Faced": "-", "Fours": "-", "Sixes": "-", "Strike Rate": "-"}, {"Player Name": "Tabraiz Shamsi", "Dismissed by": "", "Runs": "-", "Balls Faced": "-", "Fours": "-", "Sixes": "-", "Strike Rate": "-"}], "Extras": "Extras (w 13, b 1, lb 10)", "balling": [{"player_name": "Imran Tahir", "Overs": "9", "Maidens": "0", "Runs": "59", "Wickets": "1", "Economy": "6.55", "Dots": "23"}, {"player_name": "Kagiso Rabada", "Overs": "10", "Maidens": "0", "Runs": "56", "Wickets": "3", "Economy": "5.60", "Dots": "33"}, {"player_name": "Dwaine Pretorius", "Overs": "6", "Maidens": "2", "Runs": "27", "Wickets": "2", "Economy": "4.50", "Dots": "26"}, {"player_name": "Chris Morris", "Overs": "9", "Maidens": "0", "Runs": "63", "Wickets": "1", "Economy": "7.00", "Dots": "24"}, {"player_name": "Tabraiz Shamsi", "Overs": "9", "Maidens": "0", "Runs": "62", "Wickets": "0", "Economy": "6.88", "Dots": "20"}, {"player_name": "Andile Phehlukwayo", "Overs": "2.5", "Maidens": "0", "Runs": "22", "Wickets": "2", "Economy": "7.76", "Dots": "5"}, {"player_name": "JP Duminy", "Overs": "4", "Maidens": "0", "Runs": "22", "Wickets": "0", "Economy": "5.50", "Dots": "11"}]}, "match_id": "8236"}