{"date": "09/10/2023 09:30:00 AM", "home": "Pakistan", "away": "India", "place": "R.Premadasa Stadium", "result": "India won by 228 runs", "Team1": {"Name": "Pakistan", "score": "128", "overs": "32/50 ov", "rr": "RR: 4.00", "batting": [{"Player Name": "Fakhar Zaman", "Dismissed by": "b Kuldeep Yadav", "Runs": "27", "Balls Faced": "50", "Fours": "2", "Sixes": "0", "Strike Rate": "54.00"}, {"Player Name": "Imam-ul-Haq", "Dismissed by": "c Shubman Gill b Jasprit Bumrah", "Runs": "9", "Balls Faced": "18", "Fours": "1", "Sixes": "0", "Strike Rate": "50.00"}, {"Player Name": "Babar Azam", "Dismissed by": "b Hardik Pandya", "Runs": "10", "Balls Faced": "24", "Fours": "2", "Sixes": "0", "Strike Rate": "41.66"}, {"Player Name": "Muhammad Rizwan", "Dismissed by": "c KL Rahul b Shardul Thakur", "Runs": "2", "Balls Faced": "5", "Fours": "0", "Sixes": "0", "Strike Rate": "40.00"}, {"Player Name": "Salman Ali Agha", "Dismissed by": "lbw Kuldeep Yadav", "Runs": "23", "Balls Faced": "32", "Fours": "2", "Sixes": "0", "Strike Rate": "71.87"}, {"Player Name": "Iftikhar Ahmed", "Dismissed by": "c & b Kuldeep Yadav", "Runs": "23", "Balls Faced": "35", "Fours": "1", "Sixes": "0", "Strike Rate": "65.71"}, {"Player Name": "Shadab Khan", "Dismissed by": "c Shardul Thakur b Kuldeep Yadav", "Runs": "6", "Balls Faced": "10", "Fours": "0", "Sixes": "0", "Strike Rate": "60.00"}, {"Player Name": "Faheem Ashraf", "Dismissed by": "b Kuldeep Yadav", "Runs": "4", "Balls Faced": "12", "Fours": "0", "Sixes": "0", "Strike Rate": "33.33"}, {"Player Name": "Shaheen Shah Afridi", "Dismissed by": "", "Runs": "7", "Balls Faced": "6", "Fours": "0", "Sixes": "1", "Strike Rate": "116.66"}, {"Player Name": "Naseem Shah", "Dismissed by": "Absent", "Runs": "0", "Balls Faced": "0", "Fours": "0", "Sixes": "0", "Strike Rate": "-"}, {"Player Name": "Haris Rauf", "Dismissed by": "Absent", "Runs": "0", "Balls Faced": "0", "Fours": "0", "Sixes": "0", "Strike Rate": "-"}], "Extras": "Extras (w 14, lb 3)", "balling": [{"player_name": "Shaheen Shah Afridi", "Overs": "10", "Maidens": "0", "Runs": "79", "Wickets": "1", "Economy": "7.90", "Dots": "27"}, {"player_name": "Naseem Shah", "Overs": "9.2", "Maidens": "1", "Runs": "53", "Wickets": "0", "Economy": "5.67", "Dots": "32"}, {"player_name": "Faheem Ashraf", "Overs": "10", "Maidens": "0", "Runs": "74", "Wickets": "0", "Economy": "7.40", "Dots": "24"}, {"player_name": "Haris Rauf", "Overs": "5", "Maidens": "0", "Runs": "27", "Wickets": "0", "Economy": "5.40", "Dots": "18"}, {"player_name": "Shadab Khan", "Overs": "10", "Maidens": "1", "Runs": "71", "Wickets": "1", "Economy": "7.10", "Dots": "24"}, {"player_name": "Iftikhar Ahmed", "Overs": "5.4", "Maidens": "0", "Runs": "52", "Wickets": "0", "Economy": "9.17", "Dots": "10"}]}, "Team2": {"Name": "India", "score": "356/2", "overs": "50/50 ov", "rr": "RR: 7.12", "batting": [{"Player Name": "Rohit Sharma", "Dismissed by": "c Faheem Ashraf b Shadab Khan", "Runs": "56", "Balls Faced": "49", "Fours": "6", "Sixes": "4", "Strike Rate": "114.28"}, {"Player Name": "Shubman Gill", "Dismissed by": "c Salman Ali Agha b Shaheen Shah Afridi", "Runs": "58", "Balls Faced": "52", "Fours": "10", "Sixes": "0", "Strike Rate": "111.53"}, {"Player Name": "Virat Kohli", "Dismissed by": "", "Runs": "122", "Balls Faced": "94", "Fours": "9", "Sixes": "3", "Strike Rate": "129.78"}, {"Player Name": "KL Rahul", "Dismissed by": "", "Runs": "111", "Balls Faced": "106", "Fours": "12", "Sixes": "2", "Strike Rate": "104.71"}, {"Player Name": "Ishan Kishan", "Dismissed by": "", "Runs": "-", "Balls Faced": "-", "Fours": "-", "Sixes": "-", "Strike Rate": "-"}, {"Player Name": "Hardik Pandya", "Dismissed by": "", "Runs": "-", "Balls Faced": "-", "Fours": "-", "Sixes": "-", "Strike Rate": "-"}, {"Player Name": "Ravindra Jadeja", "Dismissed by": "", "Runs": "-", "Balls Faced": "-", "Fours": "-", "Sixes": "-", "Strike Rate": "-"}, {"Player Name": "Shardul Thakur", "Dismissed by": "", "Runs": "-", "Balls Faced": "-", "Fours": "-", "Sixes": "-", "Strike Rate": "-"}, {"Player Name": "Kuldeep Yadav", "Dismissed by": "", "Runs": "-", "Balls Faced": "-", "Fours": "-", "Sixes": "-", "Strike Rate": "-"}, {"Player Name": "Jasprit Bumrah", "Dismissed by": "", "Runs": "-", "Balls Faced": "-", "Fours": "-", "Sixes": "-", "Strike Rate": "-"}, {"Player Name": "Mohammed Siraj", "Dismissed by": "", "Runs": "-", "Balls Faced": "-", "Fours": "-", "Sixes": "-", "Strike Rate": "-"}], "Extras": "Extras (nb 1, w 8)", "balling": [{"player_name": "Jasprit Bumrah", "Overs": "5", "Maidens": "1", "Runs": "18", "Wickets": "1", "Economy": "3.60", "Dots": "25"}, {"player_name": "Mohammed Siraj", "Overs": "5", "Maidens": "0", "Runs": "23", "Wickets": "0", "Economy": "4.60", "Dots": "20"}, {"player_name": "Hardik Pandya", "Overs": "5", "Maidens": "0", "Runs": "17", "Wickets": "1", "Economy": "3.40", "Dots": "22"}, {"player_name": "Shardul Thakur", "Overs": "4", "Maidens": "0", "Runs": "16", "Wickets": "1", "Economy": "4.00", "Dots": "14"}, {"player_name": "Kuldeep Yadav", "Overs": "8", "Maidens": "0", "Runs": "25", "Wickets": "5", "Economy": "3.12", "Dots": "33"}, {"player_name": "Ravindra Jadeja", "Overs": "5", "Maidens": "0", "Runs": "26", "Wickets": "0", "Economy": "5.20", "Dots": "10"}]}, "match_id": "102843"}