{"date": "02/19/2019 10:00:00 PM", "home": "New Zealand", "away": "Bangladesh", "place": "University Oval", "result": "New Zealand win by 88 runs", "Team1": {"Name": "New Zealand", "score": "330/6", "overs": "50/50 ov", "rr": "RR: 6.60", "batting": [{"Player Name": "Martin Guptill", "Dismissed by": "c Tamim Iqbal b Mohammad Saifuddin", "Runs": "29", "Balls Faced": "40", "Fours": "3", "Sixes": "1", "Strike Rate": "72.50"}, {"Player Name": "Colin Munro", "Dismissed by": "lbw Mashrafe Mortaza", "Runs": "8", "Balls Faced": "7", "Fours": "0", "Sixes": "0", "Strike Rate": "114.28"}, {"Player Name": "Henry Nicholls", "Dismissed by": "c Tamim Iqbal b Mehidy Hasan", "Runs": "64", "Balls Faced": "74", "Fours": "7", "Sixes": "0", "Strike Rate": "86.48"}, {"Player Name": "Ross Taylor", "Dismissed by": "c Mahmudullah b Rubel Hossain", "Runs": "69", "Balls Faced": "82", "Fours": "7", "Sixes": "0", "Strike Rate": "84.14"}, {"Player Name": "Tom Latham", "Dismissed by": "c Soumya Sarkar b Mustafizur Rahman", "Runs": "59", "Balls Faced": "51", "Fours": "2", "Sixes": "3", "Strike Rate": "115.68"}, {"Player Name": "Jimmy Neesham", "Dismissed by": "b Mustafizur Rahman", "Runs": "37", "Balls Faced": "24", "Fours": "3", "Sixes": "2", "Strike Rate": "154.16"}, {"Player Name": "Colin de Grandhomme", "Dismissed by": "", "Runs": "37", "Balls Faced": "15", "Fours": "4", "Sixes": "2", "Strike Rate": "246.66"}, {"Player Name": "Mitchell Santner", "Dismissed by": "", "Runs": "16", "Balls Faced": "9", "Fours": "0", "Sixes": "1", "Strike Rate": "177.77"}, {"Player Name": "Tim Southee", "Dismissed by": "", "Runs": "-", "Balls Faced": "-", "Fours": "-", "Sixes": "-", "Strike Rate": "-"}, {"Player Name": "Lockie Ferguson", "Dismissed by": "", "Runs": "-", "Balls Faced": "-", "Fours": "-", "Sixes": "-", "Strike Rate": "-"}, {"Player Name": "Trent Boult", "Dismissed by": "", "Runs": "-", "Balls Faced": "-", "Fours": "-", "Sixes": "-", "Strike Rate": "-"}], "Extras": "Extras (nb 2, w 6, lb 3)", "balling": [{"player_name": "Tim Southee", "Overs": "9.2", "Maidens": "1", "Runs": "65", "Wickets": "6", "Economy": "6.96", "Dots": "36"}, {"player_name": "Trent Boult", "Overs": "9", "Maidens": "1", "Runs": "37", "Wickets": "2", "Economy": "4.11", "Dots": "36"}, {"player_name": "Colin de Grandhomme", "Overs": "5", "Maidens": "0", "Runs": "18", "Wickets": "1", "Economy": "3.60", "Dots": "20"}, {"player_name": "Lockie Ferguson", "Overs": "10", "Maidens": "0", "Runs": "50", "Wickets": "0", "Economy": "5.00", "Dots": "35"}, {"player_name": "Mitchell Santner", "Overs": "10", "Maidens": "2", "Runs": "46", "Wickets": "0", "Economy": "4.60", "Dots": "30"}, {"player_name": "Jimmy Neesham", "Overs": "4", "Maidens": "0", "Runs": "24", "Wickets": "0", "Economy": "6.00", "Dots": "9"}]}, "Team2": {"Name": "Bangladesh", "score": "242", "overs": "47.2/50 ov", "rr": "RR: 5.11", "batting": [{"Player Name": "Tamim Iqbal", "Dismissed by": "c Tom Latham b Tim Southee", "Runs": "0", "Balls Faced": "2", "Fours": "0", "Sixes": "0", "Strike Rate": "0.00"}, {"Player Name": "Litton Das", "Dismissed by": "lbw Tim Southee", "Runs": "1", "Balls Faced": "4", "Fours": "0", "Sixes": "0", "Strike Rate": "25.00"}, {"Player Name": "Soumya Sarkar", "Dismissed by": "b Tim Southee", "Runs": "0", "Balls Faced": "2", "Fours": "0", "Sixes": "0", "Strike Rate": "0.00"}, {"Player Name": "Mushfiqur Rahim", "Dismissed by": "c Colin Munro b Trent Boult", "Runs": "17", "Balls Faced": "27", "Fours": "3", "Sixes": "0", "Strike Rate": "62.96"}, {"Player Name": "Mahmudullah", "Dismissed by": "c Colin Munro b Colin de Grandhomme", "Runs": "16", "Balls Faced": "36", "Fours": "1", "Sixes": "1", "Strike Rate": "44.44"}, {"Player Name": "Sabbir Rahman", "Dismissed by": "c & b Tim Southee", "Runs": "102", "Balls Faced": "110", "Fours": "12", "Sixes": "2", "Strike Rate": "92.72"}, {"Player Name": "Mohammad Saifuddin", "Dismissed by": "c Martin Guptill b Trent Boult", "Runs": "44", "Balls Faced": "63", "Fours": "4", "Sixes": "0", "Strike Rate": "69.84"}, {"Player Name": "Mashrafe Mortaza", "Dismissed by": "c Trent Boult b Tim Southee", "Runs": "2", "Balls Faced": "3", "Fours": "0", "Sixes": "0", "Strike Rate": "66.66"}, {"Player Name": "Mehidy Hasan", "Dismissed by": "c Martin Guptill b Tim Southee", "Runs": "37", "Balls Faced": "34", "Fours": "7", "Sixes": "0", "Strike Rate": "108.82"}, {"Player Name": "Rubel Hossain", "Dismissed by": "run out (Mitchell Santner/Tim Southee)", "Runs": "3", "Balls Faced": "3", "Fours": "0", "Sixes": "0", "Strike Rate": "100.00"}, {"Player Name": "Mustafizur Rahman", "Dismissed by": "", "Runs": "0", "Balls Faced": "0", "Fours": "0", "Sixes": "0", "Strike Rate": "-"}], "Extras": "Extras (w 18, lb 2)", "balling": [{"player_name": "Mashrafe Mortaza", "Overs": "10", "Maidens": "1", "Runs": "51", "Wickets": "1", "Economy": "5.10", "Dots": "33"}, {"player_name": "Mustafizur Rahman", "Overs": "10", "Maidens": "0", "Runs": "93", "Wickets": "2", "Economy": "9.30", "Dots": "23"}, {"player_name": "Rubel Hossain", "Overs": "9", "Maidens": "0", "Runs": "64", "Wickets": "1", "Economy": "7.11", "Dots": "23"}, {"player_name": "Mohammad Saifuddin", "Overs": "10", "Maidens": "0", "Runs": "48", "Wickets": "1", "Economy": "4.80", "Dots": "28"}, {"player_name": "Mehidy Hasan", "Overs": "9", "Maidens": "0", "Runs": "43", "Wickets": "1", "Economy": "4.77", "Dots": "19"}, {"player_name": "Mahmudullah", "Overs": "2", "Maidens": "0", "Runs": "28", "Wickets": "0", "Economy": "14.00", "Dots": "5"}]}, "match_id": "9087"}