{"date": "04/02/2022 10:00:00 AM", "home": "Pakistan", "away": "Australia", "place": "Gaddafi Stadium", "result": "Pakistan won by 9 wickets", "Team1": {"Name": "Pakistan", "score": "214/1", "overs": "37.5/50 ov", "rr": "RR: 5.65", "batting": [{"Player Name": "Fakhar Zaman", "Dismissed by": "c Marnus Labuschagne b Nathan Ellis", "Runs": "17", "Balls Faced": "12", "Fours": "3", "Sixes": "0", "Strike Rate": "141.66"}, {"Player Name": "Imam-ul-Haq", "Dismissed by": "", "Runs": "89", "Balls Faced": "100", "Fours": "6", "Sixes": "1", "Strike Rate": "89.00"}, {"Player Name": "Babar Azam", "Dismissed by": "", "Runs": "105", "Balls Faced": "115", "Fours": "12", "Sixes": "0", "Strike Rate": "91.30"}, {"Player Name": "Mohammad Rizwan", "Dismissed by": "", "Runs": "-", "Balls Faced": "-", "Fours": "-", "Sixes": "-", "Strike Rate": "-"}, {"Player Name": "Asif Ali", "Dismissed by": "", "Runs": "-", "Balls Faced": "-", "Fours": "-", "Sixes": "-", "Strike Rate": "-"}, {"Player Name": "Iftikhar Ahmed", "Dismissed by": "", "Runs": "-", "Balls Faced": "-", "Fours": "-", "Sixes": "-", "Strike Rate": "-"}, {"Player Name": "Khushdil Shah", "Dismissed by": "", "Runs": "-", "Balls Faced": "-", "Fours": "-", "Sixes": "-", "Strike Rate": "-"}, {"Player Name": "Mohammad Wasim", "Dismissed by": "", "Runs": "-", "Balls Faced": "-", "Fours": "-", "Sixes": "-", "Strike Rate": "-"}, {"Player Name": "Haris Rauf", "Dismissed by": "", "Runs": "-", "Balls Faced": "-", "Fours": "-", "Sixes": "-", "Strike Rate": "-"}, {"Player Name": "Zahid Mahmood", "Dismissed by": "", "Runs": "-", "Balls Faced": "-", "Fours": "-", "Sixes": "-", "Strike Rate": "-"}, {"Player Name": "Shaheen Shah Afridi", "Dismissed by": "", "Runs": "-", "Balls Faced": "-", "Fours": "-", "Sixes": "-", "Strike Rate": "-"}], "Extras": "Extras (w 2, lb 1)", "balling": [{"player_name": "Shaheen Shah Afridi", "Overs": "8", "Maidens": "2", "Runs": "40", "Wickets": "2", "Economy": "5.00", "Dots": "32"}, {"player_name": "Haris Rauf", "Overs": "8.5", "Maidens": "1", "Runs": "39", "Wickets": "3", "Economy": "4.41", "Dots": "32"}, {"player_name": "Zahid Mahmood", "Overs": "8", "Maidens": "0", "Runs": "51", "Wickets": "1", "Economy": "6.37", "Dots": "23"}, {"player_name": "Mohammad Wasim", "Overs": "10", "Maidens": "1", "Runs": "40", "Wickets": "3", "Economy": "4.00", "Dots": "40"}, {"player_name": "Iftikhar Ahmed", "Overs": "7", "Maidens": "0", "Runs": "38", "Wickets": "1", "Economy": "5.42", "Dots": "18"}]}, "Team2": {"Name": "Australia", "score": "210", "overs": "41.5/50 ov", "rr": "RR: 5.01", "batting": [{"Player Name": "Travis Head", "Dismissed by": "b Shaheen Shah Afridi", "Runs": "0", "Balls Faced": "1", "Fours": "0", "Sixes": "0", "Strike Rate": "0.00"}, {"Player Name": "Aaron Finch", "Dismissed by": "lbw Haris Rauf", "Runs": "0", "Balls Faced": "3", "Fours": "0", "Sixes": "0", "Strike Rate": "0.00"}, {"Player Name": "Ben McDermott", "Dismissed by": "c Iftikhar Ahmed b Mohammad Wasim", "Runs": "36", "Balls Faced": "50", "Fours": "3", "Sixes": "1", "Strike Rate": "72.00"}, {"Player Name": "Marnus Labuschagne", "Dismissed by": "c Iftikhar Ahmed b Haris Rauf", "Runs": "4", "Balls Faced": "10", "Fours": "1", "Sixes": "0", "Strike Rate": "40.00"}, {"Player Name": "Marcus Stoinis", "Dismissed by": "c Imam-ul-Haq b Zahid Mahmood", "Runs": "19", "Balls Faced": "19", "Fours": "2", "Sixes": "1", "Strike Rate": "100.00"}, {"Player Name": "Alex Carey", "Dismissed by": "c Fakhar Zaman b Iftikhar Ahmed", "Runs": "56", "Balls Faced": "61", "Fours": "6", "Sixes": "1", "Strike Rate": "91.80"}, {"Player Name": "Cameron Green", "Dismissed by": "b Mohammad Wasim", "Runs": "34", "Balls Faced": "47", "Fours": "1", "Sixes": "1", "Strike Rate": "72.34"}, {"Player Name": "Sean Abbott", "Dismissed by": "c Mohammad Wasim b Haris Rauf", "Runs": "49", "Balls Faced": "40", "Fours": "6", "Sixes": "1", "Strike Rate": "122.50"}, {"Player Name": "Jason Behrendorff", "Dismissed by": "c Fakhar Zaman b Shaheen Shah Afridi", "Runs": "2", "Balls Faced": "8", "Fours": "0", "Sixes": "0", "Strike Rate": "25.00"}, {"Player Name": "Nathan Ellis", "Dismissed by": "b Mohammad Wasim", "Runs": "2", "Balls Faced": "4", "Fours": "0", "Sixes": "0", "Strike Rate": "50.00"}, {"Player Name": "Adam Zampa", "Dismissed by": "", "Runs": "0", "Balls Faced": "8", "Fours": "0", "Sixes": "0", "Strike Rate": "0.00"}], "Extras": "Extras (w 6, lb 2)", "balling": [{"player_name": "Jason Behrendorff", "Overs": "9", "Maidens": "0", "Runs": "51", "Wickets": "0", "Economy": "5.66", "Dots": "25"}, {"player_name": "Nathan Ellis", "Overs": "6", "Maidens": "0", "Runs": "38", "Wickets": "1", "Economy": "6.33", "Dots": "18"}, {"player_name": "Adam Zampa", "Overs": "9", "Maidens": "0", "Runs": "50", "Wickets": "0", "Economy": "5.55", "Dots": "22"}, {"player_name": "Cameron Green", "Overs": "3", "Maidens": "0", "Runs": "19", "Wickets": "0", "Economy": "6.33", "Dots": "9"}, {"player_name": "Travis Head", "Overs": "2", "Maidens": "0", "Runs": "9", "Wickets": "0", "Economy": "4.50", "Dots": "3"}, {"player_name": "Sean Abbott", "Overs": "3", "Maidens": "0", "Runs": "15", "Wickets": "0", "Economy": "5.00", "Dots": "9"}, {"player_name": "Marnus Labuschagne", "Overs": "5.5", "Maidens": "0", "Runs": "31", "Wickets": "0", "Economy": "5.31", "Dots": "14"}]}, "match_id": "34309"}