{"date": "09/23/2018 11:30:00 AM", "home": "Afghanistan", "away": "Bangladesh", "place": "Zayed Cricket Stadium", "result": "Bangladesh win by 3 runs", "Team1": {"Name": "Afghanistan", "score": "246/7", "overs": "50/50 ov", "rr": "RR: 4.92", "batting": [{"Player Name": "Mohammad Shahzad", "Dismissed by": "b Mahmudullah", "Runs": "53", "Balls Faced": "81", "Fours": "8", "Sixes": "0", "Strike Rate": "65.43"}, {"Player Name": "Ihsanullah", "Dismissed by": "c Najmul Hossain Shanto b Mustafizur Rahman", "Runs": "8", "Balls Faced": "11", "Fours": "2", "Sixes": "0", "Strike Rate": "72.72"}, {"Player Name": "Rahmat Shah", "Dismissed by": "run out (Shakib Al Hasan)", "Runs": "1", "Balls Faced": "9", "Fours": "0", "Sixes": "0", "Strike Rate": "11.11"}, {"Player Name": "Hashmatullah Shahidi", "Dismissed by": "b Mashrafe Mortaza", "Runs": "71", "Balls Faced": "99", "Fours": "5", "Sixes": "0", "Strike Rate": "71.71"}, {"Player Name": "Asghar Afghan", "Dismissed by": "c Mahmudullah b Mashrafe Mortaza", "Runs": "39", "Balls Faced": "47", "Fours": "2", "Sixes": "0", "Strike Rate": "82.97"}, {"Player Name": "Mohammad Nabi", "Dismissed by": "c Najmul Hossain Shanto b Shakib Al Hasan", "Runs": "38", "Balls Faced": "28", "Fours": "2", "Sixes": "2", "Strike Rate": "135.71"}, {"Player Name": "Samiullah Shinwari", "Dismissed by": "", "Runs": "23", "Balls Faced": "19", "Fours": "1", "Sixes": "1", "Strike Rate": "121.05"}, {"Player Name": "Rashid Khan", "Dismissed by": "c & b Mustafizur Rahman", "Runs": "5", "Balls Faced": "4", "Fours": "0", "Sixes": "0", "Strike Rate": "125.00"}, {"Player Name": "Gulbadin Naib", "Dismissed by": "", "Runs": "0", "Balls Faced": "2", "Fours": "0", "Sixes": "0", "Strike Rate": "0.00"}, {"Player Name": "Aftab Alam", "Dismissed by": "", "Runs": "-", "Balls Faced": "-", "Fours": "-", "Sixes": "-", "Strike Rate": "-"}, {"Player Name": "Mujeeb Ur Rahman", "Dismissed by": "", "Runs": "-", "Balls Faced": "-", "Fours": "-", "Sixes": "-", "Strike Rate": "-"}], "Extras": "Extras (w 5, lb 3)", "balling": [{"player_name": "Aftab Alam", "Overs": "10", "Maidens": "0", "Runs": "54", "Wickets": "3", "Economy": "5.40", "Dots": "31"}, {"player_name": "Mujeeb Ur Rahman", "Overs": "10", "Maidens": "0", "Runs": "35", "Wickets": "1", "Economy": "3.50", "Dots": "33"}, {"player_name": "Gulbadin Naib", "Overs": "9", "Maidens": "0", "Runs": "58", "Wickets": "0", "Economy": "6.44", "Dots": "22"}, {"player_name": "Mohammad Nabi", "Overs": "10", "Maidens": "0", "Runs": "44", "Wickets": "0", "Economy": "4.40", "Dots": "23"}, {"player_name": "Rashid Khan", "Overs": "10", "Maidens": "0", "Runs": "46", "Wickets": "1", "Economy": "4.60", "Dots": "34"}, {"player_name": "Samiullah Shinwari", "Overs": "1", "Maidens": "0", "Runs": "9", "Wickets": "0", "Economy": "9.00", "Dots": "1"}]}, "Team2": {"Name": "Bangladesh", "score": "249/7", "overs": "50/50 ov", "rr": "RR: 4.98", "batting": [{"Player Name": "Litton Das", "Dismissed by": "c Ihsanullah b Rashid Khan", "Runs": "41", "Balls Faced": "43", "Fours": "3", "Sixes": "0", "Strike Rate": "95.34"}, {"Player Name": "Najmul Hossain Shanto", "Dismissed by": "c Rahmat Shah b Aftab Alam", "Runs": "6", "Balls Faced": "18", "Fours": "0", "Sixes": "0", "Strike Rate": "33.33"}, {"Player Name": "Mohammad Mithun", "Dismissed by": "lbw Mujeeb Ur Rahman", "Runs": "1", "Balls Faced": "2", "Fours": "0", "Sixes": "0", "Strike Rate": "50.00"}, {"Player Name": "Mushfiqur Rahim", "Dismissed by": "run out (Mohammad Nabi/Rashid Khan)", "Runs": "33", "Balls Faced": "52", "Fours": "2", "Sixes": "1", "Strike Rate": "63.46"}, {"Player Name": "Shakib Al Hasan", "Dismissed by": "run out (Samiullah Shinwari)", "Runs": "0", "Balls Faced": "2", "Fours": "0", "Sixes": "0", "Strike Rate": "0.00"}, {"Player Name": "Imrul Kayes", "Dismissed by": "", "Runs": "72", "Balls Faced": "89", "Fours": "6", "Sixes": "0", "Strike Rate": "80.89"}, {"Player Name": "Mahmudullah", "Dismissed by": "c Rashid Khan b Aftab Alam", "Runs": "74", "Balls Faced": "81", "Fours": "3", "Sixes": "2", "Strike Rate": "91.35"}, {"Player Name": "Mashrafe Mortaza", "Dismissed by": "c Mohammad Shahzad b Aftab Alam", "Runs": "10", "Balls Faced": "9", "Fours": "1", "Sixes": "0", "Strike Rate": "111.11"}, {"Player Name": "Mehidy Hasan", "Dismissed by": "", "Runs": "5", "Balls Faced": "4", "Fours": "0", "Sixes": "0", "Strike Rate": "125.00"}, {"Player Name": "Mustafizur Rahman", "Dismissed by": "", "Runs": "-", "Balls Faced": "-", "Fours": "-", "Sixes": "-", "Strike Rate": "-"}, {"Player Name": "Nazmul Islam", "Dismissed by": "", "Runs": "-", "Balls Faced": "-", "Fours": "-", "Sixes": "-", "Strike Rate": "-"}], "Extras": "Extras (w 4, b 1, lb 2)", "balling": [{"player_name": "Mashrafe Mortaza", "Overs": "10", "Maidens": "0", "Runs": "62", "Wickets": "2", "Economy": "6.20", "Dots": "30"}, {"player_name": "Nazmul Islam", "Overs": "8", "Maidens": "0", "Runs": "29", "Wickets": "0", "Economy": "3.62", "Dots": "31"}, {"player_name": "Mustafizur Rahman", "Overs": "9", "Maidens": "1", "Runs": "44", "Wickets": "2", "Economy": "4.88", "Dots": "30"}, {"player_name": "Mehidy Hasan", "Overs": "9", "Maidens": "1", "Runs": "36", "Wickets": "0", "Economy": "4.00", "Dots": "26"}, {"player_name": "Shakib Al Hasan", "Overs": "9", "Maidens": "0", "Runs": "55", "Wickets": "1", "Economy": "6.11", "Dots": "21"}, {"player_name": "Mahmudullah", "Overs": "5", "Maidens": "0", "Runs": "17", "Wickets": "1", "Economy": "3.40", "Dots": "17"}]}, "match_id": "8990"}