{"date": "08/16/2022 09:00:00 AM", "home": "Netherlands", "away": "Pakistan", "place": "Hazelaarweg", "result": "Pakistan won by 16 runs", "Team1": {"Name": "Netherlands", "score": "298/8", "overs": "50/50 ov", "rr": "RR: 5.96", "batting": [{"Player Name": "Vikramjit Singh", "Dismissed by": "lbw Mohammad Nawaz", "Runs": "65", "Balls Faced": "98", "Fours": "5", "Sixes": "0", "Strike Rate": "66.32"}, {"Player Name": "Max O'Dowd", "Dismissed by": "lbw Naseem Shah", "Runs": "1", "Balls Faced": "4", "Fours": "0", "Sixes": "0", "Strike Rate": "25.00"}, {"Player Name": "Wesley Barresi", "Dismissed by": "b Haris Rauf", "Runs": "2", "Balls Faced": "8", "Fours": "0", "Sixes": "0", "Strike Rate": "25.00"}, {"Player Name": "Bastiaan de Leede", "Dismissed by": "lbw Mohammad Wasim", "Runs": "16", "Balls Faced": "30", "Fours": "0", "Sixes": "0", "Strike Rate": "53.33"}, {"Player Name": "Tom Cooper", "Dismissed by": "c Babar Azam b Haris Rauf", "Runs": "65", "Balls Faced": "54", "Fours": "6", "Sixes": "2", "Strike Rate": "120.37"}, {"Player Name": "Scott Edwards", "Dismissed by": "", "Runs": "71", "Balls Faced": "60", "Fours": "6", "Sixes": "1", "Strike Rate": "118.33"}, {"Player Name": "Teja Nidamanuru", "Dismissed by": "b Naseem Shah", "Runs": "15", "Balls Faced": "21", "Fours": "0", "Sixes": "0", "Strike Rate": "71.42"}, {"Player Name": "Logan van Beek", "Dismissed by": "c Khushdil Shah b Haris Rauf", "Runs": "28", "Balls Faced": "24", "Fours": "3", "Sixes": "0", "Strike Rate": "116.66"}, {"Player Name": "Tim Pringle", "Dismissed by": "lbw Naseem Shah", "Runs": "0", "Balls Faced": "1", "Fours": "0", "Sixes": "0", "Strike Rate": "0.00"}, {"Player Name": "Aryan Dutt", "Dismissed by": "", "Runs": "6", "Balls Faced": "5", "Fours": "1", "Sixes": "0", "Strike Rate": "120.00"}, {"Player Name": "Vivian Kingma", "Dismissed by": "", "Runs": "-", "Balls Faced": "-", "Fours": "-", "Sixes": "-", "Strike Rate": "-"}], "Extras": "Extras (nb 5, w 6, b 5, lb 13)", "balling": [{"player_name": "Aryan Dutt", "Overs": "9", "Maidens": "1", "Runs": "44", "Wickets": "0", "Economy": "4.88", "Dots": "32"}, {"player_name": "Vivian Kingma", "Overs": "9", "Maidens": "2", "Runs": "61", "Wickets": "1", "Economy": "6.77", "Dots": "24"}, {"player_name": "Tim Pringle", "Overs": "10", "Maidens": "0", "Runs": "65", "Wickets": "0", "Economy": "6.50", "Dots": "22"}, {"player_name": "Logan van Beek", "Overs": "10", "Maidens": "0", "Runs": "89", "Wickets": "2", "Economy": "8.90", "Dots": "24"}, {"player_name": "Bastiaan de Leede", "Overs": "10", "Maidens": "0", "Runs": "42", "Wickets": "2", "Economy": "4.20", "Dots": "30"}, {"player_name": "Tom Cooper", "Overs": "2", "Maidens": "0", "Runs": "8", "Wickets": "0", "Economy": "4.00", "Dots": "5"}]}, "Team2": {"Name": "Pakistan", "score": "314/6", "overs": "50/50 ov", "rr": "RR: 6.28", "batting": [{"Player Name": "Fakhar Zaman", "Dismissed by": "run out (Bastiaan de Leede)", "Runs": "109", "Balls Faced": "109", "Fours": "12", "Sixes": "1", "Strike Rate": "100.00"}, {"Player Name": "Imam-ul-Haq", "Dismissed by": "lbw Vivian Kingma", "Runs": "2", "Balls Faced": "19", "Fours": "0", "Sixes": "0", "Strike Rate": "10.52"}, {"Player Name": "Babar Azam", "Dismissed by": "c Tom Cooper b Logan van Beek", "Runs": "74", "Balls Faced": "85", "Fours": "6", "Sixes": "1", "Strike Rate": "87.05"}, {"Player Name": "Mohammad Rizwan", "Dismissed by": "lbw Bastiaan de Leede", "Runs": "14", "Balls Faced": "17", "Fours": "0", "Sixes": "1", "Strike Rate": "82.35"}, {"Player Name": "Khushdil Shah", "Dismissed by": "c Tom Cooper b Logan van Beek", "Runs": "21", "Balls Faced": "18", "Fours": "1", "Sixes": "1", "Strike Rate": "116.66"}, {"Player Name": "Shadab Khan", "Dismissed by": "", "Runs": "48", "Balls Faced": "28", "Fours": "4", "Sixes": "2", "Strike Rate": "171.42"}, {"Player Name": "Mohammad Nawaz", "Dismissed by": "c Vivian Kingma b Bastiaan de Leede", "Runs": "4", "Balls Faced": "9", "Fours": "0", "Sixes": "0", "Strike Rate": "44.44"}, {"Player Name": "Salman Ali Agha", "Dismissed by": "", "Runs": "27", "Balls Faced": "16", "Fours": "3", "Sixes": "0", "Strike Rate": "168.75"}, {"Player Name": "Mohammad Wasim", "Dismissed by": "", "Runs": "-", "Balls Faced": "-", "Fours": "-", "Sixes": "-", "Strike Rate": "-"}, {"Player Name": "Haris Rauf", "Dismissed by": "", "Runs": "-", "Balls Faced": "-", "Fours": "-", "Sixes": "-", "Strike Rate": "-"}, {"Player Name": "Naseem Shah", "Dismissed by": "", "Runs": "-", "Balls Faced": "-", "Fours": "-", "Sixes": "-", "Strike Rate": "-"}], "Extras": "Extras (nb 1, w 9, lb 5)", "balling": [{"player_name": "Haris Rauf", "Overs": "10", "Maidens": "1", "Runs": "67", "Wickets": "3", "Economy": "6.70", "Dots": "25"}, {"player_name": "Naseem Shah", "Overs": "10", "Maidens": "0", "Runs": "51", "Wickets": "3", "Economy": "5.10", "Dots": "32"}, {"player_name": "Mohammad Wasim", "Overs": "9", "Maidens": "0", "Runs": "55", "Wickets": "1", "Economy": "6.11", "Dots": "27"}, {"player_name": "Mohammad Nawaz", "Overs": "8", "Maidens": "0", "Runs": "35", "Wickets": "1", "Economy": "4.37", "Dots": "24"}, {"player_name": "Shadab Khan", "Overs": "9", "Maidens": "0", "Runs": "47", "Wickets": "0", "Economy": "5.22", "Dots": "25"}, {"player_name": "Salman Ali Agha", "Overs": "4", "Maidens": "0", "Runs": "25", "Wickets": "0", "Economy": "6.25", "Dots": "8"}]}, "match_id": "100615"}