{"date": "09/09/2023 09:30:00 AM", "home": "Sri Lanka", "away": "Bangladesh", "place": "R.Premadasa Stadium", "result": "Sri Lanka won by 21 runs", "Team1": {"Name": "Sri Lanka", "score": "257/9", "overs": "50/50 ov", "rr": "RR: 5.14", "batting": [{"Player Name": "Pathum Nissanka", "Dismissed by": "lbw Shoriful Islam", "Runs": "40", "Balls Faced": "60", "Fours": "5", "Sixes": "0", "Strike Rate": "66.66"}, {"Player Name": "Dimuth Karunaratne", "Dismissed by": "c Mushfiqur Rahim b Hasan Mahmud", "Runs": "18", "Balls Faced": "17", "Fours": "3", "Sixes": "0", "Strike Rate": "105.88"}, {"Player Name": "Kusal Mendis", "Dismissed by": "c Taskin Ahmed b Shoriful Islam", "Runs": "50", "Balls Faced": "73", "Fours": "6", "Sixes": "1", "Strike Rate": "68.49"}, {"Player Name": "Sadeera Samarawickrama", "Dismissed by": "c Afif Hossain b Taskin Ahmed", "Runs": "93", "Balls Faced": "72", "Fours": "8", "Sixes": "2", "Strike Rate": "129.16"}, {"Player Name": "Charith Asalanka", "Dismissed by": "c Shakib Al Hasan b Taskin Ahmed", "Runs": "10", "Balls Faced": "23", "Fours": "1", "Sixes": "0", "Strike Rate": "43.47"}, {"Player Name": "Dhananjaya de Silva", "Dismissed by": "c Mushfiqur Rahim b Hasan Mahmud", "Runs": "6", "Balls Faced": "16", "Fours": "0", "Sixes": "0", "Strike Rate": "37.50"}, {"Player Name": "Dasun Shanaka", "Dismissed by": "b Hasan Mahmud", "Runs": "24", "Balls Faced": "32", "Fours": "1", "Sixes": "0", "Strike Rate": "75.00"}, {"Player Name": "Dunith Wellalage", "Dismissed by": "run out (Hasan Mahmud)", "Runs": "3", "Balls Faced": "3", "Fours": "0", "Sixes": "0", "Strike Rate": "100.00"}, {"Player Name": "Maheesh Theekshana", "Dismissed by": "c Mushfiqur Rahim b Taskin Ahmed", "Runs": "2", "Balls Faced": "3", "Fours": "0", "Sixes": "0", "Strike Rate": "66.66"}, {"Player Name": "Kasun Rajitha", "Dismissed by": "", "Runs": "1", "Balls Faced": "1", "Fours": "0", "Sixes": "0", "Strike Rate": "100.00"}, {"Player Name": "Matheesha Pathirana", "Dismissed by": "", "Runs": "-", "Balls Faced": "-", "Fours": "-", "Sixes": "-", "Strike Rate": "-"}], "Extras": "Extras (w 9, lb 1)", "balling": [{"player_name": "Kasun Rajitha", "Overs": "7", "Maidens": "0", "Runs": "29", "Wickets": "0", "Economy": "4.14", "Dots": "26"}, {"player_name": "Maheesh Theekshana", "Overs": "9", "Maidens": "0", "Runs": "69", "Wickets": "3", "Economy": "7.66", "Dots": "18"}, {"player_name": "Dasun Shanaka", "Overs": "9", "Maidens": "0", "Runs": "28", "Wickets": "3", "Economy": "3.11", "Dots": "35"}, {"player_name": "Matheesha Pathirana", "Overs": "9.1", "Maidens": "1", "Runs": "58", "Wickets": "3", "Economy": "6.32", "Dots": "32"}, {"player_name": "Dunith Wellalage", "Overs": "10", "Maidens": "1", "Runs": "26", "Wickets": "1", "Economy": "2.60", "Dots": "39"}, {"player_name": "Dhananjaya de Silva", "Overs": "4", "Maidens": "0", "Runs": "18", "Wickets": "0", "Economy": "4.50", "Dots": "8"}]}, "Team2": {"Name": "Bangladesh", "score": "236", "overs": "48.1/50 ov", "rr": "RR: 4.89", "batting": [{"Player Name": "Mohammad Naim", "Dismissed by": "c Kusal Mendis b Dasun Shanaka", "Runs": "21", "Balls Faced": "46", "Fours": "1", "Sixes": "0", "Strike Rate": "45.65"}, {"Player Name": "Mehidy Hasan Miraz", "Dismissed by": "c Dushan Hemantha b Dasun Shanaka", "Runs": "28", "Balls Faced": "29", "Fours": "4", "Sixes": "0", "Strike Rate": "96.55"}, {"Player Name": "Litton Das", "Dismissed by": "c Kusal Mendis b Dunith Wellalage", "Runs": "15", "Balls Faced": "24", "Fours": "1", "Sixes": "0", "Strike Rate": "62.50"}, {"Player Name": "Shakib Al Hasan", "Dismissed by": "c Kusal Mendis b Matheesha Pathirana", "Runs": "3", "Balls Faced": "7", "Fours": "0", "Sixes": "0", "Strike Rate": "42.85"}, {"Player Name": "Mushfiqur Rahim", "Dismissed by": "c Kasun Rajitha b Dasun Shanaka", "Runs": "29", "Balls Faced": "48", "Fours": "0", "Sixes": "0", "Strike Rate": "60.41"}, {"Player Name": "Towhid Hridoy", "Dismissed by": "lbw Maheesh Theekshana", "Runs": "82", "Balls Faced": "97", "Fours": "7", "Sixes": "1", "Strike Rate": "84.53"}, {"Player Name": "Shamim Hossain", "Dismissed by": "lbw Maheesh Theekshana", "Runs": "5", "Balls Faced": "10", "Fours": "0", "Sixes": "0", "Strike Rate": "50.00"}, {"Player Name": "Nasum Ahmed", "Dismissed by": "b Matheesha Pathirana", "Runs": "15", "Balls Faced": "15", "Fours": "0", "Sixes": "1", "Strike Rate": "100.00"}, {"Player Name": "Taskin Ahmed", "Dismissed by": "lbw Maheesh Theekshana", "Runs": "1", "Balls Faced": "3", "Fours": "0", "Sixes": "0", "Strike Rate": "33.33"}, {"Player Name": "Shoriful Islam", "Dismissed by": "b Matheesha Pathirana", "Runs": "7", "Balls Faced": "7", "Fours": "0", "Sixes": "0", "Strike Rate": "100.00"}, {"Player Name": "Hasan Mahmud", "Dismissed by": "", "Runs": "10", "Balls Faced": "7", "Fours": "2", "Sixes": "0", "Strike Rate": "142.85"}], "Extras": "Extras (nb 4, w 8, lb 8)", "balling": [{"player_name": "Taskin Ahmed", "Overs": "10", "Maidens": "0", "Runs": "62", "Wickets": "3", "Economy": "6.20", "Dots": "31"}, {"player_name": "Shoriful Islam", "Overs": "8", "Maidens": "0", "Runs": "48", "Wickets": "2", "Economy": "6.00", "Dots": "26"}, {"player_name": "Hasan Mahmud", "Overs": "9", "Maidens": "0", "Runs": "57", "Wickets": "3", "Economy": "6.33", "Dots": "28"}, {"player_name": "Shakib Al Hasan", "Overs": "10", "Maidens": "0", "Runs": "44", "Wickets": "0", "Economy": "4.40", "Dots": "30"}, {"player_name": "Nasum Ahmed", "Overs": "10", "Maidens": "1", "Runs": "31", "Wickets": "0", "Economy": "3.10", "Dots": "36"}, {"player_name": "Mehidy Hasan Miraz", "Overs": "3", "Maidens": "0", "Runs": "14", "Wickets": "0", "Economy": "4.66", "Dots": "9"}]}, "match_id": "102842"}