{"date": "01/23/2022 07:00:00 AM", "home": "Afghanistan", "away": "Netherlands", "place": "West End Park International Cricket Stadium", "result": "Afghanistan won by 48 runs", "Team1": {"Name": "Afghanistan", "score": "237/6", "overs": "50/50 ov", "rr": "RR: 4.74", "batting": [{"Player Name": "Rahmanullah Gurbaz", "Dismissed by": "c Ryan Klein b Philippe Boissevain", "Runs": "103", "Balls Faced": "127", "Fours": "6", "Sixes": "3", "Strike Rate": "81.10"}, {"Player Name": "Usman Ghani", "Dismissed by": "b Fred Klaassen", "Runs": "0", "Balls Faced": "1", "Fours": "0", "Sixes": "0", "Strike Rate": "0.00"}, {"Player Name": "Rahmat Shah", "Dismissed by": "st Scott Edwards b Philippe Boissevain", "Runs": "35", "Balls Faced": "54", "Fours": "3", "Sixes": "0", "Strike Rate": "64.81"}, {"Player Name": "Hashmatullah Shahidi", "Dismissed by": "b Ryan Klein", "Runs": "54", "Balls Faced": "80", "Fours": "1", "Sixes": "2", "Strike Rate": "67.50"}, {"Player Name": "Najibullah Zadran", "Dismissed by": "", "Runs": "20", "Balls Faced": "19", "Fours": "0", "Sixes": "1", "Strike Rate": "105.26"}, {"Player Name": "Gulbadin Naib", "Dismissed by": "st Scott Edwards b Colin Ackermann", "Runs": "2", "Balls Faced": "4", "Fours": "0", "Sixes": "0", "Strike Rate": "50.00"}, {"Player Name": "Rashid Khan", "Dismissed by": "c Bas de Leede b Fred Klaassen", "Runs": "14", "Balls Faced": "17", "Fours": "1", "Sixes": "0", "Strike Rate": "82.35"}, {"Player Name": "Sharafuddin Ashraf", "Dismissed by": "", "Runs": "-", "Balls Faced": "-", "Fours": "-", "Sixes": "-", "Strike Rate": "-"}, {"Player Name": "Mujeeb Ur Rahman", "Dismissed by": "", "Runs": "-", "Balls Faced": "-", "Fours": "-", "Sixes": "-", "Strike Rate": "-"}, {"Player Name": "Fareed Ahmad", "Dismissed by": "", "Runs": "-", "Balls Faced": "-", "Fours": "-", "Sixes": "-", "Strike Rate": "-"}, {"Player Name": "Yamin Ahmadzai", "Dismissed by": "", "Runs": "-", "Balls Faced": "-", "Fours": "-", "Sixes": "-", "Strike Rate": "-"}], "Extras": "Extras (nb 2, w 4, lb 3)", "balling": [{"player_name": "Yamin Ahmadzai", "Overs": "10", "Maidens": "0", "Runs": "50", "Wickets": "1", "Economy": "5.00", "Dots": "33"}, {"player_name": "Mujeeb Ur Rahman", "Overs": "9.4", "Maidens": "0", "Runs": "32", "Wickets": "4", "Economy": "3.31", "Dots": "39"}, {"player_name": "Fareed Ahmad", "Overs": "9", "Maidens": "1", "Runs": "29", "Wickets": "2", "Economy": "3.22", "Dots": "35"}, {"player_name": "Sharafuddin Ashraf", "Overs": "5", "Maidens": "0", "Runs": "23", "Wickets": "0", "Economy": "4.60", "Dots": "17"}, {"player_name": "Gulbadin Naib", "Overs": "5", "Maidens": "0", "Runs": "18", "Wickets": "0", "Economy": "3.60", "Dots": "17"}, {"player_name": "Rashid Khan", "Overs": "9", "Maidens": "0", "Runs": "31", "Wickets": "1", "Economy": "3.44", "Dots": "31"}]}, "Team2": {"Name": "Netherlands", "score": "189", "overs": "47.4/50 ov", "rr": "RR: 3.96", "batting": [{"Player Name": "Scott Edwards", "Dismissed by": "lbw Yamin Ahmadzai", "Runs": "86", "Balls Faced": "120", "Fours": "9", "Sixes": "0", "Strike Rate": "71.66"}, {"Player Name": "Musa Ahmed", "Dismissed by": "c Rahmanullah Gurbaz b Mujeeb Ur Rahman", "Runs": "6", "Balls Faced": "11", "Fours": "1", "Sixes": "0", "Strike Rate": "54.54"}, {"Player Name": "Colin Ackermann", "Dismissed by": "c Gulbadin Naib b Fareed Ahmad", "Runs": "5", "Balls Faced": "12", "Fours": "1", "Sixes": "0", "Strike Rate": "41.66"}, {"Player Name": "Bas de Leede", "Dismissed by": "b Fareed Ahmad", "Runs": "34", "Balls Faced": "83", "Fours": "1", "Sixes": "0", "Strike Rate": "40.96"}, {"Player Name": "Pieter Seelaar", "Dismissed by": "run out (Sharafuddin Ashraf)", "Runs": "12", "Balls Faced": "12", "Fours": "1", "Sixes": "0", "Strike Rate": "100.00"}, {"Player Name": "Boris Gorlee", "Dismissed by": "c Yamin Ahmadzai b Rashid Khan", "Runs": "10", "Balls Faced": "14", "Fours": "1", "Sixes": "0", "Strike Rate": "71.42"}, {"Player Name": "Saqib Zulfiqar", "Dismissed by": "run out (Rahmanullah Gurbaz/Rahmat Shah)", "Runs": "12", "Balls Faced": "20", "Fours": "1", "Sixes": "0", "Strike Rate": "60.00"}, {"Player Name": "Ryan Klein", "Dismissed by": "", "Runs": "8", "Balls Faced": "9", "Fours": "0", "Sixes": "0", "Strike Rate": "88.88"}, {"Player Name": "Philippe Boissevain", "Dismissed by": "c Rahmanullah Gurbaz b Mujeeb Ur Rahman", "Runs": "1", "Balls Faced": "2", "Fours": "0", "Sixes": "0", "Strike Rate": "50.00"}, {"Player Name": "Fred Klaassen", "Dismissed by": "c Gulbadin Naib b Mujeeb Ur Rahman", "Runs": "0", "Balls Faced": "1", "Fours": "0", "Sixes": "0", "Strike Rate": "0.00"}, {"Player Name": "Vivian Kingma", "Dismissed by": "b Mujeeb Ur Rahman", "Runs": "0", "Balls Faced": "2", "Fours": "0", "Sixes": "0", "Strike Rate": "0.00"}], "Extras": "Extras (w 9, lb 6)", "balling": [{"player_name": "Vivian Kingma", "Overs": "10", "Maidens": "0", "Runs": "42", "Wickets": "0", "Economy": "4.20", "Dots": "31"}, {"player_name": "Fred Klaassen", "Overs": "10", "Maidens": "1", "Runs": "51", "Wickets": "2", "Economy": "5.10", "Dots": "32"}, {"player_name": "Ryan Klein", "Overs": "7", "Maidens": "0", "Runs": "42", "Wickets": "1", "Economy": "6.00", "Dots": "19"}, {"player_name": "Pieter Seelaar", "Overs": "8", "Maidens": "0", "Runs": "27", "Wickets": "0", "Economy": "3.37", "Dots": "24"}, {"player_name": "Philippe Boissevain", "Overs": "8", "Maidens": "0", "Runs": "39", "Wickets": "2", "Economy": "4.87", "Dots": "24"}, {"player_name": "Colin Ackermann", "Overs": "7", "Maidens": "0", "Runs": "33", "Wickets": "1", "Economy": "4.71", "Dots": "25"}]}, "match_id": "100373"}