{"date": "09/21/2018 11:30:00 AM", "home": "India", "away": "Bangladesh", "place": "Dubai International Stadium", "result": "India won by 7 wickets", "Team1": {"Name": "India", "score": "174/3", "overs": "36.2/50 ov", "rr": "RR: 4.78", "batting": [{"Player Name": "Rohit Sharma", "Dismissed by": "", "Runs": "83", "Balls Faced": "104", "Fours": "5", "Sixes": "3", "Strike Rate": "79.80"}, {"Player Name": "Shikhar Dhawan", "Dismissed by": "lbw Shakib Al Hasan", "Runs": "40", "Balls Faced": "47", "Fours": "4", "Sixes": "1", "Strike Rate": "85.10"}, {"Player Name": "Ambati Rayudu", "Dismissed by": "c Mushfiqur Rahim b Rubel Hossain", "Runs": "13", "Balls Faced": "28", "Fours": "1", "Sixes": "0", "Strike Rate": "46.42"}, {"Player Name": "MS Dhoni", "Dismissed by": "c Mohammad Mithun b Mashrafe Mortaza", "Runs": "33", "Balls Faced": "37", "Fours": "3", "Sixes": "0", "Strike Rate": "89.18"}, {"Player Name": "Dinesh Karthik", "Dismissed by": "", "Runs": "1", "Balls Faced": "3", "Fours": "0", "Sixes": "0", "Strike Rate": "33.33"}, {"Player Name": "Kedar Jadhav", "Dismissed by": "", "Runs": "-", "Balls Faced": "-", "Fours": "-", "Sixes": "-", "Strike Rate": "-"}, {"Player Name": "Ravindra Jadeja", "Dismissed by": "", "Runs": "-", "Balls Faced": "-", "Fours": "-", "Sixes": "-", "Strike Rate": "-"}, {"Player Name": "Bhuvneshwar Kumar", "Dismissed by": "", "Runs": "-", "Balls Faced": "-", "Fours": "-", "Sixes": "-", "Strike Rate": "-"}, {"Player Name": "Kuldeep Yadav", "Dismissed by": "", "Runs": "-", "Balls Faced": "-", "Fours": "-", "Sixes": "-", "Strike Rate": "-"}, {"Player Name": "Yuzvendra Chahal", "Dismissed by": "", "Runs": "-", "Balls Faced": "-", "Fours": "-", "Sixes": "-", "Strike Rate": "-"}, {"Player Name": "Jasprit Bumrah", "Dismissed by": "", "Runs": "-", "Balls Faced": "-", "Fours": "-", "Sixes": "-", "Strike Rate": "-"}], "Extras": "Extras (nb 1, w 2, lb 1)", "balling": [{"player_name": "Bhuvneshwar Kumar", "Overs": "10", "Maidens": "1", "Runs": "32", "Wickets": "3", "Economy": "3.20", "Dots": "40"}, {"player_name": "Jasprit Bumrah", "Overs": "9.1", "Maidens": "1", "Runs": "37", "Wickets": "3", "Economy": "4.03", "Dots": "37"}, {"player_name": "Yuzvendra Chahal", "Overs": "10", "Maidens": "0", "Runs": "40", "Wickets": "0", "Economy": "4.00", "Dots": "34"}, {"player_name": "Ravindra Jadeja", "Overs": "10", "Maidens": "0", "Runs": "29", "Wickets": "4", "Economy": "2.90", "Dots": "43"}, {"player_name": "Kuldeep Yadav", "Overs": "10", "Maidens": "0", "Runs": "34", "Wickets": "0", "Economy": "3.40", "Dots": "36"}]}, "Team2": {"Name": "Bangladesh", "score": "173", "overs": "49.1/50 ov", "rr": "RR: 3.51", "batting": [{"Player Name": "Litton Das", "Dismissed by": "c Kedar Jadhav b Bhuvneshwar Kumar", "Runs": "7", "Balls Faced": "16", "Fours": "1", "Sixes": "0", "Strike Rate": "43.75"}, {"Player Name": "Najmul Hossain Shanto", "Dismissed by": "c Shikhar Dhawan b Jasprit Bumrah", "Runs": "7", "Balls Faced": "14", "Fours": "0", "Sixes": "0", "Strike Rate": "50.00"}, {"Player Name": "Shakib Al Hasan", "Dismissed by": "c Shikhar Dhawan b Ravindra Jadeja", "Runs": "17", "Balls Faced": "12", "Fours": "3", "Sixes": "0", "Strike Rate": "141.66"}, {"Player Name": "Mushfiqur Rahim", "Dismissed by": "c Yuzvendra Chahal b Ravindra Jadeja", "Runs": "21", "Balls Faced": "45", "Fours": "1", "Sixes": "0", "Strike Rate": "46.66"}, {"Player Name": "Mohammad Mithun", "Dismissed by": "lbw Ravindra Jadeja", "Runs": "9", "Balls Faced": "19", "Fours": "1", "Sixes": "0", "Strike Rate": "47.36"}, {"Player Name": "Mahmudullah", "Dismissed by": "lbw Bhuvneshwar Kumar", "Runs": "25", "Balls Faced": "51", "Fours": "3", "Sixes": "0", "Strike Rate": "49.01"}, {"Player Name": "Mosaddek Hossain", "Dismissed by": "c MS Dhoni b Ravindra Jadeja", "Runs": "12", "Balls Faced": "43", "Fours": "0", "Sixes": "0", "Strike Rate": "27.90"}, {"Player Name": "Mashrafe Mortaza", "Dismissed by": "c Jasprit Bumrah b Bhuvneshwar Kumar", "Runs": "26", "Balls Faced": "32", "Fours": "0", "Sixes": "2", "Strike Rate": "81.25"}, {"Player Name": "Mehidy Hasan", "Dismissed by": "c Shikhar Dhawan b Jasprit Bumrah", "Runs": "42", "Balls Faced": "50", "Fours": "2", "Sixes": "2", "Strike Rate": "84.00"}, {"Player Name": "Mustafizur Rahman", "Dismissed by": "c Shikhar Dhawan b Jasprit Bumrah", "Runs": "3", "Balls Faced": "9", "Fours": "0", "Sixes": "0", "Strike Rate": "33.33"}, {"Player Name": "Rubel Hossain", "Dismissed by": "", "Runs": "1", "Balls Faced": "5", "Fours": "0", "Sixes": "0", "Strike Rate": "20.00"}], "Extras": "Extras (nb 1, w 1, lb 1)", "balling": [{"player_name": "Mashrafe Mortaza", "Overs": "5", "Maidens": "0", "Runs": "30", "Wickets": "1", "Economy": "6.00", "Dots": "19"}, {"player_name": "Mehidy Hasan", "Overs": "10", "Maidens": "0", "Runs": "38", "Wickets": "0", "Economy": "3.80", "Dots": "33"}, {"player_name": "Mustafizur Rahman", "Overs": "7", "Maidens": "0", "Runs": "40", "Wickets": "0", "Economy": "5.71", "Dots": "19"}, {"player_name": "Shakib Al Hasan", "Overs": "9.2", "Maidens": "0", "Runs": "44", "Wickets": "1", "Economy": "4.71", "Dots": "31"}, {"player_name": "Rubel Hossain", "Overs": "5", "Maidens": "0", "Runs": "21", "Wickets": "1", "Economy": "4.20", "Dots": "16"}]}, "match_id": "8987"}