{"date": "07/05/2023 08:00:00 AM", "home": "Bangladesh", "away": "Afghanistan", "place": "Zahur Ahmed Chowdhury Stadium", "result": "Afghanistan won by 17 runs (DLS method)", "Team1": {"Name": "Bangladesh", "score": "169/9", "overs": "43/43 ov", "rr": "RR: 3.93", "batting": [{"Player Name": "Tamim Iqbal", "Dismissed by": "c Rahmanullah Gurbaz b Fazalhaq Farooqi", "Runs": "13", "Balls Faced": "21", "Fours": "2", "Sixes": "0", "Strike Rate": "61.90"}, {"Player Name": "Litton Das", "Dismissed by": "c Rahmat Shah b Mujeeb Ur Rahman", "Runs": "26", "Balls Faced": "35", "Fours": "2", "Sixes": "1", "Strike Rate": "74.28"}, {"Player Name": "Najmul Hossain Shanto", "Dismissed by": "c Mohammad Saleem Safi b Mohammad Nabi", "Runs": "12", "Balls Faced": "16", "Fours": "2", "Sixes": "0", "Strike Rate": "75.00"}, {"Player Name": "Shakib Al Hasan", "Dismissed by": "c Mohammad Nabi b Azmat Omarzai", "Runs": "15", "Balls Faced": "38", "Fours": "0", "Sixes": "0", "Strike Rate": "39.47"}, {"Player Name": "Towhid Hridoy", "Dismissed by": "c Rahmanullah Gurbaz b Fazalhaq Farooqi", "Runs": "51", "Balls Faced": "69", "Fours": "3", "Sixes": "0", "Strike Rate": "73.91"}, {"Player Name": "Mushfiqur Rahim", "Dismissed by": "b Rashid Khan", "Runs": "1", "Balls Faced": "3", "Fours": "0", "Sixes": "0", "Strike Rate": "33.33"}, {"Player Name": "Afif Hossain", "Dismissed by": "lbw Rashid Khan", "Runs": "4", "Balls Faced": "8", "Fours": "0", "Sixes": "0", "Strike Rate": "50.00"}, {"Player Name": "Mehidy Hasan Miraz", "Dismissed by": "lbw Fazalhaq Farooqi", "Runs": "5", "Balls Faced": "23", "Fours": "0", "Sixes": "0", "Strike Rate": "21.73"}, {"Player Name": "Taskin Ahmed", "Dismissed by": "lbw Mujeeb Ur Rahman", "Runs": "7", "Balls Faced": "19", "Fours": "0", "Sixes": "0", "Strike Rate": "36.84"}, {"Player Name": "Hasan Mahmud", "Dismissed by": "", "Runs": "8", "Balls Faced": "17", "Fours": "1", "Sixes": "0", "Strike Rate": "47.05"}, {"Player Name": "Mustafizur Rahman", "Dismissed by": "", "Runs": "3", "Balls Faced": "11", "Fours": "0", "Sixes": "0", "Strike Rate": "27.27"}], "Extras": "Extras (nb 2, w 21, lb 1)", "balling": [{"player_name": "Hasan Mahmud", "Overs": "7", "Maidens": "0", "Runs": "36", "Wickets": "0", "Economy": "5.14", "Dots": "27"}, {"player_name": "Mustafizur Rahman", "Overs": "4", "Maidens": "0", "Runs": "10", "Wickets": "0", "Economy": "2.50", "Dots": "15"}, {"player_name": "Taskin Ahmed", "Overs": "5.4", "Maidens": "0", "Runs": "26", "Wickets": "1", "Economy": "4.58", "Dots": "17"}, {"player_name": "Shakib Al Hasan", "Overs": "5", "Maidens": "1", "Runs": "9", "Wickets": "1", "Economy": "1.80", "Dots": "22"}]}, "Team2": {"Name": "Afghanistan", "score": "83/2", "overs": "21.4/21.4 ov", "rr": "RR: 3.83", "batting": [{"Player Name": "Rahmanullah Gurbaz", "Dismissed by": "c Najmul Hossain Shanto b Shakib Al Hasan", "Runs": "22", "Balls Faced": "45", "Fours": "1", "Sixes": "0", "Strike Rate": "48.88"}, {"Player Name": "Ibrahim Zadran", "Dismissed by": "", "Runs": "41", "Balls Faced": "58", "Fours": "5", "Sixes": "0", "Strike Rate": "70.68"}, {"Player Name": "Rahmat Shah", "Dismissed by": "c Litton Das b Taskin Ahmed", "Runs": "8", "Balls Faced": "14", "Fours": "1", "Sixes": "0", "Strike Rate": "57.14"}, {"Player Name": "Hashmatullah Shahidi", "Dismissed by": "", "Runs": "9", "Balls Faced": "13", "Fours": "1", "Sixes": "0", "Strike Rate": "69.23"}, {"Player Name": "Mohammad Nabi", "Dismissed by": "", "Runs": "-", "Balls Faced": "-", "Fours": "-", "Sixes": "-", "Strike Rate": "-"}, {"Player Name": "Najib Zadran", "Dismissed by": "", "Runs": "-", "Balls Faced": "-", "Fours": "-", "Sixes": "-", "Strike Rate": "-"}, {"Player Name": "Rashid Khan", "Dismissed by": "", "Runs": "-", "Balls Faced": "-", "Fours": "-", "Sixes": "-", "Strike Rate": "-"}, {"Player Name": "Mujeeb Ur Rahman", "Dismissed by": "", "Runs": "-", "Balls Faced": "-", "Fours": "-", "Sixes": "-", "Strike Rate": "-"}, {"Player Name": "Fazalhaq Farooqi", "Dismissed by": "", "Runs": "-", "Balls Faced": "-", "Fours": "-", "Sixes": "-", "Strike Rate": "-"}, {"Player Name": "Azmat Omarzai", "Dismissed by": "", "Runs": "-", "Balls Faced": "-", "Fours": "-", "Sixes": "-", "Strike Rate": "-"}, {"Player Name": "Mohammad Saleem Safi", "Dismissed by": "", "Runs": "-", "Balls Faced": "-", "Fours": "-", "Sixes": "-", "Strike Rate": "-"}], "Extras": "Extras (w 1, lb 2)", "balling": [{"player_name": "Fazalhaq Farooqi", "Overs": "8.4", "Maidens": "1", "Runs": "24", "Wickets": "3", "Economy": "2.76", "Dots": "40"}, {"player_name": "Mohammad Saleem Safi", "Overs": "4.2", "Maidens": "0", "Runs": "36", "Wickets": "0", "Economy": "8.30", "Dots": "15"}, {"player_name": "Azmat Omarzai", "Overs": "6", "Maidens": "0", "Runs": "39", "Wickets": "1", "Economy": "6.50", "Dots": "17"}, {"player_name": "Mujeeb Ur Rahman", "Overs": "9", "Maidens": "1", "Runs": "23", "Wickets": "2", "Economy": "2.55", "Dots": "38"}, {"player_name": "Mohammad Nabi", "Overs": "6", "Maidens": "0", "Runs": "25", "Wickets": "1", "Economy": "4.16", "Dots": "16"}, {"player_name": "Rashid Khan", "Overs": "9", "Maidens": "0", "Runs": "21", "Wickets": "2", "Economy": "2.33", "Dots": "35"}]}, "match_id": "102170"}