{"date": "02/01/2023 11:00:00 AM", "home": "South Africa", "away": "England", "place": "De Beers Diamond Oval", "result": "England won by 59 runs", "Team1": {"Name": "South Africa", "score": "287", "overs": "43.1/50 ov", "rr": "RR: 6.64", "batting": [{"Player Name": "Temba Bavuma", "Dismissed by": "c Reece Topley b Chris Woakes", "Runs": "35", "Balls Faced": "27", "Fours": "5", "Sixes": "1", "Strike Rate": "129.62"}, {"Player Name": "Reeza Hendricks", "Dismissed by": "b Adil Rashid", "Runs": "52", "Balls Faced": "61", "Fours": "6", "Sixes": "0", "Strike Rate": "85.24"}, {"Player Name": "Rassie van der Dussen", "Dismissed by": "c Jason Roy b Jofra Archer", "Runs": "5", "Balls Faced": "8", "Fours": "0", "Sixes": "0", "Strike Rate": "62.50"}, {"Player Name": "Aiden Markram", "Dismissed by": "c Moeen Ali b Jofra Archer", "Runs": "39", "Balls Faced": "35", "Fours": "1", "Sixes": "2", "Strike Rate": "111.42"}, {"Player Name": "Heinrich Klaasen", "Dismissed by": "c Ben Duckett b Jofra Archer", "Runs": "80", "Balls Faced": "62", "Fours": "7", "Sixes": "2", "Strike Rate": "129.03"}, {"Player Name": "David Miller", "Dismissed by": "c Jos Buttler b Jofra Archer", "Runs": "13", "Balls Faced": "7", "Fours": "1", "Sixes": "1", "Strike Rate": "185.71"}, {"Player Name": "Marco Jansen", "Dismissed by": "c Jos Buttler b Adil Rashid", "Runs": "12", "Balls Faced": "12", "Fours": "2", "Sixes": "0", "Strike Rate": "100.00"}, {"Player Name": "Wayne Parnell", "Dismissed by": "b Jofra Archer", "Runs": "34", "Balls Faced": "29", "Fours": "3", "Sixes": "1", "Strike Rate": "117.24"}, {"Player Name": "Sisanda Magala", "Dismissed by": "c Jos Buttler b Adil Rashid", "Runs": "2", "Balls Faced": "6", "Fours": "0", "Sixes": "0", "Strike Rate": "33.33"}, {"Player Name": "Lungi Ngidi", "Dismissed by": "", "Runs": "5", "Balls Faced": "2", "Fours": "1", "Sixes": "0", "Strike Rate": "250.00"}, {"Player Name": "Tabraiz Shamsi", "Dismissed by": "b Jofra Archer", "Runs": "1", "Balls Faced": "10", "Fours": "0", "Sixes": "0", "Strike Rate": "10.00"}], "Extras": "Extras (w 8, lb 1)", "balling": [{"player_name": "Marco Jansen", "Overs": "10", "Maidens": "0", "Runs": "53", "Wickets": "2", "Economy": "5.30", "Dots": "36"}, {"player_name": "Lungi Ngidi", "Overs": "10", "Maidens": "0", "Runs": "62", "Wickets": "4", "Economy": "6.20", "Dots": "30"}, {"player_name": "Wayne Parnell", "Overs": "9", "Maidens": "0", "Runs": "53", "Wickets": "0", "Economy": "5.88", "Dots": "27"}, {"player_name": "Sisanda Magala", "Overs": "9", "Maidens": "0", "Runs": "76", "Wickets": "1", "Economy": "8.44", "Dots": "17"}, {"player_name": "Aiden Markram", "Overs": "4", "Maidens": "0", "Runs": "35", "Wickets": "0", "Economy": "8.75", "Dots": "9"}, {"player_name": "Tabraiz Shamsi", "Overs": "8", "Maidens": "0", "Runs": "61", "Wickets": "0", "Economy": "7.62", "Dots": "17"}]}, "Team2": {"Name": "England", "score": "346/7", "overs": "50/50 ov", "rr": "RR: 6.92", "batting": [{"Player Name": "Jason Roy", "Dismissed by": "c Temba Bavuma b Lungi Ngidi", "Runs": "1", "Balls Faced": "7", "Fours": "0", "Sixes": "0", "Strike Rate": "14.28"}, {"Player Name": "Dawid Malan", "Dismissed by": "c Heinrich Klaasen b Sisanda Magala", "Runs": "118", "Balls Faced": "114", "Fours": "7", "Sixes": "6", "Strike Rate": "103.50"}, {"Player Name": "Ben Duckett", "Dismissed by": "c Heinrich Klaasen b Lungi Ngidi", "Runs": "0", "Balls Faced": "5", "Fours": "0", "Sixes": "0", "Strike Rate": "0.00"}, {"Player Name": "Harry Brook", "Dismissed by": "c Heinrich Klaasen b Lungi Ngidi", "Runs": "6", "Balls Faced": "9", "Fours": "1", "Sixes": "0", "Strike Rate": "66.66"}, {"Player Name": "Jos Buttler", "Dismissed by": "c Aiden Markram b Marco Jansen", "Runs": "131", "Balls Faced": "127", "Fours": "6", "Sixes": "7", "Strike Rate": "103.14"}, {"Player Name": "Moeen Ali", "Dismissed by": "b Lungi Ngidi", "Runs": "41", "Balls Faced": "23", "Fours": "2", "Sixes": "4", "Strike Rate": "178.26"}, {"Player Name": "Sam Curran", "Dismissed by": "b Marco Jansen", "Runs": "11", "Balls Faced": "5", "Fours": "0", "Sixes": "1", "Strike Rate": "220.00"}, {"Player Name": "Chris Woakes", "Dismissed by": "", "Runs": "9", "Balls Faced": "8", "Fours": "0", "Sixes": "0", "Strike Rate": "112.50"}, {"Player Name": "Adil Rashid", "Dismissed by": "", "Runs": "11", "Balls Faced": "5", "Fours": "0", "Sixes": "1", "Strike Rate": "220.00"}, {"Player Name": "Reece Topley", "Dismissed by": "", "Runs": "-", "Balls Faced": "-", "Fours": "-", "Sixes": "-", "Strike Rate": "-"}, {"Player Name": "Jofra Archer", "Dismissed by": "", "Runs": "-", "Balls Faced": "-", "Fours": "-", "Sixes": "-", "Strike Rate": "-"}], "Extras": "Extras (nb 3, w 9, b 1, lb 5)", "balling": [{"player_name": "Chris Woakes", "Overs": "8", "Maidens": "1", "Runs": "51", "Wickets": "1", "Economy": "6.37", "Dots": "25"}, {"player_name": "Reece Topley", "Overs": "7", "Maidens": "0", "Runs": "48", "Wickets": "0", "Economy": "6.85", "Dots": "19"}, {"player_name": "Jofra Archer", "Overs": "9.1", "Maidens": "1", "Runs": "40", "Wickets": "6", "Economy": "4.36", "Dots": "30"}, {"player_name": "Adil Rashid", "Overs": "10", "Maidens": "0", "Runs": "68", "Wickets": "3", "Economy": "6.80", "Dots": "25"}, {"player_name": "Sam Curran", "Overs": "7", "Maidens": "0", "Runs": "50", "Wickets": "0", "Economy": "7.14", "Dots": "9"}, {"player_name": "Moeen Ali", "Overs": "2", "Maidens": "0", "Runs": "29", "Wickets": "0", "Economy": "14.50", "Dots": "3"}]}, "match_id": "101642"}