{"date": "07/24/2022 10:00:00 AM", "home": "England", "away": "South Africa", "place": "Headingley", "result": "Match Abandoned", "Team1": {"Name": "England", "score": "Did not bat", "overs": "", "rr": "", "batting": "None", "Extras": "None", "balling": [{"player_name": "Reece Topley", "Overs": "5", "Maidens": "0", "Runs": "34", "Wickets": "0", "Economy": "6.80", "Dots": "16"}, {"player_name": "David Willey", "Overs": "4", "Maidens": "1", "Runs": "19", "Wickets": "1", "Economy": "4.75", "Dots": "17"}, {"player_name": "Moeen Ali", "Overs": "7.4", "Maidens": "0", "Runs": "42", "Wickets": "0", "Economy": "5.47", "Dots": "24"}, {"player_name": "Sam Curran", "Overs": "4", "Maidens": "0", "Runs": "17", "Wickets": "0", "Economy": "4.25", "Dots": "12"}, {"player_name": "Adil Rashid", "Overs": "6", "Maidens": "0", "Runs": "36", "Wickets": "1", "Economy": "6.00", "Dots": "14"}, {"player_name": "Liam Livingstone", "Overs": "1", "Maidens": "0", "Runs": "9", "Wickets": "0", "Economy": "9.00", "Dots": "1"}]}, "Team2": {"Name": "South Africa", "score": "159/2", "overs": "27.4/45 ov", "rr": "RR: 5.74", "batting": [{"Player Name": "Janneman Malan", "Dismissed by": "c Jason Roy b David Willey", "Runs": "11", "Balls Faced": "18", "Fours": "2", "Sixes": "0", "Strike Rate": "61.11"}, {"Player Name": "Quinton de Kock", "Dismissed by": "", "Runs": "92", "Balls Faced": "76", "Fours": "13", "Sixes": "0", "Strike Rate": "121.05"}, {"Player Name": "Rassie van der Dussen", "Dismissed by": "c Jonny Bairstow b Adil Rashid", "Runs": "26", "Balls Faced": "38", "Fours": "4", "Sixes": "0", "Strike Rate": "68.42"}, {"Player Name": "Aiden Markram", "Dismissed by": "", "Runs": "24", "Balls Faced": "34", "Fours": "1", "Sixes": "0", "Strike Rate": "70.58"}, {"Player Name": "Heinrich Klaasen", "Dismissed by": "", "Runs": "-", "Balls Faced": "-", "Fours": "-", "Sixes": "-", "Strike Rate": "-"}, {"Player Name": "David Miller", "Dismissed by": "", "Runs": "-", "Balls Faced": "-", "Fours": "-", "Sixes": "-", "Strike Rate": "-"}, {"Player Name": "Dwaine Pretorius", "Dismissed by": "", "Runs": "-", "Balls Faced": "-", "Fours": "-", "Sixes": "-", "Strike Rate": "-"}, {"Player Name": "Keshav Maharaj", "Dismissed by": "", "Runs": "-", "Balls Faced": "-", "Fours": "-", "Sixes": "-", "Strike Rate": "-"}, {"Player Name": "Anrich Nortje", "Dismissed by": "", "Runs": "-", "Balls Faced": "-", "Fours": "-", "Sixes": "-", "Strike Rate": "-"}, {"Player Name": "Lungi Ngidi", "Dismissed by": "", "Runs": "-", "Balls Faced": "-", "Fours": "-", "Sixes": "-", "Strike Rate": "-"}, {"Player Name": "Tabraiz Shamsi", "Dismissed by": "", "Runs": "-", "Balls Faced": "-", "Fours": "-", "Sixes": "-", "Strike Rate": "-"}], "Extras": "Extras (w 4, lb 2)", "balling": []}, "match_id": "33695"}