{"date": "08/21/2022 09:00:00 AM", "home": "Netherlands", "away": "Pakistan", "place": "Hazelaarweg", "result": "Pakistan won by 9 runs", "Team1": {"Name": "Netherlands", "score": "197", "overs": "49.2/50 ov", "rr": "RR: 3.99", "batting": [{"Player Name": "Vikramjit Singh", "Dismissed by": "c Mohammad Haris b Mohammad Wasim", "Runs": "50", "Balls Faced": "85", "Fours": "7", "Sixes": "0", "Strike Rate": "58.82"}, {"Player Name": "Max O'Dowd", "Dismissed by": "c Salman Ali Agha b Naseem Shah", "Runs": "3", "Balls Faced": "11", "Fours": "0", "Sixes": "0", "Strike Rate": "27.27"}, {"Player Name": "Musa Ahmed", "Dismissed by": "b Naseem Shah", "Runs": "11", "Balls Faced": "21", "Fours": "0", "Sixes": "0", "Strike Rate": "52.38"}, {"Player Name": "Bastiaan de Leede", "Dismissed by": "c Mohammad Haris b Mohammad Wasim", "Runs": "5", "Balls Faced": "12", "Fours": "0", "Sixes": "0", "Strike Rate": "41.66"}, {"Player Name": "Tom Cooper", "Dismissed by": "c Fakhar Zaman b Mohammad Wasim", "Runs": "62", "Balls Faced": "105", "Fours": "4", "Sixes": "0", "Strike Rate": "59.04"}, {"Player Name": "Scott Edwards", "Dismissed by": "b Naseem Shah", "Runs": "6", "Balls Faced": "6", "Fours": "1", "Sixes": "0", "Strike Rate": "100.00"}, {"Player Name": "Teja Nidamanuru", "Dismissed by": "b Naseem Shah", "Runs": "24", "Balls Faced": "32", "Fours": "2", "Sixes": "0", "Strike Rate": "75.00"}, {"Player Name": "Logan van Beek", "Dismissed by": "c Mohammad Nawaz b Naseem Shah", "Runs": "8", "Balls Faced": "11", "Fours": "0", "Sixes": "0", "Strike Rate": "72.72"}, {"Player Name": "Shariz Ahmad", "Dismissed by": "run out (Mohammad Haris/Mohammad Wasim)", "Runs": "5", "Balls Faced": "8", "Fours": "0", "Sixes": "0", "Strike Rate": "62.50"}, {"Player Name": "Aryan Dutt", "Dismissed by": "b Mohammad Wasim", "Runs": "5", "Balls Faced": "3", "Fours": "1", "Sixes": "0", "Strike Rate": "166.66"}, {"Player Name": "Vivian Kingma", "Dismissed by": "", "Runs": "1", "Balls Faced": "2", "Fours": "0", "Sixes": "0", "Strike Rate": "50.00"}], "Extras": "Extras (w 11, b 1, lb 5)", "balling": [{"player_name": "Aryan Dutt", "Overs": "10", "Maidens": "1", "Runs": "34", "Wickets": "1", "Economy": "3.40", "Dots": "41"}, {"player_name": "Vivian Kingma", "Overs": "5.4", "Maidens": "1", "Runs": "15", "Wickets": "2", "Economy": "2.64", "Dots": "24"}, {"player_name": "Bastiaan de Leede", "Overs": "9", "Maidens": "0", "Runs": "50", "Wickets": "3", "Economy": "5.55", "Dots": "30"}, {"player_name": "Tom Cooper", "Overs": "8", "Maidens": "0", "Runs": "33", "Wickets": "0", "Economy": "4.12", "Dots": "30"}, {"player_name": "Shariz Ahmad", "Overs": "8", "Maidens": "0", "Runs": "41", "Wickets": "1", "Economy": "5.12", "Dots": "22"}, {"player_name": "Logan van Beek", "Overs": "9", "Maidens": "1", "Runs": "33", "Wickets": "1", "Economy": "3.66", "Dots": "32"}]}, "Team2": {"Name": "Pakistan", "score": "206", "overs": "49.4/50 ov", "rr": "RR: 4.14", "batting": [{"Player Name": "Abdullah Shafique", "Dismissed by": "b Vivian Kingma", "Runs": "2", "Balls Faced": "5", "Fours": "0", "Sixes": "0", "Strike Rate": "40.00"}, {"Player Name": "Fakhar Zaman", "Dismissed by": "b Logan van Beek", "Runs": "26", "Balls Faced": "43", "Fours": "4", "Sixes": "0", "Strike Rate": "60.46"}, {"Player Name": "Babar Azam", "Dismissed by": "c & b Aryan Dutt", "Runs": "91", "Balls Faced": "125", "Fours": "7", "Sixes": "2", "Strike Rate": "72.80"}, {"Player Name": "Salman Ali Agha", "Dismissed by": "c Logan van Beek b Shariz Ahmad", "Runs": "24", "Balls Faced": "42", "Fours": "1", "Sixes": "0", "Strike Rate": "57.14"}, {"Player Name": "Khushdil Shah", "Dismissed by": "run out (Tom Cooper/Shariz Ahmad)", "Runs": "2", "Balls Faced": "8", "Fours": "0", "Sixes": "0", "Strike Rate": "25.00"}, {"Player Name": "Mohammad Haris", "Dismissed by": "c Tom Cooper b Bastiaan de Leede", "Runs": "4", "Balls Faced": "10", "Fours": "0", "Sixes": "0", "Strike Rate": "40.00"}, {"Player Name": "Mohammad Nawaz", "Dismissed by": "c Logan van Beek b Bastiaan de Leede", "Runs": "27", "Balls Faced": "35", "Fours": "1", "Sixes": "2", "Strike Rate": "77.14"}, {"Player Name": "Mohammad Wasim", "Dismissed by": "c Scott Edwards b Bastiaan de Leede", "Runs": "11", "Balls Faced": "14", "Fours": "0", "Sixes": "1", "Strike Rate": "78.57"}, {"Player Name": "Naseem Shah", "Dismissed by": "c Logan van Beek b Vivian Kingma", "Runs": "3", "Balls Faced": "9", "Fours": "0", "Sixes": "0", "Strike Rate": "33.33"}, {"Player Name": "Zahid Mahmood", "Dismissed by": "run out (Scott Edwards/Vivian Kingma)", "Runs": "9", "Balls Faced": "7", "Fours": "0", "Sixes": "1", "Strike Rate": "128.57"}, {"Player Name": "Shahnawaz Dahani", "Dismissed by": "", "Runs": "0", "Balls Faced": "0", "Fours": "0", "Sixes": "0", "Strike Rate": "-"}], "Extras": "Extras (w 7)", "balling": [{"player_name": "Naseem Shah", "Overs": "10", "Maidens": "0", "Runs": "33", "Wickets": "5", "Economy": "3.30", "Dots": "39"}, {"player_name": "Shahnawaz Dahani", "Overs": "10", "Maidens": "0", "Runs": "37", "Wickets": "0", "Economy": "3.70", "Dots": "39"}, {"player_name": "Mohammad Wasim", "Overs": "9.2", "Maidens": "0", "Runs": "36", "Wickets": "4", "Economy": "3.85", "Dots": "35"}, {"player_name": "Salman Ali Agha", "Overs": "2", "Maidens": "0", "Runs": "5", "Wickets": "0", "Economy": "2.50", "Dots": "7"}, {"player_name": "Zahid Mahmood", "Overs": "8", "Maidens": "0", "Runs": "39", "Wickets": "0", "Economy": "4.87", "Dots": "25"}, {"player_name": "Mohammad Nawaz", "Overs": "10", "Maidens": "1", "Runs": "41", "Wickets": "0", "Economy": "4.10", "Dots": "33"}]}, "match_id": "100617"}