{"date": "07/11/2023 08:00:00 AM", "home": "Bangladesh", "away": "Afghanistan", "place": "Zahur Ahmed Chowdhury Stadium", "result": "Bangladesh won by 7 wickets", "Team1": {"Name": "Bangladesh", "score": "129/3", "overs": "23.3/50 ov", "rr": "RR: 5.48", "batting": [{"Player Name": "Mohammad Naim", "Dismissed by": "b Fazalhaq Farooqi", "Runs": "0", "Balls Faced": "8", "Fours": "0", "Sixes": "0", "Strike Rate": "0.00"}, {"Player Name": "Litton Das", "Dismissed by": "", "Runs": "53", "Balls Faced": "60", "Fours": "3", "Sixes": "2", "Strike Rate": "88.33"}, {"Player Name": "Najmul Hossain Shanto", "Dismissed by": "b Fazalhaq Farooqi", "Runs": "11", "Balls Faced": "15", "Fours": "2", "Sixes": "0", "Strike Rate": "73.33"}, {"Player Name": "Shakib Al Hasan", "Dismissed by": "c Hashmatullah Shahidi b Mohammad Nabi", "Runs": "39", "Balls Faced": "39", "Fours": "5", "Sixes": "0", "Strike Rate": "100.00"}, {"Player Name": "Towhid Hridoy", "Dismissed by": "", "Runs": "22", "Balls Faced": "19", "Fours": "1", "Sixes": "0", "Strike Rate": "115.78"}, {"Player Name": "Mushfiqur Rahim", "Dismissed by": "", "Runs": "-", "Balls Faced": "-", "Fours": "-", "Sixes": "-", "Strike Rate": "-"}, {"Player Name": "Afif Hossain", "Dismissed by": "", "Runs": "-", "Balls Faced": "-", "Fours": "-", "Sixes": "-", "Strike Rate": "-"}, {"Player Name": "Mehidy Hasan Miraz", "Dismissed by": "", "Runs": "-", "Balls Faced": "-", "Fours": "-", "Sixes": "-", "Strike Rate": "-"}, {"Player Name": "Taskin Ahmed", "Dismissed by": "", "Runs": "-", "Balls Faced": "-", "Fours": "-", "Sixes": "-", "Strike Rate": "-"}, {"Player Name": "Shoriful Islam", "Dismissed by": "", "Runs": "-", "Balls Faced": "-", "Fours": "-", "Sixes": "-", "Strike Rate": "-"}, {"Player Name": "Taijul Islam", "Dismissed by": "", "Runs": "-", "Balls Faced": "-", "Fours": "-", "Sixes": "-", "Strike Rate": "-"}], "Extras": "Extras (w 2, lb 2)", "balling": [{"player_name": "Shoriful Islam", "Overs": "9", "Maidens": "1", "Runs": "21", "Wickets": "4", "Economy": "2.33", "Dots": "43"}, {"player_name": "Taskin Ahmed", "Overs": "8.2", "Maidens": "1", "Runs": "23", "Wickets": "2", "Economy": "2.76", "Dots": "39"}, {"player_name": "Mehidy Hasan Miraz", "Overs": "9", "Maidens": "1", "Runs": "35", "Wickets": "1", "Economy": "3.88", "Dots": "36"}, {"player_name": "Shakib Al Hasan", "Overs": "10", "Maidens": "1", "Runs": "13", "Wickets": "1", "Economy": "1.30", "Dots": "48"}, {"player_name": "Taijul Islam", "Overs": "9", "Maidens": "0", "Runs": "33", "Wickets": "2", "Economy": "3.66", "Dots": "38"}]}, "Team2": {"Name": "Afghanistan", "score": "126", "overs": "45.2/50 ov", "rr": "RR: 2.77", "batting": [{"Player Name": "Rahmanullah Gurbaz", "Dismissed by": "c Mushfiqur Rahim b Taskin Ahmed", "Runs": "6", "Balls Faced": "22", "Fours": "1", "Sixes": "0", "Strike Rate": "27.27"}, {"Player Name": "Ibrahim Zadran", "Dismissed by": "c Mushfiqur Rahim b Shoriful Islam", "Runs": "1", "Balls Faced": "6", "Fours": "0", "Sixes": "0", "Strike Rate": "16.66"}, {"Player Name": "Rahmat Shah", "Dismissed by": "c Mushfiqur Rahim b Shoriful Islam", "Runs": "0", "Balls Faced": "4", "Fours": "0", "Sixes": "0", "Strike Rate": "0.00"}, {"Player Name": "Hashmatullah Shahidi", "Dismissed by": "b Taijul Islam", "Runs": "22", "Balls Faced": "54", "Fours": "4", "Sixes": "0", "Strike Rate": "40.74"}, {"Player Name": "Mohammad Nabi", "Dismissed by": "lbw Shoriful Islam", "Runs": "1", "Balls Faced": "9", "Fours": "0", "Sixes": "0", "Strike Rate": "11.11"}, {"Player Name": "Najib Zadran", "Dismissed by": "lbw Shakib Al Hasan", "Runs": "10", "Balls Faced": "22", "Fours": "1", "Sixes": "0", "Strike Rate": "45.45"}, {"Player Name": "Azmat Omarzai", "Dismissed by": "c Mohammad Naim b Taskin Ahmed", "Runs": "56", "Balls Faced": "71", "Fours": "1", "Sixes": "3", "Strike Rate": "78.87"}, {"Player Name": "Abdul Rahman Rahmani", "Dismissed by": "c Taijul Islam b Shoriful Islam", "Runs": "4", "Balls Faced": "20", "Fours": "0", "Sixes": "0", "Strike Rate": "20.00"}, {"Player Name": "Zia-ur-Rehman", "Dismissed by": "b Taijul Islam", "Runs": "5", "Balls Faced": "30", "Fours": "1", "Sixes": "0", "Strike Rate": "16.66"}, {"Player Name": "Mujeeb Ur Rahman", "Dismissed by": "c Afif Hossain b Mehidy Hasan Miraz", "Runs": "11", "Balls Faced": "34", "Fours": "2", "Sixes": "0", "Strike Rate": "32.35"}, {"Player Name": "Fazalhaq Farooqi", "Dismissed by": "", "Runs": "0", "Balls Faced": "0", "Fours": "0", "Sixes": "0", "Strike Rate": "-"}], "Extras": "Extras (w 9, lb 1)", "balling": [{"player_name": "Fazalhaq Farooqi", "Overs": "5", "Maidens": "1", "Runs": "26", "Wickets": "2", "Economy": "5.20", "Dots": "19"}, {"player_name": "Mujeeb Ur Rahman", "Overs": "7", "Maidens": "1", "Runs": "34", "Wickets": "0", "Economy": "4.85", "Dots": "28"}, {"player_name": "Zia-ur-Rehman", "Overs": "3.3", "Maidens": "0", "Runs": "22", "Wickets": "0", "Economy": "6.28", "Dots": "7"}, {"player_name": "Azmat Omarzai", "Overs": "2", "Maidens": "0", "Runs": "11", "Wickets": "0", "Economy": "5.50", "Dots": "4"}, {"player_name": "Abdul Rahman Rahmani", "Overs": "4", "Maidens": "0", "Runs": "27", "Wickets": "0", "Economy": "6.75", "Dots": "9"}, {"player_name": "Mohammad Nabi", "Overs": "2", "Maidens": "0", "Runs": "7", "Wickets": "1", "Economy": "3.50", "Dots": "5"}]}, "match_id": "102172"}