{"date": "03/31/2023 01:00:00 AM", "home": "New Zealand", "away": "Sri Lanka", "place": "Seddon Park", "result": "New Zealand won by 6 wickets", "Team1": {"Name": "New Zealand", "score": "159/4", "overs": "32.5/50 ov", "rr": "RR: 4.84", "batting": [{"Player Name": "Tom Blundell", "Dismissed by": "c Kusal Mendis b Lahiru Kumara", "Runs": "1", "Balls Faced": "5", "Fours": "0", "Sixes": "0", "Strike Rate": "20.00"}, {"Player Name": "Chad Jayson Bowes", "Dismissed by": "c Kusal Mendis b Lahiru Kumara", "Runs": "4", "Balls Faced": "3", "Fours": "1", "Sixes": "0", "Strike Rate": "133.33"}, {"Player Name": "Will Young", "Dismissed by": "", "Runs": "86", "Balls Faced": "113", "Fours": "11", "Sixes": "0", "Strike Rate": "76.10"}, {"Player Name": "Daryl Mitchell", "Dismissed by": "c Kusal Mendis b Kasun Rajitha", "Runs": "6", "Balls Faced": "8", "Fours": "1", "Sixes": "0", "Strike Rate": "75.00"}, {"Player Name": "Tom Latham", "Dismissed by": "b Dasun Shanaka", "Runs": "8", "Balls Faced": "16", "Fours": "0", "Sixes": "0", "Strike Rate": "50.00"}, {"Player Name": "Henry Nicholls", "Dismissed by": "", "Runs": "44", "Balls Faced": "52", "Fours": "5", "Sixes": "0", "Strike Rate": "84.61"}, {"Player Name": "Rachin Ravindra", "Dismissed by": "", "Runs": "-", "Balls Faced": "-", "Fours": "-", "Sixes": "-", "Strike Rate": "-"}, {"Player Name": "Henry Shipley", "Dismissed by": "", "Runs": "-", "Balls Faced": "-", "Fours": "-", "Sixes": "-", "Strike Rate": "-"}, {"Player Name": "Ish Sodhi", "Dismissed by": "", "Runs": "-", "Balls Faced": "-", "Fours": "-", "Sixes": "-", "Strike Rate": "-"}, {"Player Name": "Matt Henry", "Dismissed by": "", "Runs": "-", "Balls Faced": "-", "Fours": "-", "Sixes": "-", "Strike Rate": "-"}, {"Player Name": "Blair Tickner", "Dismissed by": "", "Runs": "-", "Balls Faced": "-", "Fours": "-", "Sixes": "-", "Strike Rate": "-"}], "Extras": "Extras (w 7, lb 3)", "balling": [{"player_name": "Matt Henry", "Overs": "10", "Maidens": "2", "Runs": "14", "Wickets": "3", "Economy": "1.40", "Dots": "49"}, {"player_name": "Henry Shipley", "Overs": "8.3", "Maidens": "2", "Runs": "32", "Wickets": "3", "Economy": "3.76", "Dots": "39"}, {"player_name": "Blair Tickner", "Overs": "8", "Maidens": "2", "Runs": "35", "Wickets": "0", "Economy": "4.37", "Dots": "32"}, {"player_name": "Daryl Mitchell", "Overs": "7", "Maidens": "1", "Runs": "32", "Wickets": "3", "Economy": "4.57", "Dots": "29"}, {"player_name": "Ish Sodhi", "Overs": "8", "Maidens": "0", "Runs": "40", "Wickets": "0", "Economy": "5.00", "Dots": "26"}]}, "Team2": {"Name": "Sri Lanka", "score": "157", "overs": "41.3/50 ov", "rr": "RR: 3.78", "batting": [{"Player Name": "Pathum Nissanka", "Dismissed by": "run out (Henry Nicholls/Ish Sodhi)", "Runs": "57", "Balls Faced": "64", "Fours": "8", "Sixes": "1", "Strike Rate": "89.06"}, {"Player Name": "Nuwanidu Fernando", "Dismissed by": "c Henry Nicholls b Matt Henry", "Runs": "2", "Balls Faced": "9", "Fours": "0", "Sixes": "0", "Strike Rate": "22.22"}, {"Player Name": "Kusal Mendis", "Dismissed by": "c Daryl Mitchell b Matt Henry", "Runs": "0", "Balls Faced": "6", "Fours": "0", "Sixes": "0", "Strike Rate": "0.00"}, {"Player Name": "Angelo Mathews", "Dismissed by": "c Daryl Mitchell b Henry Shipley", "Runs": "0", "Balls Faced": "8", "Fours": "0", "Sixes": "0", "Strike Rate": "0.00"}, {"Player Name": "Charith Asalanka", "Dismissed by": "c Henry Shipley b Daryl Mitchell", "Runs": "9", "Balls Faced": "21", "Fours": "2", "Sixes": "0", "Strike Rate": "42.85"}, {"Player Name": "Dhananjaya de Silva", "Dismissed by": "c Matt Henry b Daryl Mitchell", "Runs": "13", "Balls Faced": "21", "Fours": "2", "Sixes": "0", "Strike Rate": "61.90"}, {"Player Name": "Dasun Shanaka", "Dismissed by": "c Matt Henry b Henry Shipley", "Runs": "31", "Balls Faced": "36", "Fours": "2", "Sixes": "2", "Strike Rate": "86.11"}, {"Player Name": "Chamika Karunaratne", "Dismissed by": "c Tom Latham b Matt Henry", "Runs": "24", "Balls Faced": "42", "Fours": "3", "Sixes": "0", "Strike Rate": "57.14"}, {"Player Name": "Wanindu Hasaranga", "Dismissed by": "c Tom Latham b Daryl Mitchell", "Runs": "0", "Balls Faced": "4", "Fours": "0", "Sixes": "0", "Strike Rate": "0.00"}, {"Player Name": "Kasun Rajitha", "Dismissed by": "b Henry Shipley", "Runs": "9", "Balls Faced": "32", "Fours": "0", "Sixes": "0", "Strike Rate": "28.12"}, {"Player Name": "Lahiru Kumara", "Dismissed by": "", "Runs": "0", "Balls Faced": "6", "Fours": "0", "Sixes": "0", "Strike Rate": "0.00"}], "Extras": "Extras (w 8, lb 4)", "balling": [{"player_name": "Kasun Rajitha", "Overs": "9", "Maidens": "0", "Runs": "44", "Wickets": "1", "Economy": "4.88", "Dots": "35"}, {"player_name": "Lahiru Kumara", "Overs": "7.4", "Maidens": "0", "Runs": "39", "Wickets": "2", "Economy": "5.08", "Dots": "30"}, {"player_name": "Chamika Karunaratne", "Overs": "4.5", "Maidens": "0", "Runs": "26", "Wickets": "0", "Economy": "5.37", "Dots": "15"}, {"player_name": "Dasun Shanaka", "Overs": "7.2", "Maidens": "1", "Runs": "25", "Wickets": "1", "Economy": "3.40", "Dots": "31"}, {"player_name": "Wanindu Hasaranga", "Overs": "4", "Maidens": "0", "Runs": "22", "Wickets": "0", "Economy": "5.50", "Dots": "10"}]}, "match_id": "100828"}