{"date": "03/23/2022 11:00:00 AM", "home": "South Africa", "away": "Bangladesh", "place": "Supersport Park", "result": "Bangladesh won by 9 wickets", "Team1": {"Name": "South Africa", "score": "154", "overs": "37/50 ov", "rr": "RR: 4.16", "batting": [{"Player Name": "Quinton de Kock", "Dismissed by": "c Mahmudullah b Mehidy Hasan Miraz", "Runs": "12", "Balls Faced": "8", "Fours": "2", "Sixes": "0", "Strike Rate": "150.00"}, {"Player Name": "Janneman Malan", "Dismissed by": "c Mushfiqur Rahim b Taskin Ahmed", "Runs": "39", "Balls Faced": "56", "Fours": "7", "Sixes": "0", "Strike Rate": "69.64"}, {"Player Name": "Kyle Verreynne", "Dismissed by": "b Taskin Ahmed", "Runs": "9", "Balls Faced": "16", "Fours": "1", "Sixes": "0", "Strike Rate": "56.25"}, {"Player Name": "Temba Bavuma", "Dismissed by": "lbw Shakib Al Hasan", "Runs": "2", "Balls Faced": "11", "Fours": "0", "Sixes": "0", "Strike Rate": "18.18"}, {"Player Name": "Rassie van der Dussen", "Dismissed by": "c Mehidy Hasan Miraz b Shoriful Islam", "Runs": "4", "Balls Faced": "10", "Fours": "0", "Sixes": "0", "Strike Rate": "40.00"}, {"Player Name": "David Miller", "Dismissed by": "c Mushfiqur Rahim b Taskin Ahmed", "Runs": "16", "Balls Faced": "31", "Fours": "2", "Sixes": "0", "Strike Rate": "51.61"}, {"Player Name": "Dwaine Pretorius", "Dismissed by": "c Mushfiqur Rahim b Taskin Ahmed", "Runs": "20", "Balls Faced": "29", "Fours": "1", "Sixes": "1", "Strike Rate": "68.96"}, {"Player Name": "Keshav Maharaj", "Dismissed by": "run out (Tamim Iqbal)", "Runs": "28", "Balls Faced": "39", "Fours": "4", "Sixes": "0", "Strike Rate": "71.79"}, {"Player Name": "Kagiso Rabada", "Dismissed by": "c Mushfiqur Rahim b Taskin Ahmed", "Runs": "4", "Balls Faced": "3", "Fours": "1", "Sixes": "0", "Strike Rate": "133.33"}, {"Player Name": "Lungi Ngidi", "Dismissed by": "c Najmul Hossain Shanto b Shakib Al Hasan", "Runs": "0", "Balls Faced": "14", "Fours": "0", "Sixes": "0", "Strike Rate": "0.00"}, {"Player Name": "Tabraiz Shamsi", "Dismissed by": "", "Runs": "3", "Balls Faced": "5", "Fours": "0", "Sixes": "0", "Strike Rate": "60.00"}], "Extras": "Extras (w 9, lb 8)", "balling": [{"player_name": "Kagiso Rabada", "Overs": "5.3", "Maidens": "0", "Runs": "37", "Wickets": "0", "Economy": "6.72", "Dots": "22"}, {"player_name": "Lungi Ngidi", "Overs": "5", "Maidens": "0", "Runs": "24", "Wickets": "0", "Economy": "4.80", "Dots": "19"}, {"player_name": "Keshav Maharaj", "Overs": "7", "Maidens": "0", "Runs": "36", "Wickets": "1", "Economy": "5.14", "Dots": "20"}, {"player_name": "Tabraiz Shamsi", "Overs": "7", "Maidens": "0", "Runs": "41", "Wickets": "0", "Economy": "5.85", "Dots": "19"}, {"player_name": "Dwaine Pretorius", "Overs": "2", "Maidens": "0", "Runs": "18", "Wickets": "0", "Economy": "9.00", "Dots": "6"}]}, "Team2": {"Name": "Bangladesh", "score": "156/1", "overs": "26.3/50 ov", "rr": "RR: 5.88", "batting": [{"Player Name": "Tamim Iqbal", "Dismissed by": "", "Runs": "87", "Balls Faced": "82", "Fours": "14", "Sixes": "0", "Strike Rate": "106.09"}, {"Player Name": "Liton Das", "Dismissed by": "c Temba Bavuma b Keshav Maharaj", "Runs": "48", "Balls Faced": "57", "Fours": "8", "Sixes": "0", "Strike Rate": "84.21"}, {"Player Name": "Shakib Al Hasan", "Dismissed by": "", "Runs": "18", "Balls Faced": "20", "Fours": "2", "Sixes": "0", "Strike Rate": "90.00"}, {"Player Name": "Mushfiqur Rahim", "Dismissed by": "", "Runs": "-", "Balls Faced": "-", "Fours": "-", "Sixes": "-", "Strike Rate": "-"}, {"Player Name": "Yasir Ali", "Dismissed by": "", "Runs": "-", "Balls Faced": "-", "Fours": "-", "Sixes": "-", "Strike Rate": "-"}, {"Player Name": "Mahmudullah", "Dismissed by": "", "Runs": "-", "Balls Faced": "-", "Fours": "-", "Sixes": "-", "Strike Rate": "-"}, {"Player Name": "Afif Hossain", "Dismissed by": "", "Runs": "-", "Balls Faced": "-", "Fours": "-", "Sixes": "-", "Strike Rate": "-"}, {"Player Name": "Mehidy Hasan Miraz", "Dismissed by": "", "Runs": "-", "Balls Faced": "-", "Fours": "-", "Sixes": "-", "Strike Rate": "-"}, {"Player Name": "Taskin Ahmed", "Dismissed by": "", "Runs": "-", "Balls Faced": "-", "Fours": "-", "Sixes": "-", "Strike Rate": "-"}, {"Player Name": "Shoriful Islam", "Dismissed by": "", "Runs": "-", "Balls Faced": "-", "Fours": "-", "Sixes": "-", "Strike Rate": "-"}, {"Player Name": "Mustafizur Rahman", "Dismissed by": "", "Runs": "-", "Balls Faced": "-", "Fours": "-", "Sixes": "-", "Strike Rate": "-"}], "Extras": "Extras (w 3)", "balling": [{"player_name": "Shoriful Islam", "Overs": "7", "Maidens": "0", "Runs": "37", "Wickets": "1", "Economy": "5.28", "Dots": "25"}, {"player_name": "Mustafizur Rahman", "Overs": "7", "Maidens": "0", "Runs": "23", "Wickets": "0", "Economy": "3.28", "Dots": "30"}, {"player_name": "Mehidy Hasan Miraz", "Overs": "5", "Maidens": "0", "Runs": "27", "Wickets": "1", "Economy": "5.40", "Dots": "18"}, {"player_name": "Taskin Ahmed", "Overs": "9", "Maidens": "0", "Runs": "35", "Wickets": "5", "Economy": "3.88", "Dots": "38"}, {"player_name": "Shakib Al Hasan", "Overs": "9", "Maidens": "0", "Runs": "24", "Wickets": "2", "Economy": "2.66", "Dots": "37"}]}, "match_id": "33726"}