{"date": "09/02/2023 09:30:00 AM", "home": "Pakistan", "away": "India", "place": "Pallekele International Cricket Stadium", "result": "Match Abandoned", "Team1": {"Name": "Pakistan", "score": "Did not bat", "overs": "", "rr": "", "batting": "None", "Extras": "None", "balling": [{"player_name": "Shaheen Shah Afridi", "Overs": "10", "Maidens": "2", "Runs": "35", "Wickets": "4", "Economy": "3.50", "Dots": "44"}, {"player_name": "Naseem Shah", "Overs": "8.5", "Maidens": "0", "Runs": "36", "Wickets": "3", "Economy": "4.07", "Dots": "38"}, {"player_name": "Haris Rauf", "Overs": "9", "Maidens": "0", "Runs": "58", "Wickets": "3", "Economy": "6.44", "Dots": "31"}, {"player_name": "Shadab Khan", "Overs": "9", "Maidens": "0", "Runs": "57", "Wickets": "0", "Economy": "6.33", "Dots": "20"}, {"player_name": "Mohammad Nawaz", "Overs": "8", "Maidens": "0", "Runs": "55", "Wickets": "0", "Economy": "6.87", "Dots": "16"}, {"player_name": "Salman Ali Agha", "Overs": "4", "Maidens": "0", "Runs": "21", "Wickets": "0", "Economy": "5.25", "Dots": "11"}]}, "Team2": {"Name": "India", "score": "266", "overs": "48.5/50 ov", "rr": "RR: 5.44", "batting": [{"Player Name": "Rohit Sharma", "Dismissed by": "b Shaheen Shah Afridi", "Runs": "11", "Balls Faced": "22", "Fours": "2", "Sixes": "0", "Strike Rate": "50.00"}, {"Player Name": "Shubman Gill", "Dismissed by": "b Haris Rauf", "Runs": "10", "Balls Faced": "32", "Fours": "1", "Sixes": "0", "Strike Rate": "31.25"}, {"Player Name": "Virat Kohli", "Dismissed by": "b Shaheen Shah Afridi", "Runs": "4", "Balls Faced": "7", "Fours": "1", "Sixes": "0", "Strike Rate": "57.14"}, {"Player Name": "Shreyas Iyer", "Dismissed by": "c Fakhar Zaman b Haris Rauf", "Runs": "14", "Balls Faced": "9", "Fours": "2", "Sixes": "0", "Strike Rate": "155.55"}, {"Player Name": "Ishan Kishan", "Dismissed by": "c Babar Azam b Haris Rauf", "Runs": "82", "Balls Faced": "81", "Fours": "9", "Sixes": "2", "Strike Rate": "101.23"}, {"Player Name": "Hardik Pandya", "Dismissed by": "c Salman Ali Agha b Shaheen Shah Afridi", "Runs": "87", "Balls Faced": "90", "Fours": "7", "Sixes": "1", "Strike Rate": "96.66"}, {"Player Name": "Ravindra Jadeja", "Dismissed by": "c Muhammad Rizwan b Shaheen Shah Afridi", "Runs": "14", "Balls Faced": "22", "Fours": "1", "Sixes": "0", "Strike Rate": "63.63"}, {"Player Name": "Shardul Thakur", "Dismissed by": "c Shadab Khan b Naseem Shah", "Runs": "3", "Balls Faced": "3", "Fours": "0", "Sixes": "0", "Strike Rate": "100.00"}, {"Player Name": "Kuldeep Yadav", "Dismissed by": "c Muhammad Rizwan b Naseem Shah", "Runs": "4", "Balls Faced": "13", "Fours": "0", "Sixes": "0", "Strike Rate": "30.76"}, {"Player Name": "Jasprit Bumrah", "Dismissed by": "c Salman Ali Agha b Naseem Shah", "Runs": "16", "Balls Faced": "14", "Fours": "3", "Sixes": "0", "Strike Rate": "114.28"}, {"Player Name": "Mohammed Siraj", "Dismissed by": "", "Runs": "1", "Balls Faced": "1", "Fours": "0", "Sixes": "0", "Strike Rate": "100.00"}], "Extras": "Extras (nb 1, w 15, b 2, lb 2)", "balling": []}, "match_id": "102835"}