{"date": "03/26/2021 08:00:00 AM", "home": "India", "away": "England", "place": "Maharashtra Cricket Association Stadium", "result": "England won by 6 wickets", "Team1": {"Name": "India", "score": "336/6", "overs": "50/50 ov", "rr": "RR: 6.72", "batting": [{"Player Name": "Rohit Sharma", "Dismissed by": "c Adil Rashid b Sam Curran", "Runs": "25", "Balls Faced": "25", "Fours": "5", "Sixes": "0", "Strike Rate": "100.00"}, {"Player Name": "Shikhar Dhawan", "Dismissed by": "c Ben Stokes b Reece Topley", "Runs": "4", "Balls Faced": "17", "Fours": "0", "Sixes": "0", "Strike Rate": "23.52"}, {"Player Name": "Virat Kohli", "Dismissed by": "c Jos Buttler b Adil Rashid", "Runs": "66", "Balls Faced": "79", "Fours": "3", "Sixes": "1", "Strike Rate": "83.54"}, {"Player Name": "KL Rahul", "Dismissed by": "c Reece Topley b Tom Curran", "Runs": "108", "Balls Faced": "114", "Fours": "7", "Sixes": "2", "Strike Rate": "94.73"}, {"Player Name": "Rishabh Pant", "Dismissed by": "c Jason Roy b Tom Curran", "Runs": "77", "Balls Faced": "40", "Fours": "3", "Sixes": "7", "Strike Rate": "192.50"}, {"Player Name": "Hardik Pandya", "Dismissed by": "c Jason Roy b Reece Topley", "Runs": "35", "Balls Faced": "16", "Fours": "1", "Sixes": "4", "Strike Rate": "218.75"}, {"Player Name": "Krunal Pandya", "Dismissed by": "", "Runs": "12", "Balls Faced": "9", "Fours": "1", "Sixes": "0", "Strike Rate": "133.33"}, {"Player Name": "Shardul Thakur", "Dismissed by": "", "Runs": "0", "Balls Faced": "0", "Fours": "0", "Sixes": "0", "Strike Rate": "-"}, {"Player Name": "Bhuvneshwar Kumar", "Dismissed by": "", "Runs": "-", "Balls Faced": "-", "Fours": "-", "Sixes": "-", "Strike Rate": "-"}, {"Player Name": "Kuldeep Yadav", "Dismissed by": "", "Runs": "-", "Balls Faced": "-", "Fours": "-", "Sixes": "-", "Strike Rate": "-"}, {"Player Name": "Prasidh Krishna", "Dismissed by": "", "Runs": "-", "Balls Faced": "-", "Fours": "-", "Sixes": "-", "Strike Rate": "-"}], "Extras": "Extras (w 7, lb 2)", "balling": [{"player_name": "Bhuvneshwar Kumar", "Overs": "10", "Maidens": "0", "Runs": "63", "Wickets": "1", "Economy": "6.30", "Dots": "32"}, {"player_name": "Prasidh Krishna", "Overs": "10", "Maidens": "0", "Runs": "58", "Wickets": "2", "Economy": "5.80", "Dots": "38"}, {"player_name": "Shardul Thakur", "Overs": "7.3", "Maidens": "0", "Runs": "54", "Wickets": "0", "Economy": "7.20", "Dots": "23"}, {"player_name": "Kuldeep Yadav", "Overs": "10", "Maidens": "0", "Runs": "84", "Wickets": "0", "Economy": "8.40", "Dots": "27"}, {"player_name": "Krunal Pandya", "Overs": "6", "Maidens": "0", "Runs": "72", "Wickets": "0", "Economy": "12.00", "Dots": "6"}]}, "Team2": {"Name": "England", "score": "337/4", "overs": "43.3/50 ov", "rr": "RR: 7.74", "batting": [{"Player Name": "Jason Roy", "Dismissed by": "run out (Rohit Sharma/Rishabh Pant)", "Runs": "55", "Balls Faced": "52", "Fours": "7", "Sixes": "1", "Strike Rate": "105.76"}, {"Player Name": "Jonny Bairstow", "Dismissed by": "c Virat Kohli b Prasidh Krishna", "Runs": "124", "Balls Faced": "112", "Fours": "11", "Sixes": "7", "Strike Rate": "110.71"}, {"Player Name": "Ben Stokes", "Dismissed by": "c Rishabh Pant b Bhuvneshwar Kumar", "Runs": "99", "Balls Faced": "52", "Fours": "4", "Sixes": "10", "Strike Rate": "190.38"}, {"Player Name": "Dawid Malan", "Dismissed by": "", "Runs": "16", "Balls Faced": "23", "Fours": "1", "Sixes": "0", "Strike Rate": "69.56"}, {"Player Name": "Jos Buttler", "Dismissed by": "b Prasidh Krishna", "Runs": "0", "Balls Faced": "3", "Fours": "0", "Sixes": "0", "Strike Rate": "0.00"}, {"Player Name": "Liam Livingstone", "Dismissed by": "", "Runs": "27", "Balls Faced": "21", "Fours": "1", "Sixes": "2", "Strike Rate": "128.57"}, {"Player Name": "Moeen Ali", "Dismissed by": "", "Runs": "-", "Balls Faced": "-", "Fours": "-", "Sixes": "-", "Strike Rate": "-"}, {"Player Name": "Sam Curran", "Dismissed by": "", "Runs": "-", "Balls Faced": "-", "Fours": "-", "Sixes": "-", "Strike Rate": "-"}, {"Player Name": "Tom Curran", "Dismissed by": "", "Runs": "-", "Balls Faced": "-", "Fours": "-", "Sixes": "-", "Strike Rate": "-"}, {"Player Name": "Adil Rashid", "Dismissed by": "", "Runs": "-", "Balls Faced": "-", "Fours": "-", "Sixes": "-", "Strike Rate": "-"}, {"Player Name": "Reece Topley", "Dismissed by": "", "Runs": "-", "Balls Faced": "-", "Fours": "-", "Sixes": "-", "Strike Rate": "-"}], "Extras": "Extras (nb 2, w 8, b 4, lb 2)", "balling": [{"player_name": "Sam Curran", "Overs": "7", "Maidens": "0", "Runs": "47", "Wickets": "1", "Economy": "6.71", "Dots": "23"}, {"player_name": "Reece Topley", "Overs": "8", "Maidens": "0", "Runs": "50", "Wickets": "2", "Economy": "6.25", "Dots": "22"}, {"player_name": "Tom Curran", "Overs": "10", "Maidens": "0", "Runs": "83", "Wickets": "2", "Economy": "8.30", "Dots": "25"}, {"player_name": "Ben Stokes", "Overs": "5", "Maidens": "0", "Runs": "42", "Wickets": "0", "Economy": "8.40", "Dots": "9"}, {"player_name": "Moeen Ali", "Overs": "10", "Maidens": "0", "Runs": "47", "Wickets": "0", "Economy": "4.70", "Dots": "19"}, {"player_name": "Adil Rashid", "Overs": "10", "Maidens": "0", "Runs": "65", "Wickets": "1", "Economy": "6.50", "Dots": "17"}]}, "match_id": "22466"}