{"date": "06/21/2019 09:30:00 AM", "home": "England", "away": "Sri Lanka", "place": "Headingley", "result": "Sri Lanka win by 20 runs", "Team1": {"Name": "England", "score": "212", "overs": "47/50 ov", "rr": "RR: 4.51", "batting": [{"Player Name": "James Vince", "Dismissed by": "c Kusal Mendis b Lasith Malinga", "Runs": "14", "Balls Faced": "18", "Fours": "2", "Sixes": "0", "Strike Rate": "77.77"}, {"Player Name": "Jonny Bairstow", "Dismissed by": "lbw Lasith Malinga", "Runs": "0", "Balls Faced": "1", "Fours": "0", "Sixes": "0", "Strike Rate": "0.00"}, {"Player Name": "Joe Root", "Dismissed by": "c Kusal Perera b Lasith Malinga", "Runs": "57", "Balls Faced": "89", "Fours": "3", "Sixes": "0", "Strike Rate": "64.04"}, {"Player Name": "Eoin Morgan", "Dismissed by": "c & b Isuru Udana", "Runs": "21", "Balls Faced": "35", "Fours": "2", "Sixes": "0", "Strike Rate": "60.00"}, {"Player Name": "Ben Stokes", "Dismissed by": "", "Runs": "82", "Balls Faced": "89", "Fours": "7", "Sixes": "4", "Strike Rate": "92.13"}, {"Player Name": "Jos Buttler", "Dismissed by": "lbw Lasith Malinga", "Runs": "10", "Balls Faced": "9", "Fours": "1", "Sixes": "0", "Strike Rate": "111.11"}, {"Player Name": "Moeen Ali", "Dismissed by": "c Isuru Udana b Dhananjaya de Silva", "Runs": "16", "Balls Faced": "20", "Fours": "0", "Sixes": "1", "Strike Rate": "80.00"}, {"Player Name": "Chris Woakes", "Dismissed by": "c Kusal Perera b Dhananjaya de Silva", "Runs": "2", "Balls Faced": "4", "Fours": "0", "Sixes": "0", "Strike Rate": "50.00"}, {"Player Name": "Adil Rashid", "Dismissed by": "c Kusal Perera b Dhananjaya de Silva", "Runs": "1", "Balls Faced": "2", "Fours": "0", "Sixes": "0", "Strike Rate": "50.00"}, {"Player Name": "Jofra Archer", "Dismissed by": "c Thisara Perera b Isuru Udana", "Runs": "3", "Balls Faced": "11", "Fours": "0", "Sixes": "0", "Strike Rate": "27.27"}, {"Player Name": "Mark Wood", "Dismissed by": "c Kusal Perera b Nuwan Pradeep", "Runs": "0", "Balls Faced": "4", "Fours": "0", "Sixes": "0", "Strike Rate": "0.00"}], "Extras": "Extras (w 5, lb 1)", "balling": [{"player_name": "Chris Woakes", "Overs": "5", "Maidens": "0", "Runs": "22", "Wickets": "1", "Economy": "4.40", "Dots": "17"}, {"player_name": "Jofra Archer", "Overs": "10", "Maidens": "2", "Runs": "52", "Wickets": "3", "Economy": "5.20", "Dots": "38"}, {"player_name": "Mark Wood", "Overs": "8", "Maidens": "0", "Runs": "40", "Wickets": "3", "Economy": "5.00", "Dots": "23"}, {"player_name": "Ben Stokes", "Overs": "5", "Maidens": "0", "Runs": "16", "Wickets": "0", "Economy": "3.20", "Dots": "20"}, {"player_name": "Moeen Ali", "Overs": "10", "Maidens": "0", "Runs": "40", "Wickets": "0", "Economy": "4.00", "Dots": "28"}, {"player_name": "Adil Rashid", "Overs": "10", "Maidens": "0", "Runs": "45", "Wickets": "2", "Economy": "4.50", "Dots": "27"}, {"player_name": "Joe Root", "Overs": "2", "Maidens": "0", "Runs": "13", "Wickets": "0", "Economy": "6.50", "Dots": "3"}]}, "Team2": {"Name": "Sri Lanka", "score": "232/9", "overs": "50/50 ov", "rr": "RR: 4.64", "batting": [{"Player Name": "Dimuth Karunaratne", "Dismissed by": "c Jos Buttler b Jofra Archer", "Runs": "1", "Balls Faced": "8", "Fours": "0", "Sixes": "0", "Strike Rate": "12.50"}, {"Player Name": "Kusal Perera", "Dismissed by": "c Moeen Ali b Chris Woakes", "Runs": "2", "Balls Faced": "6", "Fours": "0", "Sixes": "0", "Strike Rate": "33.33"}, {"Player Name": "Avishka Fernando", "Dismissed by": "c Adil Rashid b Mark Wood", "Runs": "49", "Balls Faced": "39", "Fours": "6", "Sixes": "2", "Strike Rate": "125.64"}, {"Player Name": "Kusal Mendis", "Dismissed by": "c Eoin Morgan b Adil Rashid", "Runs": "46", "Balls Faced": "68", "Fours": "2", "Sixes": "0", "Strike Rate": "67.64"}, {"Player Name": "Angelo Mathews", "Dismissed by": "", "Runs": "85", "Balls Faced": "115", "Fours": "5", "Sixes": "1", "Strike Rate": "73.91"}, {"Player Name": "Jeevan Mendis", "Dismissed by": "c & b Adil Rashid", "Runs": "0", "Balls Faced": "1", "Fours": "0", "Sixes": "0", "Strike Rate": "0.00"}, {"Player Name": "Dhananjaya de Silva", "Dismissed by": "c Joe Root b Jofra Archer", "Runs": "29", "Balls Faced": "47", "Fours": "1", "Sixes": "0", "Strike Rate": "61.70"}, {"Player Name": "Thisara Perera", "Dismissed by": "c Adil Rashid b Jofra Archer", "Runs": "2", "Balls Faced": "6", "Fours": "0", "Sixes": "0", "Strike Rate": "33.33"}, {"Player Name": "Isuru Udana", "Dismissed by": "c Joe Root b Mark Wood", "Runs": "6", "Balls Faced": "4", "Fours": "1", "Sixes": "0", "Strike Rate": "150.00"}, {"Player Name": "Lasith Malinga", "Dismissed by": "b Mark Wood", "Runs": "1", "Balls Faced": "5", "Fours": "0", "Sixes": "0", "Strike Rate": "20.00"}, {"Player Name": "Nuwan Pradeep", "Dismissed by": "", "Runs": "1", "Balls Faced": "1", "Fours": "0", "Sixes": "0", "Strike Rate": "100.00"}], "Extras": "Extras (w 6, lb 4)", "balling": [{"player_name": "Lasith Malinga", "Overs": "10", "Maidens": "1", "Runs": "43", "Wickets": "4", "Economy": "4.30", "Dots": "39"}, {"player_name": "Nuwan Pradeep", "Overs": "10", "Maidens": "1", "Runs": "38", "Wickets": "1", "Economy": "3.80", "Dots": "40"}, {"player_name": "Dhananjaya de Silva", "Overs": "8", "Maidens": "0", "Runs": "32", "Wickets": "3", "Economy": "4.00", "Dots": "24"}, {"player_name": "Thisara Perera", "Overs": "8", "Maidens": "0", "Runs": "34", "Wickets": "0", "Economy": "4.25", "Dots": "23"}, {"player_name": "Isuru Udana", "Overs": "8", "Maidens": "0", "Runs": "41", "Wickets": "2", "Economy": "5.12", "Dots": "28"}, {"player_name": "Jeevan Mendis", "Overs": "3", "Maidens": "0", "Runs": "23", "Wickets": "0", "Economy": "7.66", "Dots": "5"}]}, "match_id": "8218"}