{"date": "12/04/2022 06:00:00 AM", "home": "Bangladesh", "away": "India", "place": "Sher-e-Bangla National Cricket Stadium", "result": "Bangladesh won by 1 wicket", "Team1": {"Name": "Bangladesh", "score": "187/9", "overs": "47/50 ov", "rr": "RR: 3.97", "batting": [{"Player Name": "Najmul Hossain Shanto", "Dismissed by": "c Rohit Sharma b Deepak Chahar", "Runs": "0", "Balls Faced": "1", "Fours": "0", "Sixes": "0", "Strike Rate": "0.00"}, {"Player Name": "Litton Das", "Dismissed by": "c KL Rahul b Washington Sundar", "Runs": "41", "Balls Faced": "63", "Fours": "3", "Sixes": "1", "Strike Rate": "65.07"}, {"Player Name": "Anamul Haque", "Dismissed by": "c Washington Sundar b Mohammed Siraj", "Runs": "14", "Balls Faced": "29", "Fours": "2", "Sixes": "0", "Strike Rate": "48.27"}, {"Player Name": "Shakib Al Hasan", "Dismissed by": "c Virat Kohli b Washington Sundar", "Runs": "29", "Balls Faced": "38", "Fours": "3", "Sixes": "0", "Strike Rate": "76.31"}, {"Player Name": "Mushfiqur Rahim", "Dismissed by": "b Mohammed Siraj", "Runs": "18", "Balls Faced": "45", "Fours": "0", "Sixes": "0", "Strike Rate": "40.00"}, {"Player Name": "Mahmudullah", "Dismissed by": "lbw Shardul Thakur", "Runs": "14", "Balls Faced": "35", "Fours": "0", "Sixes": "0", "Strike Rate": "40.00"}, {"Player Name": "Afif Hossain", "Dismissed by": "c Mohammed Siraj b Kuldeep Sen", "Runs": "6", "Balls Faced": "12", "Fours": "0", "Sixes": "0", "Strike Rate": "50.00"}, {"Player Name": "Mehidy Hasan Miraz", "Dismissed by": "", "Runs": "38", "Balls Faced": "39", "Fours": "4", "Sixes": "2", "Strike Rate": "97.43"}, {"Player Name": "Ebadot Hossain", "Dismissed by": "Hit wicket", "Runs": "0", "Balls Faced": "3", "Fours": "0", "Sixes": "0", "Strike Rate": "0.00"}, {"Player Name": "Hasan Mahmud", "Dismissed by": "lbw Mohammed Siraj", "Runs": "0", "Balls Faced": "2", "Fours": "0", "Sixes": "0", "Strike Rate": "0.00"}, {"Player Name": "Mustafizur Rahman", "Dismissed by": "", "Runs": "10", "Balls Faced": "11", "Fours": "2", "Sixes": "0", "Strike Rate": "90.90"}], "Extras": "Extras (nb 2, w 6, b 8, lb 1)", "balling": [{"player_name": "Mustafizur Rahman", "Overs": "7", "Maidens": "1", "Runs": "19", "Wickets": "0", "Economy": "2.71", "Dots": "29"}, {"player_name": "Hasan Mahmud", "Overs": "7", "Maidens": "1", "Runs": "40", "Wickets": "0", "Economy": "5.71", "Dots": "29"}, {"player_name": "Mehidy Hasan Miraz", "Overs": "9", "Maidens": "1", "Runs": "43", "Wickets": "1", "Economy": "4.77", "Dots": "30"}, {"player_name": "Shakib Al Hasan", "Overs": "10", "Maidens": "2", "Runs": "36", "Wickets": "5", "Economy": "3.60", "Dots": "37"}, {"player_name": "Ebadot Hossain", "Overs": "8.2", "Maidens": "0", "Runs": "47", "Wickets": "4", "Economy": "5.64", "Dots": "28"}]}, "Team2": {"Name": "India", "score": "186", "overs": "41.2/50 ov", "rr": "RR: 4.50", "batting": [{"Player Name": "Rohit Sharma", "Dismissed by": "b Shakib Al Hasan", "Runs": "27", "Balls Faced": "31", "Fours": "4", "Sixes": "1", "Strike Rate": "87.09"}, {"Player Name": "Shikhar Dhawan", "Dismissed by": "b Mehidy Hasan Miraz", "Runs": "7", "Balls Faced": "17", "Fours": "1", "Sixes": "0", "Strike Rate": "41.17"}, {"Player Name": "Virat Kohli", "Dismissed by": "c Litton Das b Shakib Al Hasan", "Runs": "9", "Balls Faced": "15", "Fours": "1", "Sixes": "0", "Strike Rate": "60.00"}, {"Player Name": "Shreyas Iyer", "Dismissed by": "c Mushfiqur Rahim b Ebadot Hossain", "Runs": "24", "Balls Faced": "39", "Fours": "2", "Sixes": "0", "Strike Rate": "61.53"}, {"Player Name": "KL Rahul", "Dismissed by": "c Anamul Haque b Ebadot Hossain", "Runs": "73", "Balls Faced": "70", "Fours": "5", "Sixes": "4", "Strike Rate": "104.28"}, {"Player Name": "Washington Sundar", "Dismissed by": "c Ebadot Hossain b Shakib Al Hasan", "Runs": "19", "Balls Faced": "43", "Fours": "0", "Sixes": "0", "Strike Rate": "44.18"}, {"Player Name": "Shahbaz Ahmed", "Dismissed by": "c Shakib Al Hasan b Ebadot Hossain", "Runs": "0", "Balls Faced": "4", "Fours": "0", "Sixes": "0", "Strike Rate": "0.00"}, {"Player Name": "Shardul Thakur", "Dismissed by": "b Shakib Al Hasan", "Runs": "2", "Balls Faced": "3", "Fours": "0", "Sixes": "0", "Strike Rate": "66.66"}, {"Player Name": "Deepak Chahar", "Dismissed by": "lbw Shakib Al Hasan", "Runs": "0", "Balls Faced": "3", "Fours": "0", "Sixes": "0", "Strike Rate": "0.00"}, {"Player Name": "Mohammed Siraj", "Dismissed by": "c Mahmudullah b Ebadot Hossain", "Runs": "9", "Balls Faced": "20", "Fours": "1", "Sixes": "0", "Strike Rate": "45.00"}, {"Player Name": "Kuldeep Sen", "Dismissed by": "", "Runs": "2", "Balls Faced": "4", "Fours": "0", "Sixes": "0", "Strike Rate": "50.00"}], "Extras": "Extras (nb 1, w 12, lb 1)", "balling": [{"player_name": "Deepak Chahar", "Overs": "8", "Maidens": "1", "Runs": "32", "Wickets": "1", "Economy": "4.00", "Dots": "35"}, {"player_name": "Mohammed Siraj", "Overs": "10", "Maidens": "1", "Runs": "32", "Wickets": "3", "Economy": "3.20", "Dots": "46"}, {"player_name": "Kuldeep Sen", "Overs": "5", "Maidens": "0", "Runs": "37", "Wickets": "2", "Economy": "7.40", "Dots": "16"}, {"player_name": "Shahbaz Ahmed", "Overs": "9", "Maidens": "0", "Runs": "39", "Wickets": "0", "Economy": "4.33", "Dots": "27"}, {"player_name": "Washington Sundar", "Overs": "5", "Maidens": "0", "Runs": "17", "Wickets": "2", "Economy": "3.40", "Dots": "17"}, {"player_name": "Shardul Thakur", "Overs": "9", "Maidens": "1", "Runs": "21", "Wickets": "1", "Economy": "2.33", "Dots": "39"}]}, "match_id": "101694"}