{"date": "09/09/2023 11:00:00 AM", "home": "South Africa", "away": "Australia", "place": "Mangaung Oval", "result": "Australia won by 123 runs", "Team1": {"Name": "South Africa", "score": "269", "overs": "41.5/50 ov", "rr": "RR: 6.43", "batting": [{"Player Name": "Quinton de Kock", "Dismissed by": "c & b Nathan Ellis", "Runs": "45", "Balls Faced": "30", "Fours": "6", "Sixes": "2", "Strike Rate": "150.00"}, {"Player Name": "Temba Bavuma", "Dismissed by": "lbw Adam Zampa", "Runs": "46", "Balls Faced": "40", "Fours": "4", "Sixes": "3", "Strike Rate": "115.00"}, {"Player Name": "Rassie van der Dussen", "Dismissed by": "b Aaron Hardie", "Runs": "17", "Balls Faced": "19", "Fours": "1", "Sixes": "0", "Strike Rate": "89.47"}, {"Player Name": "Aiden Markram", "Dismissed by": "c Sean Abbott b Adam Zampa", "Runs": "3", "Balls Faced": "8", "Fours": "0", "Sixes": "0", "Strike Rate": "37.50"}, {"Player Name": "Heinrich Klaasen", "Dismissed by": "b Adam Zampa", "Runs": "49", "Balls Faced": "36", "Fours": "3", "Sixes": "3", "Strike Rate": "136.11"}, {"Player Name": "David Miller", "Dismissed by": "lbw Nathan Ellis", "Runs": "49", "Balls Faced": "52", "Fours": "6", "Sixes": "0", "Strike Rate": "94.23"}, {"Player Name": "Marco Jansen", "Dismissed by": "lbw Adam Zampa", "Runs": "23", "Balls Faced": "28", "Fours": "0", "Sixes": "2", "Strike Rate": "82.14"}, {"Player Name": "Andile Phehlukwayo", "Dismissed by": "c Marnus Labuschagne b Aaron Hardie", "Runs": "1", "Balls Faced": "9", "Fours": "0", "Sixes": "0", "Strike Rate": "11.11"}, {"Player Name": "Kagiso Rabada", "Dismissed by": "", "Runs": "17", "Balls Faced": "15", "Fours": "0", "Sixes": "2", "Strike Rate": "113.33"}, {"Player Name": "Anrich Nortje", "Dismissed by": "b Sean Abbott", "Runs": "10", "Balls Faced": "13", "Fours": "1", "Sixes": "0", "Strike Rate": "76.92"}, {"Player Name": "Tabraiz Shamsi", "Dismissed by": "lbw Sean Abbott", "Runs": "0", "Balls Faced": "1", "Fours": "0", "Sixes": "0", "Strike Rate": "0.00"}], "Extras": "Extras (w 6, lb 3)", "balling": [{"player_name": "Marco Jansen", "Overs": "9", "Maidens": "0", "Runs": "63", "Wickets": "1", "Economy": "7.00", "Dots": "29"}, {"player_name": "Kagiso Rabada", "Overs": "9", "Maidens": "0", "Runs": "79", "Wickets": "2", "Economy": "8.77", "Dots": "21"}, {"player_name": "Anrich Nortje", "Overs": "5", "Maidens": "0", "Runs": "58", "Wickets": "0", "Economy": "11.60", "Dots": "11"}, {"player_name": "Aiden Markram", "Overs": "10", "Maidens": "0", "Runs": "78", "Wickets": "0", "Economy": "7.80", "Dots": "23"}, {"player_name": "Tabraiz Shamsi", "Overs": "10", "Maidens": "0", "Runs": "61", "Wickets": "4", "Economy": "6.10", "Dots": "28"}, {"player_name": "Andile Phehlukwayo", "Overs": "7", "Maidens": "0", "Runs": "50", "Wickets": "1", "Economy": "7.14", "Dots": "17"}]}, "Team2": {"Name": "Australia", "score": "392/8", "overs": "50/50 ov", "rr": "RR: 7.84", "batting": [{"Player Name": "David Warner", "Dismissed by": "b Andile Phehlukwayo", "Runs": "106", "Balls Faced": "93", "Fours": "12", "Sixes": "3", "Strike Rate": "113.97"}, {"Player Name": "Travis Head", "Dismissed by": "c David Miller b Tabraiz Shamsi", "Runs": "64", "Balls Faced": "36", "Fours": "9", "Sixes": "3", "Strike Rate": "177.77"}, {"Player Name": "Mitchell Marsh", "Dismissed by": "lbw Tabraiz Shamsi", "Runs": "0", "Balls Faced": "1", "Fours": "0", "Sixes": "0", "Strike Rate": "0.00"}, {"Player Name": "Marnus Labuschagne", "Dismissed by": "c Aiden Markram b Tabraiz Shamsi", "Runs": "124", "Balls Faced": "99", "Fours": "19", "Sixes": "1", "Strike Rate": "125.25"}, {"Player Name": "Josh Inglis", "Dismissed by": "c Rassie van der Dussen b Kagiso Rabada", "Runs": "50", "Balls Faced": "37", "Fours": "7", "Sixes": "1", "Strike Rate": "135.13"}, {"Player Name": "Tim David", "Dismissed by": "c Quinton de Kock b Kagiso Rabada", "Runs": "1", "Balls Faced": "4", "Fours": "0", "Sixes": "0", "Strike Rate": "25.00"}, {"Player Name": "Alex Carey", "Dismissed by": "c Rassie van der Dussen b Tabraiz Shamsi", "Runs": "6", "Balls Faced": "10", "Fours": "0", "Sixes": "0", "Strike Rate": "60.00"}, {"Player Name": "Aaron Hardie", "Dismissed by": "c David Miller b Marco Jansen", "Runs": "3", "Balls Faced": "5", "Fours": "0", "Sixes": "0", "Strike Rate": "60.00"}, {"Player Name": "Sean Abbott", "Dismissed by": "", "Runs": "7", "Balls Faced": "8", "Fours": "1", "Sixes": "0", "Strike Rate": "87.50"}, {"Player Name": "Nathan Ellis", "Dismissed by": "", "Runs": "14", "Balls Faced": "9", "Fours": "0", "Sixes": "1", "Strike Rate": "155.55"}, {"Player Name": "Adam Zampa", "Dismissed by": "", "Runs": "-", "Balls Faced": "-", "Fours": "-", "Sixes": "-", "Strike Rate": "-"}], "Extras": "Extras (nb 2, w 12, b 2, lb 1)", "balling": [{"player_name": "Sean Abbott", "Overs": "7.5", "Maidens": "0", "Runs": "50", "Wickets": "2", "Economy": "6.38", "Dots": "23"}, {"player_name": "Travis Head", "Overs": "4", "Maidens": "0", "Runs": "41", "Wickets": "0", "Economy": "10.25", "Dots": "8"}, {"player_name": "Nathan Ellis", "Overs": "8", "Maidens": "1", "Runs": "32", "Wickets": "2", "Economy": "4.00", "Dots": "29"}, {"player_name": "Aaron Hardie", "Overs": "10", "Maidens": "0", "Runs": "62", "Wickets": "2", "Economy": "6.20", "Dots": "31"}, {"player_name": "Adam Zampa", "Overs": "9", "Maidens": "1", "Runs": "48", "Wickets": "4", "Economy": "5.33", "Dots": "28"}, {"player_name": "Marnus Labuschagne", "Overs": "3", "Maidens": "0", "Runs": "33", "Wickets": "0", "Economy": "11.00", "Dots": "4"}]}, "match_id": "102108"}