{"date": "02/13/2019 01:00:00 AM", "home": "New Zealand", "away": "Bangladesh", "place": "McLean Park", "result": "New Zealand win by 8 wickets", "Team1": {"Name": "New Zealand", "score": "233/2", "overs": "44.3/50 ov", "rr": "RR: 5.23", "batting": [{"Player Name": "Martin Guptill", "Dismissed by": "", "Runs": "117", "Balls Faced": "116", "Fours": "8", "Sixes": "4", "Strike Rate": "100.86"}, {"Player Name": "Henry Nicholls", "Dismissed by": "b Mehidy Hasan", "Runs": "53", "Balls Faced": "80", "Fours": "5", "Sixes": "0", "Strike Rate": "66.25"}, {"Player Name": "Kane Williamson", "Dismissed by": "lbw Mahmudullah", "Runs": "11", "Balls Faced": "22", "Fours": "1", "Sixes": "0", "Strike Rate": "50.00"}, {"Player Name": "Ross Taylor", "Dismissed by": "", "Runs": "45", "Balls Faced": "49", "Fours": "6", "Sixes": "0", "Strike Rate": "91.83"}, {"Player Name": "Tom Latham", "Dismissed by": "", "Runs": "-", "Balls Faced": "-", "Fours": "-", "Sixes": "-", "Strike Rate": "-"}, {"Player Name": "Colin de Grandhomme", "Dismissed by": "", "Runs": "-", "Balls Faced": "-", "Fours": "-", "Sixes": "-", "Strike Rate": "-"}, {"Player Name": "Jimmy Neesham", "Dismissed by": "", "Runs": "-", "Balls Faced": "-", "Fours": "-", "Sixes": "-", "Strike Rate": "-"}, {"Player Name": "Mitchell Santner", "Dismissed by": "", "Runs": "-", "Balls Faced": "-", "Fours": "-", "Sixes": "-", "Strike Rate": "-"}, {"Player Name": "Matt Henry", "Dismissed by": "", "Runs": "-", "Balls Faced": "-", "Fours": "-", "Sixes": "-", "Strike Rate": "-"}, {"Player Name": "Lockie Ferguson", "Dismissed by": "", "Runs": "-", "Balls Faced": "-", "Fours": "-", "Sixes": "-", "Strike Rate": "-"}, {"Player Name": "Trent Boult", "Dismissed by": "", "Runs": "-", "Balls Faced": "-", "Fours": "-", "Sixes": "-", "Strike Rate": "-"}], "Extras": "Extras (w 4, lb 3)", "balling": [{"player_name": "Matt Henry", "Overs": "9", "Maidens": "1", "Runs": "48", "Wickets": "2", "Economy": "5.33", "Dots": "30"}, {"player_name": "Trent Boult", "Overs": "9.5", "Maidens": "0", "Runs": "40", "Wickets": "3", "Economy": "4.06", "Dots": "39"}, {"player_name": "Colin de Grandhomme", "Overs": "5", "Maidens": "0", "Runs": "19", "Wickets": "0", "Economy": "3.80", "Dots": "18"}, {"player_name": "Lockie Ferguson", "Overs": "10", "Maidens": "1", "Runs": "44", "Wickets": "2", "Economy": "4.40", "Dots": "38"}, {"player_name": "Mitchell Santner", "Overs": "8", "Maidens": "0", "Runs": "45", "Wickets": "3", "Economy": "5.62", "Dots": "22"}, {"player_name": "Jimmy Neesham", "Overs": "7", "Maidens": "0", "Runs": "26", "Wickets": "0", "Economy": "3.71", "Dots": "28"}]}, "Team2": {"Name": "Bangladesh", "score": "232", "overs": "48.5/50 ov", "rr": "RR: 4.75", "batting": [{"Player Name": "Tamim Iqbal", "Dismissed by": "c Tom Latham b Trent Boult", "Runs": "5", "Balls Faced": "6", "Fours": "1", "Sixes": "0", "Strike Rate": "83.33"}, {"Player Name": "Litton Das", "Dismissed by": "b Matt Henry", "Runs": "1", "Balls Faced": "8", "Fours": "0", "Sixes": "0", "Strike Rate": "12.50"}, {"Player Name": "Soumya Sarkar", "Dismissed by": "c & b Matt Henry", "Runs": "30", "Balls Faced": "22", "Fours": "5", "Sixes": "1", "Strike Rate": "136.36"}, {"Player Name": "Mushfiqur Rahim", "Dismissed by": "b Trent Boult", "Runs": "5", "Balls Faced": "14", "Fours": "1", "Sixes": "0", "Strike Rate": "35.71"}, {"Player Name": "Mohammad Mithun", "Dismissed by": "b Lockie Ferguson", "Runs": "62", "Balls Faced": "90", "Fours": "5", "Sixes": "0", "Strike Rate": "68.88"}, {"Player Name": "Mahmudullah", "Dismissed by": "c Ross Taylor b Lockie Ferguson", "Runs": "13", "Balls Faced": "29", "Fours": "0", "Sixes": "0", "Strike Rate": "44.82"}, {"Player Name": "Sabbir Rahman", "Dismissed by": "st Tom Latham b Mitchell Santner", "Runs": "14", "Balls Faced": "21", "Fours": "2", "Sixes": "0", "Strike Rate": "66.66"}, {"Player Name": "Mehidy Hasan", "Dismissed by": "c Jimmy Neesham b Mitchell Santner", "Runs": "26", "Balls Faced": "27", "Fours": "3", "Sixes": "1", "Strike Rate": "96.29"}, {"Player Name": "Mohammad Saifuddin", "Dismissed by": "c Martin Guptill b Mitchell Santner", "Runs": "41", "Balls Faced": "58", "Fours": "3", "Sixes": "0", "Strike Rate": "70.68"}, {"Player Name": "Mashrafe Mortaza", "Dismissed by": "", "Runs": "9", "Balls Faced": "14", "Fours": "1", "Sixes": "0", "Strike Rate": "64.28"}, {"Player Name": "Mustafizur Rahman", "Dismissed by": "b Trent Boult", "Runs": "0", "Balls Faced": "6", "Fours": "0", "Sixes": "0", "Strike Rate": "0.00"}], "Extras": "Extras (nb 1, w 15, lb 5, pen 5)", "balling": [{"player_name": "Mashrafe Mortaza", "Overs": "8.3", "Maidens": "0", "Runs": "33", "Wickets": "0", "Economy": "3.88", "Dots": "31"}, {"player_name": "Mohammad Saifuddin", "Overs": "7", "Maidens": "0", "Runs": "43", "Wickets": "0", "Economy": "6.14", "Dots": "22"}, {"player_name": "Mustafizur Rahman", "Overs": "8", "Maidens": "0", "Runs": "36", "Wickets": "0", "Economy": "4.50", "Dots": "27"}, {"player_name": "Mehidy Hasan", "Overs": "8", "Maidens": "1", "Runs": "42", "Wickets": "1", "Economy": "5.25", "Dots": "21"}, {"player_name": "Sabbir Rahman", "Overs": "7", "Maidens": "0", "Runs": "41", "Wickets": "0", "Economy": "5.85", "Dots": "15"}, {"player_name": "Mahmudullah", "Overs": "5", "Maidens": "0", "Runs": "27", "Wickets": "1", "Economy": "5.40", "Dots": "15"}, {"player_name": "Soumya Sarkar", "Overs": "1", "Maidens": "0", "Runs": "8", "Wickets": "0", "Economy": "8.00", "Dots": "3"}]}, "match_id": "9085"}