{"date": "12/07/2022 06:00:00 AM", "home": "Bangladesh", "away": "India", "place": "Sher-e-Bangla National Cricket Stadium", "result": "Bangladesh won by 5 runs", "Team1": {"Name": "Bangladesh", "score": "271/7", "overs": "50/50 ov", "rr": "RR: 5.42", "batting": [{"Player Name": "Litton Das", "Dismissed by": "b Mohammed Siraj", "Runs": "7", "Balls Faced": "23", "Fours": "1", "Sixes": "0", "Strike Rate": "30.43"}, {"Player Name": "Anamul Haque", "Dismissed by": "lbw Mohammed Siraj", "Runs": "11", "Balls Faced": "9", "Fours": "2", "Sixes": "0", "Strike Rate": "122.22"}, {"Player Name": "Najmul Hossain Shanto", "Dismissed by": "b Umran Malik", "Runs": "21", "Balls Faced": "35", "Fours": "3", "Sixes": "0", "Strike Rate": "60.00"}, {"Player Name": "Shakib Al Hasan", "Dismissed by": "c Shikhar Dhawan b Washington Sundar", "Runs": "8", "Balls Faced": "20", "Fours": "1", "Sixes": "0", "Strike Rate": "40.00"}, {"Player Name": "Mushfiqur Rahim", "Dismissed by": "c Shikhar Dhawan b Washington Sundar", "Runs": "12", "Balls Faced": "24", "Fours": "2", "Sixes": "0", "Strike Rate": "50.00"}, {"Player Name": "Mahmudullah", "Dismissed by": "c KL Rahul b Umran Malik", "Runs": "77", "Balls Faced": "96", "Fours": "7", "Sixes": "0", "Strike Rate": "80.20"}, {"Player Name": "Afif Hossain", "Dismissed by": "b Washington Sundar", "Runs": "0", "Balls Faced": "1", "Fours": "0", "Sixes": "0", "Strike Rate": "0.00"}, {"Player Name": "Mehidy Hasan Miraz", "Dismissed by": "", "Runs": "100", "Balls Faced": "83", "Fours": "8", "Sixes": "4", "Strike Rate": "120.48"}, {"Player Name": "Nasum Ahmed", "Dismissed by": "", "Runs": "18", "Balls Faced": "11", "Fours": "2", "Sixes": "1", "Strike Rate": "163.63"}, {"Player Name": "Ebadot Hossain", "Dismissed by": "", "Runs": "-", "Balls Faced": "-", "Fours": "-", "Sixes": "-", "Strike Rate": "-"}, {"Player Name": "Mustafizur Rahman", "Dismissed by": "", "Runs": "-", "Balls Faced": "-", "Fours": "-", "Sixes": "-", "Strike Rate": "-"}], "Extras": "Extras (nb 2, w 11, b 1, lb 3)", "balling": [{"player_name": "Mehidy Hasan Miraz", "Overs": "6.1", "Maidens": "0", "Runs": "46", "Wickets": "2", "Economy": "7.45", "Dots": "16"}, {"player_name": "Ebadot Hossain", "Overs": "10", "Maidens": "0", "Runs": "45", "Wickets": "3", "Economy": "4.50", "Dots": "36"}, {"player_name": "Mustafizur Rahman", "Overs": "10", "Maidens": "1", "Runs": "43", "Wickets": "1", "Economy": "4.30", "Dots": "42"}, {"player_name": "Nasum Ahmed", "Overs": "10", "Maidens": "0", "Runs": "54", "Wickets": "0", "Economy": "5.40", "Dots": "32"}, {"player_name": "Shakib Al Hasan", "Overs": "10", "Maidens": "1", "Runs": "39", "Wickets": "2", "Economy": "3.90", "Dots": "34"}, {"player_name": "Mahmudullah", "Overs": "3.5", "Maidens": "0", "Runs": "33", "Wickets": "1", "Economy": "8.60", "Dots": "12"}]}, "Team2": {"Name": "India", "score": "266/9", "overs": "50/50 ov", "rr": "RR: 5.32", "batting": [{"Player Name": "Virat Kohli", "Dismissed by": "b Ebadot Hossain", "Runs": "5", "Balls Faced": "6", "Fours": "1", "Sixes": "0", "Strike Rate": "83.33"}, {"Player Name": "Shikhar Dhawan", "Dismissed by": "c Mehidy Hasan Miraz b Mustafizur Rahman", "Runs": "8", "Balls Faced": "10", "Fours": "1", "Sixes": "0", "Strike Rate": "80.00"}, {"Player Name": "Shreyas Iyer", "Dismissed by": "c Afif Hossain b Mehidy Hasan Miraz", "Runs": "82", "Balls Faced": "102", "Fours": "6", "Sixes": "3", "Strike Rate": "80.39"}, {"Player Name": "Washington Sundar", "Dismissed by": "c Litton Das b Shakib Al Hasan", "Runs": "11", "Balls Faced": "19", "Fours": "1", "Sixes": "0", "Strike Rate": "57.89"}, {"Player Name": "KL Rahul", "Dismissed by": "lbw Mehidy Hasan Miraz", "Runs": "14", "Balls Faced": "28", "Fours": "0", "Sixes": "0", "Strike Rate": "50.00"}, {"Player Name": "Axar Patel", "Dismissed by": "c Shakib Al Hasan b Ebadot Hossain", "Runs": "56", "Balls Faced": "56", "Fours": "2", "Sixes": "3", "Strike Rate": "100.00"}, {"Player Name": "Shardul Thakur", "Dismissed by": "st Mushfiqur Rahim b Shakib Al Hasan", "Runs": "7", "Balls Faced": "23", "Fours": "0", "Sixes": "0", "Strike Rate": "30.43"}, {"Player Name": "Deepak Chahar", "Dismissed by": "c Najmul Hossain Shanto b Ebadot Hossain", "Runs": "11", "Balls Faced": "18", "Fours": "0", "Sixes": "1", "Strike Rate": "61.11"}, {"Player Name": "Rohit Sharma", "Dismissed by": "", "Runs": "51", "Balls Faced": "28", "Fours": "3", "Sixes": "5", "Strike Rate": "182.14"}, {"Player Name": "Mohammed Siraj", "Dismissed by": "b Mahmudullah", "Runs": "2", "Balls Faced": "12", "Fours": "0", "Sixes": "0", "Strike Rate": "16.66"}, {"Player Name": "Umran Malik", "Dismissed by": "", "Runs": "0", "Balls Faced": "0", "Fours": "0", "Sixes": "0", "Strike Rate": "-"}], "Extras": "Extras (nb 2, w 11, b 4, lb 2)", "balling": [{"player_name": "Deepak Chahar", "Overs": "3", "Maidens": "0", "Runs": "12", "Wickets": "0", "Economy": "4.00", "Dots": "12"}, {"player_name": "Mohammed Siraj", "Overs": "10", "Maidens": "0", "Runs": "73", "Wickets": "2", "Economy": "7.30", "Dots": "35"}, {"player_name": "Shardul Thakur", "Overs": "10", "Maidens": "1", "Runs": "47", "Wickets": "0", "Economy": "4.70", "Dots": "35"}, {"player_name": "Umran Malik", "Overs": "10", "Maidens": "2", "Runs": "58", "Wickets": "2", "Economy": "5.80", "Dots": "35"}, {"player_name": "Washington Sundar", "Overs": "10", "Maidens": "0", "Runs": "37", "Wickets": "3", "Economy": "3.70", "Dots": "36"}, {"player_name": "Axar Patel", "Overs": "7", "Maidens": "0", "Runs": "40", "Wickets": "0", "Economy": "5.71", "Dots": "17"}]}, "match_id": "101692"}