{"date": "06/02/2019 09:30:00 AM", "home": "South Africa", "away": "Bangladesh", "place": "The Oval", "result": "Bangladesh win by 21 runs", "Team1": {"Name": "South Africa", "score": "309/8", "overs": "50/50 ov", "rr": "RR: 6.18", "batting": [{"Player Name": "Quinton de Kock", "Dismissed by": "run out (Mushfiqur Rahim)", "Runs": "23", "Balls Faced": "32", "Fours": "4", "Sixes": "0", "Strike Rate": "71.87"}, {"Player Name": "Aiden Markram", "Dismissed by": "b Shakib Al Hasan", "Runs": "45", "Balls Faced": "56", "Fours": "4", "Sixes": "0", "Strike Rate": "80.35"}, {"Player Name": "Faf du Plessis", "Dismissed by": "b Mehidy Hasan", "Runs": "62", "Balls Faced": "53", "Fours": "5", "Sixes": "1", "Strike Rate": "116.98"}, {"Player Name": "David Miller", "Dismissed by": "c Mehidy Hasan b Mustafizur Rahman", "Runs": "38", "Balls Faced": "43", "Fours": "2", "Sixes": "0", "Strike Rate": "88.37"}, {"Player Name": "Rassie van der Dussen", "Dismissed by": "b Mohammad Saifuddin", "Runs": "41", "Balls Faced": "38", "Fours": "2", "Sixes": "1", "Strike Rate": "107.89"}, {"Player Name": "JP Duminy", "Dismissed by": "b Mustafizur Rahman", "Runs": "45", "Balls Faced": "37", "Fours": "4", "Sixes": "0", "Strike Rate": "121.62"}, {"Player Name": "Andile Phehlukwayo", "Dismissed by": "c Shakib Al Hasan b Mohammad Saifuddin", "Runs": "8", "Balls Faced": "13", "Fours": "1", "Sixes": "0", "Strike Rate": "61.53"}, {"Player Name": "Chris Morris", "Dismissed by": "c Soumya Sarkar b Mustafizur Rahman", "Runs": "10", "Balls Faced": "10", "Fours": "1", "Sixes": "0", "Strike Rate": "100.00"}, {"Player Name": "Kagiso Rabada", "Dismissed by": "", "Runs": "13", "Balls Faced": "9", "Fours": "0", "Sixes": "1", "Strike Rate": "144.44"}, {"Player Name": "Imran Tahir", "Dismissed by": "", "Runs": "10", "Balls Faced": "10", "Fours": "0", "Sixes": "0", "Strike Rate": "100.00"}, {"Player Name": "Lungi Ngidi", "Dismissed by": "", "Runs": "-", "Balls Faced": "-", "Fours": "-", "Sixes": "-", "Strike Rate": "-"}], "Extras": "Extras (nb 1, w 9, b 4)", "balling": [{"player_name": "Lungi Ngidi", "Overs": "4", "Maidens": "0", "Runs": "34", "Wickets": "0", "Economy": "8.50", "Dots": "12"}, {"player_name": "Kagiso Rabada", "Overs": "10", "Maidens": "0", "Runs": "57", "Wickets": "0", "Economy": "5.70", "Dots": "36"}, {"player_name": "Andile Phehlukwayo", "Overs": "10", "Maidens": "1", "Runs": "52", "Wickets": "2", "Economy": "5.20", "Dots": "28"}, {"player_name": "Chris Morris", "Overs": "10", "Maidens": "0", "Runs": "73", "Wickets": "2", "Economy": "7.30", "Dots": "23"}, {"player_name": "Aiden Markram", "Overs": "5", "Maidens": "0", "Runs": "38", "Wickets": "0", "Economy": "7.60", "Dots": "10"}, {"player_name": "Imran Tahir", "Overs": "10", "Maidens": "0", "Runs": "57", "Wickets": "2", "Economy": "5.70", "Dots": "25"}, {"player_name": "JP Duminy", "Overs": "1", "Maidens": "0", "Runs": "10", "Wickets": "0", "Economy": "10.00", "Dots": "2"}]}, "Team2": {"Name": "Bangladesh", "score": "330/6", "overs": "50/50 ov", "rr": "RR: 6.60", "batting": [{"Player Name": "Tamim Iqbal", "Dismissed by": "c Quinton de Kock b Andile Phehlukwayo", "Runs": "16", "Balls Faced": "29", "Fours": "2", "Sixes": "0", "Strike Rate": "55.17"}, {"Player Name": "Soumya Sarkar", "Dismissed by": "c Quinton de Kock b Chris Morris", "Runs": "42", "Balls Faced": "30", "Fours": "9", "Sixes": "0", "Strike Rate": "140.00"}, {"Player Name": "Shakib Al Hasan", "Dismissed by": "b Imran Tahir", "Runs": "75", "Balls Faced": "84", "Fours": "8", "Sixes": "1", "Strike Rate": "89.28"}, {"Player Name": "Mushfiqur Rahim", "Dismissed by": "c Rassie van der Dussen b Andile Phehlukwayo", "Runs": "78", "Balls Faced": "80", "Fours": "8", "Sixes": "0", "Strike Rate": "97.50"}, {"Player Name": "Mohammad Mithun", "Dismissed by": "b Imran Tahir", "Runs": "21", "Balls Faced": "21", "Fours": "2", "Sixes": "1", "Strike Rate": "100.00"}, {"Player Name": "Mahmudullah", "Dismissed by": "", "Runs": "46", "Balls Faced": "33", "Fours": "3", "Sixes": "1", "Strike Rate": "139.39"}, {"Player Name": "Mosaddek Hossain", "Dismissed by": "c Andile Phehlukwayo b Chris Morris", "Runs": "26", "Balls Faced": "20", "Fours": "4", "Sixes": "0", "Strike Rate": "130.00"}, {"Player Name": "Mehidy Hasan", "Dismissed by": "", "Runs": "5", "Balls Faced": "3", "Fours": "1", "Sixes": "0", "Strike Rate": "166.66"}, {"Player Name": "Mohammad Saifuddin", "Dismissed by": "", "Runs": "-", "Balls Faced": "-", "Fours": "-", "Sixes": "-", "Strike Rate": "-"}, {"Player Name": "Mashrafe Mortaza", "Dismissed by": "", "Runs": "-", "Balls Faced": "-", "Fours": "-", "Sixes": "-", "Strike Rate": "-"}, {"Player Name": "Mustafizur Rahman", "Dismissed by": "", "Runs": "-", "Balls Faced": "-", "Fours": "-", "Sixes": "-", "Strike Rate": "-"}], "Extras": "Extras (w 12, lb 9)", "balling": [{"player_name": "Mustafizur Rahman", "Overs": "10", "Maidens": "0", "Runs": "67", "Wickets": "3", "Economy": "6.70", "Dots": "30"}, {"player_name": "Mehidy Hasan", "Overs": "10", "Maidens": "0", "Runs": "44", "Wickets": "1", "Economy": "4.40", "Dots": "27"}, {"player_name": "Mohammad Saifuddin", "Overs": "8", "Maidens": "1", "Runs": "57", "Wickets": "2", "Economy": "7.12", "Dots": "17"}, {"player_name": "Shakib Al Hasan", "Overs": "10", "Maidens": "0", "Runs": "50", "Wickets": "1", "Economy": "5.00", "Dots": "21"}, {"player_name": "Mashrafe Mortaza", "Overs": "6", "Maidens": "0", "Runs": "49", "Wickets": "0", "Economy": "8.16", "Dots": "6"}, {"player_name": "Mosaddek Hossain", "Overs": "6", "Maidens": "0", "Runs": "38", "Wickets": "0", "Economy": "6.33", "Dots": "11"}]}, "match_id": "8196"}