{"date": "11/19/2022 03:20:00 AM", "home": "Australia", "away": "England", "place": "SCG", "result": "Australia won by 72 runs", "Team1": {"Name": "Australia", "score": "280/8", "overs": "50/50 ov", "rr": "RR: 5.60", "batting": [{"Player Name": "David Warner", "Dismissed by": "c Liam Dawson b Moeen Ali", "Runs": "16", "Balls Faced": "17", "Fours": "2", "Sixes": "0", "Strike Rate": "94.11"}, {"Player Name": "Travis Head", "Dismissed by": "c Moeen Ali b Chris Woakes", "Runs": "19", "Balls Faced": "28", "Fours": "3", "Sixes": "0", "Strike Rate": "67.85"}, {"Player Name": "Steve Smith", "Dismissed by": "c Phil Salt b Adil Rashid", "Runs": "94", "Balls Faced": "114", "Fours": "5", "Sixes": "1", "Strike Rate": "82.45"}, {"Player Name": "Marnus Labuschagne", "Dismissed by": "c Jason Roy b Adil Rashid", "Runs": "58", "Balls Faced": "55", "Fours": "4", "Sixes": "1", "Strike Rate": "105.45"}, {"Player Name": "Alex Carey", "Dismissed by": "st Sam Billings b Adil Rashid", "Runs": "0", "Balls Faced": "1", "Fours": "0", "Sixes": "0", "Strike Rate": "0.00"}, {"Player Name": "Mitchell Marsh", "Dismissed by": "c James Vince b David Willey", "Runs": "50", "Balls Faced": "59", "Fours": "2", "Sixes": "2", "Strike Rate": "84.74"}, {"Player Name": "Marcus Stoinis", "Dismissed by": "b Chris Woakes", "Runs": "13", "Balls Faced": "14", "Fours": "0", "Sixes": "1", "Strike Rate": "92.85"}, {"Player Name": "Ashton Agar", "Dismissed by": "", "Runs": "18", "Balls Faced": "12", "Fours": "0", "Sixes": "1", "Strike Rate": "150.00"}, {"Player Name": "Mitchell Starc", "Dismissed by": "c Chris Woakes b David Willey", "Runs": "0", "Balls Faced": "1", "Fours": "0", "Sixes": "0", "Strike Rate": "0.00"}, {"Player Name": "Adam Zampa", "Dismissed by": "", "Runs": "0", "Balls Faced": "0", "Fours": "0", "Sixes": "0", "Strike Rate": "-"}, {"Player Name": "Josh Hazlewood", "Dismissed by": "", "Runs": "-", "Balls Faced": "-", "Fours": "-", "Sixes": "-", "Strike Rate": "-"}], "Extras": "Extras (nb 1, w 1, b 4, lb 6)", "balling": [{"player_name": "Mitchell Starc", "Overs": "8", "Maidens": "1", "Runs": "47", "Wickets": "4", "Economy": "5.87", "Dots": "25"}, {"player_name": "Josh Hazlewood", "Overs": "7", "Maidens": "1", "Runs": "33", "Wickets": "2", "Economy": "4.71", "Dots": "25"}, {"player_name": "Ashton Agar", "Overs": "7", "Maidens": "0", "Runs": "41", "Wickets": "0", "Economy": "5.85", "Dots": "18"}, {"player_name": "Marcus Stoinis", "Overs": "5", "Maidens": "0", "Runs": "29", "Wickets": "0", "Economy": "5.80", "Dots": "12"}, {"player_name": "Adam Zampa", "Overs": "9.5", "Maidens": "1", "Runs": "45", "Wickets": "4", "Economy": "4.57", "Dots": "35"}, {"player_name": "Mitchell Marsh", "Overs": "2", "Maidens": "0", "Runs": "12", "Wickets": "0", "Economy": "6.00", "Dots": "6"}]}, "Team2": {"Name": "England", "score": "208", "overs": "38.5/50 ov", "rr": "RR: 5.35", "batting": [{"Player Name": "Jason Roy", "Dismissed by": "c Alex Carey b Mitchell Starc", "Runs": "0", "Balls Faced": "2", "Fours": "0", "Sixes": "0", "Strike Rate": "0.00"}, {"Player Name": "Phil Salt", "Dismissed by": "b Josh Hazlewood", "Runs": "23", "Balls Faced": "16", "Fours": "2", "Sixes": "1", "Strike Rate": "143.75"}, {"Player Name": "Dawid Malan", "Dismissed by": "b Mitchell Starc", "Runs": "0", "Balls Faced": "3", "Fours": "0", "Sixes": "0", "Strike Rate": "0.00"}, {"Player Name": "James Vince", "Dismissed by": "lbw Josh Hazlewood", "Runs": "60", "Balls Faced": "72", "Fours": "3", "Sixes": "2", "Strike Rate": "83.33"}, {"Player Name": "Sam Billings", "Dismissed by": "b Adam Zampa", "Runs": "71", "Balls Faced": "80", "Fours": "3", "Sixes": "2", "Strike Rate": "88.75"}, {"Player Name": "Moeen Ali", "Dismissed by": "b Adam Zampa", "Runs": "10", "Balls Faced": "4", "Fours": "1", "Sixes": "1", "Strike Rate": "250.00"}, {"Player Name": "Chris Woakes", "Dismissed by": "b Mitchell Starc", "Runs": "7", "Balls Faced": "14", "Fours": "1", "Sixes": "0", "Strike Rate": "50.00"}, {"Player Name": "Sam Curran", "Dismissed by": "c Josh Hazlewood b Adam Zampa", "Runs": "0", "Balls Faced": "4", "Fours": "0", "Sixes": "0", "Strike Rate": "0.00"}, {"Player Name": "Liam Dawson", "Dismissed by": "lbw Adam Zampa", "Runs": "20", "Balls Faced": "21", "Fours": "1", "Sixes": "1", "Strike Rate": "95.23"}, {"Player Name": "David Willey", "Dismissed by": "b Mitchell Starc", "Runs": "6", "Balls Faced": "8", "Fours": "1", "Sixes": "0", "Strike Rate": "75.00"}, {"Player Name": "Adil Rashid", "Dismissed by": "", "Runs": "3", "Balls Faced": "10", "Fours": "0", "Sixes": "0", "Strike Rate": "30.00"}], "Extras": "Extras (nb 1, w 6, lb 1)", "balling": [{"player_name": "Chris Woakes", "Overs": "10", "Maidens": "0", "Runs": "42", "Wickets": "2", "Economy": "4.20", "Dots": "35"}, {"player_name": "David Willey", "Overs": "9", "Maidens": "0", "Runs": "44", "Wickets": "2", "Economy": "4.88", "Dots": "28"}, {"player_name": "Moeen Ali", "Overs": "4", "Maidens": "0", "Runs": "24", "Wickets": "1", "Economy": "6.00", "Dots": "10"}, {"player_name": "Adil Rashid", "Overs": "10", "Maidens": "0", "Runs": "57", "Wickets": "3", "Economy": "5.70", "Dots": "24"}, {"player_name": "Liam Dawson", "Overs": "10", "Maidens": "0", "Runs": "48", "Wickets": "0", "Economy": "4.80", "Dots": "26"}, {"player_name": "Sam Curran", "Overs": "7", "Maidens": "0", "Runs": "55", "Wickets": "0", "Economy": "7.85", "Dots": "13"}]}, "match_id": "100701"}