{"date": "09/28/2016 08:30:00 AM", "home": "Bangladesh", "away": "Afghanistan", "place": "Sher-e-Bangla National Cricket Stadium", "result": "Afghanistan won by 2 wickets", "Team1": {"Name": "Bangladesh", "score": "208", "overs": "49.2/50 ov", "rr": "RR: 4.21", "batting": [{"Player Name": "Tamim Iqbal", "Dismissed by": "c Dawlat Zadran b Mirwais Ashraf", "Runs": "20", "Balls Faced": "36", "Fours": "3", "Sixes": "0", "Strike Rate": "55.55"}, {"Player Name": "Soumya Sarkar", "Dismissed by": "c Hashmatullah Shahidi b Mirwais Ashraf", "Runs": "20", "Balls Faced": "31", "Fours": "2", "Sixes": "0", "Strike Rate": "64.51"}, {"Player Name": "Mahmudullah", "Dismissed by": "b Naveen-ul-Haq", "Runs": "25", "Balls Faced": "39", "Fours": "3", "Sixes": "0", "Strike Rate": "64.10"}, {"Player Name": "Mushfiqur Rahim", "Dismissed by": "c Naveen-ul-Haq b Rahmat Shah", "Runs": "38", "Balls Faced": "51", "Fours": "4", "Sixes": "0", "Strike Rate": "74.50"}, {"Player Name": "Shakib Al Hasan", "Dismissed by": "lbw Mohammad Nabi", "Runs": "17", "Balls Faced": "21", "Fours": "2", "Sixes": "0", "Strike Rate": "80.95"}, {"Player Name": "Sabbir Rahman", "Dismissed by": "lbw Rashid Khan", "Runs": "4", "Balls Faced": "16", "Fours": "0", "Sixes": "0", "Strike Rate": "25.00"}, {"Player Name": "Mosaddek Hossain", "Dismissed by": "", "Runs": "45", "Balls Faced": "45", "Fours": "4", "Sixes": "2", "Strike Rate": "100.00"}, {"Player Name": "Mashrafe Mortaza", "Dismissed by": "c Dawlat Zadran b Mohammad Nabi", "Runs": "2", "Balls Faced": "10", "Fours": "0", "Sixes": "0", "Strike Rate": "20.00"}, {"Player Name": "Taijul Islam", "Dismissed by": "lbw Rashid Khan", "Runs": "10", "Balls Faced": "31", "Fours": "1", "Sixes": "0", "Strike Rate": "32.25"}, {"Player Name": "Taskin Ahmed", "Dismissed by": "lbw Rashid Khan", "Runs": "0", "Balls Faced": "1", "Fours": "0", "Sixes": "0", "Strike Rate": "0.00"}, {"Player Name": "Rubel Hossain", "Dismissed by": "run out (Naveen-ul-Haq)", "Runs": "10", "Balls Faced": "16", "Fours": "1", "Sixes": "0", "Strike Rate": "62.50"}], "Extras": "Extras (nb 1, w 8, b 1, lb 7)", "balling": [{"player_name": "Mashrafe Mortaza", "Overs": "10", "Maidens": "0", "Runs": "31", "Wickets": "1", "Economy": "3.10", "Dots": "44"}, {"player_name": "Shakib Al Hasan", "Overs": "10", "Maidens": "0", "Runs": "47", "Wickets": "4", "Economy": "4.70", "Dots": "43"}, {"player_name": "Taskin Ahmed", "Overs": "4.4", "Maidens": "0", "Runs": "32", "Wickets": "1", "Economy": "6.85", "Dots": "18"}, {"player_name": "Taijul Islam", "Overs": "10", "Maidens": "0", "Runs": "38", "Wickets": "0", "Economy": "3.80", "Dots": "32"}, {"player_name": "Mosaddek Hossain", "Overs": "10", "Maidens": "1", "Runs": "30", "Wickets": "2", "Economy": "3.00", "Dots": "37"}, {"player_name": "Sabbir Rahman", "Overs": "2", "Maidens": "0", "Runs": "8", "Wickets": "0", "Economy": "4.00", "Dots": "7"}, {"player_name": "Rubel Hossain", "Overs": "3", "Maidens": "0", "Runs": "24", "Wickets": "0", "Economy": "8.00", "Dots": "10"}]}, "Team2": {"Name": "Afghanistan", "score": "212/8", "overs": "49.4/50 ov", "rr": "RR: 4.26", "batting": [{"Player Name": "Mohammad Shahzad", "Dismissed by": "c Taskin Ahmed b Shakib Al Hasan", "Runs": "35", "Balls Faced": "35", "Fours": "4", "Sixes": "2", "Strike Rate": "100.00"}, {"Player Name": "Nawroz Mangal", "Dismissed by": "c Taijul Islam b Shakib Al Hasan", "Runs": "10", "Balls Faced": "16", "Fours": "2", "Sixes": "0", "Strike Rate": "62.50"}, {"Player Name": "Rahmat Shah", "Dismissed by": "lbw Shakib Al Hasan", "Runs": "0", "Balls Faced": "2", "Fours": "0", "Sixes": "0", "Strike Rate": "0.00"}, {"Player Name": "Hashmatullah Shahidi", "Dismissed by": "lbw Mosaddek Hossain", "Runs": "14", "Balls Faced": "29", "Fours": "1", "Sixes": "0", "Strike Rate": "48.27"}, {"Player Name": "Asghar Afghan", "Dismissed by": "c Sabbir Rahman b Mosaddek Hossain", "Runs": "57", "Balls Faced": "95", "Fours": "4", "Sixes": "2", "Strike Rate": "60.00"}, {"Player Name": "Mohammad Nabi", "Dismissed by": "lbw Mashrafe Mortaza", "Runs": "49", "Balls Faced": "61", "Fours": "3", "Sixes": "2", "Strike Rate": "80.32"}, {"Player Name": "Najibullah Zadran", "Dismissed by": "c Mosaddek Hossain b Taskin Ahmed", "Runs": "22", "Balls Faced": "32", "Fours": "2", "Sixes": "0", "Strike Rate": "68.75"}, {"Player Name": "Rashid Khan", "Dismissed by": "lbw Shakib Al Hasan", "Runs": "5", "Balls Faced": "14", "Fours": "0", "Sixes": "0", "Strike Rate": "35.71"}, {"Player Name": "Mirwais Ashraf", "Dismissed by": "", "Runs": "9", "Balls Faced": "13", "Fours": "0", "Sixes": "1", "Strike Rate": "69.23"}, {"Player Name": "Dawlat Zadran", "Dismissed by": "", "Runs": "4", "Balls Faced": "1", "Fours": "1", "Sixes": "0", "Strike Rate": "400.00"}, {"Player Name": "Naveen-ul-Haq", "Dismissed by": "", "Runs": "-", "Balls Faced": "-", "Fours": "-", "Sixes": "-", "Strike Rate": "-"}], "Extras": "Extras (w 5, lb 2)", "balling": [{"player_name": "Mohammad Nabi", "Overs": "10", "Maidens": "3", "Runs": "16", "Wickets": "2", "Economy": "1.60", "Dots": "44"}, {"player_name": "Dawlat Zadran", "Overs": "8", "Maidens": "1", "Runs": "47", "Wickets": "0", "Economy": "5.87", "Dots": "29"}, {"player_name": "Mirwais Ashraf", "Overs": "5", "Maidens": "0", "Runs": "23", "Wickets": "2", "Economy": "4.60", "Dots": "21"}, {"player_name": "Naveen-ul-Haq", "Overs": "8.2", "Maidens": "0", "Runs": "49", "Wickets": "1", "Economy": "5.88", "Dots": "27"}, {"player_name": "Rashid Khan", "Overs": "10", "Maidens": "2", "Runs": "35", "Wickets": "3", "Economy": "3.50", "Dots": "39"}, {"player_name": "Rahmat Shah", "Overs": "8", "Maidens": "0", "Runs": "30", "Wickets": "1", "Economy": "3.75", "Dots": "26"}]}, "match_id": "4415"}