{"date": "02/08/2020 02:00:00 AM", "home": "New Zealand", "away": "India", "place": "Eden Park", "result": "New Zealand won by 22 runs", "Team1": {"Name": "New Zealand", "score": "273/8", "overs": "50/50 ov", "rr": "RR: 5.46", "batting": [{"Player Name": "Martin Guptill", "Dismissed by": "run out (Shardul Thakur/KL Rahul)", "Runs": "79", "Balls Faced": "79", "Fours": "8", "Sixes": "3", "Strike Rate": "100.00"}, {"Player Name": "Henry Nicholls", "Dismissed by": "lbw Yuzvendra Chahal", "Runs": "41", "Balls Faced": "59", "Fours": "5", "Sixes": "0", "Strike Rate": "69.49"}, {"Player Name": "Tom Blundell", "Dismissed by": "c Navdeep Saini b Shardul Thakur", "Runs": "22", "Balls Faced": "25", "Fours": "3", "Sixes": "0", "Strike Rate": "88.00"}, {"Player Name": "Ross Taylor", "Dismissed by": "", "Runs": "73", "Balls Faced": "74", "Fours": "6", "Sixes": "2", "Strike Rate": "98.64"}, {"Player Name": "Tom Latham", "Dismissed by": "lbw Ravindra Jadeja", "Runs": "7", "Balls Faced": "14", "Fours": "0", "Sixes": "0", "Strike Rate": "50.00"}, {"Player Name": "Jimmy Neesham", "Dismissed by": "run out (Ravindra Jadeja)", "Runs": "3", "Balls Faced": "5", "Fours": "0", "Sixes": "0", "Strike Rate": "60.00"}, {"Player Name": "Colin de Grandhomme", "Dismissed by": "c Shreyas Iyer b Shardul Thakur", "Runs": "5", "Balls Faced": "8", "Fours": "1", "Sixes": "0", "Strike Rate": "62.50"}, {"Player Name": "Mark Chapman", "Dismissed by": "c & b Yuzvendra Chahal", "Runs": "1", "Balls Faced": "2", "Fours": "0", "Sixes": "0", "Strike Rate": "50.00"}, {"Player Name": "Tim Southee", "Dismissed by": "c Navdeep Saini b Yuzvendra Chahal", "Runs": "3", "Balls Faced": "10", "Fours": "0", "Sixes": "0", "Strike Rate": "30.00"}, {"Player Name": "Kyle Jamieson", "Dismissed by": "", "Runs": "25", "Balls Faced": "24", "Fours": "1", "Sixes": "2", "Strike Rate": "104.16"}, {"Player Name": "Hamish Bennett", "Dismissed by": "", "Runs": "-", "Balls Faced": "-", "Fours": "-", "Sixes": "-", "Strike Rate": "-"}], "Extras": "Extras (w 6, b 4, lb 4)", "balling": [{"player_name": "Hamish Bennett", "Overs": "9", "Maidens": "0", "Runs": "58", "Wickets": "2", "Economy": "6.44", "Dots": "27"}, {"player_name": "Tim Southee", "Overs": "10", "Maidens": "1", "Runs": "41", "Wickets": "2", "Economy": "4.10", "Dots": "40"}, {"player_name": "Kyle Jamieson", "Overs": "10", "Maidens": "1", "Runs": "42", "Wickets": "2", "Economy": "4.20", "Dots": "38"}, {"player_name": "Colin de Grandhomme", "Overs": "10", "Maidens": "1", "Runs": "54", "Wickets": "2", "Economy": "5.40", "Dots": "33"}, {"player_name": "Jimmy Neesham", "Overs": "9.3", "Maidens": "0", "Runs": "52", "Wickets": "1", "Economy": "5.47", "Dots": "33"}]}, "Team2": {"Name": "India", "score": "251", "overs": "48.3/50 ov", "rr": "RR: 5.17", "batting": [{"Player Name": "Prithvi Shaw", "Dismissed by": "b Kyle Jamieson", "Runs": "24", "Balls Faced": "19", "Fours": "6", "Sixes": "0", "Strike Rate": "126.31"}, {"Player Name": "Mayank Agarwal", "Dismissed by": "c Ross Taylor b Hamish Bennett", "Runs": "3", "Balls Faced": "5", "Fours": "0", "Sixes": "0", "Strike Rate": "60.00"}, {"Player Name": "Virat Kohli", "Dismissed by": "b Tim Southee", "Runs": "15", "Balls Faced": "25", "Fours": "1", "Sixes": "0", "Strike Rate": "60.00"}, {"Player Name": "Shreyas Iyer", "Dismissed by": "c Tom Latham b Hamish Bennett", "Runs": "52", "Balls Faced": "57", "Fours": "7", "Sixes": "1", "Strike Rate": "91.22"}, {"Player Name": "KL Rahul", "Dismissed by": "b Colin de Grandhomme", "Runs": "4", "Balls Faced": "8", "Fours": "0", "Sixes": "0", "Strike Rate": "50.00"}, {"Player Name": "Kedar Jadhav", "Dismissed by": "c Henry Nicholls b Tim Southee", "Runs": "9", "Balls Faced": "27", "Fours": "1", "Sixes": "0", "Strike Rate": "33.33"}, {"Player Name": "Ravindra Jadeja", "Dismissed by": "c Colin de Grandhomme b Jimmy Neesham", "Runs": "55", "Balls Faced": "73", "Fours": "2", "Sixes": "1", "Strike Rate": "75.34"}, {"Player Name": "Shardul Thakur", "Dismissed by": "b Colin de Grandhomme", "Runs": "18", "Balls Faced": "15", "Fours": "3", "Sixes": "0", "Strike Rate": "120.00"}, {"Player Name": "Navdeep Saini", "Dismissed by": "b Kyle Jamieson", "Runs": "45", "Balls Faced": "49", "Fours": "5", "Sixes": "2", "Strike Rate": "91.83"}, {"Player Name": "Yuzvendra Chahal", "Dismissed by": "run out (Jimmy Neesham/Tom Latham)", "Runs": "10", "Balls Faced": "12", "Fours": "1", "Sixes": "0", "Strike Rate": "83.33"}, {"Player Name": "Jasprit Bumrah", "Dismissed by": "", "Runs": "0", "Balls Faced": "1", "Fours": "0", "Sixes": "0", "Strike Rate": "0.00"}], "Extras": "Extras (w 12, lb 4)", "balling": [{"player_name": "Shardul Thakur", "Overs": "10", "Maidens": "1", "Runs": "60", "Wickets": "2", "Economy": "6.00", "Dots": "34"}, {"player_name": "Jasprit Bumrah", "Overs": "10", "Maidens": "0", "Runs": "64", "Wickets": "0", "Economy": "6.40", "Dots": "25"}, {"player_name": "Navdeep Saini", "Overs": "10", "Maidens": "0", "Runs": "48", "Wickets": "0", "Economy": "4.80", "Dots": "36"}, {"player_name": "Yuzvendra Chahal", "Overs": "10", "Maidens": "0", "Runs": "58", "Wickets": "3", "Economy": "5.80", "Dots": "27"}, {"player_name": "Ravindra Jadeja", "Overs": "10", "Maidens": "0", "Runs": "35", "Wickets": "1", "Economy": "3.50", "Dots": "34"}]}, "match_id": "15359"}