{"date": "07/31/2019 09:00:00 AM", "home": "Sri Lanka", "away": "Bangladesh", "place": "R Premadasa Stadium", "result": "Sri Lanka win by 122 runs", "Team1": {"Name": "Sri Lanka", "score": "294/8", "overs": "50/50 ov", "rr": "RR: 5.88", "batting": [{"Player Name": "Avishka Fernando", "Dismissed by": "lbw Shafiul Islam", "Runs": "6", "Balls Faced": "14", "Fours": "0", "Sixes": "0", "Strike Rate": "42.85"}, {"Player Name": "Dimuth Karunaratne", "Dismissed by": "c Mushfiqur Rahim b Taijul Islam", "Runs": "46", "Balls Faced": "60", "Fours": "6", "Sixes": "0", "Strike Rate": "76.66"}, {"Player Name": "Kusal Perera", "Dismissed by": "c Mushfiqur Rahim b Rubel Hossain", "Runs": "42", "Balls Faced": "51", "Fours": "5", "Sixes": "0", "Strike Rate": "82.35"}, {"Player Name": "Kusal Mendis", "Dismissed by": "c Sabbir Rahman b Soumya Sarkar", "Runs": "54", "Balls Faced": "58", "Fours": "5", "Sixes": "1", "Strike Rate": "93.10"}, {"Player Name": "Angelo Mathews", "Dismissed by": "c Mushfiqur Rahim b Soumya Sarkar", "Runs": "87", "Balls Faced": "90", "Fours": "8", "Sixes": "1", "Strike Rate": "96.66"}, {"Player Name": "Dasun Shanaka", "Dismissed by": "c Sabbir Rahman b Shafiul Islam", "Runs": "30", "Balls Faced": "14", "Fours": "2", "Sixes": "2", "Strike Rate": "214.28"}, {"Player Name": "Shehan Jayasuriya", "Dismissed by": "c Tamim Iqbal b Shafiul Islam", "Runs": "13", "Balls Faced": "7", "Fours": "1", "Sixes": "1", "Strike Rate": "185.71"}, {"Player Name": "Wanindu Hasaranga", "Dismissed by": "", "Runs": "12", "Balls Faced": "5", "Fours": "2", "Sixes": "0", "Strike Rate": "240.00"}, {"Player Name": "Akila Dananjaya", "Dismissed by": "c Sabbir Rahman b Soumya Sarkar", "Runs": "0", "Balls Faced": "1", "Fours": "0", "Sixes": "0", "Strike Rate": "0.00"}, {"Player Name": "Kasun Rajitha", "Dismissed by": "", "Runs": "0", "Balls Faced": "0", "Fours": "0", "Sixes": "0", "Strike Rate": "-"}, {"Player Name": "Lahiru Kumara", "Dismissed by": "", "Runs": "-", "Balls Faced": "-", "Fours": "-", "Sixes": "-", "Strike Rate": "-"}], "Extras": "Extras (w 4)", "balling": [{"player_name": "Shehan Jayasuriya", "Overs": "6", "Maidens": "0", "Runs": "40", "Wickets": "0", "Economy": "6.66", "Dots": "13"}, {"player_name": "Kasun Rajitha", "Overs": "5", "Maidens": "0", "Runs": "17", "Wickets": "2", "Economy": "3.40", "Dots": "22"}, {"player_name": "Akila Dananjaya", "Overs": "10", "Maidens": "0", "Runs": "44", "Wickets": "1", "Economy": "4.40", "Dots": "30"}, {"player_name": "Dasun Shanaka", "Overs": "6", "Maidens": "0", "Runs": "27", "Wickets": "3", "Economy": "4.50", "Dots": "20"}, {"player_name": "Wanindu Hasaranga", "Overs": "4", "Maidens": "1", "Runs": "16", "Wickets": "1", "Economy": "4.00", "Dots": "16"}, {"player_name": "Lahiru Kumara", "Overs": "5", "Maidens": "0", "Runs": "26", "Wickets": "2", "Economy": "5.20", "Dots": "17"}]}, "Team2": {"Name": "Bangladesh", "score": "172", "overs": "36/50 ov", "rr": "RR: 4.77", "batting": [{"Player Name": "Anamul Haque", "Dismissed by": "c Avishka Fernando b Kasun Rajitha", "Runs": "14", "Balls Faced": "23", "Fours": "2", "Sixes": "0", "Strike Rate": "60.86"}, {"Player Name": "Tamim Iqbal", "Dismissed by": "c Kusal Perera b Kasun Rajitha", "Runs": "2", "Balls Faced": "6", "Fours": "0", "Sixes": "0", "Strike Rate": "33.33"}, {"Player Name": "Soumya Sarkar", "Dismissed by": "b Akila Dananjaya", "Runs": "69", "Balls Faced": "86", "Fours": "5", "Sixes": "1", "Strike Rate": "80.23"}, {"Player Name": "Mushfiqur Rahim", "Dismissed by": "c Kusal Mendis b Dasun Shanaka", "Runs": "10", "Balls Faced": "15", "Fours": "1", "Sixes": "0", "Strike Rate": "66.66"}, {"Player Name": "Mohammad Mithun", "Dismissed by": "c Lahiru Kumara b Dasun Shanaka", "Runs": "4", "Balls Faced": "11", "Fours": "0", "Sixes": "0", "Strike Rate": "36.36"}, {"Player Name": "Mahmudullah", "Dismissed by": "c Kusal Perera b Dasun Shanaka", "Runs": "9", "Balls Faced": "12", "Fours": "1", "Sixes": "0", "Strike Rate": "75.00"}, {"Player Name": "Sabbir Rahman", "Dismissed by": "c Sub b Lahiru Kumara", "Runs": "7", "Balls Faced": "17", "Fours": "0", "Sixes": "0", "Strike Rate": "41.17"}, {"Player Name": "Mehidy Hasan", "Dismissed by": "c Sub b Lahiru Kumara", "Runs": "8", "Balls Faced": "6", "Fours": "2", "Sixes": "0", "Strike Rate": "133.33"}, {"Player Name": "Taijul Islam", "Dismissed by": "", "Runs": "39", "Balls Faced": "28", "Fours": "5", "Sixes": "1", "Strike Rate": "139.28"}, {"Player Name": "Shafiul Islam", "Dismissed by": "st Kusal Perera b Wanindu Hasaranga", "Runs": "1", "Balls Faced": "5", "Fours": "0", "Sixes": "0", "Strike Rate": "20.00"}, {"Player Name": "Rubel Hossain", "Dismissed by": "run out (Dimuth Karunaratne/Kusal Perera)", "Runs": "2", "Balls Faced": "6", "Fours": "0", "Sixes": "0", "Strike Rate": "33.33"}], "Extras": "Extras (w 5, lb 2)", "balling": [{"player_name": "Shafiul Islam", "Overs": "10", "Maidens": "2", "Runs": "68", "Wickets": "3", "Economy": "6.80", "Dots": "31"}, {"player_name": "Rubel Hossain", "Overs": "9", "Maidens": "1", "Runs": "55", "Wickets": "1", "Economy": "6.11", "Dots": "24"}, {"player_name": "Taijul Islam", "Overs": "10", "Maidens": "1", "Runs": "34", "Wickets": "1", "Economy": "3.40", "Dots": "35"}, {"player_name": "Mehidy Hasan", "Overs": "9", "Maidens": "0", "Runs": "59", "Wickets": "0", "Economy": "6.55", "Dots": "19"}, {"player_name": "Soumya Sarkar", "Overs": "9", "Maidens": "0", "Runs": "56", "Wickets": "3", "Economy": "6.22", "Dots": "21"}, {"player_name": "Mahmudullah", "Overs": "3", "Maidens": "0", "Runs": "22", "Wickets": "0", "Economy": "7.33", "Dots": "8"}]}, "match_id": "15569"}