{"date": "11/22/2022 03:20:00 AM", "home": "Australia", "away": "England", "place": "MCG", "result": "Australia won by 221 runs (DLS method)", "Team1": {"Name": "Australia", "score": "355/5", "overs": "48/48 ov", "rr": "RR: 7.39", "batting": [{"Player Name": "David Warner", "Dismissed by": "c David Willey b Olly Stone", "Runs": "106", "Balls Faced": "102", "Fours": "8", "Sixes": "2", "Strike Rate": "103.92"}, {"Player Name": "Travis Head", "Dismissed by": "b Olly Stone", "Runs": "152", "Balls Faced": "130", "Fours": "16", "Sixes": "4", "Strike Rate": "116.92"}, {"Player Name": "Steve Smith", "Dismissed by": "c Jos Buttler b Olly Stone", "Runs": "21", "Balls Faced": "16", "Fours": "2", "Sixes": "0", "Strike Rate": "131.25"}, {"Player Name": "Marcus Stoinis", "Dismissed by": "c Chris Jordan b Liam Dawson", "Runs": "12", "Balls Faced": "15", "Fours": "0", "Sixes": "0", "Strike Rate": "80.00"}, {"Player Name": "Mitchell Marsh", "Dismissed by": "c Liam Dawson b Olly Stone", "Runs": "30", "Balls Faced": "16", "Fours": "1", "Sixes": "2", "Strike Rate": "187.50"}, {"Player Name": "Alex Carey", "Dismissed by": "", "Runs": "12", "Balls Faced": "6", "Fours": "1", "Sixes": "0", "Strike Rate": "200.00"}, {"Player Name": "Marnus Labuschagne", "Dismissed by": "", "Runs": "8", "Balls Faced": "4", "Fours": "1", "Sixes": "0", "Strike Rate": "200.00"}, {"Player Name": "Sean Abbott", "Dismissed by": "", "Runs": "-", "Balls Faced": "-", "Fours": "-", "Sixes": "-", "Strike Rate": "-"}, {"Player Name": "Pat Cummins", "Dismissed by": "", "Runs": "-", "Balls Faced": "-", "Fours": "-", "Sixes": "-", "Strike Rate": "-"}, {"Player Name": "Adam Zampa", "Dismissed by": "", "Runs": "-", "Balls Faced": "-", "Fours": "-", "Sixes": "-", "Strike Rate": "-"}, {"Player Name": "Josh Hazlewood", "Dismissed by": "", "Runs": "-", "Balls Faced": "-", "Fours": "-", "Sixes": "-", "Strike Rate": "-"}], "Extras": "Extras (nb 1, w 9, lb 4)", "balling": [{"player_name": "Josh Hazlewood", "Overs": "7", "Maidens": "0", "Runs": "21", "Wickets": "1", "Economy": "3.00", "Dots": "29"}, {"player_name": "Pat Cummins", "Overs": "6", "Maidens": "2", "Runs": "25", "Wickets": "2", "Economy": "4.16", "Dots": "30"}, {"player_name": "Sean Abbott", "Overs": "8", "Maidens": "0", "Runs": "45", "Wickets": "2", "Economy": "5.62", "Dots": "26"}, {"player_name": "Mitchell Marsh", "Overs": "5", "Maidens": "0", "Runs": "18", "Wickets": "1", "Economy": "3.60", "Dots": "18"}, {"player_name": "Adam Zampa", "Overs": "5.4", "Maidens": "1", "Runs": "31", "Wickets": "4", "Economy": "5.47", "Dots": "18"}]}, "Team2": {"Name": "England", "score": "142", "overs": "31.4/48 ov", "rr": "RR: 4.48", "batting": [{"Player Name": "Jason Roy", "Dismissed by": "lbw Pat Cummins", "Runs": "33", "Balls Faced": "48", "Fours": "6", "Sixes": "0", "Strike Rate": "68.75"}, {"Player Name": "Dawid Malan", "Dismissed by": "c Alex Carey b Josh Hazlewood", "Runs": "2", "Balls Faced": "4", "Fours": "0", "Sixes": "0", "Strike Rate": "50.00"}, {"Player Name": "James Vince", "Dismissed by": "c Mackenzie Harvey b Sean Abbott", "Runs": "22", "Balls Faced": "45", "Fours": "1", "Sixes": "0", "Strike Rate": "48.88"}, {"Player Name": "Sam Billings", "Dismissed by": "c & b Pat Cummins", "Runs": "7", "Balls Faced": "12", "Fours": "1", "Sixes": "0", "Strike Rate": "58.33"}, {"Player Name": "Moeen Ali", "Dismissed by": "c Marnus Labuschagne b Adam Zampa", "Runs": "18", "Balls Faced": "31", "Fours": "2", "Sixes": "0", "Strike Rate": "58.06"}, {"Player Name": "Jos Buttler", "Dismissed by": "c Marcus Stoinis b Adam Zampa", "Runs": "1", "Balls Faced": "4", "Fours": "0", "Sixes": "0", "Strike Rate": "25.00"}, {"Player Name": "Chris Woakes", "Dismissed by": "lbw Adam Zampa", "Runs": "0", "Balls Faced": "1", "Fours": "0", "Sixes": "0", "Strike Rate": "0.00"}, {"Player Name": "Sam Curran", "Dismissed by": "c Josh Hazlewood b Sean Abbott", "Runs": "12", "Balls Faced": "15", "Fours": "0", "Sixes": "1", "Strike Rate": "80.00"}, {"Player Name": "Liam Dawson", "Dismissed by": "c Alex Carey b Mitchell Marsh", "Runs": "18", "Balls Faced": "19", "Fours": "2", "Sixes": "0", "Strike Rate": "94.73"}, {"Player Name": "David Willey", "Dismissed by": "", "Runs": "12", "Balls Faced": "7", "Fours": "2", "Sixes": "0", "Strike Rate": "171.42"}, {"Player Name": "Olly Stone", "Dismissed by": "b Adam Zampa", "Runs": "4", "Balls Faced": "4", "Fours": "1", "Sixes": "0", "Strike Rate": "100.00"}], "Extras": "Extras (w 11, lb 2)", "balling": [{"player_name": "Chris Woakes", "Overs": "10", "Maidens": "0", "Runs": "62", "Wickets": "0", "Economy": "6.20", "Dots": "24"}, {"player_name": "David Willey", "Overs": "9", "Maidens": "0", "Runs": "63", "Wickets": "0", "Economy": "7.00", "Dots": "26"}, {"player_name": "Olly Stone", "Overs": "10", "Maidens": "0", "Runs": "85", "Wickets": "4", "Economy": "8.50", "Dots": "24"}, {"player_name": "Sam Curran", "Overs": "9", "Maidens": "1", "Runs": "66", "Wickets": "0", "Economy": "7.33", "Dots": "20"}, {"player_name": "Liam Dawson", "Overs": "10", "Maidens": "0", "Runs": "75", "Wickets": "1", "Economy": "7.50", "Dots": "16"}]}, "match_id": "100702"}