{"date": "07/23/2021 09:30:00 AM", "home": "Sri Lanka", "away": "India", "place": "R Premadasa Stadium", "result": "Sri Lanka win by 3 wickets (DLS Method)", "Team1": {"Name": "Sri Lanka", "score": "227/7", "overs": "39/47 ov", "rr": "RR: 5.82", "batting": [{"Player Name": "Avishka Fernando", "Dismissed by": "c Prithvi Shaw b Rahul Chahar", "Runs": "76", "Balls Faced": "98", "Fours": "4", "Sixes": "1", "Strike Rate": "77.55"}, {"Player Name": "Minod Bhanuka", "Dismissed by": "c Chetan Sakariya b Krishnappa Gowtham", "Runs": "7", "Balls Faced": "17", "Fours": "1", "Sixes": "0", "Strike Rate": "41.17"}, {"Player Name": "Bhanuka Rajapaksa", "Dismissed by": "c Krishnappa Gowtham b Chetan Sakariya", "Runs": "65", "Balls Faced": "56", "Fours": "12", "Sixes": "0", "Strike Rate": "116.07"}, {"Player Name": "Dhananjaya de Silva", "Dismissed by": "c & b Chetan Sakariya", "Runs": "2", "Balls Faced": "9", "Fours": "0", "Sixes": "0", "Strike Rate": "22.22"}, {"Player Name": "Charith Asalanka", "Dismissed by": "lbw Hardik Pandya", "Runs": "24", "Balls Faced": "28", "Fours": "3", "Sixes": "0", "Strike Rate": "85.71"}, {"Player Name": "Dasun Shanaka", "Dismissed by": "c Manish Pandey b Rahul Chahar", "Runs": "0", "Balls Faced": "1", "Fours": "0", "Sixes": "0", "Strike Rate": "0.00"}, {"Player Name": "Ramesh Mendis", "Dismissed by": "", "Runs": "15", "Balls Faced": "18", "Fours": "1", "Sixes": "0", "Strike Rate": "83.33"}, {"Player Name": "Chamika Karunaratne", "Dismissed by": "st Sanju Samson b Rahul Chahar", "Runs": "3", "Balls Faced": "10", "Fours": "0", "Sixes": "0", "Strike Rate": "30.00"}, {"Player Name": "Akila Dananjaya", "Dismissed by": "", "Runs": "5", "Balls Faced": "2", "Fours": "1", "Sixes": "0", "Strike Rate": "250.00"}, {"Player Name": "Dushmantha Chameera", "Dismissed by": "", "Runs": "-", "Balls Faced": "-", "Fours": "-", "Sixes": "-", "Strike Rate": "-"}, {"Player Name": "Praveen Jayawickrama", "Dismissed by": "", "Runs": "-", "Balls Faced": "-", "Fours": "-", "Sixes": "-", "Strike Rate": "-"}], "Extras": "Extras (nb 5, w 15, b 4, lb 6)", "balling": [{"player_name": "Dushmantha Chameera", "Overs": "8.1", "Maidens": "0", "Runs": "55", "Wickets": "2", "Economy": "6.73", "Dots": "28"}, {"player_name": "Akila Dananjaya", "Overs": "10", "Maidens": "0", "Runs": "44", "Wickets": "3", "Economy": "4.40", "Dots": "32"}, {"player_name": "Chamika Karunaratne", "Overs": "6", "Maidens": "0", "Runs": "25", "Wickets": "1", "Economy": "4.16", "Dots": "24"}, {"player_name": "Praveen Jayawickrama", "Overs": "10", "Maidens": "0", "Runs": "59", "Wickets": "3", "Economy": "5.90", "Dots": "27"}, {"player_name": "Dasun Shanaka", "Overs": "8", "Maidens": "0", "Runs": "33", "Wickets": "1", "Economy": "4.12", "Dots": "26"}, {"player_name": "Ramesh Mendis", "Overs": "1", "Maidens": "0", "Runs": "8", "Wickets": "0", "Economy": "8.00", "Dots": "4"}]}, "Team2": {"Name": "India", "score": "225", "overs": "43.1/47 ov", "rr": "RR: 5.21", "batting": [{"Player Name": "Prithvi Shaw", "Dismissed by": "lbw Dasun Shanaka", "Runs": "49", "Balls Faced": "49", "Fours": "8", "Sixes": "0", "Strike Rate": "100.00"}, {"Player Name": "Shikhar Dhawan", "Dismissed by": "c Minod Bhanuka b Dushmantha Chameera", "Runs": "13", "Balls Faced": "11", "Fours": "3", "Sixes": "0", "Strike Rate": "118.18"}, {"Player Name": "Sanju Samson", "Dismissed by": "c Avishka Fernando b Praveen Jayawickrama", "Runs": "46", "Balls Faced": "46", "Fours": "5", "Sixes": "1", "Strike Rate": "100.00"}, {"Player Name": "Manish Pandey", "Dismissed by": "c Minod Bhanuka b Praveen Jayawickrama", "Runs": "11", "Balls Faced": "19", "Fours": "0", "Sixes": "0", "Strike Rate": "57.89"}, {"Player Name": "Suryakumar Yadav", "Dismissed by": "lbw Akila Dananjaya", "Runs": "40", "Balls Faced": "37", "Fours": "7", "Sixes": "0", "Strike Rate": "108.10"}, {"Player Name": "Hardik Pandya", "Dismissed by": "lbw Praveen Jayawickrama", "Runs": "19", "Balls Faced": "17", "Fours": "3", "Sixes": "0", "Strike Rate": "111.76"}, {"Player Name": "Nitish Rana", "Dismissed by": "c Minod Bhanuka b Akila Dananjaya", "Runs": "7", "Balls Faced": "14", "Fours": "0", "Sixes": "0", "Strike Rate": "50.00"}, {"Player Name": "Krishnappa Gowtham", "Dismissed by": "lbw Akila Dananjaya", "Runs": "2", "Balls Faced": "3", "Fours": "0", "Sixes": "0", "Strike Rate": "66.66"}, {"Player Name": "Rahul Chahar", "Dismissed by": "c & b Chamika Karunaratne", "Runs": "13", "Balls Faced": "25", "Fours": "0", "Sixes": "0", "Strike Rate": "52.00"}, {"Player Name": "Navdeep Saini", "Dismissed by": "c Avishka Fernando b Dushmantha Chameera", "Runs": "15", "Balls Faced": "37", "Fours": "0", "Sixes": "0", "Strike Rate": "40.54"}, {"Player Name": "Chetan Sakariya", "Dismissed by": "", "Runs": "0", "Balls Faced": "1", "Fours": "0", "Sixes": "0", "Strike Rate": "0.00"}], "Extras": "Extras (w 9, lb 1)", "balling": [{"player_name": "Navdeep Saini", "Overs": "5", "Maidens": "0", "Runs": "27", "Wickets": "0", "Economy": "5.40", "Dots": "18"}, {"player_name": "Chetan Sakariya", "Overs": "8", "Maidens": "0", "Runs": "34", "Wickets": "2", "Economy": "4.25", "Dots": "32"}, {"player_name": "Rahul Chahar", "Overs": "10", "Maidens": "0", "Runs": "54", "Wickets": "3", "Economy": "5.40", "Dots": "31"}, {"player_name": "Krishnappa Gowtham", "Overs": "8", "Maidens": "0", "Runs": "49", "Wickets": "1", "Economy": "6.12", "Dots": "25"}, {"player_name": "Hardik Pandya", "Overs": "5", "Maidens": "0", "Runs": "43", "Wickets": "1", "Economy": "8.60", "Dots": "12"}, {"player_name": "Nitish Rana", "Overs": "3", "Maidens": "0", "Runs": "10", "Wickets": "0", "Economy": "3.33", "Dots": "9"}]}, "match_id": "31876"}