{"date": "06/19/2022 09:00:00 AM", "home": "Netherlands", "away": "England", "place": "VRA Cricket Ground", "result": "England won by 6 wickets", "Team1": {"Name": "Netherlands", "score": "235/7", "overs": "41/41 ov", "rr": "RR: 5.73", "batting": [{"Player Name": "Vikramjit Singh", "Dismissed by": "c Brydon Carse b David Willey", "Runs": "10", "Balls Faced": "20", "Fours": "1", "Sixes": "0", "Strike Rate": "50.00"}, {"Player Name": "Max O'Dowd", "Dismissed by": "c Dawid Malan b Adil Rashid", "Runs": "7", "Balls Faced": "14", "Fours": "0", "Sixes": "0", "Strike Rate": "50.00"}, {"Player Name": "Tom Cooper", "Dismissed by": "lbw Brydon Carse", "Runs": "17", "Balls Faced": "20", "Fours": "2", "Sixes": "0", "Strike Rate": "85.00"}, {"Player Name": "Bas de Leede", "Dismissed by": "c David Willey b Liam Livingstone", "Runs": "34", "Balls Faced": "41", "Fours": "2", "Sixes": "1", "Strike Rate": "82.92"}, {"Player Name": "Scott Edwards", "Dismissed by": "run out (David Willey)", "Runs": "78", "Balls Faced": "73", "Fours": "4", "Sixes": "3", "Strike Rate": "106.84"}, {"Player Name": "Teja Nidamanuru", "Dismissed by": "b David Willey", "Runs": "28", "Balls Faced": "30", "Fours": "2", "Sixes": "1", "Strike Rate": "93.33"}, {"Player Name": "Logan van Beek", "Dismissed by": "", "Runs": "30", "Balls Faced": "36", "Fours": "0", "Sixes": "2", "Strike Rate": "83.33"}, {"Player Name": "Tim Pringle", "Dismissed by": "b Adil Rashid", "Runs": "0", "Balls Faced": "2", "Fours": "0", "Sixes": "0", "Strike Rate": "0.00"}, {"Player Name": "Shane Snater", "Dismissed by": "", "Runs": "17", "Balls Faced": "10", "Fours": "0", "Sixes": "1", "Strike Rate": "170.00"}, {"Player Name": "Vivian Kingma", "Dismissed by": "", "Runs": "-", "Balls Faced": "-", "Fours": "-", "Sixes": "-", "Strike Rate": "-"}, {"Player Name": "Aryan Dutt", "Dismissed by": "", "Runs": "-", "Balls Faced": "-", "Fours": "-", "Sixes": "-", "Strike Rate": "-"}], "Extras": "Extras (w 4, b 5, lb 5)", "balling": [{"player_name": "Logan van Beek", "Overs": "6", "Maidens": "1", "Runs": "26", "Wickets": "0", "Economy": "4.33", "Dots": "21"}, {"player_name": "Vivian Kingma", "Overs": "2", "Maidens": "0", "Runs": "16", "Wickets": "0", "Economy": "8.00", "Dots": "8"}, {"player_name": "Tim Pringle", "Overs": "8", "Maidens": "0", "Runs": "51", "Wickets": "1", "Economy": "6.37", "Dots": "22"}, {"player_name": "Shane Snater", "Overs": "3.1", "Maidens": "0", "Runs": "26", "Wickets": "0", "Economy": "8.21", "Dots": "6"}, {"player_name": "Bas de Leede", "Overs": "3", "Maidens": "0", "Runs": "27", "Wickets": "0", "Economy": "9.00", "Dots": "6"}, {"player_name": "Aryan Dutt", "Overs": "9", "Maidens": "1", "Runs": "55", "Wickets": "2", "Economy": "6.11", "Dots": "25"}, {"player_name": "Tom Cooper", "Overs": "4", "Maidens": "0", "Runs": "25", "Wickets": "1", "Economy": "6.25", "Dots": "10"}, {"player_name": "Teja Nidamanuru", "Overs": "1", "Maidens": "0", "Runs": "8", "Wickets": "0", "Economy": "8.00", "Dots": "3"}]}, "Team2": {"Name": "England", "score": "239/4", "overs": "36.1/41 ov", "rr": "RR: 6.60", "batting": [{"Player Name": "Jason Roy", "Dismissed by": "c Shane Snater b Aryan Dutt", "Runs": "73", "Balls Faced": "60", "Fours": "13", "Sixes": "1", "Strike Rate": "121.66"}, {"Player Name": "Phil Salt", "Dismissed by": "b Aryan Dutt", "Runs": "77", "Balls Faced": "54", "Fours": "9", "Sixes": "0", "Strike Rate": "142.59"}, {"Player Name": "Dawid Malan", "Dismissed by": "", "Runs": "36", "Balls Faced": "50", "Fours": "1", "Sixes": "1", "Strike Rate": "72.00"}, {"Player Name": "Eoin Morgan", "Dismissed by": "c Shane Snater b Tom Cooper", "Runs": "0", "Balls Faced": "7", "Fours": "0", "Sixes": "0", "Strike Rate": "0.00"}, {"Player Name": "Liam Livingstone", "Dismissed by": "b Tim Pringle", "Runs": "4", "Balls Faced": "6", "Fours": "0", "Sixes": "0", "Strike Rate": "66.66"}, {"Player Name": "Moeen Ali", "Dismissed by": "", "Runs": "42", "Balls Faced": "40", "Fours": "5", "Sixes": "1", "Strike Rate": "105.00"}, {"Player Name": "Jos Buttler", "Dismissed by": "", "Runs": "-", "Balls Faced": "-", "Fours": "-", "Sixes": "-", "Strike Rate": "-"}, {"Player Name": "David Willey", "Dismissed by": "", "Runs": "-", "Balls Faced": "-", "Fours": "-", "Sixes": "-", "Strike Rate": "-"}, {"Player Name": "Brydon Carse", "Dismissed by": "", "Runs": "-", "Balls Faced": "-", "Fours": "-", "Sixes": "-", "Strike Rate": "-"}, {"Player Name": "Adil Rashid", "Dismissed by": "", "Runs": "-", "Balls Faced": "-", "Fours": "-", "Sixes": "-", "Strike Rate": "-"}, {"Player Name": "Reece Topley", "Dismissed by": "", "Runs": "-", "Balls Faced": "-", "Fours": "-", "Sixes": "-", "Strike Rate": "-"}], "Extras": "Extras (w 2, lb 5)", "balling": [{"player_name": "David Willey", "Overs": "8", "Maidens": "0", "Runs": "46", "Wickets": "2", "Economy": "5.75", "Dots": "26"}, {"player_name": "Reece Topley", "Overs": "8", "Maidens": "1", "Runs": "35", "Wickets": "0", "Economy": "4.37", "Dots": "29"}, {"player_name": "Adil Rashid", "Overs": "9", "Maidens": "0", "Runs": "50", "Wickets": "2", "Economy": "5.55", "Dots": "24"}, {"player_name": "Brydon Carse", "Overs": "7", "Maidens": "0", "Runs": "36", "Wickets": "1", "Economy": "5.14", "Dots": "22"}, {"player_name": "Moeen Ali", "Overs": "4", "Maidens": "0", "Runs": "30", "Wickets": "0", "Economy": "7.50", "Dots": "9"}, {"player_name": "Liam Livingstone", "Overs": "5", "Maidens": "0", "Runs": "28", "Wickets": "1", "Economy": "5.60", "Dots": "12"}]}, "match_id": "34011"}