{"date": "09/27/2023 08:00:00 AM", "home": "India", "away": "Australia", "place": "Saurashtra Cricket Association Stadium", "result": "Australia won by 66 runs", "Team1": {"Name": "India", "score": "286", "overs": "49.4/50 ov", "rr": "RR: 5.75", "batting": [{"Player Name": "Rohit Sharma", "Dismissed by": "c & b Glenn Maxwell", "Runs": "81", "Balls Faced": "57", "Fours": "5", "Sixes": "6", "Strike Rate": "142.10"}, {"Player Name": "Washington Sundar", "Dismissed by": "c Marnus Labuschagne b Glenn Maxwell", "Runs": "18", "Balls Faced": "30", "Fours": "1", "Sixes": "1", "Strike Rate": "60.00"}, {"Player Name": "Virat Kohli", "Dismissed by": "c Steve Smith b Glenn Maxwell", "Runs": "56", "Balls Faced": "61", "Fours": "5", "Sixes": "1", "Strike Rate": "91.80"}, {"Player Name": "Shreyas Iyer", "Dismissed by": "b Glenn Maxwell", "Runs": "48", "Balls Faced": "43", "Fours": "1", "Sixes": "2", "Strike Rate": "111.62"}, {"Player Name": "KL Rahul", "Dismissed by": "c Alex Carey b Mitchell Starc", "Runs": "26", "Balls Faced": "30", "Fours": "2", "Sixes": "0", "Strike Rate": "86.66"}, {"Player Name": "Suryakumar Yadav", "Dismissed by": "c Glenn Maxwell b Josh Hazlewood", "Runs": "8", "Balls Faced": "7", "Fours": "1", "Sixes": "0", "Strike Rate": "114.28"}, {"Player Name": "Ravindra Jadeja", "Dismissed by": "lbw Tanveer Sangha", "Runs": "35", "Balls Faced": "36", "Fours": "3", "Sixes": "1", "Strike Rate": "97.22"}, {"Player Name": "Kuldeep Yadav", "Dismissed by": "b Josh Hazlewood", "Runs": "2", "Balls Faced": "12", "Fours": "0", "Sixes": "0", "Strike Rate": "16.66"}, {"Player Name": "Jasprit Bumrah", "Dismissed by": "c Marnus Labuschagne b Pat Cummins", "Runs": "5", "Balls Faced": "11", "Fours": "1", "Sixes": "0", "Strike Rate": "45.45"}, {"Player Name": "Mohammed Siraj", "Dismissed by": "c Pat Cummins b Cameron Green", "Runs": "1", "Balls Faced": "8", "Fours": "0", "Sixes": "0", "Strike Rate": "12.50"}, {"Player Name": "Prasidh Krishna", "Dismissed by": "", "Runs": "0", "Balls Faced": "3", "Fours": "0", "Sixes": "0", "Strike Rate": "0.00"}], "Extras": "Extras (w 5, lb 1)", "balling": [{"player_name": "Jasprit Bumrah", "Overs": "10", "Maidens": "0", "Runs": "81", "Wickets": "3", "Economy": "8.10", "Dots": "23"}, {"player_name": "Mohammed Siraj", "Overs": "9", "Maidens": "0", "Runs": "68", "Wickets": "1", "Economy": "7.55", "Dots": "24"}, {"player_name": "Prasidh Krishna", "Overs": "5", "Maidens": "0", "Runs": "45", "Wickets": "1", "Economy": "9.00", "Dots": "12"}, {"player_name": "Ravindra Jadeja", "Overs": "10", "Maidens": "0", "Runs": "61", "Wickets": "0", "Economy": "6.10", "Dots": "27"}, {"player_name": "Washington Sundar", "Overs": "10", "Maidens": "0", "Runs": "48", "Wickets": "0", "Economy": "4.80", "Dots": "30"}, {"player_name": "Kuldeep Yadav", "Overs": "6", "Maidens": "0", "Runs": "48", "Wickets": "2", "Economy": "8.00", "Dots": "12"}]}, "Team2": {"Name": "Australia", "score": "352/7", "overs": "50/50 ov", "rr": "RR: 7.04", "batting": [{"Player Name": "David Warner", "Dismissed by": "c KL Rahul b Prasidh Krishna", "Runs": "56", "Balls Faced": "34", "Fours": "6", "Sixes": "4", "Strike Rate": "164.70"}, {"Player Name": "Mitchell Marsh", "Dismissed by": "c Prasidh Krishna b Kuldeep Yadav", "Runs": "96", "Balls Faced": "84", "Fours": "13", "Sixes": "3", "Strike Rate": "114.28"}, {"Player Name": "Steve Smith", "Dismissed by": "lbw Mohammed Siraj", "Runs": "74", "Balls Faced": "61", "Fours": "8", "Sixes": "1", "Strike Rate": "121.31"}, {"Player Name": "Marnus Labuschagne", "Dismissed by": "c Shreyas Iyer b Jasprit Bumrah", "Runs": "72", "Balls Faced": "58", "Fours": "9", "Sixes": "0", "Strike Rate": "124.13"}, {"Player Name": "Alex Carey", "Dismissed by": "c Virat Kohli b Jasprit Bumrah", "Runs": "11", "Balls Faced": "19", "Fours": "1", "Sixes": "0", "Strike Rate": "57.89"}, {"Player Name": "Glenn Maxwell", "Dismissed by": "b Jasprit Bumrah", "Runs": "5", "Balls Faced": "7", "Fours": "0", "Sixes": "0", "Strike Rate": "71.42"}, {"Player Name": "Cameron Green", "Dismissed by": "c Shreyas Iyer b Kuldeep Yadav", "Runs": "9", "Balls Faced": "13", "Fours": "1", "Sixes": "0", "Strike Rate": "69.23"}, {"Player Name": "Pat Cummins", "Dismissed by": "", "Runs": "19", "Balls Faced": "22", "Fours": "1", "Sixes": "0", "Strike Rate": "86.36"}, {"Player Name": "Mitchell Starc", "Dismissed by": "", "Runs": "1", "Balls Faced": "2", "Fours": "0", "Sixes": "0", "Strike Rate": "50.00"}, {"Player Name": "Tanveer Sangha", "Dismissed by": "", "Runs": "-", "Balls Faced": "-", "Fours": "-", "Sixes": "-", "Strike Rate": "-"}, {"Player Name": "Josh Hazlewood", "Dismissed by": "", "Runs": "-", "Balls Faced": "-", "Fours": "-", "Sixes": "-", "Strike Rate": "-"}], "Extras": "Extras (w 8, lb 1)", "balling": [{"player_name": "Mitchell Starc", "Overs": "7", "Maidens": "0", "Runs": "53", "Wickets": "1", "Economy": "7.57", "Dots": "19"}, {"player_name": "Josh Hazlewood", "Overs": "8", "Maidens": "0", "Runs": "42", "Wickets": "2", "Economy": "5.25", "Dots": "26"}, {"player_name": "Pat Cummins", "Overs": "8", "Maidens": "0", "Runs": "59", "Wickets": "1", "Economy": "7.37", "Dots": "19"}, {"player_name": "Cameron Green", "Overs": "6.4", "Maidens": "0", "Runs": "30", "Wickets": "1", "Economy": "4.50", "Dots": "22"}, {"player_name": "Glenn Maxwell", "Overs": "10", "Maidens": "0", "Runs": "40", "Wickets": "4", "Economy": "4.00", "Dots": "35"}, {"player_name": "Tanveer Sangha", "Overs": "10", "Maidens": "0", "Runs": "61", "Wickets": "1", "Economy": "6.10", "Dots": "28"}]}, "match_id": "102964"}