{"date": "09/11/2022 04:20:00 AM", "home": "Australia", "away": "New Zealand", "place": "Cazaly's Stadium", "result": "Australia won by 25 runs", "Team1": {"Name": "Australia", "score": "267/5", "overs": "50/50 ov", "rr": "RR: 5.34", "batting": [{"Player Name": "Aaron Finch", "Dismissed by": "b Tim Southee", "Runs": "5", "Balls Faced": "13", "Fours": "0", "Sixes": "0", "Strike Rate": "38.46"}, {"Player Name": "Josh Inglis", "Dismissed by": "c Tom Latham b Trent Boult", "Runs": "10", "Balls Faced": "16", "Fours": "1", "Sixes": "0", "Strike Rate": "62.50"}, {"Player Name": "Steve Smith", "Dismissed by": "b Mitchell Santner", "Runs": "105", "Balls Faced": "131", "Fours": "11", "Sixes": "1", "Strike Rate": "80.15"}, {"Player Name": "Marnus Labuschagne", "Dismissed by": "c Trent Boult b Lockie Ferguson", "Runs": "52", "Balls Faced": "78", "Fours": "2", "Sixes": "0", "Strike Rate": "66.66"}, {"Player Name": "Alex Carey", "Dismissed by": "", "Runs": "42", "Balls Faced": "43", "Fours": "3", "Sixes": "0", "Strike Rate": "97.67"}, {"Player Name": "Glenn Maxwell", "Dismissed by": "c Mitchell Santner b Trent Boult", "Runs": "14", "Balls Faced": "8", "Fours": "0", "Sixes": "1", "Strike Rate": "175.00"}, {"Player Name": "Cameron Green", "Dismissed by": "", "Runs": "25", "Balls Faced": "12", "Fours": "2", "Sixes": "2", "Strike Rate": "208.33"}, {"Player Name": "Sean Abbott", "Dismissed by": "", "Runs": "-", "Balls Faced": "-", "Fours": "-", "Sixes": "-", "Strike Rate": "-"}, {"Player Name": "Mitchell Starc", "Dismissed by": "", "Runs": "-", "Balls Faced": "-", "Fours": "-", "Sixes": "-", "Strike Rate": "-"}, {"Player Name": "Adam Zampa", "Dismissed by": "", "Runs": "-", "Balls Faced": "-", "Fours": "-", "Sixes": "-", "Strike Rate": "-"}, {"Player Name": "Josh Hazlewood", "Dismissed by": "", "Runs": "-", "Balls Faced": "-", "Fours": "-", "Sixes": "-", "Strike Rate": "-"}], "Extras": "Extras (nb 1, w 8, lb 5)", "balling": [{"player_name": "Mitchell Starc", "Overs": "9.5", "Maidens": "0", "Runs": "60", "Wickets": "3", "Economy": "6.10", "Dots": "32"}, {"player_name": "Josh Hazlewood", "Overs": "10", "Maidens": "0", "Runs": "51", "Wickets": "1", "Economy": "5.10", "Dots": "35"}, {"player_name": "Cameron Green", "Overs": "6", "Maidens": "0", "Runs": "25", "Wickets": "2", "Economy": "4.16", "Dots": "21"}, {"player_name": "Sean Abbott", "Overs": "10", "Maidens": "3", "Runs": "31", "Wickets": "2", "Economy": "3.10", "Dots": "41"}, {"player_name": "Adam Zampa", "Overs": "10", "Maidens": "0", "Runs": "53", "Wickets": "1", "Economy": "5.30", "Dots": "31"}, {"player_name": "Glenn Maxwell", "Overs": "4", "Maidens": "0", "Runs": "18", "Wickets": "0", "Economy": "4.50", "Dots": "9"}]}, "Team2": {"Name": "New Zealand", "score": "242", "overs": "49.5/50 ov", "rr": "RR: 4.85", "batting": [{"Player Name": "Finn Allen", "Dismissed by": "c Josh Hazlewood b Cameron Green", "Runs": "35", "Balls Faced": "38", "Fours": "5", "Sixes": "1", "Strike Rate": "92.10"}, {"Player Name": "Devon Conway", "Dismissed by": "c Steve Smith b Sean Abbott", "Runs": "21", "Balls Faced": "26", "Fours": "5", "Sixes": "0", "Strike Rate": "80.76"}, {"Player Name": "Kane Williamson", "Dismissed by": "run out (Marnus Labuschagne/Alex Carey)", "Runs": "27", "Balls Faced": "56", "Fours": "1", "Sixes": "0", "Strike Rate": "48.21"}, {"Player Name": "Tom Latham", "Dismissed by": "st Alex Carey b Adam Zampa", "Runs": "10", "Balls Faced": "15", "Fours": "0", "Sixes": "0", "Strike Rate": "66.66"}, {"Player Name": "Daryl Mitchell", "Dismissed by": "c Steve Smith b Josh Hazlewood", "Runs": "16", "Balls Faced": "23", "Fours": "2", "Sixes": "0", "Strike Rate": "69.56"}, {"Player Name": "Glenn Phillips", "Dismissed by": "c Sean Abbott b Mitchell Starc", "Runs": "47", "Balls Faced": "53", "Fours": "2", "Sixes": "2", "Strike Rate": "88.67"}, {"Player Name": "James Neesham", "Dismissed by": "c Steve Smith b Cameron Green", "Runs": "36", "Balls Faced": "34", "Fours": "5", "Sixes": "0", "Strike Rate": "105.88"}, {"Player Name": "Mitchell Santner", "Dismissed by": "c Cameron Green b Sean Abbott", "Runs": "30", "Balls Faced": "33", "Fours": "2", "Sixes": "1", "Strike Rate": "90.90"}, {"Player Name": "Tim Southee", "Dismissed by": "", "Runs": "8", "Balls Faced": "9", "Fours": "1", "Sixes": "0", "Strike Rate": "88.88"}, {"Player Name": "Lockie Ferguson", "Dismissed by": "b Mitchell Starc", "Runs": "4", "Balls Faced": "11", "Fours": "0", "Sixes": "0", "Strike Rate": "36.36"}, {"Player Name": "Trent Boult", "Dismissed by": "c Marnus Labuschagne b Mitchell Starc", "Runs": "0", "Balls Faced": "1", "Fours": "0", "Sixes": "0", "Strike Rate": "0.00"}], "Extras": "Extras (w 4, lb 4)", "balling": [{"player_name": "Trent Boult", "Overs": "10", "Maidens": "4", "Runs": "25", "Wickets": "2", "Economy": "2.50", "Dots": "45"}, {"player_name": "Tim Southee", "Overs": "10", "Maidens": "1", "Runs": "57", "Wickets": "1", "Economy": "5.70", "Dots": "30"}, {"player_name": "Lockie Ferguson", "Overs": "10", "Maidens": "0", "Runs": "56", "Wickets": "1", "Economy": "5.60", "Dots": "30"}, {"player_name": "Mitchell Santner", "Overs": "10", "Maidens": "0", "Runs": "52", "Wickets": "1", "Economy": "5.20", "Dots": "25"}, {"player_name": "James Neesham", "Overs": "8", "Maidens": "0", "Runs": "65", "Wickets": "0", "Economy": "8.12", "Dots": "16"}, {"player_name": "Daryl Mitchell", "Overs": "2", "Maidens": "0", "Runs": "7", "Wickets": "0", "Economy": "3.50", "Dots": "5"}]}, "match_id": "100714"}