{"date": "01/19/2020 08:00:00 AM", "home": "India", "away": "Australia", "place": "M.Chinnaswamy Stadium", "result": "India won by 7 wickets", "Team1": {"Name": "India", "score": "289/3", "overs": "47.3/50 ov", "rr": "RR: 6.08", "batting": [{"Player Name": "Rohit Sharma", "Dismissed by": "c Mitchell Starc b Adam Zampa", "Runs": "119", "Balls Faced": "128", "Fours": "8", "Sixes": "6", "Strike Rate": "92.96"}, {"Player Name": "KL Rahul", "Dismissed by": "lbw Ashton Agar", "Runs": "19", "Balls Faced": "27", "Fours": "2", "Sixes": "0", "Strike Rate": "70.37"}, {"Player Name": "Virat Kohli", "Dismissed by": "b Josh Hazlewood", "Runs": "89", "Balls Faced": "91", "Fours": "8", "Sixes": "0", "Strike Rate": "97.80"}, {"Player Name": "Shreyas Iyer", "Dismissed by": "", "Runs": "44", "Balls Faced": "35", "Fours": "6", "Sixes": "1", "Strike Rate": "125.71"}, {"Player Name": "Manish Pandey", "Dismissed by": "", "Runs": "8", "Balls Faced": "4", "Fours": "2", "Sixes": "0", "Strike Rate": "200.00"}, {"Player Name": "Shikhar Dhawan", "Dismissed by": "", "Runs": "-", "Balls Faced": "-", "Fours": "-", "Sixes": "-", "Strike Rate": "-"}, {"Player Name": "Ravindra Jadeja", "Dismissed by": "", "Runs": "-", "Balls Faced": "-", "Fours": "-", "Sixes": "-", "Strike Rate": "-"}, {"Player Name": "Mohammad Shami", "Dismissed by": "", "Runs": "-", "Balls Faced": "-", "Fours": "-", "Sixes": "-", "Strike Rate": "-"}, {"Player Name": "Kuldeep Yadav", "Dismissed by": "", "Runs": "-", "Balls Faced": "-", "Fours": "-", "Sixes": "-", "Strike Rate": "-"}, {"Player Name": "Navdeep Saini", "Dismissed by": "", "Runs": "-", "Balls Faced": "-", "Fours": "-", "Sixes": "-", "Strike Rate": "-"}, {"Player Name": "Jasprit Bumrah", "Dismissed by": "", "Runs": "-", "Balls Faced": "-", "Fours": "-", "Sixes": "-", "Strike Rate": "-"}], "Extras": "Extras (w 8, lb 2)", "balling": [{"player_name": "Jasprit Bumrah", "Overs": "10", "Maidens": "0", "Runs": "38", "Wickets": "0", "Economy": "3.80", "Dots": "39"}, {"player_name": "Mohammad Shami", "Overs": "10", "Maidens": "0", "Runs": "63", "Wickets": "4", "Economy": "6.30", "Dots": "28"}, {"player_name": "Navdeep Saini", "Overs": "10", "Maidens": "0", "Runs": "65", "Wickets": "1", "Economy": "6.50", "Dots": "30"}, {"player_name": "Kuldeep Yadav", "Overs": "10", "Maidens": "0", "Runs": "62", "Wickets": "1", "Economy": "6.20", "Dots": "18"}, {"player_name": "Ravindra Jadeja", "Overs": "10", "Maidens": "1", "Runs": "44", "Wickets": "2", "Economy": "4.40", "Dots": "28"}]}, "Team2": {"Name": "Australia", "score": "286/9", "overs": "50/50 ov", "rr": "RR: 5.72", "batting": [{"Player Name": "David Warner", "Dismissed by": "c KL Rahul b Mohammad Shami", "Runs": "3", "Balls Faced": "7", "Fours": "0", "Sixes": "0", "Strike Rate": "42.85"}, {"Player Name": "Aaron Finch", "Dismissed by": "run out (Shreyas Iyer/Mohammad Shami)", "Runs": "19", "Balls Faced": "26", "Fours": "1", "Sixes": "1", "Strike Rate": "73.07"}, {"Player Name": "Steve Smith", "Dismissed by": "c Shreyas Iyer b Mohammad Shami", "Runs": "131", "Balls Faced": "132", "Fours": "14", "Sixes": "1", "Strike Rate": "99.24"}, {"Player Name": "Marnus Labuschagne", "Dismissed by": "c Virat Kohli b Ravindra Jadeja", "Runs": "54", "Balls Faced": "64", "Fours": "5", "Sixes": "0", "Strike Rate": "84.37"}, {"Player Name": "Mitchell Starc", "Dismissed by": "c sub (Yuzvendra Chahal) b Ravindra Jadeja", "Runs": "0", "Balls Faced": "3", "Fours": "0", "Sixes": "0", "Strike Rate": "0.00"}, {"Player Name": "Alex Carey", "Dismissed by": "c Shreyas Iyer b Kuldeep Yadav", "Runs": "35", "Balls Faced": "36", "Fours": "6", "Sixes": "0", "Strike Rate": "97.22"}, {"Player Name": "Ashton Turner", "Dismissed by": "c KL Rahul b Navdeep Saini", "Runs": "4", "Balls Faced": "10", "Fours": "0", "Sixes": "0", "Strike Rate": "40.00"}, {"Player Name": "Ashton Agar", "Dismissed by": "", "Runs": "11", "Balls Faced": "13", "Fours": "0", "Sixes": "0", "Strike Rate": "84.61"}, {"Player Name": "Pat Cummins", "Dismissed by": "b Mohammad Shami", "Runs": "0", "Balls Faced": "1", "Fours": "0", "Sixes": "0", "Strike Rate": "0.00"}, {"Player Name": "Adam Zampa", "Dismissed by": "b Mohammad Shami", "Runs": "1", "Balls Faced": "6", "Fours": "0", "Sixes": "0", "Strike Rate": "16.66"}, {"Player Name": "Josh Hazlewood", "Dismissed by": "", "Runs": "1", "Balls Faced": "2", "Fours": "0", "Sixes": "0", "Strike Rate": "50.00"}], "Extras": "Extras (w 13, lb 14)", "balling": [{"player_name": "Pat Cummins", "Overs": "7", "Maidens": "0", "Runs": "64", "Wickets": "0", "Economy": "9.14", "Dots": "15"}, {"player_name": "Mitchell Starc", "Overs": "9", "Maidens": "0", "Runs": "66", "Wickets": "0", "Economy": "7.33", "Dots": "26"}, {"player_name": "Josh Hazlewood", "Overs": "9.3", "Maidens": "1", "Runs": "55", "Wickets": "1", "Economy": "5.78", "Dots": "31"}, {"player_name": "Ashton Agar", "Overs": "10", "Maidens": "0", "Runs": "38", "Wickets": "1", "Economy": "3.80", "Dots": "31"}, {"player_name": "Adam Zampa", "Overs": "10", "Maidens": "0", "Runs": "44", "Wickets": "1", "Economy": "4.40", "Dots": "25"}, {"player_name": "Marnus Labuschagne", "Overs": "1", "Maidens": "0", "Runs": "11", "Wickets": "0", "Economy": "11.00", "Dots": "1"}, {"player_name": "Aaron Finch", "Overs": "1", "Maidens": "0", "Runs": "9", "Wickets": "0", "Economy": "9.00", "Dots": "2"}]}, "match_id": "15319"}