{"date": "09/25/2018 11:30:00 AM", "home": "India", "away": "Afghanistan", "place": "Dubai International Stadium", "result": "Match tied", "Team1": {"Name": "India", "score": "252", "overs": "49.5/50 ov", "rr": "RR: 5.05", "batting": [{"Player Name": "KL Rahul", "Dismissed by": "lbw Rashid Khan", "Runs": "60", "Balls Faced": "66", "Fours": "5", "Sixes": "1", "Strike Rate": "90.90"}, {"Player Name": "Ambati Rayudu", "Dismissed by": "c Najibullah Zadran b Mohammad Nabi", "Runs": "57", "Balls Faced": "49", "Fours": "4", "Sixes": "4", "Strike Rate": "116.32"}, {"Player Name": "Dinesh Karthik", "Dismissed by": "lbw Mohammad Nabi", "Runs": "44", "Balls Faced": "66", "Fours": "4", "Sixes": "0", "Strike Rate": "66.66"}, {"Player Name": "MS Dhoni", "Dismissed by": "lbw Javed Ahmadi", "Runs": "8", "Balls Faced": "17", "Fours": "0", "Sixes": "0", "Strike Rate": "47.05"}, {"Player Name": "Manish Pandey", "Dismissed by": "c Mohammad Shahzad b Aftab Alam", "Runs": "8", "Balls Faced": "15", "Fours": "0", "Sixes": "0", "Strike Rate": "53.33"}, {"Player Name": "Kedar Jadhav", "Dismissed by": "run out (Mujeeb Ur Rahman)", "Runs": "19", "Balls Faced": "26", "Fours": "2", "Sixes": "0", "Strike Rate": "73.07"}, {"Player Name": "Ravindra Jadeja", "Dismissed by": "c Najibullah Zadran b Rashid Khan", "Runs": "25", "Balls Faced": "34", "Fours": "1", "Sixes": "0", "Strike Rate": "73.52"}, {"Player Name": "Deepak Chahar", "Dismissed by": "b Aftab Alam", "Runs": "12", "Balls Faced": "14", "Fours": "1", "Sixes": "0", "Strike Rate": "85.71"}, {"Player Name": "Kuldeep Yadav", "Dismissed by": "run out (Gulbadin Naib/Aftab Alam)", "Runs": "9", "Balls Faced": "11", "Fours": "0", "Sixes": "0", "Strike Rate": "81.81"}, {"Player Name": "Siddarth Kaul", "Dismissed by": "run out (Hashmatullah Shahidi)", "Runs": "0", "Balls Faced": "1", "Fours": "0", "Sixes": "0", "Strike Rate": "0.00"}, {"Player Name": "Khaleel Ahmed", "Dismissed by": "", "Runs": "1", "Balls Faced": "1", "Fours": "0", "Sixes": "0", "Strike Rate": "100.00"}], "Extras": "Extras (nb 1, w 3, lb 5)", "balling": [{"player_name": "Khaleel Ahmed", "Overs": "10", "Maidens": "1", "Runs": "45", "Wickets": "1", "Economy": "4.50", "Dots": "38"}, {"player_name": "Deepak Chahar", "Overs": "4", "Maidens": "0", "Runs": "37", "Wickets": "1", "Economy": "9.25", "Dots": "12"}, {"player_name": "Siddarth Kaul", "Overs": "9", "Maidens": "0", "Runs": "58", "Wickets": "0", "Economy": "6.44", "Dots": "26"}, {"player_name": "Ravindra Jadeja", "Overs": "10", "Maidens": "1", "Runs": "46", "Wickets": "3", "Economy": "4.60", "Dots": "38"}, {"player_name": "Kuldeep Yadav", "Overs": "10", "Maidens": "0", "Runs": "38", "Wickets": "2", "Economy": "3.80", "Dots": "39"}, {"player_name": "Kedar Jadhav", "Overs": "7", "Maidens": "0", "Runs": "27", "Wickets": "1", "Economy": "3.85", "Dots": "27"}]}, "Team2": {"Name": "Afghanistan", "score": "252/8", "overs": "50/50 ov", "rr": "RR: 5.04", "batting": [{"Player Name": "Mohammad Shahzad", "Dismissed by": "c Dinesh Karthik b Kedar Jadhav", "Runs": "124", "Balls Faced": "116", "Fours": "11", "Sixes": "7", "Strike Rate": "106.89"}, {"Player Name": "Javed Ahmadi", "Dismissed by": "st MS Dhoni b Ravindra Jadeja", "Runs": "5", "Balls Faced": "30", "Fours": "0", "Sixes": "0", "Strike Rate": "16.66"}, {"Player Name": "Rahmat Shah", "Dismissed by": "b Ravindra Jadeja", "Runs": "3", "Balls Faced": "4", "Fours": "0", "Sixes": "0", "Strike Rate": "75.00"}, {"Player Name": "Hashmatullah Shahidi", "Dismissed by": "st MS Dhoni b Kuldeep Yadav", "Runs": "0", "Balls Faced": "3", "Fours": "0", "Sixes": "0", "Strike Rate": "0.00"}, {"Player Name": "Asghar Afghan", "Dismissed by": "b Kuldeep Yadav", "Runs": "0", "Balls Faced": "1", "Fours": "0", "Sixes": "0", "Strike Rate": "0.00"}, {"Player Name": "Gulbadin Naib", "Dismissed by": "c Kedar Jadhav b Deepak Chahar", "Runs": "15", "Balls Faced": "46", "Fours": "1", "Sixes": "0", "Strike Rate": "32.60"}, {"Player Name": "Mohammad Nabi", "Dismissed by": "c Kuldeep Yadav b Khaleel Ahmed", "Runs": "64", "Balls Faced": "56", "Fours": "3", "Sixes": "4", "Strike Rate": "114.28"}, {"Player Name": "Najibullah Zadran", "Dismissed by": "lbw Ravindra Jadeja", "Runs": "20", "Balls Faced": "20", "Fours": "2", "Sixes": "0", "Strike Rate": "100.00"}, {"Player Name": "Rashid Khan", "Dismissed by": "", "Runs": "12", "Balls Faced": "19", "Fours": "0", "Sixes": "0", "Strike Rate": "63.15"}, {"Player Name": "Aftab Alam", "Dismissed by": "", "Runs": "2", "Balls Faced": "6", "Fours": "0", "Sixes": "0", "Strike Rate": "33.33"}, {"Player Name": "Mujeeb Ur Rahman", "Dismissed by": "", "Runs": "-", "Balls Faced": "-", "Fours": "-", "Sixes": "-", "Strike Rate": "-"}], "Extras": "Extras (nb 1, w 5, lb 1)", "balling": [{"player_name": "Aftab Alam", "Overs": "10", "Maidens": "0", "Runs": "53", "Wickets": "2", "Economy": "5.30", "Dots": "30"}, {"player_name": "Mujeeb Ur Rahman", "Overs": "10", "Maidens": "1", "Runs": "43", "Wickets": "0", "Economy": "4.30", "Dots": "33"}, {"player_name": "Gulbadin Naib", "Overs": "4", "Maidens": "0", "Runs": "41", "Wickets": "0", "Economy": "10.25", "Dots": "7"}, {"player_name": "Mohammad Nabi", "Overs": "10", "Maidens": "0", "Runs": "40", "Wickets": "2", "Economy": "4.00", "Dots": "32"}, {"player_name": "Rashid Khan", "Overs": "9.5", "Maidens": "0", "Runs": "41", "Wickets": "2", "Economy": "4.16", "Dots": "35"}, {"player_name": "Javed Ahmadi", "Overs": "4", "Maidens": "0", "Runs": "19", "Wickets": "1", "Economy": "4.75", "Dots": "8"}, {"player_name": "Rahmat Shah", "Overs": "2", "Maidens": "0", "Runs": "10", "Wickets": "0", "Economy": "5.00", "Dots": "6"}]}, "match_id": "8991"}