{"date": "08/24/2023 09:30:00 AM", "home": "Afghanistan", "away": "Pakistan", "place": "Mahinda Rajapaksa International Cricket Stadium", "result": "Pakistan won by 1 wicket", "Team1": {"Name": "Afghanistan", "score": "300/5", "overs": "50/50 ov", "rr": "RR: 6.00", "batting": [{"Player Name": "Rahmanullah Gurbaz", "Dismissed by": "c Muhammad Rizwan b Shaheen Shah Afridi", "Runs": "151", "Balls Faced": "151", "Fours": "14", "Sixes": "3", "Strike Rate": "100.00"}, {"Player Name": "Ibrahim Zadran", "Dismissed by": "c Iftikhar Ahmed b Usama Mir", "Runs": "80", "Balls Faced": "101", "Fours": "6", "Sixes": "2", "Strike Rate": "79.20"}, {"Player Name": "Mohammad Nabi", "Dismissed by": "c Imam-ul-Haq b Naseem Shah", "Runs": "29", "Balls Faced": "29", "Fours": "3", "Sixes": "0", "Strike Rate": "100.00"}, {"Player Name": "Rashid Khan", "Dismissed by": "lbw Shaheen Shah Afridi", "Runs": "2", "Balls Faced": "3", "Fours": "0", "Sixes": "0", "Strike Rate": "66.66"}, {"Player Name": "Shahidullah", "Dismissed by": "run out (Shaheen Shah Afridi)", "Runs": "1", "Balls Faced": "3", "Fours": "0", "Sixes": "0", "Strike Rate": "33.33"}, {"Player Name": "Hashmatullah Shahidi", "Dismissed by": "", "Runs": "15", "Balls Faced": "11", "Fours": "2", "Sixes": "0", "Strike Rate": "136.36"}, {"Player Name": "Abdul Rahman Rahmani", "Dismissed by": "", "Runs": "4", "Balls Faced": "4", "Fours": "0", "Sixes": "0", "Strike Rate": "100.00"}, {"Player Name": "Riaz Hassan", "Dismissed by": "", "Runs": "-", "Balls Faced": "-", "Fours": "-", "Sixes": "-", "Strike Rate": "-"}, {"Player Name": "Ikram Alikhil", "Dismissed by": "", "Runs": "-", "Balls Faced": "-", "Fours": "-", "Sixes": "-", "Strike Rate": "-"}, {"Player Name": "Mujeeb Ur Rahman", "Dismissed by": "", "Runs": "-", "Balls Faced": "-", "Fours": "-", "Sixes": "-", "Strike Rate": "-"}, {"Player Name": "Fazalhaq Farooqi", "Dismissed by": "", "Runs": "-", "Balls Faced": "-", "Fours": "-", "Sixes": "-", "Strike Rate": "-"}], "Extras": "Extras (nb 2, w 5, lb 11)", "balling": [{"player_name": "Fazalhaq Farooqi", "Overs": "9.5", "Maidens": "0", "Runs": "69", "Wickets": "3", "Economy": "7.01", "Dots": "26"}, {"player_name": "Mujeeb Ur Rahman", "Overs": "10", "Maidens": "0", "Runs": "45", "Wickets": "1", "Economy": "4.50", "Dots": "28"}, {"player_name": "Abdul Rahman Rahmani", "Overs": "10", "Maidens": "0", "Runs": "83", "Wickets": "1", "Economy": "8.30", "Dots": "20"}, {"player_name": "Mohammad Nabi", "Overs": "10", "Maidens": "0", "Runs": "46", "Wickets": "2", "Economy": "4.60", "Dots": "29"}, {"player_name": "Rashid Khan", "Overs": "10", "Maidens": "0", "Runs": "53", "Wickets": "0", "Economy": "5.30", "Dots": "28"}]}, "Team2": {"Name": "Pakistan", "score": "302/9", "overs": "49.5/50 ov", "rr": "RR: 6.06", "batting": [{"Player Name": "Imam-ul-Haq", "Dismissed by": "c Riaz Hassan b Mujeeb Ur Rahman", "Runs": "91", "Balls Faced": "105", "Fours": "4", "Sixes": "0", "Strike Rate": "86.66"}, {"Player Name": "Fakhar Zaman", "Dismissed by": "b Fazalhaq Farooqi", "Runs": "30", "Balls Faced": "34", "Fours": "5", "Sixes": "0", "Strike Rate": "88.23"}, {"Player Name": "Babar Azam", "Dismissed by": "c Hashmatullah Shahidi b Fazalhaq Farooqi", "Runs": "53", "Balls Faced": "66", "Fours": "6", "Sixes": "0", "Strike Rate": "80.30"}, {"Player Name": "Muhammad Rizwan", "Dismissed by": "run out (Hashmatullah Shahidi)", "Runs": "2", "Balls Faced": "7", "Fours": "0", "Sixes": "0", "Strike Rate": "28.57"}, {"Player Name": "Salman Ali Agha", "Dismissed by": "c Rahmanullah Gurbaz b Mohammad Nabi", "Runs": "14", "Balls Faced": "15", "Fours": "2", "Sixes": "0", "Strike Rate": "93.33"}, {"Player Name": "Usama Mir", "Dismissed by": "c Shahidullah b Mohammad Nabi", "Runs": "0", "Balls Faced": "2", "Fours": "0", "Sixes": "0", "Strike Rate": "0.00"}, {"Player Name": "Iftikhar Ahmed", "Dismissed by": "c Mohammad Nabi b Abdul Rahman Rahmani", "Runs": "17", "Balls Faced": "24", "Fours": "1", "Sixes": "0", "Strike Rate": "70.83"}, {"Player Name": "Shadab Khan", "Dismissed by": "run out (Fazalhaq Farooqi)", "Runs": "48", "Balls Faced": "35", "Fours": "3", "Sixes": "1", "Strike Rate": "137.14"}, {"Player Name": "Shaheen Shah Afridi", "Dismissed by": "c Rashid Khan b Fazalhaq Farooqi", "Runs": "4", "Balls Faced": "5", "Fours": "0", "Sixes": "0", "Strike Rate": "80.00"}, {"Player Name": "Naseem Shah", "Dismissed by": "", "Runs": "10", "Balls Faced": "5", "Fours": "2", "Sixes": "0", "Strike Rate": "200.00"}, {"Player Name": "Haris Rauf", "Dismissed by": "", "Runs": "3", "Balls Faced": "1", "Fours": "0", "Sixes": "0", "Strike Rate": "300.00"}], "Extras": "Extras (w 24, lb 6)", "balling": [{"player_name": "Shaheen Shah Afridi", "Overs": "10", "Maidens": "0", "Runs": "58", "Wickets": "2", "Economy": "5.80", "Dots": "33"}, {"player_name": "Naseem Shah", "Overs": "9", "Maidens": "0", "Runs": "45", "Wickets": "1", "Economy": "5.00", "Dots": "32"}, {"player_name": "Haris Rauf", "Overs": "7", "Maidens": "0", "Runs": "48", "Wickets": "0", "Economy": "6.85", "Dots": "23"}, {"player_name": "Shadab Khan", "Overs": "10", "Maidens": "0", "Runs": "53", "Wickets": "0", "Economy": "5.30", "Dots": "26"}, {"player_name": "Usama Mir", "Overs": "10", "Maidens": "0", "Runs": "61", "Wickets": "1", "Economy": "6.10", "Dots": "26"}, {"player_name": "Iftikhar Ahmed", "Overs": "4", "Maidens": "0", "Runs": "24", "Wickets": "0", "Economy": "6.00", "Dots": "12"}]}, "match_id": "102978"}