{"date": "09/26/2023 08:00:00 AM", "home": "Bangladesh", "away": "New Zealand", "place": "Sher-e-Bangla National Cricket Stadium", "result": "New Zealand won by 7 wickets", "Team1": {"Name": "Bangladesh", "score": "171", "overs": "34.3/50 ov", "rr": "RR: 4.95", "batting": [{"Player Name": "Tanzid Hasan Tamim", "Dismissed by": "c Finn Allen b Trent Boult", "Runs": "5", "Balls Faced": "5", "Fours": "1", "Sixes": "0", "Strike Rate": "100.00"}, {"Player Name": "Zakir Hasan", "Dismissed by": "b Adam Milne", "Runs": "1", "Balls Faced": "5", "Fours": "0", "Sixes": "0", "Strike Rate": "20.00"}, {"Player Name": "Najmul Hossain Shanto", "Dismissed by": "lbw Cole McConchie", "Runs": "76", "Balls Faced": "84", "Fours": "10", "Sixes": "0", "Strike Rate": "90.47"}, {"Player Name": "Towhid Hridoy", "Dismissed by": "c Will Young b Adam Milne", "Runs": "18", "Balls Faced": "17", "Fours": "3", "Sixes": "0", "Strike Rate": "105.88"}, {"Player Name": "Mushfiqur Rahim", "Dismissed by": "b Lockie Ferguson", "Runs": "18", "Balls Faced": "25", "Fours": "0", "Sixes": "2", "Strike Rate": "72.00"}, {"Player Name": "Mahmudullah", "Dismissed by": "c Tom Blundell b Adam Milne", "Runs": "21", "Balls Faced": "27", "Fours": "2", "Sixes": "0", "Strike Rate": "77.77"}, {"Player Name": "Mahedi Hasan", "Dismissed by": "c Tom Blundell b Trent Boult", "Runs": "13", "Balls Faced": "14", "Fours": "2", "Sixes": "0", "Strike Rate": "92.85"}, {"Player Name": "Nasum Ahmed", "Dismissed by": "st Tom Blundell b Cole McConchie", "Runs": "7", "Balls Faced": "19", "Fours": "1", "Sixes": "0", "Strike Rate": "36.84"}, {"Player Name": "Hasan Mahmud", "Dismissed by": "lbw Rachin Ravindra", "Runs": "1", "Balls Faced": "2", "Fours": "0", "Sixes": "0", "Strike Rate": "50.00"}, {"Player Name": "Shoriful Islam", "Dismissed by": "c Will Young b Adam Milne", "Runs": "1", "Balls Faced": "10", "Fours": "0", "Sixes": "0", "Strike Rate": "10.00"}, {"Player Name": "Syed Khaled Ahmed", "Dismissed by": "", "Runs": "0", "Balls Faced": "2", "Fours": "0", "Sixes": "0", "Strike Rate": "0.00"}], "Extras": "Extras (nb 3, w 7)", "balling": [{"player_name": "Shoriful Islam", "Overs": "6", "Maidens": "1", "Runs": "32", "Wickets": "2", "Economy": "5.33", "Dots": "26"}, {"player_name": "Hasan Mahmud", "Overs": "6", "Maidens": "1", "Runs": "29", "Wickets": "0", "Economy": "4.83", "Dots": "21"}, {"player_name": "Nasum Ahmed", "Overs": "10", "Maidens": "0", "Runs": "50", "Wickets": "1", "Economy": "5.00", "Dots": "32"}, {"player_name": "Mahedi Hasan", "Overs": "5", "Maidens": "0", "Runs": "25", "Wickets": "0", "Economy": "5.00", "Dots": "20"}, {"player_name": "Syed Khaled Ahmed", "Overs": "4", "Maidens": "0", "Runs": "12", "Wickets": "0", "Economy": "3.00", "Dots": "14"}, {"player_name": "Mahmudullah", "Overs": "3.5", "Maidens": "0", "Runs": "25", "Wickets": "0", "Economy": "6.52", "Dots": "13"}]}, "Team2": {"Name": "New Zealand", "score": "175/3", "overs": "34.5/50 ov", "rr": "RR: 5.02", "batting": [{"Player Name": "Finn Allen", "Dismissed by": "c Nasum Ahmed b Shoriful Islam", "Runs": "28", "Balls Faced": "26", "Fours": "6", "Sixes": "0", "Strike Rate": "107.69"}, {"Player Name": "Will Young", "Dismissed by": "b Nasum Ahmed", "Runs": "70", "Balls Faced": "80", "Fours": "10", "Sixes": "1", "Strike Rate": "87.50"}, {"Player Name": "Dean Foxcroft", "Dismissed by": "b Shoriful Islam", "Runs": "0", "Balls Faced": "1", "Fours": "0", "Sixes": "0", "Strike Rate": "0.00"}, {"Player Name": "Henry Nicholls", "Dismissed by": "", "Runs": "50", "Balls Faced": "86", "Fours": "4", "Sixes": "1", "Strike Rate": "58.13"}, {"Player Name": "Tom Blundell", "Dismissed by": "", "Runs": "23", "Balls Faced": "16", "Fours": "3", "Sixes": "0", "Strike Rate": "143.75"}, {"Player Name": "Rachin Ravindra", "Dismissed by": "", "Runs": "-", "Balls Faced": "-", "Fours": "-", "Sixes": "-", "Strike Rate": "-"}, {"Player Name": "Cole McConchie", "Dismissed by": "", "Runs": "-", "Balls Faced": "-", "Fours": "-", "Sixes": "-", "Strike Rate": "-"}, {"Player Name": "Ish Sodhi", "Dismissed by": "", "Runs": "-", "Balls Faced": "-", "Fours": "-", "Sixes": "-", "Strike Rate": "-"}, {"Player Name": "Lockie Ferguson", "Dismissed by": "", "Runs": "-", "Balls Faced": "-", "Fours": "-", "Sixes": "-", "Strike Rate": "-"}, {"Player Name": "Trent Boult", "Dismissed by": "", "Runs": "-", "Balls Faced": "-", "Fours": "-", "Sixes": "-", "Strike Rate": "-"}, {"Player Name": "Adam Milne", "Dismissed by": "", "Runs": "-", "Balls Faced": "-", "Fours": "-", "Sixes": "-", "Strike Rate": "-"}], "Extras": "Extras (w 2, lb 2)", "balling": [{"player_name": "Trent Boult", "Overs": "6", "Maidens": "0", "Runs": "33", "Wickets": "2", "Economy": "5.50", "Dots": "21"}, {"player_name": "Adam Milne", "Overs": "6.3", "Maidens": "0", "Runs": "34", "Wickets": "4", "Economy": "5.23", "Dots": "27"}, {"player_name": "Ish Sodhi", "Overs": "6", "Maidens": "0", "Runs": "40", "Wickets": "0", "Economy": "6.66", "Dots": "16"}, {"player_name": "Lockie Ferguson", "Overs": "6", "Maidens": "0", "Runs": "26", "Wickets": "1", "Economy": "4.33", "Dots": "26"}, {"player_name": "Rachin Ravindra", "Overs": "5", "Maidens": "1", "Runs": "20", "Wickets": "1", "Economy": "4.00", "Dots": "15"}, {"player_name": "Cole McConchie", "Overs": "5", "Maidens": "0", "Runs": "18", "Wickets": "2", "Economy": "3.60", "Dots": "15"}]}, "match_id": "103010"}