{"date": "03/13/2015 03:30:00 AM", "home": "England", "away": "Afghanistan", "place": "SCG", "result": "England won by 9 wickets (D/L method)", "Team1": {"Name": "England", "score": "101/1", "overs": "18.1/25 ov", "rr": "RR: 5.55", "batting": [{"Player Name": "Alex Hales", "Dismissed by": "c Afsar Zazai b Hamid Hassan", "Runs": "37", "Balls Faced": "33", "Fours": "3", "Sixes": "2", "Strike Rate": "112.12"}, {"Player Name": "Ian Bell", "Dismissed by": "", "Runs": "52", "Balls Faced": "56", "Fours": "6", "Sixes": "0", "Strike Rate": "92.85"}, {"Player Name": "James Taylor", "Dismissed by": "", "Runs": "8", "Balls Faced": "20", "Fours": "0", "Sixes": "0", "Strike Rate": "40.00"}, {"Player Name": "Joe Root", "Dismissed by": "", "Runs": "-", "Balls Faced": "-", "Fours": "-", "Sixes": "-", "Strike Rate": "-"}, {"Player Name": "Eoin Morgan", "Dismissed by": "", "Runs": "-", "Balls Faced": "-", "Fours": "-", "Sixes": "-", "Strike Rate": "-"}, {"Player Name": "Jos Buttler", "Dismissed by": "", "Runs": "-", "Balls Faced": "-", "Fours": "-", "Sixes": "-", "Strike Rate": "-"}, {"Player Name": "Ravi Bopara", "Dismissed by": "", "Runs": "-", "Balls Faced": "-", "Fours": "-", "Sixes": "-", "Strike Rate": "-"}, {"Player Name": "Chris Jordan", "Dismissed by": "", "Runs": "-", "Balls Faced": "-", "Fours": "-", "Sixes": "-", "Strike Rate": "-"}, {"Player Name": "Stuart Broad", "Dismissed by": "", "Runs": "-", "Balls Faced": "-", "Fours": "-", "Sixes": "-", "Strike Rate": "-"}, {"Player Name": "James Anderson", "Dismissed by": "", "Runs": "-", "Balls Faced": "-", "Fours": "-", "Sixes": "-", "Strike Rate": "-"}, {"Player Name": "James Tredwell", "Dismissed by": "", "Runs": "-", "Balls Faced": "-", "Fours": "-", "Sixes": "-", "Strike Rate": "-"}], "Extras": "Extras (w 1, lb 3)", "balling": [{"player_name": "James Anderson", "Overs": "7", "Maidens": "0", "Runs": "18", "Wickets": "1", "Economy": "2.57", "Dots": "32"}, {"player_name": "Stuart Broad", "Overs": "8", "Maidens": "1", "Runs": "18", "Wickets": "1", "Economy": "2.25", "Dots": "36"}, {"player_name": "Chris Jordan", "Overs": "6.2", "Maidens": "2", "Runs": "13", "Wickets": "2", "Economy": "2.05", "Dots": "32"}, {"player_name": "Ravi Bopara", "Overs": "8", "Maidens": "1", "Runs": "31", "Wickets": "2", "Economy": "3.87", "Dots": "30"}, {"player_name": "James Tredwell", "Overs": "7", "Maidens": "0", "Runs": "25", "Wickets": "1", "Economy": "3.57", "Dots": "27"}]}, "Team2": {"Name": "Afghanistan", "score": "111/7", "overs": "36.2/36.2 ov", "rr": "RR: 3.05", "batting": [{"Player Name": "Javed Ahmadi", "Dismissed by": "c Joe Root b Stuart Broad", "Runs": "7", "Balls Faced": "15", "Fours": "0", "Sixes": "0", "Strike Rate": "46.66"}, {"Player Name": "Nawroz Mangal", "Dismissed by": "c Joe Root b James Anderson", "Runs": "4", "Balls Faced": "28", "Fours": "0", "Sixes": "0", "Strike Rate": "14.28"}, {"Player Name": "Afsar Zazai", "Dismissed by": "c Jos Buttler b Chris Jordan", "Runs": "6", "Balls Faced": "14", "Fours": "0", "Sixes": "0", "Strike Rate": "42.85"}, {"Player Name": "Nasir Jamal", "Dismissed by": "c Jos Buttler b Ravi Bopara", "Runs": "17", "Balls Faced": "52", "Fours": "2", "Sixes": "0", "Strike Rate": "32.69"}, {"Player Name": "Samiullah Shinwari", "Dismissed by": "c Eoin Morgan b Chris Jordan", "Runs": "7", "Balls Faced": "11", "Fours": "1", "Sixes": "0", "Strike Rate": "63.63"}, {"Player Name": "Shafiqullah", "Dismissed by": "c Ravi Bopara b James Tredwell", "Runs": "30", "Balls Faced": "64", "Fours": "1", "Sixes": "0", "Strike Rate": "46.87"}, {"Player Name": "Mohammad Nabi", "Dismissed by": "c James Tredwell b Ravi Bopara", "Runs": "16", "Balls Faced": "17", "Fours": "1", "Sixes": "1", "Strike Rate": "94.11"}, {"Player Name": "Najibullah Zadran", "Dismissed by": "", "Runs": "12", "Balls Faced": "15", "Fours": "2", "Sixes": "0", "Strike Rate": "80.00"}, {"Player Name": "Hamid Hassan", "Dismissed by": "", "Runs": "0", "Balls Faced": "2", "Fours": "0", "Sixes": "0", "Strike Rate": "0.00"}, {"Player Name": "Dawlat Zadran", "Dismissed by": "", "Runs": "-", "Balls Faced": "-", "Fours": "-", "Sixes": "-", "Strike Rate": "-"}, {"Player Name": "Shapoor Zadran", "Dismissed by": "", "Runs": "-", "Balls Faced": "-", "Fours": "-", "Sixes": "-", "Strike Rate": "-"}], "Extras": "Extras (w 6, lb 6)", "balling": [{"player_name": "Shapoor Zadran", "Overs": "4", "Maidens": "0", "Runs": "25", "Wickets": "0", "Economy": "6.25", "Dots": "12"}, {"player_name": "Dawlat Zadran", "Overs": "3", "Maidens": "0", "Runs": "23", "Wickets": "0", "Economy": "7.66", "Dots": "10"}, {"player_name": "Hamid Hassan", "Overs": "5", "Maidens": "0", "Runs": "17", "Wickets": "1", "Economy": "3.40", "Dots": "20"}, {"player_name": "Mohammad Nabi", "Overs": "4.1", "Maidens": "0", "Runs": "14", "Wickets": "0", "Economy": "3.36", "Dots": "13"}, {"player_name": "Samiullah Shinwari", "Overs": "2", "Maidens": "0", "Runs": "19", "Wickets": "0", "Economy": "9.50", "Dots": "5"}]}, "match_id": "920"}