{"date": "11/29/2020 03:40:00 AM", "home": "Australia", "away": "India", "place": "SCG", "result": "Australia won by 51 runs", "Team1": {"Name": "Australia", "score": "389/4", "overs": "50/50 ov", "rr": "RR: 7.78", "batting": [{"Player Name": "David Warner", "Dismissed by": "run out (Shreyas Iyer)", "Runs": "83", "Balls Faced": "77", "Fours": "7", "Sixes": "3", "Strike Rate": "107.79"}, {"Player Name": "Aaron Finch", "Dismissed by": "c Virat Kohli b Mohammad Shami", "Runs": "60", "Balls Faced": "69", "Fours": "6", "Sixes": "1", "Strike Rate": "86.95"}, {"Player Name": "Steve Smith", "Dismissed by": "c Mohammad Shami b Hardik Pandya", "Runs": "104", "Balls Faced": "64", "Fours": "14", "Sixes": "2", "Strike Rate": "162.50"}, {"Player Name": "Marnus Labuschagne", "Dismissed by": "c Mayank Agarwal b Jasprit Bumrah", "Runs": "70", "Balls Faced": "61", "Fours": "5", "Sixes": "0", "Strike Rate": "114.75"}, {"Player Name": "Glenn Maxwell", "Dismissed by": "", "Runs": "63", "Balls Faced": "29", "Fours": "4", "Sixes": "4", "Strike Rate": "217.24"}, {"Player Name": "Moises Henriques", "Dismissed by": "", "Runs": "2", "Balls Faced": "1", "Fours": "0", "Sixes": "0", "Strike Rate": "200.00"}, {"Player Name": "Alex Carey", "Dismissed by": "", "Runs": "-", "Balls Faced": "-", "Fours": "-", "Sixes": "-", "Strike Rate": "-"}, {"Player Name": "Pat Cummins", "Dismissed by": "", "Runs": "-", "Balls Faced": "-", "Fours": "-", "Sixes": "-", "Strike Rate": "-"}, {"Player Name": "Mitchell Starc", "Dismissed by": "", "Runs": "-", "Balls Faced": "-", "Fours": "-", "Sixes": "-", "Strike Rate": "-"}, {"Player Name": "Adam Zampa", "Dismissed by": "", "Runs": "-", "Balls Faced": "-", "Fours": "-", "Sixes": "-", "Strike Rate": "-"}, {"Player Name": "Josh Hazlewood", "Dismissed by": "", "Runs": "-", "Balls Faced": "-", "Fours": "-", "Sixes": "-", "Strike Rate": "-"}], "Extras": "Extras (nb 1, w 4, lb 2)", "balling": [{"player_name": "Mitchell Starc", "Overs": "9", "Maidens": "0", "Runs": "82", "Wickets": "0", "Economy": "9.11", "Dots": "23"}, {"player_name": "Josh Hazlewood", "Overs": "9", "Maidens": "0", "Runs": "59", "Wickets": "2", "Economy": "6.55", "Dots": "29"}, {"player_name": "Pat Cummins", "Overs": "10", "Maidens": "0", "Runs": "67", "Wickets": "3", "Economy": "6.70", "Dots": "32"}, {"player_name": "Adam Zampa", "Overs": "10", "Maidens": "0", "Runs": "62", "Wickets": "2", "Economy": "6.20", "Dots": "22"}, {"player_name": "Moises Henriques", "Overs": "7", "Maidens": "0", "Runs": "34", "Wickets": "1", "Economy": "4.85", "Dots": "17"}, {"player_name": "Glenn Maxwell", "Overs": "5", "Maidens": "0", "Runs": "34", "Wickets": "1", "Economy": "6.80", "Dots": "7"}]}, "Team2": {"Name": "India", "score": "338/9", "overs": "50/50 ov", "rr": "RR: 6.76", "batting": [{"Player Name": "Mayank Agarwal", "Dismissed by": "c Alex Carey b Pat Cummins", "Runs": "28", "Balls Faced": "26", "Fours": "4", "Sixes": "0", "Strike Rate": "107.69"}, {"Player Name": "Shikhar Dhawan", "Dismissed by": "c Mitchell Starc b Josh Hazlewood", "Runs": "30", "Balls Faced": "23", "Fours": "5", "Sixes": "0", "Strike Rate": "130.43"}, {"Player Name": "Virat Kohli", "Dismissed by": "c Moises Henriques b Josh Hazlewood", "Runs": "89", "Balls Faced": "87", "Fours": "7", "Sixes": "2", "Strike Rate": "102.29"}, {"Player Name": "Shreyas Iyer", "Dismissed by": "c Steve Smith b Moises Henriques", "Runs": "38", "Balls Faced": "36", "Fours": "5", "Sixes": "0", "Strike Rate": "105.55"}, {"Player Name": "KL Rahul", "Dismissed by": "c Josh Hazlewood b Adam Zampa", "Runs": "76", "Balls Faced": "66", "Fours": "4", "Sixes": "5", "Strike Rate": "115.15"}, {"Player Name": "Hardik Pandya", "Dismissed by": "c Steve Smith b Pat Cummins", "Runs": "28", "Balls Faced": "31", "Fours": "1", "Sixes": "1", "Strike Rate": "90.32"}, {"Player Name": "Ravindra Jadeja", "Dismissed by": "c Glenn Maxwell b Pat Cummins", "Runs": "24", "Balls Faced": "11", "Fours": "1", "Sixes": "2", "Strike Rate": "218.18"}, {"Player Name": "Navdeep Saini", "Dismissed by": "", "Runs": "10", "Balls Faced": "10", "Fours": "1", "Sixes": "0", "Strike Rate": "100.00"}, {"Player Name": "Mohammad Shami", "Dismissed by": "c & b Glenn Maxwell", "Runs": "1", "Balls Faced": "4", "Fours": "0", "Sixes": "0", "Strike Rate": "25.00"}, {"Player Name": "Jasprit Bumrah", "Dismissed by": "lbw Adam Zampa", "Runs": "0", "Balls Faced": "2", "Fours": "0", "Sixes": "0", "Strike Rate": "0.00"}, {"Player Name": "Yuzvendra Chahal", "Dismissed by": "", "Runs": "4", "Balls Faced": "6", "Fours": "0", "Sixes": "0", "Strike Rate": "66.66"}], "Extras": "Extras (nb 2, w 8)", "balling": [{"player_name": "Mohammad Shami", "Overs": "9", "Maidens": "0", "Runs": "73", "Wickets": "1", "Economy": "8.11", "Dots": "20"}, {"player_name": "Jasprit Bumrah", "Overs": "10", "Maidens": "1", "Runs": "79", "Wickets": "1", "Economy": "7.90", "Dots": "22"}, {"player_name": "Navdeep Saini", "Overs": "7", "Maidens": "0", "Runs": "70", "Wickets": "0", "Economy": "10.00", "Dots": "15"}, {"player_name": "Yuzvendra Chahal", "Overs": "9", "Maidens": "0", "Runs": "71", "Wickets": "0", "Economy": "7.88", "Dots": "19"}, {"player_name": "Ravindra Jadeja", "Overs": "10", "Maidens": "0", "Runs": "60", "Wickets": "0", "Economy": "6.00", "Dots": "19"}, {"player_name": "Mayank Agarwal", "Overs": "1", "Maidens": "0", "Runs": "10", "Wickets": "0", "Economy": "10.00", "Dots": "2"}, {"player_name": "Hardik Pandya", "Overs": "4", "Maidens": "0", "Runs": "24", "Wickets": "1", "Economy": "6.00", "Dots": "10"}]}, "match_id": "22402"}