{"date": "08/22/2023 09:30:00 AM", "home": "Afghanistan", "away": "Pakistan", "place": "Mahinda Rajapaksa International Cricket Stadium", "result": "Pakistan won by 142 runs", "Team1": {"Name": "Afghanistan", "score": "59", "overs": "19.2/50 ov", "rr": "RR: 3.05", "batting": [{"Player Name": "Rahmanullah Gurbaz", "Dismissed by": "c Muhammad Rizwan b Haris Rauf", "Runs": "18", "Balls Faced": "47", "Fours": "0", "Sixes": "0", "Strike Rate": "38.29"}, {"Player Name": "Ibrahim Zadran", "Dismissed by": "c Salman Ali Agha b Shaheen Shah Afridi", "Runs": "0", "Balls Faced": "6", "Fours": "0", "Sixes": "0", "Strike Rate": "0.00"}, {"Player Name": "Rahmat Shah", "Dismissed by": "c Salman Ali Agha b Shaheen Shah Afridi", "Runs": "0", "Balls Faced": "1", "Fours": "0", "Sixes": "0", "Strike Rate": "0.00"}, {"Player Name": "Hashmatullah Shahidi", "Dismissed by": "c Shadab Khan b Naseem Shah", "Runs": "0", "Balls Faced": "3", "Fours": "0", "Sixes": "0", "Strike Rate": "0.00"}, {"Player Name": "Ikram Alikhil", "Dismissed by": "c Muhammad Rizwan b Haris Rauf", "Runs": "4", "Balls Faced": "9", "Fours": "1", "Sixes": "0", "Strike Rate": "44.44"}, {"Player Name": "Mohammad Nabi", "Dismissed by": "c Salman Ali Agha b Haris Rauf", "Runs": "7", "Balls Faced": "19", "Fours": "0", "Sixes": "0", "Strike Rate": "36.84"}, {"Player Name": "Azmat Omarzai", "Dismissed by": "Retired - Out", "Runs": "16", "Balls Faced": "12", "Fours": "3", "Sixes": "0", "Strike Rate": "133.33"}, {"Player Name": "Rashid Khan", "Dismissed by": "b Haris Rauf", "Runs": "0", "Balls Faced": "2", "Fours": "0", "Sixes": "0", "Strike Rate": "0.00"}, {"Player Name": "Abdul Rahman Rahmani", "Dismissed by": "c Fakhar Zaman b Shadab Khan", "Runs": "2", "Balls Faced": "13", "Fours": "0", "Sixes": "0", "Strike Rate": "15.38"}, {"Player Name": "Mujeeb Ur Rahman", "Dismissed by": "c Naseem Shah b Haris Rauf", "Runs": "4", "Balls Faced": "3", "Fours": "1", "Sixes": "0", "Strike Rate": "133.33"}, {"Player Name": "Fazalhaq Farooqi", "Dismissed by": "", "Runs": "0", "Balls Faced": "1", "Fours": "0", "Sixes": "0", "Strike Rate": "0.00"}], "Extras": "Extras (w 6, lb 2)", "balling": [{"player_name": "Fazalhaq Farooqi", "Overs": "8", "Maidens": "0", "Runs": "51", "Wickets": "1", "Economy": "6.37", "Dots": "23"}, {"player_name": "Mujeeb Ur Rahman", "Overs": "10", "Maidens": "1", "Runs": "33", "Wickets": "3", "Economy": "3.30", "Dots": "38"}, {"player_name": "Azmat Omarzai", "Overs": "4.4", "Maidens": "0", "Runs": "12", "Wickets": "0", "Economy": "2.57", "Dots": "17"}, {"player_name": "Mohammad Nabi", "Overs": "10", "Maidens": "0", "Runs": "34", "Wickets": "2", "Economy": "3.40", "Dots": "27"}, {"player_name": "Rashid Khan", "Overs": "10", "Maidens": "0", "Runs": "42", "Wickets": "2", "Economy": "4.20", "Dots": "35"}, {"player_name": "Abdul Rahman Rahmani", "Overs": "3.2", "Maidens": "0", "Runs": "23", "Wickets": "0", "Economy": "6.90", "Dots": "9"}, {"player_name": "Rahmat Shah", "Overs": "1.1", "Maidens": "0", "Runs": "6", "Wickets": "1", "Economy": "5.14", "Dots": "2"}]}, "Team2": {"Name": "Pakistan", "score": "201", "overs": "47.1/50 ov", "rr": "RR: 4.26", "batting": [{"Player Name": "Imam-ul-Haq", "Dismissed by": "c Rashid Khan b Mohammad Nabi", "Runs": "61", "Balls Faced": "94", "Fours": "2", "Sixes": "0", "Strike Rate": "64.89"}, {"Player Name": "Fakhar Zaman", "Dismissed by": "c Mohammad Nabi b Fazalhaq Farooqi", "Runs": "2", "Balls Faced": "4", "Fours": "0", "Sixes": "0", "Strike Rate": "50.00"}, {"Player Name": "Babar Azam", "Dismissed by": "lbw Mujeeb Ur Rahman", "Runs": "0", "Balls Faced": "3", "Fours": "0", "Sixes": "0", "Strike Rate": "0.00"}, {"Player Name": "Muhammad Rizwan", "Dismissed by": "lbw Mujeeb Ur Rahman", "Runs": "21", "Balls Faced": "22", "Fours": "4", "Sixes": "0", "Strike Rate": "95.45"}, {"Player Name": "Salman Ali Agha", "Dismissed by": "lbw Rashid Khan", "Runs": "7", "Balls Faced": "29", "Fours": "0", "Sixes": "0", "Strike Rate": "24.13"}, {"Player Name": "Iftikhar Ahmed", "Dismissed by": "c Hashmatullah Shahidi b Mohammad Nabi", "Runs": "30", "Balls Faced": "41", "Fours": "2", "Sixes": "0", "Strike Rate": "73.17"}, {"Player Name": "Shadab Khan", "Dismissed by": "run out (Mujeeb Ur Rahman)", "Runs": "39", "Balls Faced": "50", "Fours": "3", "Sixes": "0", "Strike Rate": "78.00"}, {"Player Name": "Usama Mir", "Dismissed by": "b Mujeeb Ur Rahman", "Runs": "2", "Balls Faced": "3", "Fours": "0", "Sixes": "0", "Strike Rate": "66.66"}, {"Player Name": "Shaheen Shah Afridi", "Dismissed by": "b Rashid Khan", "Runs": "2", "Balls Faced": "8", "Fours": "0", "Sixes": "0", "Strike Rate": "25.00"}, {"Player Name": "Naseem Shah", "Dismissed by": "", "Runs": "18", "Balls Faced": "27", "Fours": "2", "Sixes": "0", "Strike Rate": "66.66"}, {"Player Name": "Haris Rauf", "Dismissed by": "lbw Rahmat Shah", "Runs": "1", "Balls Faced": "2", "Fours": "0", "Sixes": "0", "Strike Rate": "50.00"}], "Extras": "Extras (w 18)", "balling": [{"player_name": "Shaheen Shah Afridi", "Overs": "4", "Maidens": "2", "Runs": "9", "Wickets": "2", "Economy": "2.25", "Dots": "22"}, {"player_name": "Naseem Shah", "Overs": "5", "Maidens": "0", "Runs": "12", "Wickets": "1", "Economy": "2.40", "Dots": "23"}, {"player_name": "Haris Rauf", "Overs": "6.2", "Maidens": "2", "Runs": "18", "Wickets": "5", "Economy": "2.84", "Dots": "30"}, {"player_name": "Usama Mir", "Overs": "3", "Maidens": "0", "Runs": "18", "Wickets": "0", "Economy": "6.00", "Dots": "6"}, {"player_name": "Shadab Khan", "Overs": "1", "Maidens": "1", "Runs": "0", "Wickets": "1", "Economy": "0.00", "Dots": "6"}]}, "match_id": "102980"}