{"date": "07/26/2019 09:00:00 AM", "home": "Sri Lanka", "away": "Bangladesh", "place": "R Premadasa Stadium", "result": "Sri Lanka win by 91 runs", "Team1": {"Name": "Sri Lanka", "score": "314/8", "overs": "50/50 ov", "rr": "RR: 6.28", "batting": [{"Player Name": "Avishka Fernando", "Dismissed by": "c Soumya Sarkar b Shafiul Islam", "Runs": "7", "Balls Faced": "13", "Fours": "0", "Sixes": "0", "Strike Rate": "53.84"}, {"Player Name": "Dimuth Karunaratne", "Dismissed by": "c Mustafizur Rahman b Mehidy Hasan", "Runs": "36", "Balls Faced": "37", "Fours": "4", "Sixes": "0", "Strike Rate": "97.29"}, {"Player Name": "Kusal Perera", "Dismissed by": "c Mustafizur Rahman b Soumya Sarkar", "Runs": "111", "Balls Faced": "99", "Fours": "17", "Sixes": "1", "Strike Rate": "112.12"}, {"Player Name": "Kusal Mendis", "Dismissed by": "c Mushfiqur Rahim b Rubel Hossain", "Runs": "43", "Balls Faced": "49", "Fours": "4", "Sixes": "0", "Strike Rate": "87.75"}, {"Player Name": "Angelo Mathews", "Dismissed by": "c Sabbir Rahman b Mustafizur Rahman", "Runs": "48", "Balls Faced": "52", "Fours": "3", "Sixes": "0", "Strike Rate": "92.30"}, {"Player Name": "Lahiru Thirimanne", "Dismissed by": "Caught b Mustafizur Rahman", "Runs": "25", "Balls Faced": "30", "Fours": "1", "Sixes": "0", "Strike Rate": "83.33"}, {"Player Name": "Thisara Perera", "Dismissed by": "c Soumya Sarkar b Shafiul Islam", "Runs": "2", "Balls Faced": "3", "Fours": "0", "Sixes": "0", "Strike Rate": "66.66"}, {"Player Name": "Dhananjaya de Silva", "Dismissed by": "c Sabbir Rahman b Shafiul Islam", "Runs": "18", "Balls Faced": "12", "Fours": "3", "Sixes": "0", "Strike Rate": "150.00"}, {"Player Name": "Lasith Malinga", "Dismissed by": "", "Runs": "6", "Balls Faced": "6", "Fours": "0", "Sixes": "0", "Strike Rate": "100.00"}, {"Player Name": "Nuwan Pradeep", "Dismissed by": "", "Runs": "0", "Balls Faced": "0", "Fours": "0", "Sixes": "0", "Strike Rate": "-"}, {"Player Name": "Lahiru Kumara", "Dismissed by": "", "Runs": "-", "Balls Faced": "-", "Fours": "-", "Sixes": "-", "Strike Rate": "-"}], "Extras": "Extras (nb 1, w 16, lb 1)", "balling": [{"player_name": "Lasith Malinga", "Overs": "9.4", "Maidens": "2", "Runs": "38", "Wickets": "3", "Economy": "3.93", "Dots": "42"}, {"player_name": "Nuwan Pradeep", "Overs": "9", "Maidens": "1", "Runs": "51", "Wickets": "3", "Economy": "5.66", "Dots": "28"}, {"player_name": "Thisara Perera", "Overs": "6", "Maidens": "0", "Runs": "36", "Wickets": "0", "Economy": "6.00", "Dots": "17"}, {"player_name": "Lahiru Kumara", "Overs": "7", "Maidens": "0", "Runs": "45", "Wickets": "1", "Economy": "6.42", "Dots": "23"}, {"player_name": "Dhananjaya de Silva", "Overs": "10", "Maidens": "0", "Runs": "49", "Wickets": "2", "Economy": "4.90", "Dots": "23"}]}, "Team2": {"Name": "Bangladesh", "score": "223", "overs": "41.4/50 ov", "rr": "RR: 5.35", "batting": [{"Player Name": "Tamim Iqbal", "Dismissed by": "b Lasith Malinga", "Runs": "0", "Balls Faced": "5", "Fours": "0", "Sixes": "0", "Strike Rate": "0.00"}, {"Player Name": "Soumya Sarkar", "Dismissed by": "b Lasith Malinga", "Runs": "15", "Balls Faced": "22", "Fours": "1", "Sixes": "0", "Strike Rate": "68.18"}, {"Player Name": "Mohammad Mithun", "Dismissed by": "lbw Nuwan Pradeep", "Runs": "10", "Balls Faced": "21", "Fours": "1", "Sixes": "0", "Strike Rate": "47.61"}, {"Player Name": "Mushfiqur Rahim", "Dismissed by": "c Kusal Mendis b Nuwan Pradeep", "Runs": "67", "Balls Faced": "86", "Fours": "5", "Sixes": "0", "Strike Rate": "77.90"}, {"Player Name": "Mahmudullah", "Dismissed by": "c Sub b Lahiru Kumara", "Runs": "3", "Balls Faced": "10", "Fours": "0", "Sixes": "0", "Strike Rate": "30.00"}, {"Player Name": "Sabbir Rahman", "Dismissed by": "c Avishka Fernando b Dhananjaya de Silva", "Runs": "60", "Balls Faced": "56", "Fours": "7", "Sixes": "0", "Strike Rate": "107.14"}, {"Player Name": "Mosaddek Hossain", "Dismissed by": "run out (Kusal Mendis)", "Runs": "12", "Balls Faced": "16", "Fours": "1", "Sixes": "0", "Strike Rate": "75.00"}, {"Player Name": "Mehidy Hasan", "Dismissed by": "c Kusal Mendis b Dhananjaya de Silva", "Runs": "2", "Balls Faced": "5", "Fours": "0", "Sixes": "0", "Strike Rate": "40.00"}, {"Player Name": "Shafiul Islam", "Dismissed by": "b Nuwan Pradeep", "Runs": "2", "Balls Faced": "9", "Fours": "0", "Sixes": "0", "Strike Rate": "22.22"}, {"Player Name": "Rubel Hossain", "Dismissed by": "", "Runs": "6", "Balls Faced": "6", "Fours": "1", "Sixes": "0", "Strike Rate": "100.00"}, {"Player Name": "Mustafizur Rahman", "Dismissed by": "c Thisara Perera b Lasith Malinga", "Runs": "18", "Balls Faced": "14", "Fours": "3", "Sixes": "0", "Strike Rate": "128.57"}], "Extras": "Extras (w 24, lb 4)", "balling": [{"player_name": "Shafiul Islam", "Overs": "9", "Maidens": "0", "Runs": "62", "Wickets": "3", "Economy": "6.88", "Dots": "22"}, {"player_name": "Mehidy Hasan", "Overs": "9", "Maidens": "0", "Runs": "56", "Wickets": "1", "Economy": "6.22", "Dots": "19"}, {"player_name": "Rubel Hossain", "Overs": "9", "Maidens": "0", "Runs": "54", "Wickets": "1", "Economy": "6.00", "Dots": "27"}, {"player_name": "Mosaddek Hossain", "Overs": "7", "Maidens": "0", "Runs": "45", "Wickets": "0", "Economy": "6.42", "Dots": "17"}, {"player_name": "Mustafizur Rahman", "Overs": "10", "Maidens": "0", "Runs": "75", "Wickets": "2", "Economy": "7.50", "Dots": "24"}, {"player_name": "Soumya Sarkar", "Overs": "5", "Maidens": "0", "Runs": "17", "Wickets": "1", "Economy": "3.40", "Dots": "16"}, {"player_name": "Mahmudullah", "Overs": "1", "Maidens": "0", "Runs": "4", "Wickets": "0", "Economy": "4.00", "Dots": "3"}]}, "match_id": "15567"}