{"date": "06/17/2022 09:00:00 AM", "home": "Netherlands", "away": "England", "place": "VRA Cricket Ground", "result": "England won by 232 runs", "Team1": {"Name": "Netherlands", "score": "266", "overs": "49.4/50 ov", "rr": "RR: 5.35", "batting": [{"Player Name": "Vikramjit Singh", "Dismissed by": "b David Willey", "Runs": "13", "Balls Faced": "14", "Fours": "1", "Sixes": "0", "Strike Rate": "92.85"}, {"Player Name": "Max O'Dowd", "Dismissed by": "b Reece Topley", "Runs": "55", "Balls Faced": "55", "Fours": "6", "Sixes": "2", "Strike Rate": "100.00"}, {"Player Name": "Musa Ahmed", "Dismissed by": "c Adil Rashid b Moeen Ali", "Runs": "21", "Balls Faced": "35", "Fours": "1", "Sixes": "0", "Strike Rate": "60.00"}, {"Player Name": "Tom Cooper", "Dismissed by": "c Phil Salt b Moeen Ali", "Runs": "23", "Balls Faced": "40", "Fours": "0", "Sixes": "0", "Strike Rate": "57.50"}, {"Player Name": "Bas de Leede", "Dismissed by": "c & b Sam Curran", "Runs": "28", "Balls Faced": "38", "Fours": "0", "Sixes": "1", "Strike Rate": "73.68"}, {"Player Name": "Scott Edwards", "Dismissed by": "", "Runs": "72", "Balls Faced": "56", "Fours": "5", "Sixes": "1", "Strike Rate": "128.57"}, {"Player Name": "Logan van Beek", "Dismissed by": "c Jason Roy b Moeen Ali", "Runs": "6", "Balls Faced": "5", "Fours": "1", "Sixes": "0", "Strike Rate": "120.00"}, {"Player Name": "Pieter Seelaar", "Dismissed by": "b David Willey", "Runs": "25", "Balls Faced": "38", "Fours": "1", "Sixes": "0", "Strike Rate": "65.78"}, {"Player Name": "Shane Snater", "Dismissed by": "b Sam Curran", "Runs": "4", "Balls Faced": "3", "Fours": "1", "Sixes": "0", "Strike Rate": "133.33"}, {"Player Name": "Aryan Dutt", "Dismissed by": "b Reece Topley", "Runs": "0", "Balls Faced": "5", "Fours": "0", "Sixes": "0", "Strike Rate": "0.00"}, {"Player Name": "Philippe Boissevain", "Dismissed by": "c Jos Buttler b Dawid Malan", "Runs": "5", "Balls Faced": "9", "Fours": "1", "Sixes": "0", "Strike Rate": "55.55"}], "Extras": "Extras (w 3, lb 11)", "balling": [{"player_name": "Logan van Beek", "Overs": "10", "Maidens": "0", "Runs": "82", "Wickets": "1", "Economy": "8.20", "Dots": "24"}, {"player_name": "Shane Snater", "Overs": "10", "Maidens": "0", "Runs": "99", "Wickets": "1", "Economy": "9.90", "Dots": "20"}, {"player_name": "Pieter Seelaar", "Overs": "9", "Maidens": "0", "Runs": "83", "Wickets": "2", "Economy": "9.22", "Dots": "18"}, {"player_name": "Bas de Leede", "Overs": "5", "Maidens": "0", "Runs": "65", "Wickets": "0", "Economy": "13.00", "Dots": "8"}, {"player_name": "Philippe Boissevain", "Overs": "10", "Maidens": "0", "Runs": "108", "Wickets": "0", "Economy": "10.80", "Dots": "16"}, {"player_name": "Aryan Dutt", "Overs": "6", "Maidens": "0", "Runs": "55", "Wickets": "0", "Economy": "9.16", "Dots": "9"}]}, "Team2": {"Name": "England", "score": "498/4", "overs": "50/50 ov", "rr": "RR: 9.96", "batting": [{"Player Name": "Jason Roy", "Dismissed by": "b Shane Snater", "Runs": "1", "Balls Faced": "7", "Fours": "0", "Sixes": "0", "Strike Rate": "14.28"}, {"Player Name": "Phil Salt", "Dismissed by": "c Philippe Boissevain b Logan van Beek", "Runs": "122", "Balls Faced": "93", "Fours": "14", "Sixes": "3", "Strike Rate": "131.18"}, {"Player Name": "Dawid Malan", "Dismissed by": "c Bas de Leede b Pieter Seelaar", "Runs": "125", "Balls Faced": "109", "Fours": "9", "Sixes": "3", "Strike Rate": "114.67"}, {"Player Name": "Jos Buttler", "Dismissed by": "", "Runs": "162", "Balls Faced": "70", "Fours": "7", "Sixes": "14", "Strike Rate": "231.42"}, {"Player Name": "Eoin Morgan", "Dismissed by": "lbw Pieter Seelaar", "Runs": "0", "Balls Faced": "1", "Fours": "0", "Sixes": "0", "Strike Rate": "0.00"}, {"Player Name": "Liam Livingstone", "Dismissed by": "", "Runs": "66", "Balls Faced": "22", "Fours": "6", "Sixes": "6", "Strike Rate": "300.00"}, {"Player Name": "Moeen Ali", "Dismissed by": "", "Runs": "-", "Balls Faced": "-", "Fours": "-", "Sixes": "-", "Strike Rate": "-"}, {"Player Name": "Sam Curran", "Dismissed by": "", "Runs": "-", "Balls Faced": "-", "Fours": "-", "Sixes": "-", "Strike Rate": "-"}, {"Player Name": "David Willey", "Dismissed by": "", "Runs": "-", "Balls Faced": "-", "Fours": "-", "Sixes": "-", "Strike Rate": "-"}, {"Player Name": "Adil Rashid", "Dismissed by": "", "Runs": "-", "Balls Faced": "-", "Fours": "-", "Sixes": "-", "Strike Rate": "-"}, {"Player Name": "Reece Topley", "Dismissed by": "", "Runs": "-", "Balls Faced": "-", "Fours": "-", "Sixes": "-", "Strike Rate": "-"}], "Extras": "Extras (nb 2, w 14, b 4, lb 2)", "balling": [{"player_name": "David Willey", "Overs": "10", "Maidens": "0", "Runs": "42", "Wickets": "2", "Economy": "4.20", "Dots": "36"}, {"player_name": "Reece Topley", "Overs": "10", "Maidens": "0", "Runs": "46", "Wickets": "2", "Economy": "4.60", "Dots": "33"}, {"player_name": "Sam Curran", "Overs": "9", "Maidens": "0", "Runs": "46", "Wickets": "2", "Economy": "5.11", "Dots": "31"}, {"player_name": "Moeen Ali", "Overs": "10", "Maidens": "0", "Runs": "57", "Wickets": "3", "Economy": "5.70", "Dots": "27"}, {"player_name": "Adil Rashid", "Overs": "10", "Maidens": "0", "Runs": "59", "Wickets": "0", "Economy": "5.90", "Dots": "26"}, {"player_name": "Dawid Malan", "Overs": "0.4", "Maidens": "0", "Runs": "5", "Wickets": "1", "Economy": "7.50", "Dots": "2"}]}, "match_id": "34010"}