{"date": "06/07/2023 04:30:00 AM", "home": "Sri Lanka", "away": "Afghanistan", "place": "Mahinda Rajapaksa International Cricket Stadium", "result": "Sri Lanka won by 9 wickets", "Team1": {"Name": "Sri Lanka", "score": "120/1", "overs": "16/50 ov", "rr": "RR: 7.50", "batting": [{"Player Name": "Pathum Nissanka", "Dismissed by": "lbw Gulbadin Naib", "Runs": "51", "Balls Faced": "34", "Fours": "8", "Sixes": "2", "Strike Rate": "150.00"}, {"Player Name": "Dimuth Karunaratne", "Dismissed by": "", "Runs": "56", "Balls Faced": "45", "Fours": "7", "Sixes": "0", "Strike Rate": "124.44"}, {"Player Name": "Kusal Mendis", "Dismissed by": "", "Runs": "11", "Balls Faced": "17", "Fours": "1", "Sixes": "0", "Strike Rate": "64.70"}, {"Player Name": "Charith Asalanka", "Dismissed by": "", "Runs": "-", "Balls Faced": "-", "Fours": "-", "Sixes": "-", "Strike Rate": "-"}, {"Player Name": "Sadeera Samarawickrama", "Dismissed by": "", "Runs": "-", "Balls Faced": "-", "Fours": "-", "Sixes": "-", "Strike Rate": "-"}, {"Player Name": "Dasun Shanaka", "Dismissed by": "", "Runs": "-", "Balls Faced": "-", "Fours": "-", "Sixes": "-", "Strike Rate": "-"}, {"Player Name": "Dhananjaya de Silva", "Dismissed by": "", "Runs": "-", "Balls Faced": "-", "Fours": "-", "Sixes": "-", "Strike Rate": "-"}, {"Player Name": "Wanindu Hasaranga", "Dismissed by": "", "Runs": "-", "Balls Faced": "-", "Fours": "-", "Sixes": "-", "Strike Rate": "-"}, {"Player Name": "Maheesh Theekshana", "Dismissed by": "", "Runs": "-", "Balls Faced": "-", "Fours": "-", "Sixes": "-", "Strike Rate": "-"}, {"Player Name": "Dushmantha Chameera", "Dismissed by": "", "Runs": "-", "Balls Faced": "-", "Fours": "-", "Sixes": "-", "Strike Rate": "-"}, {"Player Name": "Lahiru Kumara", "Dismissed by": "", "Runs": "-", "Balls Faced": "-", "Fours": "-", "Sixes": "-", "Strike Rate": "-"}], "Extras": "Extras (w 1, lb 1)", "balling": [{"player_name": "Dushmantha Chameera", "Overs": "9", "Maidens": "0", "Runs": "63", "Wickets": "4", "Economy": "7.00", "Dots": "35"}, {"player_name": "Lahiru Kumara", "Overs": "5", "Maidens": "0", "Runs": "29", "Wickets": "2", "Economy": "5.80", "Dots": "19"}, {"player_name": "Maheesh Theekshana", "Overs": "4", "Maidens": "0", "Runs": "16", "Wickets": "1", "Economy": "4.00", "Dots": "14"}, {"player_name": "Wanindu Hasaranga", "Overs": "4.2", "Maidens": "1", "Runs": "7", "Wickets": "3", "Economy": "1.61", "Dots": "20"}]}, "Team2": {"Name": "Afghanistan", "score": "116", "overs": "22.2/50 ov", "rr": "RR: 5.19", "batting": [{"Player Name": "Rahmanullah Gurbaz", "Dismissed by": "c Dimuth Karunaratne b Lahiru Kumara", "Runs": "8", "Balls Faced": "10", "Fours": "2", "Sixes": "0", "Strike Rate": "80.00"}, {"Player Name": "Ibrahim Zadran", "Dismissed by": "b Lahiru Kumara", "Runs": "22", "Balls Faced": "21", "Fours": "4", "Sixes": "0", "Strike Rate": "104.76"}, {"Player Name": "Rahmat Shah", "Dismissed by": "c Kusal Mendis b Dushmantha Chameera", "Runs": "7", "Balls Faced": "11", "Fours": "1", "Sixes": "0", "Strike Rate": "63.63"}, {"Player Name": "Hashmatullah Shahidi", "Dismissed by": "c Kusal Mendis b Dushmantha Chameera", "Runs": "4", "Balls Faced": "3", "Fours": "1", "Sixes": "0", "Strike Rate": "133.33"}, {"Player Name": "Mohammad Nabi", "Dismissed by": "lbw Dushmantha Chameera", "Runs": "23", "Balls Faced": "23", "Fours": "2", "Sixes": "0", "Strike Rate": "100.00"}, {"Player Name": "Najib Zadran", "Dismissed by": "c Wanindu Hasaranga b Dushmantha Chameera", "Runs": "10", "Balls Faced": "13", "Fours": "2", "Sixes": "0", "Strike Rate": "76.92"}, {"Player Name": "Gulbadin Naib", "Dismissed by": "c Dhananjaya de Silva b Maheesh Theekshana", "Runs": "20", "Balls Faced": "21", "Fours": "4", "Sixes": "0", "Strike Rate": "95.23"}, {"Player Name": "Rashid Khan", "Dismissed by": "lbw Wanindu Hasaranga", "Runs": "2", "Balls Faced": "8", "Fours": "0", "Sixes": "0", "Strike Rate": "25.00"}, {"Player Name": "Mujeeb Ur Rahman", "Dismissed by": "c Kusal Mendis b Wanindu Hasaranga", "Runs": "0", "Balls Faced": "4", "Fours": "0", "Sixes": "0", "Strike Rate": "0.00"}, {"Player Name": "Fazalhaq Farooqi", "Dismissed by": "lbw Wanindu Hasaranga", "Runs": "4", "Balls Faced": "15", "Fours": "1", "Sixes": "0", "Strike Rate": "26.66"}, {"Player Name": "Fareed Malik", "Dismissed by": "", "Runs": "13", "Balls Faced": "7", "Fours": "0", "Sixes": "1", "Strike Rate": "185.71"}], "Extras": "Extras (nb 2, lb 1)", "balling": [{"player_name": "Fazalhaq Farooqi", "Overs": "4", "Maidens": "0", "Runs": "33", "Wickets": "0", "Economy": "8.25", "Dots": "13"}, {"player_name": "Fareed Malik", "Overs": "1", "Maidens": "0", "Runs": "8", "Wickets": "0", "Economy": "8.00", "Dots": "4"}, {"player_name": "Mujeeb Ur Rahman", "Overs": "2", "Maidens": "0", "Runs": "18", "Wickets": "0", "Economy": "9.00", "Dots": "7"}, {"player_name": "Rashid Khan", "Overs": "4", "Maidens": "0", "Runs": "21", "Wickets": "0", "Economy": "5.25", "Dots": "10"}, {"player_name": "Gulbadin Naib", "Overs": "2", "Maidens": "0", "Runs": "19", "Wickets": "1", "Economy": "9.50", "Dots": "6"}, {"player_name": "Mohammad Nabi", "Overs": "3", "Maidens": "0", "Runs": "20", "Wickets": "0", "Economy": "6.66", "Dots": "9"}]}, "match_id": "102116"}