{"date": "06/28/2019 09:30:00 AM", "home": "Sri Lanka", "away": "South Africa", "place": "Emirates Riverside", "result": "South Africa win by 9 wickets", "Team1": {"Name": "Sri Lanka", "score": "203", "overs": "49.3/50 ov", "rr": "RR: 4.10", "batting": [{"Player Name": "Dimuth Karunaratne", "Dismissed by": "c Faf du Plessis b Kagiso Rabada", "Runs": "0", "Balls Faced": "1", "Fours": "0", "Sixes": "0", "Strike Rate": "0.00"}, {"Player Name": "Kusal Perera", "Dismissed by": "b Dwaine Pretorius", "Runs": "30", "Balls Faced": "34", "Fours": "4", "Sixes": "0", "Strike Rate": "88.23"}, {"Player Name": "Avishka Fernando", "Dismissed by": "c Faf du Plessis b Dwaine Pretorius", "Runs": "30", "Balls Faced": "29", "Fours": "4", "Sixes": "0", "Strike Rate": "103.44"}, {"Player Name": "Kusal Mendis", "Dismissed by": "c Chris Morris b Dwaine Pretorius", "Runs": "23", "Balls Faced": "51", "Fours": "2", "Sixes": "0", "Strike Rate": "45.09"}, {"Player Name": "Angelo Mathews", "Dismissed by": "b Chris Morris", "Runs": "11", "Balls Faced": "29", "Fours": "1", "Sixes": "0", "Strike Rate": "37.93"}, {"Player Name": "Dhananjaya de Silva", "Dismissed by": "b JP Duminy", "Runs": "24", "Balls Faced": "41", "Fours": "2", "Sixes": "0", "Strike Rate": "58.53"}, {"Player Name": "Jeevan Mendis", "Dismissed by": "c Dwaine Pretorius b Chris Morris", "Runs": "18", "Balls Faced": "46", "Fours": "1", "Sixes": "1", "Strike Rate": "39.13"}, {"Player Name": "Thisara Perera", "Dismissed by": "c Kagiso Rabada b Andile Phehlukwayo", "Runs": "21", "Balls Faced": "25", "Fours": "0", "Sixes": "0", "Strike Rate": "84.00"}, {"Player Name": "Isuru Udana", "Dismissed by": "c & b Kagiso Rabada", "Runs": "17", "Balls Faced": "32", "Fours": "1", "Sixes": "0", "Strike Rate": "53.12"}, {"Player Name": "Suranga Lakmal", "Dismissed by": "", "Runs": "5", "Balls Faced": "7", "Fours": "0", "Sixes": "0", "Strike Rate": "71.42"}, {"Player Name": "Lasith Malinga", "Dismissed by": "c Faf du Plessis b Chris Morris", "Runs": "4", "Balls Faced": "2", "Fours": "1", "Sixes": "0", "Strike Rate": "200.00"}], "Extras": "Extras (w 13, b 4, lb 3)", "balling": [{"player_name": "Lasith Malinga", "Overs": "10", "Maidens": "1", "Runs": "47", "Wickets": "1", "Economy": "4.70", "Dots": "38"}, {"player_name": "Dhananjaya de Silva", "Overs": "4", "Maidens": "0", "Runs": "18", "Wickets": "0", "Economy": "4.50", "Dots": "14"}, {"player_name": "Suranga Lakmal", "Overs": "6", "Maidens": "0", "Runs": "47", "Wickets": "0", "Economy": "7.83", "Dots": "15"}, {"player_name": "Thisara Perera", "Overs": "5.2", "Maidens": "1", "Runs": "28", "Wickets": "0", "Economy": "5.25", "Dots": "15"}, {"player_name": "Jeevan Mendis", "Overs": "7", "Maidens": "0", "Runs": "36", "Wickets": "0", "Economy": "5.14", "Dots": "16"}, {"player_name": "Isuru Udana", "Overs": "5", "Maidens": "0", "Runs": "29", "Wickets": "0", "Economy": "5.80", "Dots": "11"}]}, "Team2": {"Name": "South Africa", "score": "206/1", "overs": "37.2/50 ov", "rr": "RR: 5.51", "batting": [{"Player Name": "Quinton de Kock", "Dismissed by": "b Lasith Malinga", "Runs": "15", "Balls Faced": "16", "Fours": "3", "Sixes": "0", "Strike Rate": "93.75"}, {"Player Name": "Hashim Amla", "Dismissed by": "", "Runs": "80", "Balls Faced": "105", "Fours": "5", "Sixes": "0", "Strike Rate": "76.19"}, {"Player Name": "Faf du Plessis", "Dismissed by": "", "Runs": "96", "Balls Faced": "103", "Fours": "10", "Sixes": "1", "Strike Rate": "93.20"}, {"Player Name": "Rassie van der Dussen", "Dismissed by": "", "Runs": "-", "Balls Faced": "-", "Fours": "-", "Sixes": "-", "Strike Rate": "-"}, {"Player Name": "Aiden Markram", "Dismissed by": "", "Runs": "-", "Balls Faced": "-", "Fours": "-", "Sixes": "-", "Strike Rate": "-"}, {"Player Name": "JP Duminy", "Dismissed by": "", "Runs": "-", "Balls Faced": "-", "Fours": "-", "Sixes": "-", "Strike Rate": "-"}, {"Player Name": "Dwaine Pretorius", "Dismissed by": "", "Runs": "-", "Balls Faced": "-", "Fours": "-", "Sixes": "-", "Strike Rate": "-"}, {"Player Name": "Andile Phehlukwayo", "Dismissed by": "", "Runs": "-", "Balls Faced": "-", "Fours": "-", "Sixes": "-", "Strike Rate": "-"}, {"Player Name": "Chris Morris", "Dismissed by": "", "Runs": "-", "Balls Faced": "-", "Fours": "-", "Sixes": "-", "Strike Rate": "-"}, {"Player Name": "Kagiso Rabada", "Dismissed by": "", "Runs": "-", "Balls Faced": "-", "Fours": "-", "Sixes": "-", "Strike Rate": "-"}, {"Player Name": "Imran Tahir", "Dismissed by": "", "Runs": "-", "Balls Faced": "-", "Fours": "-", "Sixes": "-", "Strike Rate": "-"}], "Extras": "Extras (w 14, lb 1)", "balling": [{"player_name": "Kagiso Rabada", "Overs": "10", "Maidens": "2", "Runs": "36", "Wickets": "2", "Economy": "3.60", "Dots": "40"}, {"player_name": "Chris Morris", "Overs": "9.3", "Maidens": "0", "Runs": "46", "Wickets": "3", "Economy": "4.84", "Dots": "36"}, {"player_name": "Dwaine Pretorius", "Overs": "10", "Maidens": "2", "Runs": "25", "Wickets": "3", "Economy": "2.50", "Dots": "46"}, {"player_name": "Andile Phehlukwayo", "Overs": "8", "Maidens": "0", "Runs": "38", "Wickets": "1", "Economy": "4.75", "Dots": "24"}, {"player_name": "Imran Tahir", "Overs": "10", "Maidens": "0", "Runs": "36", "Wickets": "0", "Economy": "3.60", "Dots": "34"}, {"player_name": "JP Duminy", "Overs": "2", "Maidens": "0", "Runs": "15", "Wickets": "1", "Economy": "7.50", "Dots": "7"}]}, "match_id": "8226"}