{"date": "07/05/2019 09:30:00 AM", "home": "Pakistan", "away": "Bangladesh", "place": "Lord's Cricket Ground", "result": "Pakistan win by 94 runs", "Team1": {"Name": "Pakistan", "score": "315/9", "overs": "50/50 ov", "rr": "RR: 6.30", "batting": [{"Player Name": "Fakhar Zaman", "Dismissed by": "c Mehidy Hasan b Mohammad Saifuddin", "Runs": "13", "Balls Faced": "31", "Fours": "1", "Sixes": "0", "Strike Rate": "41.93"}, {"Player Name": "Imam-ul-Haq", "Dismissed by": "Hit wicket", "Runs": "100", "Balls Faced": "100", "Fours": "8", "Sixes": "0", "Strike Rate": "100.00"}, {"Player Name": "Babar Azam", "Dismissed by": "lbw Mohammad Saifuddin", "Runs": "96", "Balls Faced": "99", "Fours": "11", "Sixes": "0", "Strike Rate": "96.96"}, {"Player Name": "Mohammad Hafeez", "Dismissed by": "c Shakib Al Hasan b Mehidy Hasan", "Runs": "27", "Balls Faced": "25", "Fours": "3", "Sixes": "0", "Strike Rate": "108.00"}, {"Player Name": "Haris Sohail", "Dismissed by": "c Soumya Sarkar b Mustafizur Rahman", "Runs": "6", "Balls Faced": "6", "Fours": "1", "Sixes": "0", "Strike Rate": "100.00"}, {"Player Name": "Imad Wasim", "Dismissed by": "c Mahmudullah b Mustafizur Rahman", "Runs": "43", "Balls Faced": "26", "Fours": "6", "Sixes": "1", "Strike Rate": "165.38"}, {"Player Name": "Sarfaraz Ahmed", "Dismissed by": "", "Runs": "3", "Balls Faced": "3", "Fours": "0", "Sixes": "0", "Strike Rate": "100.00"}, {"Player Name": "Wahab Riaz", "Dismissed by": "b Mohammad Saifuddin", "Runs": "2", "Balls Faced": "4", "Fours": "0", "Sixes": "0", "Strike Rate": "50.00"}, {"Player Name": "Shadab Khan", "Dismissed by": "c & b Mustafizur Rahman", "Runs": "1", "Balls Faced": "2", "Fours": "0", "Sixes": "0", "Strike Rate": "50.00"}, {"Player Name": "Mohammad Amir", "Dismissed by": "c Mushfiqur Rahim b Mustafizur Rahman", "Runs": "8", "Balls Faced": "6", "Fours": "1", "Sixes": "0", "Strike Rate": "133.33"}, {"Player Name": "Shaheen Afridi", "Dismissed by": "", "Runs": "0", "Balls Faced": "0", "Fours": "0", "Sixes": "0", "Strike Rate": "-"}], "Extras": "Extras (nb 1, w 12, lb 3)", "balling": [{"player_name": "Mohammad Hafeez", "Overs": "6", "Maidens": "1", "Runs": "32", "Wickets": "0", "Economy": "5.33", "Dots": "18"}, {"player_name": "Mohammad Amir", "Overs": "7", "Maidens": "0", "Runs": "31", "Wickets": "1", "Economy": "4.42", "Dots": "23"}, {"player_name": "Shaheen Afridi", "Overs": "9.1", "Maidens": "0", "Runs": "35", "Wickets": "6", "Economy": "3.81", "Dots": "34"}, {"player_name": "Wahab Riaz", "Overs": "7", "Maidens": "0", "Runs": "33", "Wickets": "1", "Economy": "4.71", "Dots": "22"}, {"player_name": "Imad Wasim", "Overs": "6", "Maidens": "0", "Runs": "26", "Wickets": "0", "Economy": "4.33", "Dots": "16"}, {"player_name": "Shadab Khan", "Overs": "9", "Maidens": "0", "Runs": "59", "Wickets": "2", "Economy": "6.55", "Dots": "24"}]}, "Team2": {"Name": "Bangladesh", "score": "221", "overs": "44.1/50 ov", "rr": "RR: 5.00", "batting": [{"Player Name": "Tamim Iqbal", "Dismissed by": "b Shaheen Afridi", "Runs": "8", "Balls Faced": "21", "Fours": "0", "Sixes": "0", "Strike Rate": "38.09"}, {"Player Name": "Soumya Sarkar", "Dismissed by": "c Fakhar Zaman b Mohammad Amir", "Runs": "22", "Balls Faced": "22", "Fours": "4", "Sixes": "0", "Strike Rate": "100.00"}, {"Player Name": "Shakib Al Hasan", "Dismissed by": "c Sarfaraz Ahmed b Shaheen Afridi", "Runs": "64", "Balls Faced": "77", "Fours": "6", "Sixes": "0", "Strike Rate": "83.11"}, {"Player Name": "Mushfiqur Rahim", "Dismissed by": "b Wahab Riaz", "Runs": "16", "Balls Faced": "19", "Fours": "2", "Sixes": "0", "Strike Rate": "84.21"}, {"Player Name": "Litton Das", "Dismissed by": "c Haris Sohail b Shaheen Afridi", "Runs": "32", "Balls Faced": "40", "Fours": "3", "Sixes": "0", "Strike Rate": "80.00"}, {"Player Name": "Mahmudullah", "Dismissed by": "b Shaheen Afridi", "Runs": "29", "Balls Faced": "41", "Fours": "3", "Sixes": "0", "Strike Rate": "70.73"}, {"Player Name": "Mosaddek Hossain", "Dismissed by": "c Babar Azam b Shadab Khan", "Runs": "16", "Balls Faced": "21", "Fours": "1", "Sixes": "0", "Strike Rate": "76.19"}, {"Player Name": "Mohammad Saifuddin", "Dismissed by": "c Mohammad Amir b Shaheen Afridi", "Runs": "0", "Balls Faced": "1", "Fours": "0", "Sixes": "0", "Strike Rate": "0.00"}, {"Player Name": "Mehidy Hasan", "Dismissed by": "", "Runs": "7", "Balls Faced": "6", "Fours": "1", "Sixes": "0", "Strike Rate": "116.66"}, {"Player Name": "Mashrafe Mortaza", "Dismissed by": "st Sarfaraz Ahmed b Shadab Khan", "Runs": "15", "Balls Faced": "14", "Fours": "0", "Sixes": "2", "Strike Rate": "107.14"}, {"Player Name": "Mustafizur Rahman", "Dismissed by": "b Shaheen Afridi", "Runs": "1", "Balls Faced": "3", "Fours": "0", "Sixes": "0", "Strike Rate": "33.33"}], "Extras": "Extras (w 6, lb 5)", "balling": [{"player_name": "Mehidy Hasan", "Overs": "10", "Maidens": "0", "Runs": "30", "Wickets": "1", "Economy": "3.00", "Dots": "38"}, {"player_name": "Mohammad Saifuddin", "Overs": "9", "Maidens": "0", "Runs": "77", "Wickets": "4", "Economy": "8.55", "Dots": "23"}, {"player_name": "Mustafizur Rahman", "Overs": "10", "Maidens": "0", "Runs": "75", "Wickets": "5", "Economy": "7.50", "Dots": "24"}, {"player_name": "Mashrafe Mortaza", "Overs": "7", "Maidens": "0", "Runs": "46", "Wickets": "0", "Economy": "6.57", "Dots": "12"}, {"player_name": "Shakib Al Hasan", "Overs": "10", "Maidens": "0", "Runs": "57", "Wickets": "0", "Economy": "5.70", "Dots": "20"}, {"player_name": "Mosaddek Hossain", "Overs": "4", "Maidens": "0", "Runs": "27", "Wickets": "0", "Economy": "6.75", "Dots": "10"}]}, "match_id": "8234"}