{"date": "11/26/2021 08:00:00 AM", "home": "South Africa", "away": "Netherlands", "place": "Supersport Park", "result": "Match Abandoned", "Team1": {"Name": "South Africa", "score": "277/8", "overs": "50/50 ov", "rr": "RR: 5.54", "batting": [{"Player Name": "Janneman Malan", "Dismissed by": "c Pieter Seelaar b Fred Klaassen", "Runs": "16", "Balls Faced": "22", "Fours": "3", "Sixes": "0", "Strike Rate": "72.72"}, {"Player Name": "Reeza Hendricks", "Dismissed by": "c Roelof van der Merwe b Fred Klaassen", "Runs": "6", "Balls Faced": "10", "Fours": "1", "Sixes": "0", "Strike Rate": "60.00"}, {"Player Name": "Zubayr Hamza", "Dismissed by": "c Scott Edwards b Brandon Glover", "Runs": "56", "Balls Faced": "79", "Fours": "5", "Sixes": "1", "Strike Rate": "70.88"}, {"Player Name": "Kyle Verreynne", "Dismissed by": "c Bas de Leede b Vivian Kingma", "Runs": "95", "Balls Faced": "112", "Fours": "9", "Sixes": "1", "Strike Rate": "84.82"}, {"Player Name": "David Miller", "Dismissed by": "c Max O'Dowd b Timm van der Gugten", "Runs": "12", "Balls Faced": "18", "Fours": "0", "Sixes": "1", "Strike Rate": "66.66"}, {"Player Name": "Khayelihle Zondo", "Dismissed by": "b Roelof van der Merwe", "Runs": "4", "Balls Faced": "7", "Fours": "0", "Sixes": "0", "Strike Rate": "57.14"}, {"Player Name": "Wayne Parnell", "Dismissed by": "c Roelof van der Merwe b Vivian Kingma", "Runs": "10", "Balls Faced": "16", "Fours": "0", "Sixes": "0", "Strike Rate": "62.50"}, {"Player Name": "Andile Phehlukwayo", "Dismissed by": "b Brandon Glover", "Runs": "48", "Balls Faced": "22", "Fours": "1", "Sixes": "6", "Strike Rate": "218.18"}, {"Player Name": "Keshav Maharaj", "Dismissed by": "", "Runs": "18", "Balls Faced": "16", "Fours": "3", "Sixes": "0", "Strike Rate": "112.50"}, {"Player Name": "Sisanda Magala", "Dismissed by": "", "Runs": "-", "Balls Faced": "-", "Fours": "-", "Sixes": "-", "Strike Rate": "-"}, {"Player Name": "Tabraiz Shamsi", "Dismissed by": "", "Runs": "-", "Balls Faced": "-", "Fours": "-", "Sixes": "-", "Strike Rate": "-"}], "Extras": "Extras (nb 2, w 8, lb 2)", "balling": [{"player_name": "Keshav Maharaj", "Overs": "1", "Maidens": "0", "Runs": "6", "Wickets": "0", "Economy": "6.00", "Dots": "3"}, {"player_name": "Wayne Parnell", "Overs": "1", "Maidens": "0", "Runs": "5", "Wickets": "0", "Economy": "5.00", "Dots": "4"}]}, "Team2": {"Name": "Netherlands", "score": "11/0", "overs": "2/50 ov", "rr": "RR: 5.50", "batting": [{"Player Name": "Max O'Dowd", "Dismissed by": "", "Runs": "9", "Balls Faced": "9", "Fours": "2", "Sixes": "0", "Strike Rate": "100.00"}, {"Player Name": "Stephan Myburgh", "Dismissed by": "", "Runs": "2", "Balls Faced": "3", "Fours": "0", "Sixes": "0", "Strike Rate": "66.66"}, {"Player Name": "Scott Edwards", "Dismissed by": "", "Runs": "-", "Balls Faced": "-", "Fours": "-", "Sixes": "-", "Strike Rate": "-"}, {"Player Name": "Colin Ackermann", "Dismissed by": "", "Runs": "-", "Balls Faced": "-", "Fours": "-", "Sixes": "-", "Strike Rate": "-"}, {"Player Name": "Bas de Leede", "Dismissed by": "", "Runs": "-", "Balls Faced": "-", "Fours": "-", "Sixes": "-", "Strike Rate": "-"}, {"Player Name": "Pieter Seelaar", "Dismissed by": "", "Runs": "-", "Balls Faced": "-", "Fours": "-", "Sixes": "-", "Strike Rate": "-"}, {"Player Name": "Roelof van der Merwe", "Dismissed by": "", "Runs": "-", "Balls Faced": "-", "Fours": "-", "Sixes": "-", "Strike Rate": "-"}, {"Player Name": "Timm van der Gugten", "Dismissed by": "", "Runs": "-", "Balls Faced": "-", "Fours": "-", "Sixes": "-", "Strike Rate": "-"}, {"Player Name": "Fred Klaassen", "Dismissed by": "", "Runs": "-", "Balls Faced": "-", "Fours": "-", "Sixes": "-", "Strike Rate": "-"}, {"Player Name": "Vivian Kingma", "Dismissed by": "", "Runs": "-", "Balls Faced": "-", "Fours": "-", "Sixes": "-", "Strike Rate": "-"}, {"Player Name": "Brandon Glover", "Dismissed by": "", "Runs": "-", "Balls Faced": "-", "Fours": "-", "Sixes": "-", "Strike Rate": "-"}], "Extras": "Extras", "balling": [{"player_name": "Fred Klaassen", "Overs": "8", "Maidens": "2", "Runs": "45", "Wickets": "2", "Economy": "5.62", "Dots": "32"}, {"player_name": "Vivian Kingma", "Overs": "9", "Maidens": "0", "Runs": "49", "Wickets": "2", "Economy": "5.44", "Dots": "34"}, {"player_name": "Brandon Glover", "Overs": "10", "Maidens": "1", "Runs": "70", "Wickets": "2", "Economy": "7.00", "Dots": "33"}, {"player_name": "Pieter Seelaar", "Overs": "6", "Maidens": "0", "Runs": "26", "Wickets": "0", "Economy": "4.33", "Dots": "18"}, {"player_name": "Timm van der Gugten", "Overs": "7", "Maidens": "0", "Runs": "40", "Wickets": "1", "Economy": "5.71", "Dots": "18"}, {"player_name": "Roelof van der Merwe", "Overs": "6", "Maidens": "0", "Runs": "27", "Wickets": "1", "Economy": "4.50", "Dots": "14"}, {"player_name": "Colin Ackermann", "Overs": "4", "Maidens": "0", "Runs": "18", "Wickets": "0", "Economy": "4.50", "Dots": "11"}]}, "match_id": "33707"}