{"date": "09/21/2018 11:30:00 AM", "home": "Pakistan", "away": "Afghanistan", "place": "Zayed Cricket Stadium", "result": "Pakistan win by 3 wickets", "Team1": {"Name": "Pakistan", "score": "258/7", "overs": "49.3/50 ov", "rr": "RR: 5.21", "batting": [{"Player Name": "Fakhar Zaman", "Dismissed by": "lbw Mujeeb Ur Rahman", "Runs": "0", "Balls Faced": "6", "Fours": "0", "Sixes": "0", "Strike Rate": "0.00"}, {"Player Name": "Imam-ul-Haq", "Dismissed by": "run out (Najibullah Zadran)", "Runs": "80", "Balls Faced": "104", "Fours": "5", "Sixes": "1", "Strike Rate": "76.92"}, {"Player Name": "Babar Azam", "Dismissed by": "st Mohammad Shahzad b Rashid Khan", "Runs": "66", "Balls Faced": "94", "Fours": "4", "Sixes": "1", "Strike Rate": "70.21"}, {"Player Name": "Haris Sohail", "Dismissed by": "c Ihsanullah b Mujeeb Ur Rahman", "Runs": "13", "Balls Faced": "21", "Fours": "1", "Sixes": "0", "Strike Rate": "61.90"}, {"Player Name": "Shoaib Malik", "Dismissed by": "", "Runs": "51", "Balls Faced": "43", "Fours": "3", "Sixes": "1", "Strike Rate": "118.60"}, {"Player Name": "Sarfaraz Ahmed", "Dismissed by": "b Gulbadin Naib", "Runs": "8", "Balls Faced": "12", "Fours": "0", "Sixes": "0", "Strike Rate": "66.66"}, {"Player Name": "Asif Ali", "Dismissed by": "c Aftab Alam b Rashid Khan", "Runs": "7", "Balls Faced": "6", "Fours": "0", "Sixes": "1", "Strike Rate": "116.66"}, {"Player Name": "Mohammad Nawaz", "Dismissed by": "b Rashid Khan", "Runs": "10", "Balls Faced": "8", "Fours": "0", "Sixes": "1", "Strike Rate": "125.00"}, {"Player Name": "Hasan Ali", "Dismissed by": "", "Runs": "6", "Balls Faced": "3", "Fours": "0", "Sixes": "1", "Strike Rate": "200.00"}, {"Player Name": "Usman Shinwari", "Dismissed by": "", "Runs": "-", "Balls Faced": "-", "Fours": "-", "Sixes": "-", "Strike Rate": "-"}, {"Player Name": "Shaheen Afridi", "Dismissed by": "", "Runs": "-", "Balls Faced": "-", "Fours": "-", "Sixes": "-", "Strike Rate": "-"}], "Extras": "Extras (w 13, b 2, lb 2)", "balling": [{"player_name": "Usman Shinwari", "Overs": "10", "Maidens": "1", "Runs": "58", "Wickets": "0", "Economy": "5.80", "Dots": "29"}, {"player_name": "Shaheen Afridi", "Overs": "10", "Maidens": "0", "Runs": "38", "Wickets": "2", "Economy": "3.80", "Dots": "37"}, {"player_name": "Mohammad Nawaz", "Overs": "10", "Maidens": "1", "Runs": "57", "Wickets": "3", "Economy": "5.70", "Dots": "28"}, {"player_name": "Shoaib Malik", "Overs": "4", "Maidens": "0", "Runs": "21", "Wickets": "0", "Economy": "5.25", "Dots": "9"}, {"player_name": "Haris Sohail", "Overs": "6", "Maidens": "0", "Runs": "30", "Wickets": "0", "Economy": "5.00", "Dots": "15"}, {"player_name": "Hasan Ali", "Overs": "10", "Maidens": "0", "Runs": "51", "Wickets": "1", "Economy": "5.10", "Dots": "26"}]}, "Team2": {"Name": "Afghanistan", "score": "257/6", "overs": "50/50 ov", "rr": "RR: 5.14", "batting": [{"Player Name": "Mohammad Shahzad", "Dismissed by": "c Sarfaraz Ahmed b Mohammad Nawaz", "Runs": "20", "Balls Faced": "31", "Fours": "2", "Sixes": "0", "Strike Rate": "64.51"}, {"Player Name": "Ihsanullah", "Dismissed by": "c & b Mohammad Nawaz", "Runs": "10", "Balls Faced": "28", "Fours": "1", "Sixes": "0", "Strike Rate": "35.71"}, {"Player Name": "Rahmat Shah", "Dismissed by": "c & b Mohammad Nawaz", "Runs": "36", "Balls Faced": "51", "Fours": "2", "Sixes": "0", "Strike Rate": "70.58"}, {"Player Name": "Hashmatullah Shahidi", "Dismissed by": "", "Runs": "97", "Balls Faced": "118", "Fours": "7", "Sixes": "0", "Strike Rate": "82.20"}, {"Player Name": "Asghar Afghan", "Dismissed by": "b Shaheen Afridi", "Runs": "67", "Balls Faced": "56", "Fours": "2", "Sixes": "5", "Strike Rate": "119.64"}, {"Player Name": "Mohammad Nabi", "Dismissed by": "c Hasan Ali b Shaheen Afridi", "Runs": "7", "Balls Faced": "5", "Fours": "1", "Sixes": "0", "Strike Rate": "140.00"}, {"Player Name": "Najibullah Zadran", "Dismissed by": "b Hasan Ali", "Runs": "5", "Balls Faced": "6", "Fours": "0", "Sixes": "0", "Strike Rate": "83.33"}, {"Player Name": "Gulbadin Naib", "Dismissed by": "", "Runs": "10", "Balls Faced": "7", "Fours": "1", "Sixes": "0", "Strike Rate": "142.85"}, {"Player Name": "Rashid Khan", "Dismissed by": "", "Runs": "-", "Balls Faced": "-", "Fours": "-", "Sixes": "-", "Strike Rate": "-"}, {"Player Name": "Mujeeb Ur Rahman", "Dismissed by": "", "Runs": "-", "Balls Faced": "-", "Fours": "-", "Sixes": "-", "Strike Rate": "-"}, {"Player Name": "Aftab Alam", "Dismissed by": "", "Runs": "-", "Balls Faced": "-", "Fours": "-", "Sixes": "-", "Strike Rate": "-"}], "Extras": "Extras (nb 2, w 1, lb 2)", "balling": [{"player_name": "Mujeeb Ur Rahman", "Overs": "10", "Maidens": "2", "Runs": "33", "Wickets": "2", "Economy": "3.30", "Dots": "39"}, {"player_name": "Aftab Alam", "Overs": "9.3", "Maidens": "1", "Runs": "64", "Wickets": "0", "Economy": "6.73", "Dots": "23"}, {"player_name": "Gulbadin Naib", "Overs": "10", "Maidens": "0", "Runs": "61", "Wickets": "1", "Economy": "6.10", "Dots": "22"}, {"player_name": "Mohammad Nabi", "Overs": "10", "Maidens": "0", "Runs": "50", "Wickets": "0", "Economy": "5.00", "Dots": "29"}, {"player_name": "Rashid Khan", "Overs": "10", "Maidens": "0", "Runs": "46", "Wickets": "3", "Economy": "4.60", "Dots": "32"}]}, "match_id": "8988"}