{"date": "09/15/2018 11:30:00 AM", "home": "Bangladesh", "away": "Sri Lanka", "place": "Dubai International Stadium", "result": "Bangladesh win by 137 runs", "Team1": {"Name": "Bangladesh", "score": "261", "overs": "49.3/50 ov", "rr": "RR: 5.27", "batting": [{"Player Name": "Tamim Iqbal", "Dismissed by": "", "Runs": "2", "Balls Faced": "4", "Fours": "0", "Sixes": "0", "Strike Rate": "50.00"}, {"Player Name": "Litton Das", "Dismissed by": "c Kusal Mendis b Lasith Malinga", "Runs": "0", "Balls Faced": "4", "Fours": "0", "Sixes": "0", "Strike Rate": "0.00"}, {"Player Name": "Shakib Al Hasan", "Dismissed by": "b Lasith Malinga", "Runs": "0", "Balls Faced": "1", "Fours": "0", "Sixes": "0", "Strike Rate": "0.00"}, {"Player Name": "Mushfiqur Rahim", "Dismissed by": "c Kusal Mendis b Thisara Perera", "Runs": "144", "Balls Faced": "150", "Fours": "11", "Sixes": "4", "Strike Rate": "96.00"}, {"Player Name": "Mohammad Mithun", "Dismissed by": "c Kusal Perera b Lasith Malinga", "Runs": "63", "Balls Faced": "68", "Fours": "5", "Sixes": "2", "Strike Rate": "92.64"}, {"Player Name": "Mahmudullah", "Dismissed by": "c Dhananjaya de Silva b Amila Aponso", "Runs": "1", "Balls Faced": "4", "Fours": "0", "Sixes": "0", "Strike Rate": "25.00"}, {"Player Name": "Mosaddek Hossain", "Dismissed by": "c Kusal Perera b Lasith Malinga", "Runs": "1", "Balls Faced": "5", "Fours": "0", "Sixes": "0", "Strike Rate": "20.00"}, {"Player Name": "Mehidy Hasan", "Dismissed by": "c & b Suranga Lakmal", "Runs": "15", "Balls Faced": "21", "Fours": "0", "Sixes": "0", "Strike Rate": "71.42"}, {"Player Name": "Mashrafe Mortaza", "Dismissed by": "c Upul Tharanga b Dhananjaya de Silva", "Runs": "11", "Balls Faced": "18", "Fours": "2", "Sixes": "0", "Strike Rate": "61.11"}, {"Player Name": "Rubel Hossain", "Dismissed by": "lbw Dhananjaya de Silva", "Runs": "2", "Balls Faced": "12", "Fours": "0", "Sixes": "0", "Strike Rate": "16.66"}, {"Player Name": "Mustafizur Rahman", "Dismissed by": "run out (Kusal Mendis/Kusal Perera)", "Runs": "10", "Balls Faced": "11", "Fours": "1", "Sixes": "0", "Strike Rate": "90.90"}], "Extras": "Extras (nb 1, w 7, lb 4)", "balling": [{"player_name": "Mashrafe Mortaza", "Overs": "6", "Maidens": "2", "Runs": "25", "Wickets": "2", "Economy": "4.16", "Dots": "25"}, {"player_name": "Mustafizur Rahman", "Overs": "6", "Maidens": "0", "Runs": "20", "Wickets": "2", "Economy": "3.33", "Dots": "28"}, {"player_name": "Mehidy Hasan", "Overs": "7", "Maidens": "1", "Runs": "21", "Wickets": "2", "Economy": "3.00", "Dots": "26"}, {"player_name": "Shakib Al Hasan", "Overs": "9.2", "Maidens": "0", "Runs": "31", "Wickets": "1", "Economy": "3.32", "Dots": "35"}, {"player_name": "Rubel Hossain", "Overs": "4", "Maidens": "0", "Runs": "18", "Wickets": "1", "Economy": "4.50", "Dots": "14"}, {"player_name": "Mosaddek Hossain", "Overs": "3", "Maidens": "0", "Runs": "8", "Wickets": "1", "Economy": "2.66", "Dots": "12"}]}, "Team2": {"Name": "Sri Lanka", "score": "124", "overs": "35.2/50 ov", "rr": "RR: 3.50", "batting": [{"Player Name": "Upul Tharanga", "Dismissed by": "b Mashrafe Mortaza", "Runs": "27", "Balls Faced": "16", "Fours": "4", "Sixes": "1", "Strike Rate": "168.75"}, {"Player Name": "Kusal Mendis", "Dismissed by": "lbw Mustafizur Rahman", "Runs": "0", "Balls Faced": "1", "Fours": "0", "Sixes": "0", "Strike Rate": "0.00"}, {"Player Name": "Kusal Perera", "Dismissed by": "lbw Mehidy Hasan", "Runs": "11", "Balls Faced": "24", "Fours": "2", "Sixes": "0", "Strike Rate": "45.83"}, {"Player Name": "Dhananjaya de Silva", "Dismissed by": "lbw Mashrafe Mortaza", "Runs": "0", "Balls Faced": "3", "Fours": "0", "Sixes": "0", "Strike Rate": "0.00"}, {"Player Name": "Angelo Mathews", "Dismissed by": "lbw Rubel Hossain", "Runs": "16", "Balls Faced": "34", "Fours": "0", "Sixes": "0", "Strike Rate": "47.05"}, {"Player Name": "Dasun Shanaka", "Dismissed by": "run out (Shakib Al Hasan/Mehidy Hasan)", "Runs": "7", "Balls Faced": "22", "Fours": "0", "Sixes": "0", "Strike Rate": "31.81"}, {"Player Name": "Thisara Perera", "Dismissed by": "c Rubel Hossain b Mehidy Hasan", "Runs": "6", "Balls Faced": "9", "Fours": "1", "Sixes": "0", "Strike Rate": "66.66"}, {"Player Name": "Dilruwan Perera", "Dismissed by": "st Litton Das b Mosaddek Hossain", "Runs": "29", "Balls Faced": "44", "Fours": "0", "Sixes": "2", "Strike Rate": "65.90"}, {"Player Name": "Suranga Lakmal", "Dismissed by": "b Mustafizur Rahman", "Runs": "20", "Balls Faced": "25", "Fours": "1", "Sixes": "1", "Strike Rate": "80.00"}, {"Player Name": "Amila Aponso", "Dismissed by": "Caught b Shakib Al Hasan", "Runs": "4", "Balls Faced": "31", "Fours": "0", "Sixes": "0", "Strike Rate": "12.90"}, {"Player Name": "Lasith Malinga", "Dismissed by": "", "Runs": "3", "Balls Faced": "3", "Fours": "0", "Sixes": "0", "Strike Rate": "100.00"}], "Extras": "Extras (lb 1)", "balling": [{"player_name": "Lasith Malinga", "Overs": "10", "Maidens": "2", "Runs": "23", "Wickets": "4", "Economy": "2.30", "Dots": "44"}, {"player_name": "Suranga Lakmal", "Overs": "10", "Maidens": "0", "Runs": "46", "Wickets": "1", "Economy": "4.60", "Dots": "32"}, {"player_name": "Amila Aponso", "Overs": "9", "Maidens": "0", "Runs": "55", "Wickets": "1", "Economy": "6.11", "Dots": "24"}, {"player_name": "Thisara Perera", "Overs": "7.3", "Maidens": "0", "Runs": "51", "Wickets": "1", "Economy": "6.80", "Dots": "23"}, {"player_name": "Dilruwan Perera", "Overs": "3", "Maidens": "0", "Runs": "25", "Wickets": "0", "Economy": "8.33", "Dots": "5"}, {"player_name": "Dhananjaya de Silva", "Overs": "7", "Maidens": "0", "Runs": "38", "Wickets": "2", "Economy": "5.42", "Dots": "19"}, {"player_name": "Dasun Shanaka", "Overs": "3", "Maidens": "0", "Runs": "19", "Wickets": "0", "Economy": "6.33", "Dots": "7"}]}, "match_id": "8981"}