{"date": "05/17/2019 12:00:00 PM", "home": "England", "away": "Pakistan", "place": "Trent Bridge", "result": "England win by 3 wickets", "Team1": {"Name": "England", "score": "341/7", "overs": "49.3/50 ov", "rr": "RR: 6.88", "batting": [{"Player Name": "Jason Roy", "Dismissed by": "c Sarfaraz Ahmed b Mohammad Hasnain", "Runs": "114", "Balls Faced": "89", "Fours": "11", "Sixes": "4", "Strike Rate": "128.08"}, {"Player Name": "James Vince", "Dismissed by": "b Mohammad Hasnain", "Runs": "43", "Balls Faced": "39", "Fours": "6", "Sixes": "0", "Strike Rate": "110.25"}, {"Player Name": "Joe Root", "Dismissed by": "c Mohammad Hafeez b Imad Wasim", "Runs": "36", "Balls Faced": "41", "Fours": "3", "Sixes": "0", "Strike Rate": "87.80"}, {"Player Name": "Ben Stokes", "Dismissed by": "", "Runs": "71", "Balls Faced": "64", "Fours": "5", "Sixes": "3", "Strike Rate": "110.93"}, {"Player Name": "Jos Buttler", "Dismissed by": "c Mohammad Hasnain b Imad Wasim", "Runs": "0", "Balls Faced": "2", "Fours": "0", "Sixes": "0", "Strike Rate": "0.00"}, {"Player Name": "Moeen Ali", "Dismissed by": "c Fakhar Zaman b Shoaib Malik", "Runs": "0", "Balls Faced": "3", "Fours": "0", "Sixes": "0", "Strike Rate": "0.00"}, {"Player Name": "Joe Denly", "Dismissed by": "c & b Junaid Khan", "Runs": "17", "Balls Faced": "21", "Fours": "0", "Sixes": "0", "Strike Rate": "80.95"}, {"Player Name": "Tom Curran", "Dismissed by": "b Hasan Ali", "Runs": "31", "Balls Faced": "30", "Fours": "5", "Sixes": "0", "Strike Rate": "103.33"}, {"Player Name": "Adil Rashid", "Dismissed by": "", "Runs": "12", "Balls Faced": "8", "Fours": "1", "Sixes": "0", "Strike Rate": "150.00"}, {"Player Name": "Mark Wood", "Dismissed by": "", "Runs": "-", "Balls Faced": "-", "Fours": "-", "Sixes": "-", "Strike Rate": "-"}, {"Player Name": "Jofra Archer", "Dismissed by": "", "Runs": "-", "Balls Faced": "-", "Fours": "-", "Sixes": "-", "Strike Rate": "-"}], "Extras": "Extras (w 12, lb 5)", "balling": [{"player_name": "Jofra Archer", "Overs": "10", "Maidens": "0", "Runs": "62", "Wickets": "1", "Economy": "6.20", "Dots": "31"}, {"player_name": "Mark Wood", "Overs": "10", "Maidens": "0", "Runs": "71", "Wickets": "2", "Economy": "7.10", "Dots": "28"}, {"player_name": "Joe Denly", "Overs": "5", "Maidens": "0", "Runs": "27", "Wickets": "0", "Economy": "5.40", "Dots": "10"}, {"player_name": "Tom Curran", "Overs": "10", "Maidens": "0", "Runs": "75", "Wickets": "4", "Economy": "7.50", "Dots": "24"}, {"player_name": "Adil Rashid", "Overs": "7", "Maidens": "0", "Runs": "49", "Wickets": "0", "Economy": "7.00", "Dots": "12"}, {"player_name": "Ben Stokes", "Overs": "4", "Maidens": "0", "Runs": "22", "Wickets": "0", "Economy": "5.50", "Dots": "10"}, {"player_name": "Moeen Ali", "Overs": "4", "Maidens": "0", "Runs": "30", "Wickets": "0", "Economy": "7.50", "Dots": "5"}]}, "Team2": {"Name": "Pakistan", "score": "340/7", "overs": "50/50 ov", "rr": "RR: 6.80", "batting": [{"Player Name": "Imam-ul-Haq", "Dismissed by": "", "Runs": "6", "Balls Faced": "20", "Fours": "0", "Sixes": "0", "Strike Rate": "30.00"}, {"Player Name": "Fakhar Zaman", "Dismissed by": "c Mark Wood b Tom Curran", "Runs": "57", "Balls Faced": "50", "Fours": "5", "Sixes": "2", "Strike Rate": "114.00"}, {"Player Name": "Babar Azam", "Dismissed by": "c Jofra Archer b Tom Curran", "Runs": "115", "Balls Faced": "112", "Fours": "13", "Sixes": "1", "Strike Rate": "102.67"}, {"Player Name": "Mohammad Hafeez", "Dismissed by": "c Sub b Mark Wood", "Runs": "59", "Balls Faced": "55", "Fours": "2", "Sixes": "3", "Strike Rate": "107.27"}, {"Player Name": "Shoaib Malik", "Dismissed by": "Hit wicket", "Runs": "41", "Balls Faced": "26", "Fours": "4", "Sixes": "0", "Strike Rate": "157.69"}, {"Player Name": "Asif Ali", "Dismissed by": "c Mark Wood b Jofra Archer", "Runs": "17", "Balls Faced": "12", "Fours": "1", "Sixes": "1", "Strike Rate": "141.66"}, {"Player Name": "Imad Wasim", "Dismissed by": "b Tom Curran", "Runs": "12", "Balls Faced": "9", "Fours": "1", "Sixes": "1", "Strike Rate": "133.33"}, {"Player Name": "Sarfaraz Ahmed", "Dismissed by": "", "Runs": "21", "Balls Faced": "14", "Fours": "3", "Sixes": "0", "Strike Rate": "150.00"}, {"Player Name": "Hasan Ali", "Dismissed by": "c Joe Denly b Tom Curran", "Runs": "1", "Balls Faced": "2", "Fours": "0", "Sixes": "0", "Strike Rate": "50.00"}, {"Player Name": "Junaid Khan", "Dismissed by": "", "Runs": "-", "Balls Faced": "-", "Fours": "-", "Sixes": "-", "Strike Rate": "-"}, {"Player Name": "Mohammad Hasnain", "Dismissed by": "", "Runs": "-", "Balls Faced": "-", "Fours": "-", "Sixes": "-", "Strike Rate": "-"}], "Extras": "Extras (w 7, lb 4)", "balling": [{"player_name": "Junaid Khan", "Overs": "10", "Maidens": "0", "Runs": "85", "Wickets": "1", "Economy": "8.50", "Dots": "20"}, {"player_name": "Hasan Ali", "Overs": "9.3", "Maidens": "0", "Runs": "57", "Wickets": "1", "Economy": "6.00", "Dots": "26"}, {"player_name": "Imad Wasim", "Overs": "10", "Maidens": "0", "Runs": "62", "Wickets": "2", "Economy": "6.20", "Dots": "25"}, {"player_name": "Mohammad Hasnain", "Overs": "10", "Maidens": "0", "Runs": "80", "Wickets": "2", "Economy": "8.00", "Dots": "23"}, {"player_name": "Mohammad Hafeez", "Overs": "8", "Maidens": "0", "Runs": "48", "Wickets": "0", "Economy": "6.00", "Dots": "18"}, {"player_name": "Shoaib Malik", "Overs": "2", "Maidens": "0", "Runs": "4", "Wickets": "1", "Economy": "2.00", "Dots": "8"}]}, "match_id": "8968"}