{"date": "01/12/2023 08:00:00 AM", "home": "India", "away": "Sri Lanka", "place": "Eden Gardens", "result": "India won by 4 wickets", "Team1": {"Name": "India", "score": "219/6", "overs": "43.2/50 ov", "rr": "RR: 5.05", "batting": [{"Player Name": "Rohit Sharma", "Dismissed by": "c Kusal Mendis b Chamika Karunaratne", "Runs": "17", "Balls Faced": "21", "Fours": "2", "Sixes": "1", "Strike Rate": "80.95"}, {"Player Name": "Shubman Gill", "Dismissed by": "c Avishka Fernando b Chandradasa Brahammana Ralalage Lahiru Sudesh Kumara", "Runs": "21", "Balls Faced": "12", "Fours": "5", "Sixes": "0", "Strike Rate": "175.00"}, {"Player Name": "Virat Kohli", "Dismissed by": "b Chandradasa Brahammana Ralalage Lahiru Sudesh Kumara", "Runs": "4", "Balls Faced": "9", "Fours": "1", "Sixes": "0", "Strike Rate": "44.44"}, {"Player Name": "Shreyas Iyer", "Dismissed by": "lbw Kasun Rajitha", "Runs": "28", "Balls Faced": "33", "Fours": "5", "Sixes": "0", "Strike Rate": "84.84"}, {"Player Name": "KL Rahul", "Dismissed by": "", "Runs": "64", "Balls Faced": "103", "Fours": "6", "Sixes": "0", "Strike Rate": "62.13"}, {"Player Name": "Hardik Pandya", "Dismissed by": "c Kusal Mendis b Chamika Karunaratne", "Runs": "36", "Balls Faced": "53", "Fours": "4", "Sixes": "0", "Strike Rate": "67.92"}, {"Player Name": "Axar Patel", "Dismissed by": "c Chamika Karunaratne b Dhananjaya de Silva", "Runs": "21", "Balls Faced": "21", "Fours": "1", "Sixes": "1", "Strike Rate": "100.00"}, {"Player Name": "Kuldeep Yadav", "Dismissed by": "", "Runs": "10", "Balls Faced": "10", "Fours": "2", "Sixes": "0", "Strike Rate": "100.00"}, {"Player Name": "Umran Malik", "Dismissed by": "", "Runs": "-", "Balls Faced": "-", "Fours": "-", "Sixes": "-", "Strike Rate": "-"}, {"Player Name": "Mohammed Shami", "Dismissed by": "", "Runs": "-", "Balls Faced": "-", "Fours": "-", "Sixes": "-", "Strike Rate": "-"}, {"Player Name": "Mohammed Siraj", "Dismissed by": "", "Runs": "-", "Balls Faced": "-", "Fours": "-", "Sixes": "-", "Strike Rate": "-"}], "Extras": "Extras (nb 2, w 13, lb 3)", "balling": [{"player_name": "Mohammed Shami", "Overs": "7", "Maidens": "0", "Runs": "43", "Wickets": "0", "Economy": "6.14", "Dots": "23"}, {"player_name": "Mohammed Siraj", "Overs": "5.4", "Maidens": "0", "Runs": "30", "Wickets": "3", "Economy": "5.29", "Dots": "24"}, {"player_name": "Hardik Pandya", "Overs": "5", "Maidens": "0", "Runs": "26", "Wickets": "0", "Economy": "5.20", "Dots": "14"}, {"player_name": "Umran Malik", "Overs": "7", "Maidens": "0", "Runs": "48", "Wickets": "2", "Economy": "6.85", "Dots": "21"}, {"player_name": "Kuldeep Yadav", "Overs": "10", "Maidens": "0", "Runs": "51", "Wickets": "3", "Economy": "5.10", "Dots": "33"}, {"player_name": "Axar Patel", "Overs": "5", "Maidens": "0", "Runs": "16", "Wickets": "1", "Economy": "3.20", "Dots": "18"}]}, "Team2": {"Name": "Sri Lanka", "score": "215", "overs": "39.4/50 ov", "rr": "RR: 5.42", "batting": [{"Player Name": "Avishka Fernando", "Dismissed by": "b Mohammed Siraj", "Runs": "20", "Balls Faced": "17", "Fours": "4", "Sixes": "0", "Strike Rate": "117.64"}, {"Player Name": "Nuwanidu Fernando", "Dismissed by": "run out (Shubman Gill/KL Rahul)", "Runs": "50", "Balls Faced": "63", "Fours": "6", "Sixes": "0", "Strike Rate": "79.36"}, {"Player Name": "Kusal Mendis", "Dismissed by": "lbw Kuldeep Yadav", "Runs": "34", "Balls Faced": "34", "Fours": "3", "Sixes": "1", "Strike Rate": "100.00"}, {"Player Name": "Dhananjaya de Silva", "Dismissed by": "b Axar Patel", "Runs": "0", "Balls Faced": "1", "Fours": "0", "Sixes": "0", "Strike Rate": "0.00"}, {"Player Name": "Charith Asalanka", "Dismissed by": "c & b Kuldeep Yadav", "Runs": "15", "Balls Faced": "21", "Fours": "1", "Sixes": "0", "Strike Rate": "71.42"}, {"Player Name": "Dasun Shanaka", "Dismissed by": "b Kuldeep Yadav", "Runs": "2", "Balls Faced": "4", "Fours": "0", "Sixes": "0", "Strike Rate": "50.00"}, {"Player Name": "Wanindu Hasaranga", "Dismissed by": "c Axar Patel b Umran Malik", "Runs": "21", "Balls Faced": "17", "Fours": "3", "Sixes": "1", "Strike Rate": "123.52"}, {"Player Name": "Dunith Wellalage", "Dismissed by": "c Axar Patel b Mohammed Siraj", "Runs": "32", "Balls Faced": "34", "Fours": "3", "Sixes": "1", "Strike Rate": "94.11"}, {"Player Name": "Chamika Karunaratne", "Dismissed by": "c Axar Patel b Umran Malik", "Runs": "17", "Balls Faced": "25", "Fours": "3", "Sixes": "0", "Strike Rate": "68.00"}, {"Player Name": "Kasun Rajitha", "Dismissed by": "", "Runs": "17", "Balls Faced": "21", "Fours": "3", "Sixes": "0", "Strike Rate": "80.95"}, {"Player Name": "Chandradasa Brahammana Ralalage Lahiru Sudesh Kumara", "Dismissed by": "b Mohammed Siraj", "Runs": "0", "Balls Faced": "2", "Fours": "0", "Sixes": "0", "Strike Rate": "0.00"}], "Extras": "Extras (nb 1, w 5, lb 1)", "balling": [{"player_name": "Kasun Rajitha", "Overs": "9", "Maidens": "0", "Runs": "46", "Wickets": "1", "Economy": "5.11", "Dots": "38"}, {"player_name": "Chandradasa Brahammana Ralalage Lahiru Sudesh Kumara", "Overs": "9.2", "Maidens": "0", "Runs": "64", "Wickets": "2", "Economy": "6.85", "Dots": "33"}, {"player_name": "Chamika Karunaratne", "Overs": "8", "Maidens": "0", "Runs": "51", "Wickets": "2", "Economy": "6.37", "Dots": "25"}, {"player_name": "Wanindu Hasaranga", "Overs": "10", "Maidens": "0", "Runs": "28", "Wickets": "0", "Economy": "2.80", "Dots": "36"}, {"player_name": "Dunith Wellalage", "Overs": "2", "Maidens": "0", "Runs": "12", "Wickets": "0", "Economy": "6.00", "Dots": "2"}, {"player_name": "Dasun Shanaka", "Overs": "2", "Maidens": "0", "Runs": "6", "Wickets": "0", "Economy": "3.00", "Dots": "8"}, {"player_name": "Dhananjaya de Silva", "Overs": "3", "Maidens": "0", "Runs": "9", "Wickets": "1", "Economy": "3.00", "Dots": "12"}]}, "match_id": "101876"}