{"date": "06/20/2019 09:30:00 AM", "home": "Australia", "away": "Bangladesh", "place": "Trent Bridge", "result": "Australia win by 48 runs", "Team1": {"Name": "Australia", "score": "381/5", "overs": "50/50 ov", "rr": "RR: 7.62", "batting": [{"Player Name": "David Warner", "Dismissed by": "c Rubel Hossain b Soumya Sarkar", "Runs": "166", "Balls Faced": "147", "Fours": "14", "Sixes": "5", "Strike Rate": "112.92"}, {"Player Name": "Aaron Finch", "Dismissed by": "c Rubel Hossain b Soumya Sarkar", "Runs": "53", "Balls Faced": "51", "Fours": "5", "Sixes": "2", "Strike Rate": "103.92"}, {"Player Name": "Usman Khawaja", "Dismissed by": "c Mushfiqur Rahim b Soumya Sarkar", "Runs": "89", "Balls Faced": "72", "Fours": "10", "Sixes": "0", "Strike Rate": "123.61"}, {"Player Name": "Glenn Maxwell", "Dismissed by": "run out (Rubel Hossain)", "Runs": "32", "Balls Faced": "10", "Fours": "2", "Sixes": "3", "Strike Rate": "320.00"}, {"Player Name": "Marcus Stoinis", "Dismissed by": "", "Runs": "17", "Balls Faced": "11", "Fours": "2", "Sixes": "0", "Strike Rate": "154.54"}, {"Player Name": "Steve Smith", "Dismissed by": "lbw Mustafizur Rahman", "Runs": "1", "Balls Faced": "2", "Fours": "0", "Sixes": "0", "Strike Rate": "50.00"}, {"Player Name": "Alex Carey", "Dismissed by": "", "Runs": "11", "Balls Faced": "8", "Fours": "1", "Sixes": "0", "Strike Rate": "137.50"}, {"Player Name": "Nathan Coulter-Nile", "Dismissed by": "", "Runs": "-", "Balls Faced": "-", "Fours": "-", "Sixes": "-", "Strike Rate": "-"}, {"Player Name": "Pat Cummins", "Dismissed by": "", "Runs": "-", "Balls Faced": "-", "Fours": "-", "Sixes": "-", "Strike Rate": "-"}, {"Player Name": "Mitchell Starc", "Dismissed by": "", "Runs": "-", "Balls Faced": "-", "Fours": "-", "Sixes": "-", "Strike Rate": "-"}, {"Player Name": "Adam Zampa", "Dismissed by": "", "Runs": "-", "Balls Faced": "-", "Fours": "-", "Sixes": "-", "Strike Rate": "-"}], "Extras": "Extras (nb 1, w 5, b 1, lb 5)", "balling": [{"player_name": "Mitchell Starc", "Overs": "10", "Maidens": "0", "Runs": "55", "Wickets": "2", "Economy": "5.50", "Dots": "25"}, {"player_name": "Pat Cummins", "Overs": "10", "Maidens": "1", "Runs": "65", "Wickets": "0", "Economy": "6.50", "Dots": "28"}, {"player_name": "Glenn Maxwell", "Overs": "3", "Maidens": "0", "Runs": "25", "Wickets": "0", "Economy": "8.33", "Dots": "5"}, {"player_name": "Nathan Coulter-Nile", "Overs": "10", "Maidens": "0", "Runs": "58", "Wickets": "2", "Economy": "5.80", "Dots": "24"}, {"player_name": "Marcus Stoinis", "Overs": "8", "Maidens": "0", "Runs": "54", "Wickets": "2", "Economy": "6.75", "Dots": "13"}, {"player_name": "Adam Zampa", "Overs": "9", "Maidens": "0", "Runs": "68", "Wickets": "1", "Economy": "7.55", "Dots": "21"}]}, "Team2": {"Name": "Bangladesh", "score": "333/8", "overs": "50/50 ov", "rr": "RR: 6.66", "batting": [{"Player Name": "Tamim Iqbal", "Dismissed by": "b Mitchell Starc", "Runs": "62", "Balls Faced": "74", "Fours": "6", "Sixes": "0", "Strike Rate": "83.78"}, {"Player Name": "Soumya Sarkar", "Dismissed by": "run out (Aaron Finch)", "Runs": "10", "Balls Faced": "8", "Fours": "2", "Sixes": "0", "Strike Rate": "125.00"}, {"Player Name": "Shakib Al Hasan", "Dismissed by": "c David Warner b Marcus Stoinis", "Runs": "41", "Balls Faced": "41", "Fours": "4", "Sixes": "0", "Strike Rate": "100.00"}, {"Player Name": "Mushfiqur Rahim", "Dismissed by": "", "Runs": "102", "Balls Faced": "97", "Fours": "9", "Sixes": "1", "Strike Rate": "105.15"}, {"Player Name": "Litton Das", "Dismissed by": "lbw Adam Zampa", "Runs": "20", "Balls Faced": "17", "Fours": "3", "Sixes": "0", "Strike Rate": "117.64"}, {"Player Name": "Mahmudullah", "Dismissed by": "c Pat Cummins b Nathan Coulter-Nile", "Runs": "69", "Balls Faced": "50", "Fours": "5", "Sixes": "3", "Strike Rate": "138.00"}, {"Player Name": "Sabbir Rahman", "Dismissed by": "b Nathan Coulter-Nile", "Runs": "0", "Balls Faced": "1", "Fours": "0", "Sixes": "0", "Strike Rate": "0.00"}, {"Player Name": "Mehidy Hasan", "Dismissed by": "c David Warner b Mitchell Starc", "Runs": "6", "Balls Faced": "7", "Fours": "0", "Sixes": "0", "Strike Rate": "85.71"}, {"Player Name": "Mashrafe Mortaza", "Dismissed by": "c Glenn Maxwell b Marcus Stoinis", "Runs": "6", "Balls Faced": "5", "Fours": "1", "Sixes": "0", "Strike Rate": "120.00"}, {"Player Name": "Rubel Hossain", "Dismissed by": "", "Runs": "-", "Balls Faced": "-", "Fours": "-", "Sixes": "-", "Strike Rate": "-"}, {"Player Name": "Mustafizur Rahman", "Dismissed by": "", "Runs": "-", "Balls Faced": "-", "Fours": "-", "Sixes": "-", "Strike Rate": "-"}], "Extras": "Extras (w 9, b 4, lb 4)", "balling": [{"player_name": "Mashrafe Mortaza", "Overs": "8", "Maidens": "0", "Runs": "56", "Wickets": "0", "Economy": "7.00", "Dots": "22"}, {"player_name": "Mustafizur Rahman", "Overs": "9", "Maidens": "0", "Runs": "69", "Wickets": "1", "Economy": "7.66", "Dots": "22"}, {"player_name": "Shakib Al Hasan", "Overs": "6", "Maidens": "0", "Runs": "50", "Wickets": "0", "Economy": "8.33", "Dots": "12"}, {"player_name": "Rubel Hossain", "Overs": "9", "Maidens": "0", "Runs": "83", "Wickets": "0", "Economy": "9.22", "Dots": "16"}, {"player_name": "Mehidy Hasan", "Overs": "10", "Maidens": "0", "Runs": "59", "Wickets": "0", "Economy": "5.90", "Dots": "22"}, {"player_name": "Soumya Sarkar", "Overs": "8", "Maidens": "0", "Runs": "58", "Wickets": "3", "Economy": "7.25", "Dots": "17"}]}, "match_id": "8217"}