{"date": "01/27/2023 11:00:00 AM", "home": "South Africa", "away": "England", "place": "Mangaung Oval", "result": "South Africa won by 27 runs", "Team1": {"Name": "South Africa", "score": "298/7", "overs": "50/50 ov", "rr": "RR: 5.96", "batting": [{"Player Name": "Quinton de Kock", "Dismissed by": "c Jos Buttler b Sam Curran", "Runs": "37", "Balls Faced": "41", "Fours": "5", "Sixes": "1", "Strike Rate": "90.24"}, {"Player Name": "Temba Bavuma", "Dismissed by": "c Sam Curran b Moeen Ali", "Runs": "36", "Balls Faced": "28", "Fours": "4", "Sixes": "1", "Strike Rate": "128.57"}, {"Player Name": "Rassie van der Dussen", "Dismissed by": "c Ben Matthew Duckett b Sam Curran", "Runs": "111", "Balls Faced": "117", "Fours": "6", "Sixes": "1", "Strike Rate": "94.87"}, {"Player Name": "Aiden Markram", "Dismissed by": "c Dawid Malan b Olly Stone", "Runs": "13", "Balls Faced": "19", "Fours": "1", "Sixes": "0", "Strike Rate": "68.42"}, {"Player Name": "Heinrich Klaasen", "Dismissed by": "lbw Adil Rashid", "Runs": "30", "Balls Faced": "32", "Fours": "0", "Sixes": "2", "Strike Rate": "93.75"}, {"Player Name": "David Miller", "Dismissed by": "c David Willey b Sam Curran", "Runs": "53", "Balls Faced": "56", "Fours": "4", "Sixes": "1", "Strike Rate": "94.64"}, {"Player Name": "Wayne Parnell", "Dismissed by": "c Dawid Malan b Jofra Archer", "Runs": "2", "Balls Faced": "4", "Fours": "0", "Sixes": "0", "Strike Rate": "50.00"}, {"Player Name": "Sisanda Somila Bruce Magala", "Dismissed by": "", "Runs": "5", "Balls Faced": "4", "Fours": "1", "Sixes": "0", "Strike Rate": "125.00"}, {"Player Name": "Kagiso Rabada", "Dismissed by": "", "Runs": "2", "Balls Faced": "2", "Fours": "0", "Sixes": "0", "Strike Rate": "100.00"}, {"Player Name": "Tabraiz Shamsi", "Dismissed by": "", "Runs": "-", "Balls Faced": "-", "Fours": "-", "Sixes": "-", "Strike Rate": "-"}, {"Player Name": "Anrich Nortje", "Dismissed by": "", "Runs": "-", "Balls Faced": "-", "Fours": "-", "Sixes": "-", "Strike Rate": "-"}], "Extras": "Extras (nb 3, w 5, lb 1)", "balling": [{"player_name": "Wayne Parnell", "Overs": "8", "Maidens": "0", "Runs": "42", "Wickets": "0", "Economy": "5.25", "Dots": "27"}, {"player_name": "Kagiso Rabada", "Overs": "10", "Maidens": "0", "Runs": "46", "Wickets": "2", "Economy": "4.60", "Dots": "34"}, {"player_name": "Aiden Markram", "Overs": "2", "Maidens": "0", "Runs": "18", "Wickets": "0", "Economy": "9.00", "Dots": "4"}, {"player_name": "Anrich Nortje", "Overs": "10", "Maidens": "0", "Runs": "62", "Wickets": "4", "Economy": "6.20", "Dots": "28"}, {"player_name": "Tabraiz Shamsi", "Overs": "5.2", "Maidens": "0", "Runs": "55", "Wickets": "1", "Economy": "10.31", "Dots": "10"}, {"player_name": "Sisanda Somila Bruce Magala", "Overs": "9", "Maidens": "0", "Runs": "46", "Wickets": "3", "Economy": "5.11", "Dots": "27"}]}, "Team2": {"Name": "England", "score": "271", "overs": "44.2/50 ov", "rr": "RR: 6.11", "batting": [{"Player Name": "Jason Roy", "Dismissed by": "c Wayne Parnell b Kagiso Rabada", "Runs": "113", "Balls Faced": "91", "Fours": "11", "Sixes": "4", "Strike Rate": "124.17"}, {"Player Name": "Dawid Malan", "Dismissed by": "c Temba Bavuma b Sisanda Somila Bruce Magala", "Runs": "59", "Balls Faced": "55", "Fours": "9", "Sixes": "0", "Strike Rate": "107.27"}, {"Player Name": "Ben Matthew Duckett", "Dismissed by": "c Quinton de Kock b Anrich Nortje", "Runs": "3", "Balls Faced": "5", "Fours": "0", "Sixes": "0", "Strike Rate": "60.00"}, {"Player Name": "Harry Brook", "Dismissed by": "lbw Sisanda Somila Bruce Magala", "Runs": "0", "Balls Faced": "3", "Fours": "0", "Sixes": "0", "Strike Rate": "0.00"}, {"Player Name": "Jos Buttler", "Dismissed by": "c Quinton de Kock b Anrich Nortje", "Runs": "36", "Balls Faced": "42", "Fours": "4", "Sixes": "0", "Strike Rate": "85.71"}, {"Player Name": "Moeen Ali", "Dismissed by": "c Rassie van der Dussen b Sisanda Somila Bruce Magala", "Runs": "11", "Balls Faced": "17", "Fours": "1", "Sixes": "0", "Strike Rate": "64.70"}, {"Player Name": "Sam Curran", "Dismissed by": "c Quinton de Kock b Kagiso Rabada", "Runs": "17", "Balls Faced": "21", "Fours": "0", "Sixes": "1", "Strike Rate": "80.95"}, {"Player Name": "David Willey", "Dismissed by": "c David Miller b Anrich Nortje", "Runs": "8", "Balls Faced": "9", "Fours": "2", "Sixes": "0", "Strike Rate": "88.88"}, {"Player Name": "Adil Rashid", "Dismissed by": "", "Runs": "14", "Balls Faced": "17", "Fours": "1", "Sixes": "0", "Strike Rate": "82.35"}, {"Player Name": "Jofra Archer", "Dismissed by": "c Heinrich Klaasen b Anrich Nortje", "Runs": "0", "Balls Faced": "4", "Fours": "0", "Sixes": "0", "Strike Rate": "0.00"}, {"Player Name": "Olly Stone", "Dismissed by": "c & b Tabraiz Shamsi", "Runs": "1", "Balls Faced": "5", "Fours": "0", "Sixes": "0", "Strike Rate": "20.00"}], "Extras": "Extras (nb 3, w 4, lb 2)", "balling": [{"player_name": "David Willey", "Overs": "6", "Maidens": "0", "Runs": "38", "Wickets": "0", "Economy": "6.33", "Dots": "16"}, {"player_name": "Jofra Archer", "Overs": "10", "Maidens": "0", "Runs": "81", "Wickets": "1", "Economy": "8.10", "Dots": "30"}, {"player_name": "Moeen Ali", "Overs": "8", "Maidens": "0", "Runs": "51", "Wickets": "1", "Economy": "6.37", "Dots": "16"}, {"player_name": "Sam Curran", "Overs": "9", "Maidens": "0", "Runs": "35", "Wickets": "3", "Economy": "3.88", "Dots": "29"}, {"player_name": "Adil Rashid", "Overs": "10", "Maidens": "0", "Runs": "55", "Wickets": "1", "Economy": "5.50", "Dots": "22"}, {"player_name": "Olly Stone", "Overs": "7", "Maidens": "0", "Runs": "37", "Wickets": "1", "Economy": "5.28", "Dots": "16"}]}, "match_id": "101641"}