{"date": "05/25/2021 07:00:00 AM", "home": "Bangladesh", "away": "Sri Lanka", "place": "Sher-e-Bangla National Cricket Stadium", "result": "Bangladesh win by 103 runs (DLS Method)", "Team1": {"Name": "Bangladesh", "score": "246", "overs": "48.1/50 ov", "rr": "RR: 5.10", "batting": [{"Player Name": "Tamim Iqbal", "Dismissed by": "lbw Dushmantha Chameera", "Runs": "13", "Balls Faced": "6", "Fours": "3", "Sixes": "0", "Strike Rate": "216.66"}, {"Player Name": "Litton Das", "Dismissed by": "c Wanindu Hasaranga b Lakshan Sandakan", "Runs": "25", "Balls Faced": "42", "Fours": "2", "Sixes": "0", "Strike Rate": "59.52"}, {"Player Name": "Shakib Al Hasan", "Dismissed by": "lbw Dushmantha Chameera", "Runs": "0", "Balls Faced": "3", "Fours": "0", "Sixes": "0", "Strike Rate": "0.00"}, {"Player Name": "Mushfiqur Rahim", "Dismissed by": "c Ashen Bandara b Dushmantha Chameera", "Runs": "125", "Balls Faced": "127", "Fours": "10", "Sixes": "0", "Strike Rate": "98.42"}, {"Player Name": "Mosaddek Hossain", "Dismissed by": "c Kusal Perera b Lakshan Sandakan", "Runs": "10", "Balls Faced": "12", "Fours": "1", "Sixes": "0", "Strike Rate": "83.33"}, {"Player Name": "Mahmudullah", "Dismissed by": "c Kusal Perera b Lakshan Sandakan", "Runs": "41", "Balls Faced": "58", "Fours": "1", "Sixes": "2", "Strike Rate": "70.68"}, {"Player Name": "Afif Hossain", "Dismissed by": "c Pathum Nissanka b Isuru Udana", "Runs": "10", "Balls Faced": "9", "Fours": "2", "Sixes": "0", "Strike Rate": "111.11"}, {"Player Name": "Mehidy Hasan", "Dismissed by": "b Wanindu Hasaranga", "Runs": "0", "Balls Faced": "2", "Fours": "0", "Sixes": "0", "Strike Rate": "0.00"}, {"Player Name": "Mohammad Saifuddin", "Dismissed by": "run out (Kusal Mendis)", "Runs": "11", "Balls Faced": "30", "Fours": "0", "Sixes": "0", "Strike Rate": "36.66"}, {"Player Name": "Shoriful Islam", "Dismissed by": "c Kusal Perera b Isuru Udana", "Runs": "0", "Balls Faced": "1", "Fours": "0", "Sixes": "0", "Strike Rate": "0.00"}, {"Player Name": "Mustafizur Rahman", "Dismissed by": "", "Runs": "0", "Balls Faced": "2", "Fours": "0", "Sixes": "0", "Strike Rate": "0.00"}, {"Player Name": "Taskin Ahmed", "Dismissed by": "", "Runs": "-", "Balls Faced": "-", "Fours": "-", "Sixes": "-", "Strike Rate": "-"}], "Extras": "Extras (nb 3, w 3, b 1, lb 4)", "balling": [{"player_name": "Mehidy Hasan", "Overs": "10", "Maidens": "0", "Runs": "28", "Wickets": "3", "Economy": "2.80", "Dots": "40"}, {"player_name": "Shoriful Islam", "Overs": "6", "Maidens": "0", "Runs": "30", "Wickets": "1", "Economy": "5.00", "Dots": "20"}, {"player_name": "Taskin Ahmed", "Overs": "8", "Maidens": "0", "Runs": "27", "Wickets": "0", "Economy": "3.37", "Dots": "30"}, {"player_name": "Mustafizur Rahman", "Overs": "6", "Maidens": "1", "Runs": "16", "Wickets": "3", "Economy": "2.66", "Dots": "25"}, {"player_name": "Shakib Al Hasan", "Overs": "9", "Maidens": "0", "Runs": "38", "Wickets": "2", "Economy": "4.22", "Dots": "29"}, {"player_name": "Mosaddek Hossain", "Overs": "1", "Maidens": "0", "Runs": "2", "Wickets": "0", "Economy": "2.00", "Dots": "4"}]}, "Team2": {"Name": "Sri Lanka", "score": "141/9", "overs": "40/40 ov", "rr": "RR: 3.52", "batting": [{"Player Name": "Danushka Gunathilaka", "Dismissed by": "c Shakib Al Hasan b Mustafizur Rahman", "Runs": "24", "Balls Faced": "46", "Fours": "2", "Sixes": "0", "Strike Rate": "52.17"}, {"Player Name": "Kusal Perera", "Dismissed by": "c Tamim Iqbal b Shoriful Islam", "Runs": "14", "Balls Faced": "15", "Fours": "2", "Sixes": "0", "Strike Rate": "93.33"}, {"Player Name": "Pathum Nissanka", "Dismissed by": "c Tamim Iqbal b Shakib Al Hasan", "Runs": "20", "Balls Faced": "36", "Fours": "2", "Sixes": "0", "Strike Rate": "55.55"}, {"Player Name": "Kusal Mendis", "Dismissed by": "lbw Mehidy Hasan", "Runs": "15", "Balls Faced": "22", "Fours": "0", "Sixes": "1", "Strike Rate": "68.18"}, {"Player Name": "Dhananjaya de Silva", "Dismissed by": "lbw Shakib Al Hasan", "Runs": "10", "Balls Faced": "21", "Fours": "0", "Sixes": "0", "Strike Rate": "47.61"}, {"Player Name": "Ashen Bandara", "Dismissed by": "c Mahmudullah b Mustafizur Rahman", "Runs": "15", "Balls Faced": "31", "Fours": "1", "Sixes": "0", "Strike Rate": "48.38"}, {"Player Name": "Dasun Shanaka", "Dismissed by": "c Mahmudullah b Mehidy Hasan", "Runs": "11", "Balls Faced": "19", "Fours": "0", "Sixes": "1", "Strike Rate": "57.89"}, {"Player Name": "Wanindu Hasaranga", "Dismissed by": "b Mehidy Hasan", "Runs": "6", "Balls Faced": "14", "Fours": "0", "Sixes": "0", "Strike Rate": "42.85"}, {"Player Name": "Isuru Udana", "Dismissed by": "", "Runs": "18", "Balls Faced": "17", "Fours": "0", "Sixes": "2", "Strike Rate": "105.88"}, {"Player Name": "Lakshan Sandakan", "Dismissed by": "c Tamim Iqbal b Mustafizur Rahman", "Runs": "4", "Balls Faced": "7", "Fours": "0", "Sixes": "0", "Strike Rate": "57.14"}, {"Player Name": "Dushmantha Chameera", "Dismissed by": "", "Runs": "4", "Balls Faced": "12", "Fours": "0", "Sixes": "0", "Strike Rate": "33.33"}], "Extras": "Extras", "balling": [{"player_name": "Isuru Udana", "Overs": "9", "Maidens": "0", "Runs": "49", "Wickets": "2", "Economy": "5.44", "Dots": "29"}, {"player_name": "Dushmantha Chameera", "Overs": "9.1", "Maidens": "2", "Runs": "44", "Wickets": "3", "Economy": "4.80", "Dots": "32"}, {"player_name": "Wanindu Hasaranga", "Overs": "10", "Maidens": "1", "Runs": "33", "Wickets": "1", "Economy": "3.30", "Dots": "32"}, {"player_name": "Dasun Shanaka", "Overs": "7", "Maidens": "0", "Runs": "38", "Wickets": "0", "Economy": "5.42", "Dots": "14"}, {"player_name": "Lakshan Sandakan", "Overs": "10", "Maidens": "0", "Runs": "54", "Wickets": "3", "Economy": "5.40", "Dots": "24"}, {"player_name": "Dhananjaya de Silva", "Overs": "3", "Maidens": "0", "Runs": "23", "Wickets": "0", "Economy": "7.66", "Dots": "5"}]}, "match_id": "31759"}