{"date": "03/22/2023 08:00:00 AM", "home": "India", "away": "Australia", "place": "Chidambaram", "result": "Australia won by 21 runs", "Team1": {"Name": "India", "score": "248", "overs": "49.1/50 ov", "rr": "RR: 5.04", "batting": [{"Player Name": "Rohit Sharma", "Dismissed by": "c Mitchell Starc b Sean Abbott", "Runs": "30", "Balls Faced": "17", "Fours": "2", "Sixes": "2", "Strike Rate": "176.47"}, {"Player Name": "Shubman Gill", "Dismissed by": "lbw Adam Zampa", "Runs": "37", "Balls Faced": "49", "Fours": "4", "Sixes": "1", "Strike Rate": "75.51"}, {"Player Name": "Virat Kohli", "Dismissed by": "c David Warner b Ashton Agar", "Runs": "54", "Balls Faced": "72", "Fours": "2", "Sixes": "1", "Strike Rate": "75.00"}, {"Player Name": "KL Rahul", "Dismissed by": "c Sean Abbott b Adam Zampa", "Runs": "32", "Balls Faced": "50", "Fours": "2", "Sixes": "1", "Strike Rate": "64.00"}, {"Player Name": "Axar Patel", "Dismissed by": "run out (Steve Smith/Alex Carey)", "Runs": "2", "Balls Faced": "4", "Fours": "0", "Sixes": "0", "Strike Rate": "50.00"}, {"Player Name": "Hardik Pandya", "Dismissed by": "c Steve Smith b Adam Zampa", "Runs": "40", "Balls Faced": "40", "Fours": "3", "Sixes": "1", "Strike Rate": "100.00"}, {"Player Name": "Suryakumar Yadav", "Dismissed by": "b Ashton Agar", "Runs": "0", "Balls Faced": "1", "Fours": "0", "Sixes": "0", "Strike Rate": "0.00"}, {"Player Name": "Ravindra Jadeja", "Dismissed by": "c Marcus Stoinis b Adam Zampa", "Runs": "18", "Balls Faced": "33", "Fours": "1", "Sixes": "0", "Strike Rate": "54.54"}, {"Player Name": "Kuldeep Yadav", "Dismissed by": "run out (Alex Carey/Marcus Stoinis)", "Runs": "6", "Balls Faced": "15", "Fours": "0", "Sixes": "0", "Strike Rate": "40.00"}, {"Player Name": "Mohammed Shami", "Dismissed by": "b Marcus Stoinis", "Runs": "14", "Balls Faced": "10", "Fours": "1", "Sixes": "1", "Strike Rate": "140.00"}, {"Player Name": "Mohammed Siraj", "Dismissed by": "", "Runs": "3", "Balls Faced": "5", "Fours": "0", "Sixes": "0", "Strike Rate": "60.00"}], "Extras": "Extras (nb 1, w 9, lb 2)", "balling": [{"player_name": "Mohammed Shami", "Overs": "6", "Maidens": "0", "Runs": "37", "Wickets": "0", "Economy": "6.16", "Dots": "23"}, {"player_name": "Mohammed Siraj", "Overs": "7", "Maidens": "1", "Runs": "37", "Wickets": "2", "Economy": "5.28", "Dots": "28"}, {"player_name": "Axar Patel", "Overs": "8", "Maidens": "0", "Runs": "57", "Wickets": "2", "Economy": "7.12", "Dots": "24"}, {"player_name": "Hardik Pandya", "Overs": "8", "Maidens": "0", "Runs": "44", "Wickets": "3", "Economy": "5.50", "Dots": "24"}, {"player_name": "Ravindra Jadeja", "Overs": "10", "Maidens": "0", "Runs": "34", "Wickets": "0", "Economy": "3.40", "Dots": "31"}, {"player_name": "Kuldeep Yadav", "Overs": "10", "Maidens": "1", "Runs": "56", "Wickets": "3", "Economy": "5.60", "Dots": "30"}]}, "Team2": {"Name": "Australia", "score": "269", "overs": "49/50 ov", "rr": "RR: 5.48", "batting": [{"Player Name": "Travis Head", "Dismissed by": "c Kuldeep Yadav b Hardik Pandya", "Runs": "33", "Balls Faced": "31", "Fours": "4", "Sixes": "2", "Strike Rate": "106.45"}, {"Player Name": "Mitchell Marsh", "Dismissed by": "b Hardik Pandya", "Runs": "47", "Balls Faced": "47", "Fours": "8", "Sixes": "1", "Strike Rate": "100.00"}, {"Player Name": "Steve Smith", "Dismissed by": "c KL Rahul b Hardik Pandya", "Runs": "0", "Balls Faced": "3", "Fours": "0", "Sixes": "0", "Strike Rate": "0.00"}, {"Player Name": "David Warner", "Dismissed by": "c Hardik Pandya b Kuldeep Yadav", "Runs": "23", "Balls Faced": "31", "Fours": "1", "Sixes": "0", "Strike Rate": "74.19"}, {"Player Name": "Marnus Labuschagne", "Dismissed by": "c Shubman Gill b Kuldeep Yadav", "Runs": "28", "Balls Faced": "45", "Fours": "1", "Sixes": "1", "Strike Rate": "62.22"}, {"Player Name": "Alex Carey", "Dismissed by": "b Kuldeep Yadav", "Runs": "38", "Balls Faced": "46", "Fours": "2", "Sixes": "1", "Strike Rate": "82.60"}, {"Player Name": "Marcus Stoinis", "Dismissed by": "c Shubman Gill b Axar Patel", "Runs": "25", "Balls Faced": "26", "Fours": "3", "Sixes": "0", "Strike Rate": "96.15"}, {"Player Name": "Sean Abbott", "Dismissed by": "b Axar Patel", "Runs": "26", "Balls Faced": "23", "Fours": "2", "Sixes": "1", "Strike Rate": "113.04"}, {"Player Name": "Ashton Agar", "Dismissed by": "c Axar Patel b Mohammed Siraj", "Runs": "17", "Balls Faced": "21", "Fours": "0", "Sixes": "1", "Strike Rate": "80.95"}, {"Player Name": "Mitchell Starc", "Dismissed by": "c Ravindra Jadeja b Mohammed Siraj", "Runs": "10", "Balls Faced": "11", "Fours": "0", "Sixes": "1", "Strike Rate": "90.90"}, {"Player Name": "Adam Zampa", "Dismissed by": "", "Runs": "10", "Balls Faced": "11", "Fours": "1", "Sixes": "0", "Strike Rate": "90.90"}], "Extras": "Extras (nb 1, w 7, lb 4)", "balling": [{"player_name": "Mitchell Starc", "Overs": "10", "Maidens": "0", "Runs": "67", "Wickets": "0", "Economy": "6.70", "Dots": "34"}, {"player_name": "Marcus Stoinis", "Overs": "9.1", "Maidens": "0", "Runs": "43", "Wickets": "1", "Economy": "4.69", "Dots": "31"}, {"player_name": "Sean Abbott", "Overs": "10", "Maidens": "0", "Runs": "50", "Wickets": "1", "Economy": "5.00", "Dots": "30"}, {"player_name": "Adam Zampa", "Overs": "10", "Maidens": "0", "Runs": "45", "Wickets": "4", "Economy": "4.50", "Dots": "29"}, {"player_name": "Ashton Agar", "Overs": "10", "Maidens": "0", "Runs": "41", "Wickets": "2", "Economy": "4.10", "Dots": "33"}]}, "match_id": "101867"}