{"date": "03/13/2019 11:00:00 AM", "home": "South Africa", "away": "Sri Lanka", "place": "St George's Park", "result": "South Africa win by 6 wickets", "Team1": {"Name": "South Africa", "score": "190/4", "overs": "32.5/50 ov", "rr": "RR: 5.78", "batting": [{"Player Name": "Quinton de Kock", "Dismissed by": "c Upul Tharanga b Dhananjaya de Silva", "Runs": "51", "Balls Faced": "57", "Fours": "6", "Sixes": "0", "Strike Rate": "89.47"}, {"Player Name": "Reeza Hendricks", "Dismissed by": "c Thisara Perera b Dhananjaya de Silva", "Runs": "8", "Balls Faced": "16", "Fours": "1", "Sixes": "0", "Strike Rate": "50.00"}, {"Player Name": "Aiden Markram", "Dismissed by": "c Dhananjaya de Silva b Kasun Rajitha", "Runs": "29", "Balls Faced": "32", "Fours": "3", "Sixes": "0", "Strike Rate": "90.62"}, {"Player Name": "Faf du Plessis", "Dismissed by": "c Priyamal Perera b Dhananjaya de Silva", "Runs": "43", "Balls Faced": "38", "Fours": "5", "Sixes": "1", "Strike Rate": "113.15"}, {"Player Name": "David Miller", "Dismissed by": "", "Runs": "25", "Balls Faced": "33", "Fours": "1", "Sixes": "1", "Strike Rate": "75.75"}, {"Player Name": "JP Duminy", "Dismissed by": "", "Runs": "31", "Balls Faced": "21", "Fours": "4", "Sixes": "1", "Strike Rate": "147.61"}, {"Player Name": "Andile Phehlukwayo", "Dismissed by": "", "Runs": "-", "Balls Faced": "-", "Fours": "-", "Sixes": "-", "Strike Rate": "-"}, {"Player Name": "Dale Steyn", "Dismissed by": "", "Runs": "-", "Balls Faced": "-", "Fours": "-", "Sixes": "-", "Strike Rate": "-"}, {"Player Name": "Anrich Nortje", "Dismissed by": "", "Runs": "-", "Balls Faced": "-", "Fours": "-", "Sixes": "-", "Strike Rate": "-"}, {"Player Name": "Lungi Ngidi", "Dismissed by": "", "Runs": "-", "Balls Faced": "-", "Fours": "-", "Sixes": "-", "Strike Rate": "-"}, {"Player Name": "Tabraiz Shamsi", "Dismissed by": "", "Runs": "-", "Balls Faced": "-", "Fours": "-", "Sixes": "-", "Strike Rate": "-"}], "Extras": "Extras (w 2, lb 1)", "balling": [{"player_name": "Dale Steyn", "Overs": "7", "Maidens": "0", "Runs": "32", "Wickets": "1", "Economy": "4.57", "Dots": "29"}, {"player_name": "Lungi Ngidi", "Overs": "5", "Maidens": "1", "Runs": "22", "Wickets": "1", "Economy": "4.40", "Dots": "20"}, {"player_name": "Anrich Nortje", "Overs": "8", "Maidens": "0", "Runs": "57", "Wickets": "3", "Economy": "7.12", "Dots": "27"}, {"player_name": "Andile Phehlukwayo", "Overs": "5.2", "Maidens": "0", "Runs": "21", "Wickets": "2", "Economy": "3.93", "Dots": "19"}, {"player_name": "Tabraiz Shamsi", "Overs": "10", "Maidens": "0", "Runs": "34", "Wickets": "1", "Economy": "3.40", "Dots": "40"}, {"player_name": "JP Duminy", "Overs": "4", "Maidens": "0", "Runs": "21", "Wickets": "1", "Economy": "5.25", "Dots": "13"}]}, "Team2": {"Name": "Sri Lanka", "score": "189", "overs": "39.2/50 ov", "rr": "RR: 4.80", "batting": [{"Player Name": "Avishka Fernando", "Dismissed by": "c JP Duminy b Anrich Nortje", "Runs": "29", "Balls Faced": "27", "Fours": "5", "Sixes": "0", "Strike Rate": "107.40"}, {"Player Name": "Upul Tharanga", "Dismissed by": "c Tabraiz Shamsi b Dale Steyn", "Runs": "4", "Balls Faced": "6", "Fours": "1", "Sixes": "0", "Strike Rate": "66.66"}, {"Player Name": "Oshada Fernando", "Dismissed by": "c Reeza Hendricks b Lungi Ngidi", "Runs": "0", "Balls Faced": "4", "Fours": "0", "Sixes": "0", "Strike Rate": "0.00"}, {"Player Name": "Kusal Mendis", "Dismissed by": "c Anrich Nortje b Andile Phehlukwayo", "Runs": "21", "Balls Faced": "42", "Fours": "1", "Sixes": "0", "Strike Rate": "50.00"}, {"Player Name": "Priyamal Perera", "Dismissed by": "c Quinton de Kock b Anrich Nortje", "Runs": "0", "Balls Faced": "1", "Fours": "0", "Sixes": "0", "Strike Rate": "0.00"}, {"Player Name": "Kamindu Mendis", "Dismissed by": "c Quinton de Kock b Anrich Nortje", "Runs": "9", "Balls Faced": "25", "Fours": "1", "Sixes": "0", "Strike Rate": "36.00"}, {"Player Name": "Dhananjaya de Silva", "Dismissed by": "c Anrich Nortje b JP Duminy", "Runs": "22", "Balls Faced": "46", "Fours": "2", "Sixes": "0", "Strike Rate": "47.82"}, {"Player Name": "Thisara Perera", "Dismissed by": "c & b Tabraiz Shamsi", "Runs": "12", "Balls Faced": "17", "Fours": "0", "Sixes": "0", "Strike Rate": "70.58"}, {"Player Name": "Isuru Udana", "Dismissed by": "c Faf du Plessis b Andile Phehlukwayo", "Runs": "78", "Balls Faced": "57", "Fours": "8", "Sixes": "4", "Strike Rate": "136.84"}, {"Player Name": "Lasith Malinga", "Dismissed by": "run out (Reeza Hendricks)", "Runs": "0", "Balls Faced": "2", "Fours": "0", "Sixes": "0", "Strike Rate": "0.00"}, {"Player Name": "Kasun Rajitha", "Dismissed by": "", "Runs": "0", "Balls Faced": "9", "Fours": "0", "Sixes": "0", "Strike Rate": "0.00"}], "Extras": "Extras (w 12, lb 2)", "balling": [{"player_name": "Dhananjaya de Silva", "Overs": "10", "Maidens": "1", "Runs": "41", "Wickets": "3", "Economy": "4.10", "Dots": "37"}, {"player_name": "Lasith Malinga", "Overs": "7", "Maidens": "0", "Runs": "38", "Wickets": "0", "Economy": "5.42", "Dots": "24"}, {"player_name": "Isuru Udana", "Overs": "2", "Maidens": "0", "Runs": "15", "Wickets": "0", "Economy": "7.50", "Dots": "3"}, {"player_name": "Kasun Rajitha", "Overs": "5", "Maidens": "0", "Runs": "32", "Wickets": "1", "Economy": "6.40", "Dots": "13"}, {"player_name": "Kamindu Mendis", "Overs": "4", "Maidens": "0", "Runs": "34", "Wickets": "0", "Economy": "8.50", "Dots": "8"}, {"player_name": "Oshada Fernando", "Overs": "2", "Maidens": "0", "Runs": "16", "Wickets": "0", "Economy": "8.00", "Dots": "2"}, {"player_name": "Thisara Perera", "Overs": "2.5", "Maidens": "0", "Runs": "13", "Wickets": "0", "Economy": "4.58", "Dots": "7"}]}, "match_id": "8179"}