{"date": "01/09/2023 09:30:00 AM", "home": "Pakistan", "away": "New Zealand", "place": "National Stadium", "result": "Pakistan won by 6 wickets", "Team1": {"Name": "Pakistan", "score": "258/4", "overs": "48.1/50 ov", "rr": "RR: 5.35", "batting": [{"Player Name": "Fakhar Zaman", "Dismissed by": "b Michael Bracewell", "Runs": "56", "Balls Faced": "74", "Fours": "7", "Sixes": "0", "Strike Rate": "75.67"}, {"Player Name": "Imam-ul-Haq", "Dismissed by": "c Henry Burton Shipley b Michael Bracewell", "Runs": "11", "Balls Faced": "14", "Fours": "2", "Sixes": "0", "Strike Rate": "78.57"}, {"Player Name": "Babar Azam", "Dismissed by": "st Tom Latham b Glenn Phillips", "Runs": "66", "Balls Faced": "82", "Fours": "5", "Sixes": "1", "Strike Rate": "80.48"}, {"Player Name": "Muhammad Rizwan", "Dismissed by": "", "Runs": "77", "Balls Faced": "86", "Fours": "6", "Sixes": "1", "Strike Rate": "89.53"}, {"Player Name": "Haris Sohail", "Dismissed by": "c Mitch Santner b Tim Southee", "Runs": "32", "Balls Faced": "23", "Fours": "2", "Sixes": "2", "Strike Rate": "139.13"}, {"Player Name": "Salman Ali Agha", "Dismissed by": "", "Runs": "13", "Balls Faced": "10", "Fours": "0", "Sixes": "1", "Strike Rate": "130.00"}, {"Player Name": "Mohammad Nawaz", "Dismissed by": "", "Runs": "-", "Balls Faced": "-", "Fours": "-", "Sixes": "-", "Strike Rate": "-"}, {"Player Name": "Usama Mir", "Dismissed by": "", "Runs": "-", "Balls Faced": "-", "Fours": "-", "Sixes": "-", "Strike Rate": "-"}, {"Player Name": "Mohammad Wasim", "Dismissed by": "", "Runs": "-", "Balls Faced": "-", "Fours": "-", "Sixes": "-", "Strike Rate": "-"}, {"Player Name": "Naseem Abbas Shah", "Dismissed by": "", "Runs": "-", "Balls Faced": "-", "Fours": "-", "Sixes": "-", "Strike Rate": "-"}, {"Player Name": "Haris Rauf", "Dismissed by": "", "Runs": "-", "Balls Faced": "-", "Fours": "-", "Sixes": "-", "Strike Rate": "-"}], "Extras": "Extras (w 1, lb 2)", "balling": [{"player_name": "Naseem Abbas Shah", "Overs": "10", "Maidens": "0", "Runs": "57", "Wickets": "5", "Economy": "5.70", "Dots": "32"}, {"player_name": "Haris Rauf", "Overs": "8", "Maidens": "1", "Runs": "54", "Wickets": "0", "Economy": "6.75", "Dots": "25"}, {"player_name": "Mohammad Wasim", "Overs": "8", "Maidens": "0", "Runs": "43", "Wickets": "1", "Economy": "5.37", "Dots": "24"}, {"player_name": "Usama Mir", "Overs": "10", "Maidens": "0", "Runs": "42", "Wickets": "2", "Economy": "4.20", "Dots": "31"}, {"player_name": "Mohammad Nawaz", "Overs": "10", "Maidens": "0", "Runs": "38", "Wickets": "1", "Economy": "3.80", "Dots": "26"}, {"player_name": "Salman Ali Agha", "Overs": "4", "Maidens": "0", "Runs": "18", "Wickets": "0", "Economy": "4.50", "Dots": "9"}]}, "Team2": {"Name": "New Zealand", "score": "255/9", "overs": "50/50 ov", "rr": "RR: 5.10", "batting": [{"Player Name": "Finn Allen", "Dismissed by": "c Salman Ali Agha b Mohammad Wasim", "Runs": "29", "Balls Faced": "27", "Fours": "6", "Sixes": "0", "Strike Rate": "107.40"}, {"Player Name": "Devon Conway", "Dismissed by": "b Naseem Abbas Shah", "Runs": "0", "Balls Faced": "1", "Fours": "0", "Sixes": "0", "Strike Rate": "0.00"}, {"Player Name": "Kane Williamson", "Dismissed by": "b Usama Mir", "Runs": "26", "Balls Faced": "39", "Fours": "3", "Sixes": "0", "Strike Rate": "66.66"}, {"Player Name": "Daryl Mitchell", "Dismissed by": "b Mohammad Nawaz", "Runs": "36", "Balls Faced": "55", "Fours": "1", "Sixes": "0", "Strike Rate": "65.45"}, {"Player Name": "Tom Latham", "Dismissed by": "c Fakhar Zaman b Usama Mir", "Runs": "42", "Balls Faced": "52", "Fours": "3", "Sixes": "0", "Strike Rate": "80.76"}, {"Player Name": "Glenn Phillips", "Dismissed by": "c Babar Azam b Naseem Abbas Shah", "Runs": "37", "Balls Faced": "53", "Fours": "1", "Sixes": "1", "Strike Rate": "69.81"}, {"Player Name": "Michael Bracewell", "Dismissed by": "b Naseem Abbas Shah", "Runs": "43", "Balls Faced": "42", "Fours": "4", "Sixes": "1", "Strike Rate": "102.38"}, {"Player Name": "Mitch Santner", "Dismissed by": "c Mohammad Nawaz b Naseem Abbas Shah", "Runs": "21", "Balls Faced": "18", "Fours": "3", "Sixes": "0", "Strike Rate": "116.66"}, {"Player Name": "Henry Burton Shipley", "Dismissed by": "b Naseem Abbas Shah", "Runs": "0", "Balls Faced": "1", "Fours": "0", "Sixes": "0", "Strike Rate": "0.00"}, {"Player Name": "Tim Southee", "Dismissed by": "", "Runs": "15", "Balls Faced": "11", "Fours": "1", "Sixes": "0", "Strike Rate": "136.36"}, {"Player Name": "Lockie Ferguson", "Dismissed by": "", "Runs": "1", "Balls Faced": "1", "Fours": "0", "Sixes": "0", "Strike Rate": "100.00"}], "Extras": "Extras (w 2, b 1, lb 2)", "balling": [{"player_name": "Tim Southee", "Overs": "8.1", "Maidens": "0", "Runs": "55", "Wickets": "1", "Economy": "6.73", "Dots": "23"}, {"player_name": "Henry Burton Shipley", "Overs": "6", "Maidens": "1", "Runs": "28", "Wickets": "0", "Economy": "4.66", "Dots": "18"}, {"player_name": "Michael Bracewell", "Overs": "10", "Maidens": "0", "Runs": "44", "Wickets": "2", "Economy": "4.40", "Dots": "32"}, {"player_name": "Lockie Ferguson", "Overs": "8", "Maidens": "0", "Runs": "51", "Wickets": "0", "Economy": "6.37", "Dots": "22"}, {"player_name": "Mitch Santner", "Overs": "10", "Maidens": "0", "Runs": "43", "Wickets": "0", "Economy": "4.30", "Dots": "35"}, {"player_name": "Glenn Phillips", "Overs": "6", "Maidens": "0", "Runs": "35", "Wickets": "1", "Economy": "5.83", "Dots": "13"}]}, "match_id": "101613"}