{"date": "03/16/2019 11:00:00 AM", "home": "South Africa", "away": "Sri Lanka", "place": "Newlands", "result": "South Africa won by 41 runs (DLS method)", "Team1": {"Name": "South Africa", "score": "135/2", "overs": "28/28 ov", "rr": "RR: 4.82", "batting": [{"Player Name": "Quinton de Kock", "Dismissed by": "c Avishka Fernando b Lasith Malinga", "Runs": "6", "Balls Faced": "14", "Fours": "1", "Sixes": "0", "Strike Rate": "42.85"}, {"Player Name": "Aiden Markram", "Dismissed by": "", "Runs": "67", "Balls Faced": "75", "Fours": "7", "Sixes": "0", "Strike Rate": "89.33"}, {"Player Name": "Faf du Plessis", "Dismissed by": "c Kusal Mendis b Angelo Perera", "Runs": "24", "Balls Faced": "42", "Fours": "1", "Sixes": "0", "Strike Rate": "57.14"}, {"Player Name": "Rassie van der Dussen", "Dismissed by": "", "Runs": "28", "Balls Faced": "37", "Fours": "2", "Sixes": "0", "Strike Rate": "75.67"}, {"Player Name": "JP Duminy", "Dismissed by": "", "Runs": "-", "Balls Faced": "-", "Fours": "-", "Sixes": "-", "Strike Rate": "-"}, {"Player Name": "Dwaine Pretorius", "Dismissed by": "", "Runs": "-", "Balls Faced": "-", "Fours": "-", "Sixes": "-", "Strike Rate": "-"}, {"Player Name": "Andile Phehlukwayo", "Dismissed by": "", "Runs": "-", "Balls Faced": "-", "Fours": "-", "Sixes": "-", "Strike Rate": "-"}, {"Player Name": "Kagiso Rabada", "Dismissed by": "", "Runs": "-", "Balls Faced": "-", "Fours": "-", "Sixes": "-", "Strike Rate": "-"}, {"Player Name": "Anrich Nortje", "Dismissed by": "", "Runs": "-", "Balls Faced": "-", "Fours": "-", "Sixes": "-", "Strike Rate": "-"}, {"Player Name": "Lungi Ngidi", "Dismissed by": "", "Runs": "-", "Balls Faced": "-", "Fours": "-", "Sixes": "-", "Strike Rate": "-"}, {"Player Name": "Imran Tahir", "Dismissed by": "", "Runs": "-", "Balls Faced": "-", "Fours": "-", "Sixes": "-", "Strike Rate": "-"}], "Extras": "Extras (w 6, lb 4)", "balling": [{"player_name": "Kagiso Rabada", "Overs": "10", "Maidens": "1", "Runs": "50", "Wickets": "3", "Economy": "5.00", "Dots": "39"}, {"player_name": "Lungi Ngidi", "Overs": "5", "Maidens": "1", "Runs": "16", "Wickets": "1", "Economy": "3.20", "Dots": "24"}, {"player_name": "Andile Phehlukwayo", "Overs": "8", "Maidens": "0", "Runs": "40", "Wickets": "1", "Economy": "5.00", "Dots": "25"}, {"player_name": "Anrich Nortje", "Overs": "9.3", "Maidens": "0", "Runs": "35", "Wickets": "2", "Economy": "3.68", "Dots": "32"}, {"player_name": "Imran Tahir", "Overs": "10", "Maidens": "1", "Runs": "33", "Wickets": "2", "Economy": "3.30", "Dots": "38"}, {"player_name": "Dwaine Pretorius", "Overs": "4", "Maidens": "0", "Runs": "27", "Wickets": "0", "Economy": "6.75", "Dots": "8"}, {"player_name": "JP Duminy", "Overs": "3", "Maidens": "0", "Runs": "16", "Wickets": "0", "Economy": "5.33", "Dots": "9"}]}, "Team2": {"Name": "Sri Lanka", "score": "225", "overs": "49.3/50 ov", "rr": "RR: 4.54", "batting": [{"Player Name": "Avishka Fernando", "Dismissed by": "c Aiden Markram b Lungi Ngidi", "Runs": "9", "Balls Faced": "15", "Fours": "2", "Sixes": "0", "Strike Rate": "60.00"}, {"Player Name": "Upul Tharanga", "Dismissed by": "c Quinton de Kock b Kagiso Rabada", "Runs": "2", "Balls Faced": "8", "Fours": "0", "Sixes": "0", "Strike Rate": "25.00"}, {"Player Name": "Oshada Fernando", "Dismissed by": "c Faf du Plessis b Imran Tahir", "Runs": "22", "Balls Faced": "47", "Fours": "4", "Sixes": "0", "Strike Rate": "46.80"}, {"Player Name": "Kusal Mendis", "Dismissed by": "run out (Lungi Ngidi/Anrich Nortje)", "Runs": "56", "Balls Faced": "84", "Fours": "4", "Sixes": "0", "Strike Rate": "66.66"}, {"Player Name": "Angelo Perera", "Dismissed by": "c Faf du Plessis b Imran Tahir", "Runs": "33", "Balls Faced": "43", "Fours": "3", "Sixes": "0", "Strike Rate": "76.74"}, {"Player Name": "Priyamal Perera", "Dismissed by": "c & b Kagiso Rabada", "Runs": "33", "Balls Faced": "57", "Fours": "2", "Sixes": "0", "Strike Rate": "57.89"}, {"Player Name": "Thisara Perera", "Dismissed by": "c Imran Tahir b Anrich Nortje", "Runs": "0", "Balls Faced": "1", "Fours": "0", "Sixes": "0", "Strike Rate": "0.00"}, {"Player Name": "Dhananjaya de Silva", "Dismissed by": "c JP Duminy b Andile Phehlukwayo", "Runs": "12", "Balls Faced": "12", "Fours": "2", "Sixes": "0", "Strike Rate": "100.00"}, {"Player Name": "Isuru Udana", "Dismissed by": "c Imran Tahir b Kagiso Rabada", "Runs": "32", "Balls Faced": "29", "Fours": "3", "Sixes": "1", "Strike Rate": "110.34"}, {"Player Name": "Akila Dananjaya", "Dismissed by": "c JP Duminy b Anrich Nortje", "Runs": "3", "Balls Faced": "4", "Fours": "0", "Sixes": "0", "Strike Rate": "75.00"}, {"Player Name": "Lasith Malinga", "Dismissed by": "", "Runs": "0", "Balls Faced": "0", "Fours": "0", "Sixes": "0", "Strike Rate": "-"}], "Extras": "Extras (nb 3, w 12, lb 8)", "balling": [{"player_name": "Lasith Malinga", "Overs": "6", "Maidens": "0", "Runs": "22", "Wickets": "1", "Economy": "3.66", "Dots": "25"}, {"player_name": "Dhananjaya de Silva", "Overs": "1", "Maidens": "0", "Runs": "3", "Wickets": "0", "Economy": "3.00", "Dots": "4"}, {"player_name": "Isuru Udana", "Overs": "7", "Maidens": "1", "Runs": "37", "Wickets": "0", "Economy": "5.28", "Dots": "22"}, {"player_name": "Akila Dananjaya", "Overs": "7", "Maidens": "0", "Runs": "38", "Wickets": "0", "Economy": "5.42", "Dots": "19"}, {"player_name": "Angelo Perera", "Overs": "7", "Maidens": "0", "Runs": "31", "Wickets": "1", "Economy": "4.42", "Dots": "20"}]}, "match_id": "8180"}