{"date": "06/05/2019 09:30:00 AM", "home": "South Africa", "away": "India", "place": "The Ageas Bowl", "result": "India win by 6 wickets", "Team1": {"Name": "South Africa", "score": "227/9", "overs": "50/50 ov", "rr": "RR: 4.54", "batting": [{"Player Name": "Hashim Amla", "Dismissed by": "c Rohit Sharma b Jasprit Bumrah", "Runs": "6", "Balls Faced": "9", "Fours": "1", "Sixes": "0", "Strike Rate": "66.66"}, {"Player Name": "Quinton de Kock", "Dismissed by": "c Virat Kohli b Jasprit Bumrah", "Runs": "10", "Balls Faced": "17", "Fours": "1", "Sixes": "0", "Strike Rate": "58.82"}, {"Player Name": "Faf du Plessis", "Dismissed by": "b Yuzvendra Chahal", "Runs": "38", "Balls Faced": "54", "Fours": "4", "Sixes": "0", "Strike Rate": "70.37"}, {"Player Name": "Rassie van der Dussen", "Dismissed by": "b Yuzvendra Chahal", "Runs": "22", "Balls Faced": "37", "Fours": "1", "Sixes": "0", "Strike Rate": "59.45"}, {"Player Name": "David Miller", "Dismissed by": "c & b Yuzvendra Chahal", "Runs": "31", "Balls Faced": "40", "Fours": "1", "Sixes": "0", "Strike Rate": "77.50"}, {"Player Name": "JP Duminy", "Dismissed by": "lbw Kuldeep Yadav", "Runs": "3", "Balls Faced": "11", "Fours": "0", "Sixes": "0", "Strike Rate": "27.27"}, {"Player Name": "Andile Phehlukwayo", "Dismissed by": "st MS Dhoni b Yuzvendra Chahal", "Runs": "34", "Balls Faced": "61", "Fours": "2", "Sixes": "1", "Strike Rate": "55.73"}, {"Player Name": "Chris Morris", "Dismissed by": "c Virat Kohli b Bhuvneshwar Kumar", "Runs": "42", "Balls Faced": "34", "Fours": "1", "Sixes": "2", "Strike Rate": "123.52"}, {"Player Name": "Kagiso Rabada", "Dismissed by": "", "Runs": "31", "Balls Faced": "35", "Fours": "2", "Sixes": "0", "Strike Rate": "88.57"}, {"Player Name": "Imran Tahir", "Dismissed by": "c Kedar Jadhav b Bhuvneshwar Kumar", "Runs": "0", "Balls Faced": "2", "Fours": "0", "Sixes": "0", "Strike Rate": "0.00"}, {"Player Name": "Tabraiz Shamsi", "Dismissed by": "", "Runs": "-", "Balls Faced": "-", "Fours": "-", "Sixes": "-", "Strike Rate": "-"}], "Extras": "Extras (w 6, b 1, lb 3)", "balling": [{"player_name": "Imran Tahir", "Overs": "10", "Maidens": "0", "Runs": "58", "Wickets": "0", "Economy": "5.80", "Dots": "20"}, {"player_name": "Kagiso Rabada", "Overs": "10", "Maidens": "1", "Runs": "39", "Wickets": "2", "Economy": "3.90", "Dots": "40"}, {"player_name": "Chris Morris", "Overs": "10", "Maidens": "3", "Runs": "36", "Wickets": "1", "Economy": "3.60", "Dots": "43"}, {"player_name": "Andile Phehlukwayo", "Overs": "8.3", "Maidens": "0", "Runs": "40", "Wickets": "1", "Economy": "4.70", "Dots": "30"}, {"player_name": "Tabraiz Shamsi", "Overs": "9", "Maidens": "0", "Runs": "54", "Wickets": "0", "Economy": "6.00", "Dots": "25"}]}, "Team2": {"Name": "India", "score": "230/4", "overs": "47.3/50 ov", "rr": "RR: 4.84", "batting": [{"Player Name": "Shikhar Dhawan", "Dismissed by": "c Quinton de Kock b Kagiso Rabada", "Runs": "8", "Balls Faced": "12", "Fours": "1", "Sixes": "0", "Strike Rate": "66.66"}, {"Player Name": "Rohit Sharma", "Dismissed by": "", "Runs": "122", "Balls Faced": "144", "Fours": "13", "Sixes": "2", "Strike Rate": "84.72"}, {"Player Name": "Virat Kohli", "Dismissed by": "c Quinton de Kock b Andile Phehlukwayo", "Runs": "18", "Balls Faced": "34", "Fours": "1", "Sixes": "0", "Strike Rate": "52.94"}, {"Player Name": "KL Rahul", "Dismissed by": "c Faf du Plessis b Kagiso Rabada", "Runs": "26", "Balls Faced": "42", "Fours": "2", "Sixes": "0", "Strike Rate": "61.90"}, {"Player Name": "MS Dhoni", "Dismissed by": "c & b Chris Morris", "Runs": "34", "Balls Faced": "46", "Fours": "2", "Sixes": "0", "Strike Rate": "73.91"}, {"Player Name": "Hardik Pandya", "Dismissed by": "", "Runs": "15", "Balls Faced": "7", "Fours": "3", "Sixes": "0", "Strike Rate": "214.28"}, {"Player Name": "Kedar Jadhav", "Dismissed by": "", "Runs": "-", "Balls Faced": "-", "Fours": "-", "Sixes": "-", "Strike Rate": "-"}, {"Player Name": "Bhuvneshwar Kumar", "Dismissed by": "", "Runs": "-", "Balls Faced": "-", "Fours": "-", "Sixes": "-", "Strike Rate": "-"}, {"Player Name": "Kuldeep Yadav", "Dismissed by": "", "Runs": "-", "Balls Faced": "-", "Fours": "-", "Sixes": "-", "Strike Rate": "-"}, {"Player Name": "Yuzvendra Chahal", "Dismissed by": "", "Runs": "-", "Balls Faced": "-", "Fours": "-", "Sixes": "-", "Strike Rate": "-"}, {"Player Name": "Jasprit Bumrah", "Dismissed by": "", "Runs": "-", "Balls Faced": "-", "Fours": "-", "Sixes": "-", "Strike Rate": "-"}], "Extras": "Extras (w 4, lb 3)", "balling": [{"player_name": "Bhuvneshwar Kumar", "Overs": "10", "Maidens": "0", "Runs": "44", "Wickets": "2", "Economy": "4.40", "Dots": "33"}, {"player_name": "Jasprit Bumrah", "Overs": "10", "Maidens": "1", "Runs": "35", "Wickets": "2", "Economy": "3.50", "Dots": "41"}, {"player_name": "Hardik Pandya", "Overs": "6", "Maidens": "0", "Runs": "31", "Wickets": "0", "Economy": "5.16", "Dots": "16"}, {"player_name": "Kuldeep Yadav", "Overs": "10", "Maidens": "0", "Runs": "46", "Wickets": "1", "Economy": "4.60", "Dots": "28"}, {"player_name": "Yuzvendra Chahal", "Overs": "10", "Maidens": "0", "Runs": "51", "Wickets": "4", "Economy": "5.10", "Dots": "32"}, {"player_name": "Kedar Jadhav", "Overs": "4", "Maidens": "0", "Runs": "16", "Wickets": "0", "Economy": "4.00", "Dots": "13"}]}, "match_id": "8199"}