{"date": "09/06/2022 04:20:00 AM", "home": "Australia", "away": "New Zealand", "place": "Cazaly's Stadium", "result": "Australia won by 2 wickets", "Team1": {"Name": "Australia", "score": "233/8", "overs": "45.0/50 ov", "rr": "RR: 5.17", "batting": [{"Player Name": "Aaron Finch", "Dismissed by": "lbw Trent Boult", "Runs": "5", "Balls Faced": "4", "Fours": "0", "Sixes": "0", "Strike Rate": "125.00"}, {"Player Name": "David Warner", "Dismissed by": "c Michael Bracewell b Matt Henry", "Runs": "20", "Balls Faced": "25", "Fours": "2", "Sixes": "1", "Strike Rate": "80.00"}, {"Player Name": "Steve Smith", "Dismissed by": "b Trent Boult", "Runs": "1", "Balls Faced": "8", "Fours": "0", "Sixes": "0", "Strike Rate": "12.50"}, {"Player Name": "Marnus Labuschagne", "Dismissed by": "lbw Trent Boult", "Runs": "0", "Balls Faced": "7", "Fours": "0", "Sixes": "0", "Strike Rate": "0.00"}, {"Player Name": "Marcus Stoinis", "Dismissed by": "b Matt Henry", "Runs": "5", "Balls Faced": "11", "Fours": "0", "Sixes": "0", "Strike Rate": "45.45"}, {"Player Name": "Alex Carey", "Dismissed by": "c Matt Henry b Lockie Ferguson", "Runs": "85", "Balls Faced": "99", "Fours": "8", "Sixes": "1", "Strike Rate": "85.85"}, {"Player Name": "Cameron Green", "Dismissed by": "", "Runs": "89", "Balls Faced": "92", "Fours": "10", "Sixes": "1", "Strike Rate": "96.73"}, {"Player Name": "Glenn Maxwell", "Dismissed by": "c James Neesham b Trent Boult", "Runs": "2", "Balls Faced": "8", "Fours": "0", "Sixes": "0", "Strike Rate": "25.00"}, {"Player Name": "Mitchell Starc", "Dismissed by": "c Daryl Mitchell b Lockie Ferguson", "Runs": "1", "Balls Faced": "3", "Fours": "0", "Sixes": "0", "Strike Rate": "33.33"}, {"Player Name": "Adam Zampa", "Dismissed by": "", "Runs": "13", "Balls Faced": "13", "Fours": "1", "Sixes": "0", "Strike Rate": "100.00"}, {"Player Name": "Josh Hazlewood", "Dismissed by": "", "Runs": "-", "Balls Faced": "-", "Fours": "-", "Sixes": "-", "Strike Rate": "-"}], "Extras": "Extras (w 6, b 1, lb 5)", "balling": [{"player_name": "Mitchell Starc", "Overs": "9", "Maidens": "2", "Runs": "43", "Wickets": "1", "Economy": "4.77", "Dots": "35"}, {"player_name": "Josh Hazlewood", "Overs": "10", "Maidens": "1", "Runs": "31", "Wickets": "3", "Economy": "3.10", "Dots": "36"}, {"player_name": "Adam Zampa", "Overs": "10", "Maidens": "0", "Runs": "38", "Wickets": "1", "Economy": "3.80", "Dots": "33"}, {"player_name": "Glenn Maxwell", "Overs": "10", "Maidens": "0", "Runs": "52", "Wickets": "4", "Economy": "5.20", "Dots": "30"}, {"player_name": "Cameron Green", "Overs": "5", "Maidens": "0", "Runs": "33", "Wickets": "0", "Economy": "6.60", "Dots": "13"}, {"player_name": "Marcus Stoinis", "Overs": "6", "Maidens": "0", "Runs": "25", "Wickets": "0", "Economy": "4.16", "Dots": "17"}]}, "Team2": {"Name": "New Zealand", "score": "232/9", "overs": "50/50 ov", "rr": "RR: 4.64", "batting": [{"Player Name": "Martin Guptill", "Dismissed by": "c Glenn Maxwell b Mitchell Starc", "Runs": "6", "Balls Faced": "19", "Fours": "1", "Sixes": "0", "Strike Rate": "31.57"}, {"Player Name": "Devon Conway", "Dismissed by": "lbw Adam Zampa", "Runs": "46", "Balls Faced": "68", "Fours": "4", "Sixes": "1", "Strike Rate": "67.64"}, {"Player Name": "Kane Williamson", "Dismissed by": "c David Warner b Glenn Maxwell", "Runs": "45", "Balls Faced": "71", "Fours": "3", "Sixes": "1", "Strike Rate": "63.38"}, {"Player Name": "Tom Latham", "Dismissed by": "c Adam Zampa b Glenn Maxwell", "Runs": "43", "Balls Faced": "57", "Fours": "2", "Sixes": "1", "Strike Rate": "75.43"}, {"Player Name": "Daryl Mitchell", "Dismissed by": "c Steve Smith b Glenn Maxwell", "Runs": "26", "Balls Faced": "33", "Fours": "2", "Sixes": "0", "Strike Rate": "78.78"}, {"Player Name": "Michael Bracewell", "Dismissed by": "c Steve Smith b Glenn Maxwell", "Runs": "7", "Balls Faced": "8", "Fours": "1", "Sixes": "0", "Strike Rate": "87.50"}, {"Player Name": "James Neesham", "Dismissed by": "c Alex Carey b Josh Hazlewood", "Runs": "16", "Balls Faced": "16", "Fours": "0", "Sixes": "1", "Strike Rate": "100.00"}, {"Player Name": "Mitchell Santner", "Dismissed by": "c Alex Carey b Josh Hazlewood", "Runs": "13", "Balls Faced": "13", "Fours": "1", "Sixes": "0", "Strike Rate": "100.00"}, {"Player Name": "Matt Henry", "Dismissed by": "c Mitchell Starc b Josh Hazlewood", "Runs": "4", "Balls Faced": "7", "Fours": "0", "Sixes": "0", "Strike Rate": "57.14"}, {"Player Name": "Lockie Ferguson", "Dismissed by": "", "Runs": "5", "Balls Faced": "5", "Fours": "0", "Sixes": "0", "Strike Rate": "100.00"}, {"Player Name": "Trent Boult", "Dismissed by": "", "Runs": "6", "Balls Faced": "3", "Fours": "1", "Sixes": "0", "Strike Rate": "200.00"}], "Extras": "Extras (w 5, b 4, lb 6)", "balling": [{"player_name": "Trent Boult", "Overs": "10", "Maidens": "2", "Runs": "40", "Wickets": "4", "Economy": "4.00", "Dots": "39"}, {"player_name": "Matt Henry", "Overs": "10", "Maidens": "0", "Runs": "50", "Wickets": "2", "Economy": "5.00", "Dots": "34"}, {"player_name": "Mitchell Santner", "Overs": "10", "Maidens": "0", "Runs": "47", "Wickets": "0", "Economy": "4.70", "Dots": "32"}, {"player_name": "Michael Bracewell", "Overs": "3", "Maidens": "0", "Runs": "16", "Wickets": "0", "Economy": "5.33", "Dots": "10"}, {"player_name": "Lockie Ferguson", "Overs": "9", "Maidens": "0", "Runs": "60", "Wickets": "2", "Economy": "6.66", "Dots": "23"}, {"player_name": "James Neesham", "Overs": "3", "Maidens": "0", "Runs": "14", "Wickets": "0", "Economy": "4.66", "Dots": "9"}]}, "match_id": "100712"}