{"date": "03/29/2022 10:00:00 AM", "home": "Pakistan", "away": "Australia", "place": "Gaddafi Stadium", "result": "Australia won by 88 runs", "Team1": {"Name": "Pakistan", "score": "225", "overs": "45.2/50 ov", "rr": "RR: 4.96", "batting": [{"Player Name": "Fakhar Zaman", "Dismissed by": "c Travis Head b Sean Abbott", "Runs": "18", "Balls Faced": "18", "Fours": "3", "Sixes": "0", "Strike Rate": "100.00"}, {"Player Name": "Imam-ul-Haq", "Dismissed by": "b Nathan Ellis", "Runs": "103", "Balls Faced": "96", "Fours": "6", "Sixes": "3", "Strike Rate": "107.29"}, {"Player Name": "Babar Azam", "Dismissed by": "lbw Mitchell Swepson", "Runs": "57", "Balls Faced": "72", "Fours": "6", "Sixes": "0", "Strike Rate": "79.16"}, {"Player Name": "Saud Shakeel", "Dismissed by": "c Marnus Labuschagne b Travis Head", "Runs": "3", "Balls Faced": "8", "Fours": "0", "Sixes": "0", "Strike Rate": "37.50"}, {"Player Name": "Mohammad Rizwan", "Dismissed by": "c Alex Carey b Adam Zampa", "Runs": "10", "Balls Faced": "18", "Fours": "0", "Sixes": "0", "Strike Rate": "55.55"}, {"Player Name": "Iftikhar Ahmed", "Dismissed by": "c Sean Abbott b Travis Head", "Runs": "2", "Balls Faced": "9", "Fours": "0", "Sixes": "0", "Strike Rate": "22.22"}, {"Player Name": "Khushdil Shah", "Dismissed by": "c Alex Carey b Adam Zampa", "Runs": "19", "Balls Faced": "22", "Fours": "1", "Sixes": "0", "Strike Rate": "86.36"}, {"Player Name": "Hasan Ali", "Dismissed by": "b Adam Zampa", "Runs": "2", "Balls Faced": "9", "Fours": "0", "Sixes": "0", "Strike Rate": "22.22"}, {"Player Name": "Mohammad Wasim", "Dismissed by": "b Adam Zampa", "Runs": "0", "Balls Faced": "1", "Fours": "0", "Sixes": "0", "Strike Rate": "0.00"}, {"Player Name": "Haris Rauf", "Dismissed by": "c Cameron Green b Mitchell Swepson", "Runs": "7", "Balls Faced": "17", "Fours": "1", "Sixes": "0", "Strike Rate": "41.17"}, {"Player Name": "Zahid Mahmood", "Dismissed by": "", "Runs": "0", "Balls Faced": "3", "Fours": "0", "Sixes": "0", "Strike Rate": "0.00"}], "Extras": "Extras (nb 1, w 3)", "balling": [{"player_name": "Hasan Ali", "Overs": "8", "Maidens": "0", "Runs": "56", "Wickets": "0", "Economy": "7.00", "Dots": "24"}, {"player_name": "Mohammad Wasim", "Overs": "8", "Maidens": "0", "Runs": "59", "Wickets": "0", "Economy": "7.37", "Dots": "21"}, {"player_name": "Haris Rauf", "Overs": "8", "Maidens": "0", "Runs": "44", "Wickets": "2", "Economy": "5.50", "Dots": "23"}, {"player_name": "Zahid Mahmood", "Overs": "10", "Maidens": "0", "Runs": "59", "Wickets": "2", "Economy": "5.90", "Dots": "27"}, {"player_name": "Iftikhar Ahmed", "Overs": "6", "Maidens": "0", "Runs": "36", "Wickets": "1", "Economy": "6.00", "Dots": "11"}, {"player_name": "Khushdil Shah", "Overs": "10", "Maidens": "0", "Runs": "50", "Wickets": "1", "Economy": "5.00", "Dots": "26"}]}, "Team2": {"Name": "Australia", "score": "313/7", "overs": "50/50 ov", "rr": "RR: 6.26", "batting": [{"Player Name": "Travis Head", "Dismissed by": "c Khushdil Shah b Iftikhar Ahmed", "Runs": "101", "Balls Faced": "72", "Fours": "12", "Sixes": "3", "Strike Rate": "140.27"}, {"Player Name": "Aaron Finch", "Dismissed by": "c Mohammad Rizwan b Zahid Mahmood", "Runs": "23", "Balls Faced": "36", "Fours": "0", "Sixes": "1", "Strike Rate": "63.88"}, {"Player Name": "Ben McDermott", "Dismissed by": "run out (Mohammad Rizwan/Mohammad Wasim)", "Runs": "55", "Balls Faced": "70", "Fours": "4", "Sixes": "0", "Strike Rate": "78.57"}, {"Player Name": "Marnus Labuschagne", "Dismissed by": "c Saud Shakeel b Khushdil Shah", "Runs": "25", "Balls Faced": "35", "Fours": "1", "Sixes": "0", "Strike Rate": "71.42"}, {"Player Name": "Marcus Stoinis", "Dismissed by": "b Haris Rauf", "Runs": "26", "Balls Faced": "42", "Fours": "0", "Sixes": "1", "Strike Rate": "61.90"}, {"Player Name": "Alex Carey", "Dismissed by": "b Zahid Mahmood", "Runs": "4", "Balls Faced": "4", "Fours": "0", "Sixes": "0", "Strike Rate": "100.00"}, {"Player Name": "Cameron Green", "Dismissed by": "", "Runs": "40", "Balls Faced": "30", "Fours": "3", "Sixes": "1", "Strike Rate": "133.33"}, {"Player Name": "Sean Abbott", "Dismissed by": "b Haris Rauf", "Runs": "14", "Balls Faced": "9", "Fours": "2", "Sixes": "0", "Strike Rate": "155.55"}, {"Player Name": "Nathan Ellis", "Dismissed by": "", "Runs": "3", "Balls Faced": "2", "Fours": "0", "Sixes": "0", "Strike Rate": "150.00"}, {"Player Name": "Adam Zampa", "Dismissed by": "", "Runs": "-", "Balls Faced": "-", "Fours": "-", "Sixes": "-", "Strike Rate": "-"}, {"Player Name": "Mitchell Swepson", "Dismissed by": "", "Runs": "-", "Balls Faced": "-", "Fours": "-", "Sixes": "-", "Strike Rate": "-"}], "Extras": "Extras (w 13, lb 9)", "balling": [{"player_name": "Sean Abbott", "Overs": "7", "Maidens": "0", "Runs": "36", "Wickets": "1", "Economy": "5.14", "Dots": "20"}, {"player_name": "Cameron Green", "Overs": "3", "Maidens": "0", "Runs": "18", "Wickets": "0", "Economy": "6.00", "Dots": "9"}, {"player_name": "Adam Zampa", "Overs": "10", "Maidens": "0", "Runs": "38", "Wickets": "4", "Economy": "3.80", "Dots": "32"}, {"player_name": "Nathan Ellis", "Overs": "8", "Maidens": "0", "Runs": "36", "Wickets": "1", "Economy": "4.50", "Dots": "25"}, {"player_name": "Mitchell Swepson", "Overs": "8.2", "Maidens": "0", "Runs": "53", "Wickets": "2", "Economy": "6.36", "Dots": "20"}, {"player_name": "Marcus Stoinis", "Overs": "3", "Maidens": "0", "Runs": "9", "Wickets": "0", "Economy": "3.00", "Dots": "9"}, {"player_name": "Travis Head", "Overs": "6", "Maidens": "0", "Runs": "35", "Wickets": "2", "Economy": "5.83", "Dots": "14"}]}, "match_id": "34307"}