{"date": "07/14/2022 12:00:00 PM", "home": "England", "away": "India", "place": "Lord's Cricket Ground", "result": "England won by 100 runs", "Team1": {"Name": "England", "score": "246", "overs": "49/50 ov", "rr": "RR: 5.02", "batting": [{"Player Name": "Jason Roy", "Dismissed by": "c Suryakumar Yadav b Hardik Pandya", "Runs": "23", "Balls Faced": "33", "Fours": "2", "Sixes": "1", "Strike Rate": "69.69"}, {"Player Name": "Jonny Bairstow", "Dismissed by": "b Yuzvendra Chahal", "Runs": "38", "Balls Faced": "38", "Fours": "6", "Sixes": "0", "Strike Rate": "100.00"}, {"Player Name": "Joe Root", "Dismissed by": "lbw Yuzvendra Chahal", "Runs": "11", "Balls Faced": "21", "Fours": "0", "Sixes": "0", "Strike Rate": "52.38"}, {"Player Name": "Ben Stokes", "Dismissed by": "lbw Yuzvendra Chahal", "Runs": "21", "Balls Faced": "23", "Fours": "3", "Sixes": "0", "Strike Rate": "91.30"}, {"Player Name": "Jos Buttler", "Dismissed by": "b Mohammed Shami", "Runs": "4", "Balls Faced": "5", "Fours": "0", "Sixes": "0", "Strike Rate": "80.00"}, {"Player Name": "Liam Livingstone", "Dismissed by": "c Shreyas Iyer b Hardik Pandya", "Runs": "33", "Balls Faced": "33", "Fours": "2", "Sixes": "2", "Strike Rate": "100.00"}, {"Player Name": "Moeen Ali", "Dismissed by": "c Ravindra Jadeja b Yuzvendra Chahal", "Runs": "47", "Balls Faced": "64", "Fours": "2", "Sixes": "2", "Strike Rate": "73.43"}, {"Player Name": "David Willey", "Dismissed by": "c Shreyas Iyer b Jasprit Bumrah", "Runs": "41", "Balls Faced": "49", "Fours": "2", "Sixes": "2", "Strike Rate": "83.67"}, {"Player Name": "Craig Overton", "Dismissed by": "", "Runs": "10", "Balls Faced": "18", "Fours": "0", "Sixes": "0", "Strike Rate": "55.55"}, {"Player Name": "Brydon Carse", "Dismissed by": "lbw Prasidh Krishna", "Runs": "2", "Balls Faced": "4", "Fours": "0", "Sixes": "0", "Strike Rate": "50.00"}, {"Player Name": "Reece Topley", "Dismissed by": "b Jasprit Bumrah", "Runs": "3", "Balls Faced": "7", "Fours": "0", "Sixes": "0", "Strike Rate": "42.85"}], "Extras": "Extras (nb 1, w 8, lb 4)", "balling": [{"player_name": "Reece Topley", "Overs": "9.5", "Maidens": "2", "Runs": "24", "Wickets": "6", "Economy": "2.44", "Dots": "48"}, {"player_name": "David Willey", "Overs": "9", "Maidens": "2", "Runs": "27", "Wickets": "1", "Economy": "3.00", "Dots": "34"}, {"player_name": "Brydon Carse", "Overs": "7", "Maidens": "0", "Runs": "32", "Wickets": "1", "Economy": "4.57", "Dots": "21"}, {"player_name": "Craig Overton", "Overs": "7", "Maidens": "0", "Runs": "22", "Wickets": "0", "Economy": "3.14", "Dots": "26"}, {"player_name": "Moeen Ali", "Overs": "4", "Maidens": "0", "Runs": "30", "Wickets": "1", "Economy": "7.50", "Dots": "11"}, {"player_name": "Liam Livingstone", "Overs": "2", "Maidens": "1", "Runs": "4", "Wickets": "1", "Economy": "2.00", "Dots": "9"}]}, "Team2": {"Name": "India", "score": "146", "overs": "38.5/50 ov", "rr": "RR: 3.75", "batting": [{"Player Name": "Rohit Sharma", "Dismissed by": "lbw Reece Topley", "Runs": "0", "Balls Faced": "10", "Fours": "0", "Sixes": "0", "Strike Rate": "0.00"}, {"Player Name": "Shikhar Dhawan", "Dismissed by": "c Jos Buttler b Reece Topley", "Runs": "9", "Balls Faced": "26", "Fours": "1", "Sixes": "0", "Strike Rate": "34.61"}, {"Player Name": "Virat Kohli", "Dismissed by": "c Jos Buttler b David Willey", "Runs": "16", "Balls Faced": "25", "Fours": "3", "Sixes": "0", "Strike Rate": "64.00"}, {"Player Name": "Rishabh Pant", "Dismissed by": "c Phil Salt b Brydon Carse", "Runs": "0", "Balls Faced": "5", "Fours": "0", "Sixes": "0", "Strike Rate": "0.00"}, {"Player Name": "Suryakumar Yadav", "Dismissed by": "b Reece Topley", "Runs": "27", "Balls Faced": "29", "Fours": "1", "Sixes": "1", "Strike Rate": "93.10"}, {"Player Name": "Hardik Pandya", "Dismissed by": "c Liam Livingstone b Moeen Ali", "Runs": "29", "Balls Faced": "44", "Fours": "2", "Sixes": "0", "Strike Rate": "65.90"}, {"Player Name": "Ravindra Jadeja", "Dismissed by": "b Liam Livingstone", "Runs": "29", "Balls Faced": "44", "Fours": "1", "Sixes": "1", "Strike Rate": "65.90"}, {"Player Name": "Mohammed Shami", "Dismissed by": "c Ben Stokes b Reece Topley", "Runs": "23", "Balls Faced": "28", "Fours": "2", "Sixes": "1", "Strike Rate": "82.14"}, {"Player Name": "Jasprit Bumrah", "Dismissed by": "", "Runs": "2", "Balls Faced": "6", "Fours": "0", "Sixes": "0", "Strike Rate": "33.33"}, {"Player Name": "Yuzvendra Chahal", "Dismissed by": "b Reece Topley", "Runs": "3", "Balls Faced": "13", "Fours": "0", "Sixes": "0", "Strike Rate": "23.07"}, {"Player Name": "Prasidh Krishna", "Dismissed by": "c Jos Buttler b Reece Topley", "Runs": "0", "Balls Faced": "3", "Fours": "0", "Sixes": "0", "Strike Rate": "0.00"}], "Extras": "Extras (w 1, lb 7)", "balling": [{"player_name": "Mohammed Shami", "Overs": "10", "Maidens": "0", "Runs": "48", "Wickets": "1", "Economy": "4.80", "Dots": "39"}, {"player_name": "Jasprit Bumrah", "Overs": "10", "Maidens": "1", "Runs": "49", "Wickets": "2", "Economy": "4.90", "Dots": "39"}, {"player_name": "Hardik Pandya", "Overs": "6", "Maidens": "0", "Runs": "28", "Wickets": "2", "Economy": "4.66", "Dots": "20"}, {"player_name": "Prasidh Krishna", "Overs": "8", "Maidens": "0", "Runs": "53", "Wickets": "1", "Economy": "6.62", "Dots": "23"}, {"player_name": "Yuzvendra Chahal", "Overs": "10", "Maidens": "0", "Runs": "47", "Wickets": "4", "Economy": "4.70", "Dots": "33"}, {"player_name": "Ravindra Jadeja", "Overs": "5", "Maidens": "0", "Runs": "17", "Wickets": "0", "Economy": "3.40", "Dots": "15"}]}, "match_id": "33690"}