{"date": "01/13/2023 09:30:00 AM", "home": "Pakistan", "away": "New Zealand", "place": "National Stadium", "result": "New Zealand won by 2 wickets", "Team1": {"Name": "Pakistan", "score": "280/9", "overs": "50/50 ov", "rr": "RR: 5.60", "batting": [{"Player Name": "Fakhar Zaman", "Dismissed by": "run out (Henry Nicholls)", "Runs": "101", "Balls Faced": "122", "Fours": "10", "Sixes": "1", "Strike Rate": "82.78"}, {"Player Name": "Shan Masood", "Dismissed by": "c Tom Latham b Lockie Ferguson", "Runs": "0", "Balls Faced": "2", "Fours": "0", "Sixes": "0", "Strike Rate": "0.00"}, {"Player Name": "Babar Azam", "Dismissed by": "st Tom Latham b Michael Bracewell", "Runs": "4", "Balls Faced": "13", "Fours": "1", "Sixes": "0", "Strike Rate": "30.76"}, {"Player Name": "Muhammad Rizwan", "Dismissed by": "b Ish Sodhi", "Runs": "77", "Balls Faced": "74", "Fours": "6", "Sixes": "0", "Strike Rate": "104.05"}, {"Player Name": "Haris Sohail", "Dismissed by": "run out (Henry Nicholls)", "Runs": "22", "Balls Faced": "25", "Fours": "1", "Sixes": "0", "Strike Rate": "88.00"}, {"Player Name": "Salman Ali Agha", "Dismissed by": "c Doug Bracewell b Tim Southee", "Runs": "45", "Balls Faced": "43", "Fours": "4", "Sixes": "1", "Strike Rate": "104.65"}, {"Player Name": "Mohammad Nawaz", "Dismissed by": "b Tim Southee", "Runs": "8", "Balls Faced": "9", "Fours": "0", "Sixes": "1", "Strike Rate": "88.88"}, {"Player Name": "Usama Mir", "Dismissed by": "c Henry Nicholls b Tim Southee", "Runs": "6", "Balls Faced": "2", "Fours": "0", "Sixes": "1", "Strike Rate": "300.00"}, {"Player Name": "Mohammad Wasim", "Dismissed by": "c Kane Williamson b Lockie Ferguson", "Runs": "7", "Balls Faced": "7", "Fours": "0", "Sixes": "0", "Strike Rate": "100.00"}, {"Player Name": "Haris Rauf", "Dismissed by": "", "Runs": "1", "Balls Faced": "1", "Fours": "0", "Sixes": "0", "Strike Rate": "100.00"}, {"Player Name": "Mohammad Hasnain", "Dismissed by": "", "Runs": "4", "Balls Faced": "2", "Fours": "1", "Sixes": "0", "Strike Rate": "200.00"}], "Extras": "Extras (w 2, b 1, lb 2)", "balling": [{"player_name": "Mohammad Hasnain", "Overs": "6.1", "Maidens": "0", "Runs": "42", "Wickets": "0", "Economy": "6.81", "Dots": "23"}, {"player_name": "Haris Rauf", "Overs": "7", "Maidens": "0", "Runs": "41", "Wickets": "0", "Economy": "5.85", "Dots": "20"}, {"player_name": "Mohammad Nawaz", "Overs": "10", "Maidens": "0", "Runs": "53", "Wickets": "1", "Economy": "5.30", "Dots": "31"}, {"player_name": "Mohammad Wasim", "Overs": "5", "Maidens": "0", "Runs": "35", "Wickets": "2", "Economy": "7.00", "Dots": "14"}, {"player_name": "Salman Ali Agha", "Overs": "10", "Maidens": "0", "Runs": "42", "Wickets": "2", "Economy": "4.20", "Dots": "30"}, {"player_name": "Usama Mir", "Overs": "10", "Maidens": "0", "Runs": "61", "Wickets": "1", "Economy": "6.10", "Dots": "23"}]}, "Team2": {"Name": "New Zealand", "score": "281/8", "overs": "48.1/50 ov", "rr": "RR: 5.83", "batting": [{"Player Name": "Finn Allen", "Dismissed by": "run out (Tayyab Tahir)", "Runs": "25", "Balls Faced": "25", "Fours": "4", "Sixes": "0", "Strike Rate": "100.00"}, {"Player Name": "Devon Conway", "Dismissed by": "c Shan Masood b Salman Ali Agha", "Runs": "52", "Balls Faced": "65", "Fours": "5", "Sixes": "1", "Strike Rate": "80.00"}, {"Player Name": "Kane Williamson", "Dismissed by": "run out (Mohammad Wasim)", "Runs": "53", "Balls Faced": "68", "Fours": "2", "Sixes": "0", "Strike Rate": "77.94"}, {"Player Name": "Daryl Mitchell", "Dismissed by": "c Usama Mir b Salman Ali Agha", "Runs": "31", "Balls Faced": "36", "Fours": "1", "Sixes": "1", "Strike Rate": "86.11"}, {"Player Name": "Tom Latham", "Dismissed by": "b Mohammad Wasim", "Runs": "16", "Balls Faced": "22", "Fours": "1", "Sixes": "0", "Strike Rate": "72.72"}, {"Player Name": "Michael Bracewell", "Dismissed by": "b Usama Mir", "Runs": "7", "Balls Faced": "6", "Fours": "0", "Sixes": "1", "Strike Rate": "116.66"}, {"Player Name": "Glenn Phillips", "Dismissed by": "", "Runs": "63", "Balls Faced": "42", "Fours": "4", "Sixes": "4", "Strike Rate": "150.00"}, {"Player Name": "Mitch Santner", "Dismissed by": "b Mohammad Nawaz", "Runs": "15", "Balls Faced": "17", "Fours": "1", "Sixes": "0", "Strike Rate": "88.23"}, {"Player Name": "Ish Sodhi", "Dismissed by": "c Salman Ali Agha b Mohammad Wasim", "Runs": "0", "Balls Faced": "9", "Fours": "0", "Sixes": "0", "Strike Rate": "0.00"}, {"Player Name": "Tim Southee", "Dismissed by": "", "Runs": "0", "Balls Faced": "1", "Fours": "0", "Sixes": "0", "Strike Rate": "0.00"}, {"Player Name": "Lockie Ferguson", "Dismissed by": "", "Runs": "-", "Balls Faced": "-", "Fours": "-", "Sixes": "-", "Strike Rate": "-"}], "Extras": "Extras (nb 2, w 10, b 3, lb 4)", "balling": [{"player_name": "Tim Southee", "Overs": "10", "Maidens": "0", "Runs": "56", "Wickets": "3", "Economy": "5.60", "Dots": "35"}, {"player_name": "Lockie Ferguson", "Overs": "10", "Maidens": "0", "Runs": "63", "Wickets": "2", "Economy": "6.30", "Dots": "29"}, {"player_name": "Mitch Santner", "Overs": "10", "Maidens": "0", "Runs": "64", "Wickets": "0", "Economy": "6.40", "Dots": "27"}, {"player_name": "Michael Bracewell", "Overs": "10", "Maidens": "0", "Runs": "44", "Wickets": "1", "Economy": "4.40", "Dots": "28"}, {"player_name": "Ish Sodhi", "Overs": "10", "Maidens": "0", "Runs": "50", "Wickets": "1", "Economy": "5.00", "Dots": "15"}]}, "match_id": "101615"}