{"date": "09/05/2023 09:30:00 AM", "home": "Afghanistan", "away": "Sri Lanka", "place": "Gaddafi Stadium", "result": "Sri Lanka won by 2 runs", "Team1": {"Name": "Afghanistan", "score": "289", "overs": "37.4/50 ov", "rr": "RR: 7.67", "batting": [{"Player Name": "Rahmanullah Gurbaz", "Dismissed by": "c Kusal Mendis b Kasun Rajitha", "Runs": "4", "Balls Faced": "8", "Fours": "1", "Sixes": "0", "Strike Rate": "50.00"}, {"Player Name": "Ibrahim Zadran", "Dismissed by": "b Kasun Rajitha", "Runs": "7", "Balls Faced": "14", "Fours": "1", "Sixes": "0", "Strike Rate": "50.00"}, {"Player Name": "Gulbadin Naib", "Dismissed by": "lbw Matheesha Pathirana", "Runs": "22", "Balls Faced": "16", "Fours": "4", "Sixes": "0", "Strike Rate": "137.50"}, {"Player Name": "Rahmat Shah", "Dismissed by": "c Matheesha Pathirana b Kasun Rajitha", "Runs": "45", "Balls Faced": "40", "Fours": "5", "Sixes": "1", "Strike Rate": "112.50"}, {"Player Name": "Hashmatullah Shahidi", "Dismissed by": "c Kasun Rajitha b Dunith Wellalage", "Runs": "59", "Balls Faced": "66", "Fours": "3", "Sixes": "1", "Strike Rate": "89.39"}, {"Player Name": "Mohammad Nabi", "Dismissed by": "c Dhananjaya de Silva b Maheesh Theekshana", "Runs": "65", "Balls Faced": "32", "Fours": "6", "Sixes": "5", "Strike Rate": "203.12"}, {"Player Name": "Karim Janat", "Dismissed by": "c Dimuth Karunaratne b Dunith Wellalage", "Runs": "22", "Balls Faced": "13", "Fours": "1", "Sixes": "2", "Strike Rate": "169.23"}, {"Player Name": "Najib Zadran", "Dismissed by": "c Dushan Hemantha b Kasun Rajitha", "Runs": "23", "Balls Faced": "15", "Fours": "1", "Sixes": "2", "Strike Rate": "153.33"}, {"Player Name": "Rashid Khan", "Dismissed by": "", "Runs": "27", "Balls Faced": "16", "Fours": "4", "Sixes": "1", "Strike Rate": "168.75"}, {"Player Name": "Mujeeb Ur Rahman", "Dismissed by": "c Sadeera Samarawickrama b Dhananjaya de Silva", "Runs": "0", "Balls Faced": "3", "Fours": "0", "Sixes": "0", "Strike Rate": "0.00"}, {"Player Name": "Fazalhaq Farooqi", "Dismissed by": "lbw Dhananjaya de Silva", "Runs": "0", "Balls Faced": "3", "Fours": "0", "Sixes": "0", "Strike Rate": "0.00"}], "Extras": "Extras (w 10, lb 5)", "balling": [{"player_name": "Fazalhaq Farooqi", "Overs": "7", "Maidens": "1", "Runs": "52", "Wickets": "0", "Economy": "7.42", "Dots": "21"}, {"player_name": "Mujeeb Ur Rahman", "Overs": "10", "Maidens": "0", "Runs": "60", "Wickets": "1", "Economy": "6.00", "Dots": "29"}, {"player_name": "Gulbadin Naib", "Overs": "10", "Maidens": "0", "Runs": "60", "Wickets": "4", "Economy": "6.00", "Dots": "30"}, {"player_name": "Mohammad Nabi", "Overs": "10", "Maidens": "0", "Runs": "35", "Wickets": "0", "Economy": "3.50", "Dots": "28"}, {"player_name": "Rashid Khan", "Overs": "10", "Maidens": "0", "Runs": "63", "Wickets": "2", "Economy": "6.30", "Dots": "26"}, {"player_name": "Karim Janat", "Overs": "3", "Maidens": "0", "Runs": "20", "Wickets": "0", "Economy": "6.66", "Dots": "8"}]}, "Team2": {"Name": "Sri Lanka", "score": "291/8", "overs": "50/50 ov", "rr": "RR: 5.82", "batting": [{"Player Name": "Pathum Nissanka", "Dismissed by": "c Najib Zadran b Gulbadin Naib", "Runs": "41", "Balls Faced": "40", "Fours": "6", "Sixes": "0", "Strike Rate": "102.50"}, {"Player Name": "Dimuth Karunaratne", "Dismissed by": "c Mohammad Nabi b Gulbadin Naib", "Runs": "32", "Balls Faced": "35", "Fours": "6", "Sixes": "0", "Strike Rate": "91.42"}, {"Player Name": "Kusal Mendis", "Dismissed by": "run out (Rashid Khan)", "Runs": "92", "Balls Faced": "84", "Fours": "6", "Sixes": "3", "Strike Rate": "109.52"}, {"Player Name": "Sadeera Samarawickrama", "Dismissed by": "c Rahmanullah Gurbaz b Gulbadin Naib", "Runs": "3", "Balls Faced": "8", "Fours": "0", "Sixes": "0", "Strike Rate": "37.50"}, {"Player Name": "Charith Asalanka", "Dismissed by": "c & b Rashid Khan", "Runs": "36", "Balls Faced": "43", "Fours": "2", "Sixes": "1", "Strike Rate": "83.72"}, {"Player Name": "Dhananjaya de Silva", "Dismissed by": "b Mujeeb Ur Rahman", "Runs": "14", "Balls Faced": "19", "Fours": "1", "Sixes": "0", "Strike Rate": "73.68"}, {"Player Name": "Dasun Shanaka", "Dismissed by": "b Rashid Khan", "Runs": "5", "Balls Faced": "8", "Fours": "1", "Sixes": "0", "Strike Rate": "62.50"}, {"Player Name": "Dunith Wellalage", "Dismissed by": "", "Runs": "33", "Balls Faced": "39", "Fours": "3", "Sixes": "1", "Strike Rate": "84.61"}, {"Player Name": "Maheesh Theekshana", "Dismissed by": "b Gulbadin Naib", "Runs": "28", "Balls Faced": "24", "Fours": "2", "Sixes": "1", "Strike Rate": "116.66"}, {"Player Name": "Kasun Rajitha", "Dismissed by": "", "Runs": "-", "Balls Faced": "-", "Fours": "-", "Sixes": "-", "Strike Rate": "-"}, {"Player Name": "Matheesha Pathirana", "Dismissed by": "", "Runs": "-", "Balls Faced": "-", "Fours": "-", "Sixes": "-", "Strike Rate": "-"}], "Extras": "Extras (w 6, lb 1)", "balling": [{"player_name": "Kasun Rajitha", "Overs": "10", "Maidens": "0", "Runs": "79", "Wickets": "4", "Economy": "7.90", "Dots": "32"}, {"player_name": "Maheesh Theekshana", "Overs": "10", "Maidens": "0", "Runs": "62", "Wickets": "1", "Economy": "6.20", "Dots": "27"}, {"player_name": "Dunith Wellalage", "Overs": "4", "Maidens": "0", "Runs": "36", "Wickets": "2", "Economy": "9.00", "Dots": "9"}, {"player_name": "Matheesha Pathirana", "Overs": "10", "Maidens": "0", "Runs": "63", "Wickets": "1", "Economy": "6.30", "Dots": "33"}, {"player_name": "Dasun Shanaka", "Overs": "2", "Maidens": "0", "Runs": "32", "Wickets": "0", "Economy": "16.00", "Dots": "0"}, {"player_name": "Dhananjaya de Silva", "Overs": "1.4", "Maidens": "0", "Runs": "12", "Wickets": "2", "Economy": "7.20", "Dots": "5"}]}, "match_id": "102838"}