{"date": "02/07/2020 11:00:00 AM", "home": "South Africa", "away": "England", "place": "Kingsmead", "result": "No Result", "Team1": {"Name": "South Africa", "score": "71/2", "overs": "11.2/26 ov", "rr": "RR: 6.26", "batting": [{"Player Name": "Quinton de Kock", "Dismissed by": "b Joe Root", "Runs": "11", "Balls Faced": "17", "Fours": "0", "Sixes": "0", "Strike Rate": "64.70"}, {"Player Name": "Reeza Hendricks", "Dismissed by": "", "Runs": "35", "Balls Faced": "34", "Fours": "3", "Sixes": "0", "Strike Rate": "102.94"}, {"Player Name": "Temba Bavuma", "Dismissed by": "lbw Chris Jordan", "Runs": "21", "Balls Faced": "17", "Fours": "1", "Sixes": "1", "Strike Rate": "123.52"}, {"Player Name": "Rassie van der Dussen", "Dismissed by": "", "Runs": "-", "Balls Faced": "-", "Fours": "-", "Sixes": "-", "Strike Rate": "-"}, {"Player Name": "Jon-Jon Smuts", "Dismissed by": "", "Runs": "-", "Balls Faced": "-", "Fours": "-", "Sixes": "-", "Strike Rate": "-"}, {"Player Name": "David Miller", "Dismissed by": "", "Runs": "-", "Balls Faced": "-", "Fours": "-", "Sixes": "-", "Strike Rate": "-"}, {"Player Name": "Andile Phehlukwayo", "Dismissed by": "", "Runs": "-", "Balls Faced": "-", "Fours": "-", "Sixes": "-", "Strike Rate": "-"}, {"Player Name": "Bjorn Fortuin", "Dismissed by": "", "Runs": "-", "Balls Faced": "-", "Fours": "-", "Sixes": "-", "Strike Rate": "-"}, {"Player Name": "Beuran Hendricks", "Dismissed by": "", "Runs": "-", "Balls Faced": "-", "Fours": "-", "Sixes": "-", "Strike Rate": "-"}, {"Player Name": "Lutho Sipamla", "Dismissed by": "", "Runs": "-", "Balls Faced": "-", "Fours": "-", "Sixes": "-", "Strike Rate": "-"}, {"Player Name": "Tabraiz Shamsi", "Dismissed by": "", "Runs": "-", "Balls Faced": "-", "Fours": "-", "Sixes": "-", "Strike Rate": "-"}], "Extras": "Extras (w 2, b 1, lb 1)", "balling": []}, "Team2": {"Name": "England", "score": "Did not bat", "overs": "", "rr": "", "batting": "None", "Extras": "None", "balling": [{"player_name": "Chris Woakes", "Overs": "4", "Maidens": "0", "Runs": "21", "Wickets": "0", "Economy": "5.25", "Dots": "11"}, {"player_name": "Sam Curran", "Overs": "2", "Maidens": "0", "Runs": "16", "Wickets": "0", "Economy": "8.00", "Dots": "6"}, {"player_name": "Joe Root", "Overs": "1", "Maidens": "0", "Runs": "4", "Wickets": "1", "Economy": "4.00", "Dots": "2"}, {"player_name": "Tom Curran", "Overs": "2", "Maidens": "0", "Runs": "13", "Wickets": "0", "Economy": "6.50", "Dots": "6"}, {"player_name": "Matt Parkinson", "Overs": "2", "Maidens": "0", "Runs": "15", "Wickets": "0", "Economy": "7.50", "Dots": "2"}, {"player_name": "Chris Jordan", "Overs": "0.2", "Maidens": "0", "Runs": "0", "Wickets": "1", "Economy": "0.00", "Dots": "2"}]}, "match_id": "15254"}