{"date": "09/13/2023 11:30:00 AM", "home": "England", "away": "New Zealand", "place": "The Oval", "result": "England won by 181 runs", "Team1": {"Name": "England", "score": "368", "overs": "48.1/50 ov", "rr": "RR: 7.64", "batting": [{"Player Name": "Dawid Malan", "Dismissed by": "c Tom Latham b Trent Boult", "Runs": "96", "Balls Faced": "95", "Fours": "12", "Sixes": "1", "Strike Rate": "101.05"}, {"Player Name": "Jonny Bairstow", "Dismissed by": "c Devon Conway b Trent Boult", "Runs": "0", "Balls Faced": "1", "Fours": "0", "Sixes": "0", "Strike Rate": "0.00"}, {"Player Name": "Joe Root", "Dismissed by": "b Trent Boult", "Runs": "4", "Balls Faced": "7", "Fours": "1", "Sixes": "0", "Strike Rate": "57.14"}, {"Player Name": "Ben Stokes", "Dismissed by": "c Will Young b Ben Lister", "Runs": "182", "Balls Faced": "124", "Fours": "15", "Sixes": "9", "Strike Rate": "146.77"}, {"Player Name": "Jos Buttler", "Dismissed by": "c Will Young b Glenn Phillips", "Runs": "38", "Balls Faced": "24", "Fours": "6", "Sixes": "1", "Strike Rate": "158.33"}, {"Player Name": "Liam Livingstone", "Dismissed by": "c Henry Nicholls b Ben Lister", "Runs": "11", "Balls Faced": "13", "Fours": "0", "Sixes": "0", "Strike Rate": "84.61"}, {"Player Name": "Moeen Ali", "Dismissed by": "c Glenn Phillips b Lockie Ferguson", "Runs": "12", "Balls Faced": "8", "Fours": "2", "Sixes": "0", "Strike Rate": "150.00"}, {"Player Name": "Sam Curran", "Dismissed by": "c Devon Conway b Trent Boult", "Runs": "3", "Balls Faced": "6", "Fours": "0", "Sixes": "0", "Strike Rate": "50.00"}, {"Player Name": "Chris Woakes", "Dismissed by": "c Daryl Mitchell b Ben Lister", "Runs": "3", "Balls Faced": "8", "Fours": "0", "Sixes": "0", "Strike Rate": "37.50"}, {"Player Name": "Gus Atkinson", "Dismissed by": "b Trent Boult", "Runs": "2", "Balls Faced": "3", "Fours": "0", "Sixes": "0", "Strike Rate": "66.66"}, {"Player Name": "Reece Topley", "Dismissed by": "", "Runs": "0", "Balls Faced": "0", "Fours": "0", "Sixes": "0", "Strike Rate": "-"}], "Extras": "Extras (w 13, b 1, lb 3)", "balling": [{"player_name": "Chris Woakes", "Overs": "8", "Maidens": "0", "Runs": "31", "Wickets": "3", "Economy": "3.87", "Dots": "31"}, {"player_name": "Reece Topley", "Overs": "9", "Maidens": "0", "Runs": "31", "Wickets": "2", "Economy": "3.44", "Dots": "37"}, {"player_name": "Gus Atkinson", "Overs": "5", "Maidens": "0", "Runs": "24", "Wickets": "0", "Economy": "4.80", "Dots": "16"}, {"player_name": "Sam Curran", "Overs": "6", "Maidens": "0", "Runs": "33", "Wickets": "1", "Economy": "5.50", "Dots": "18"}, {"player_name": "Moeen Ali", "Overs": "6", "Maidens": "0", "Runs": "43", "Wickets": "1", "Economy": "7.16", "Dots": "12"}, {"player_name": "Liam Livingstone", "Overs": "5", "Maidens": "0", "Runs": "16", "Wickets": "3", "Economy": "3.20", "Dots": "17"}]}, "Team2": {"Name": "New Zealand", "score": "187", "overs": "39/50 ov", "rr": "RR: 4.79", "batting": [{"Player Name": "Devon Conway", "Dismissed by": "lbw Reece Topley", "Runs": "9", "Balls Faced": "18", "Fours": "1", "Sixes": "0", "Strike Rate": "50.00"}, {"Player Name": "Will Young", "Dismissed by": "c Jos Buttler b Chris Woakes", "Runs": "12", "Balls Faced": "13", "Fours": "2", "Sixes": "0", "Strike Rate": "92.30"}, {"Player Name": "Henry Nicholls", "Dismissed by": "c Sam Curran b Chris Woakes", "Runs": "4", "Balls Faced": "9", "Fours": "0", "Sixes": "0", "Strike Rate": "44.44"}, {"Player Name": "Daryl Mitchell", "Dismissed by": "c Jos Buttler b Sam Curran", "Runs": "17", "Balls Faced": "31", "Fours": "1", "Sixes": "0", "Strike Rate": "54.83"}, {"Player Name": "Tom Latham", "Dismissed by": "b Chris Woakes", "Runs": "3", "Balls Faced": "12", "Fours": "0", "Sixes": "0", "Strike Rate": "25.00"}, {"Player Name": "Glenn Phillips", "Dismissed by": "lbw Liam Livingstone", "Runs": "72", "Balls Faced": "76", "Fours": "5", "Sixes": "2", "Strike Rate": "94.73"}, {"Player Name": "Rachin Ravindra", "Dismissed by": "b Moeen Ali", "Runs": "28", "Balls Faced": "22", "Fours": "5", "Sixes": "0", "Strike Rate": "127.27"}, {"Player Name": "Kyle Jamieson", "Dismissed by": "c Jos Buttler b Reece Topley", "Runs": "14", "Balls Faced": "25", "Fours": "0", "Sixes": "0", "Strike Rate": "56.00"}, {"Player Name": "Lockie Ferguson", "Dismissed by": "", "Runs": "5", "Balls Faced": "17", "Fours": "0", "Sixes": "0", "Strike Rate": "29.41"}, {"Player Name": "Trent Boult", "Dismissed by": "c Moeen Ali b Liam Livingstone", "Runs": "2", "Balls Faced": "5", "Fours": "0", "Sixes": "0", "Strike Rate": "40.00"}, {"Player Name": "Ben Lister", "Dismissed by": "st Jos Buttler b Liam Livingstone", "Runs": "4", "Balls Faced": "7", "Fours": "0", "Sixes": "0", "Strike Rate": "57.14"}], "Extras": "Extras (nb 1, w 6, lb 4, pen 5)", "balling": [{"player_name": "Trent Boult", "Overs": "9.1", "Maidens": "0", "Runs": "51", "Wickets": "5", "Economy": "5.56", "Dots": "30"}, {"player_name": "Kyle Jamieson", "Overs": "8", "Maidens": "1", "Runs": "69", "Wickets": "0", "Economy": "8.62", "Dots": "21"}, {"player_name": "Ben Lister", "Overs": "10", "Maidens": "0", "Runs": "69", "Wickets": "3", "Economy": "6.90", "Dots": "25"}, {"player_name": "Lockie Ferguson", "Overs": "9", "Maidens": "0", "Runs": "80", "Wickets": "1", "Economy": "8.88", "Dots": "15"}, {"player_name": "Glenn Phillips", "Overs": "8", "Maidens": "0", "Runs": "57", "Wickets": "1", "Economy": "7.12", "Dots": "15"}, {"player_name": "Rachin Ravindra", "Overs": "2", "Maidens": "0", "Runs": "28", "Wickets": "0", "Economy": "14.00", "Dots": "2"}, {"player_name": "Daryl Mitchell", "Overs": "2", "Maidens": "0", "Runs": "10", "Wickets": "0", "Economy": "5.00", "Dots": "4"}]}, "match_id": "101732"}