,home,place,match_id,team_name,score,overs,rr,bata,batsr,bbp,balla,eco,ballsr,dbp,wickets_lost,sum_extras,nb,w,lb,pen,b,datetime,winner
0,1,West End Park International Cricket Stadium,100373,Afghanistan,237,50,4.74,39.5,64.43142857142857,23.323353073699813,25.875,3.861666666666668,38.875,59.63282247765006,6,9,2.0,4.0,3.0,0.0,0.0,2022-01-23 07:00:00,1
1,0,West End Park International Cricket Stadium,100373,Netherlands,189,47.4,3.96,18.9,52.64727272727273,27.905318575633206,30.0,4.708333333333334,34.5,51.62698412698413,10,15,0.0,9.0,6.0,0.0,0.0,2022-01-23 07:00:00,0
2,1,West End Park International Cricket Stadium,100374,Afghanistan,254,50,5.08,50.8,96.76285714285714,43.361251759642094,22.361111111111114,4.088333333333334,33.05555555555556,59.269802929223225,5,17,3.0,7.0,2.0,5.0,0.0,2022-01-25 07:00:00,1
3,0,West End Park International Cricket Stadium,100374,Netherlands,179,42.4,4.19,17.9,44.33909090909091,11.66364499697833,34.6,5.1825,44.4,51.64186507936508,10,12,0.0,7.0,5.0,0.0,0.0,2022-01-25 07:00:00,0
4,1,West End Park International Cricket Stadium,100375,Afghanistan,222,50,4.44,27.75,76.82249999999999,35.21756866505725,15.611111111111112,3.956666666666667,25.0,60.16203703703704,8,11,4.0,7.0,0.0,0.0,0.0,2022-01-21 07:00:00,1
5,0,West End Park International Cricket Stadium,100375,Netherlands,186,48,3.87,18.6,58.255,29.52600875060768,25.56666666666667,4.011428571428572,33.6,57.61243386243386,10,15,0.0,10.0,5.0,0.0,0.0,2022-01-21 07:00:00,0
6,1,Zahur Ahmed Chowdhury Stadium,100489,Bangladesh,219,48.5,4.48,36.5,54.321250000000006,36.02598566308244,17.43333333333333,4.243333333333333,22.2,55.52469135802469,6,15,0.0,4.0,11.0,0.0,0.0,2022-02-23 05:00:00,1
7,0,Zahur Ahmed Chowdhury Stadium,100489,Afghanistan,215,49.1,4.37,21.5,54.102,29.67631185874336,25.166666666666668,4.72,45.0,58.973429951690825,10,18,0.0,13.0,5.0,0.0,0.0,2022-02-23 05:00:00,0
8,1,Zahur Ahmed Chowdhury Stadium,100490,Bangladesh,306,50,6.12,76.5,80.15666666666667,39.1964525822255,25.214285714285715,3.7928571428571423,30.142857142857142,64.44444444444444,4,33,0.0,18.0,11.0,0.0,4.0,2022-02-25 05:00:00,1
9,0,Zahur Ahmed Chowdhury Stadium,100490,Afghanistan,218,45.1,4.82,21.8,67.99363636363636,33.07066815687505,47.0,6.425714285714286,48.0,47.55952380952381,10,15,1.0,7.0,7.0,0.0,0.0,2022-02-25 05:00:00,0
10,1,Zahur Ahmed Chowdhury Stadium,100491,Bangladesh,192,46.5,4.09,19.2,53.71818181818182,22.369512094670657,32.75,4.391428571428572,42.0,56.315192743764165,10,9,0.0,7.0,1.0,0.0,1.0,2022-02-28 05:00:00,0
11,0,Zahur Ahmed Chowdhury Stadium,100491,Afghanistan,193,40.1,4.8,64.33333333333333,55.798,27.48913230486896,22.20833333333333,4.21,33.25,53.12253743104807,3,2,0.0,2.0,0.0,0.0,0.0,2022-02-28 05:00:00,1
12,1,Pallekele International Cricket Stadium,101689,Sri Lanka,234,38,6.15,23.4,76.63090909090909,39.68736254832511,47.2,5.842857142857142,46.8,41.72619047619048,10,13,0.0,8.0,5.0,0.0,0.0,2022-11-25 09:00:00,0
13,0,Pallekele International Cricket Stadium,101689,Afghanistan,294,50,5.88,36.75,87.226,25.035970318989182,21.645833333333336,7.075,23.875,48.7037037037037,8,10,0.0,6.0,3.0,0.0,1.0,2022-11-25 09:00:00,1
14,1,Pallekele International Cricket Stadium,101691,Sri Lanka,314,49.4,6.32,52.333333333333336,93.66125,47.98972408195452,39.875,6.024285714285715,39.5,47.08333333333332,6,15,1.0,13.0,1.0,0.0,0.0,2022-11-30 09:00:00,1
15,0,Pallekele International Cricket Stadium,101691,Afghanistan,313,50,6.26,39.125,97.37888888888888,39.61783072894184,18.625,6.590000000000001,22.5,44.04693486590039,8,8,0.0,4.0,3.0,0.0,1.0,2022-11-30 09:00:00,0
16,1,Mahinda Rajapaksa International Cricket Stadium,102114,Sri Lanka,268,50,5.36,26.8,71.03363636363636,35.11870435596864,37.16666666666666,5.681666666666668,36.333333333333336,53.060841441344586,10,17,1.0,14.0,2.0,0.0,0.0,2023-06-02 04:30:00,0
17,0,Mahinda Rajapaksa International Cricket Stadium,102114,Afghanistan,269,46.5,5.74,67.25,87.25666666666667,49.10187927731787,35.916666666666664,5.308333333333334,41.5,52.67305996472663,4,30,1.0,22.0,6.0,0.0,1.0,2023-06-02 04:30:00,1
18,1,Mahinda Rajapaksa International Cricket Stadium,102115,Sri Lanka,323,50,6.46,53.833333333333336,118.71375,46.23984864780165,20.0,4.743333333333333,25.0,53.55599647266313,6,19,0.0,10.0,3.0,0.0,6.0,2023-06-04 04:30:00,1
19,0,Mahinda Rajapaksa International Cricket Stadium,102115,Afghanistan,191,42.1,4.52,19.1,42.22454545454545,17.367914736335788,41.375,6.586666666666666,42.75,44.89858906525573,10,7,0.0,5.0,2.0,0.0,0.0,2023-06-04 04:30:00,0
20,1,Mahinda Rajapaksa International Cricket Stadium,102116,Sri Lanka,120,16,7.5,120.0,113.04666666666668,57.54604872251932,12.145833333333334,4.6025,15.291666666666666,65.85113960113961,1,2,0.0,1.0,1.0,0.0,0.0,2023-06-07 04:30:00,1
21,0,Mahinda Rajapaksa International Cricket Stadium,102116,Afghanistan,116,22.2,5.19,11.6,81.02181818181819,60.98241679269348,19.0,7.776666666666666,12.0,53.47222222222222,10,3,2.0,0.0,1.0,0.0,0.0,2023-06-07 04:30:00,0
22,1,Zahur Ahmed Chowdhury Stadium,102170,Bangladesh,169,43,3.93,18.77777777777778,49.16181818181818,23.234608528726174,17.5,3.505,32.0,62.5297619047619,9,24,2.0,21.0,1.0,0.0,0.0,2023-07-05 08:00:00,0
23,0,Zahur Ahmed Chowdhury Stadium,102170,Afghanistan,83,21.4,3.83,41.5,61.4825,40.351687607785166,18.8,4.433333333333334,28.666666666666664,60.24453941120608,2,3,0.0,1.0,2.0,0.0,0.0,2023-07-05 08:00:00,1
24,1,Zahur Ahmed Chowdhury Stadium,102171,Bangladesh,189,43.2,4.36,18.9,51.93399999999999,37.65755983147288,36.2,6.898333333333333,34.4,46.119528619528616,10,20,0.0,14.0,2.0,0.0,4.0,2023-07-08 08:00:00,0
25,0,Zahur Ahmed Chowdhury Stadium,102171,Afghanistan,331,50,6.62,36.77777777777778,84.715,33.7632183908046,15.916666666666668,4.433333333333334,24.416666666666664,56.7732884399551,9,33,4.0,16.0,9.0,0.0,4.0,2023-07-08 08:00:00,1
26,1,Zahur Ahmed Chowdhury Stadium,102172,Bangladesh,129,23.3,5.48,43.0,75.48799999999999,37.49483221181335,16.25,2.786,35.8,75.25170068027211,3,4,0.0,2.0,2.0,0.0,0.0,2023-07-11 08:00:00,1
27,0,Zahur Ahmed Chowdhury Stadium,102172,Afghanistan,126,45.2,2.77,12.6,28.91100000000001,33.76426603699331,10.0,5.346666666666667,13.5,46.25,10,10,0.0,9.0,1.0,0.0,0.0,2023-07-11 08:00:00,0
28,1,Gaddafi Stadium,102838,Afghanistan,289,37.4,7.67,28.9,103.07454545454544,56.818843354650966,35.5,5.98,35.0,47.129629629629626,10,15,0.0,10.0,5.0,0.0,0.0,2023-09-05 09:30:00,0
29,0,Gaddafi Stadium,102838,Sri Lanka,291,50,5.82,36.375,84.67888888888889,47.91050347607435,33.75,8.766666666666667,30.3,41.06481481481482,8,7,0.0,6.0,1.0,0.0,0.0,2023-09-05 09:30:00,1
30,1,Gaddafi Stadium,102839,Bangladesh,334,50,6.68,66.8,117.7175,40.24366258741259,31.25,6.079999999999999,33.1875,50.36764705882353,5,18,0.0,12.0,6.0,0.0,0.0,2023-09-03 09:30:00,1
31,0,Gaddafi Stadium,102839,Afghanistan,245,44.3,5.5,24.5,81.99090909090908,32.520337060444014,60.0,6.73,54.0,40.94907407407408,10,20,0.0,17.0,3.0,0.0,0.0,2023-09-03 09:30:00,0
32,1,Mahinda Rajapaksa International Cricket Stadium,102978,Afghanistan,300,50,6.0,60.0,87.93571428571428,26.95989517067389,43.5,5.942000000000001,42.41666666666667,43.813559322033896,5,18,2.0,5.0,11.0,0.0,0.0,2023-08-24 09:30:00,0
33,0,Mahinda Rajapaksa International Cricket Stadium,102978,Pakistan,302,49.5,6.06,33.55555555555556,105.91454545454545,29.791306547688347,45.0,5.841666666666666,48.0,50.94797178130512,9,30,0.0,24.0,6.0,0.0,0.0,2023-08-24 09:30:00,1
34,1,R.Premadasa Stadium,102979,Afghanistan,209,48.4,4.29,20.9,58.51,31.09413274854451,38.0,5.1866666666666665,43.8,55.2336860670194,10,14,0.0,4.0,5.0,0.0,5.0,2023-08-26 09:30:00,0
35,0,R.Premadasa Stadium,102979,Pakistan,268,50,5.36,33.5,100.979,37.973638331061736,15.3,3.795,22.4,67.20013835674754,8,17,1.0,9.0,2.0,0.0,5.0,2023-08-26 09:30:00,1
36,1,Mahinda Rajapaksa International Cricket Stadium,102980,Afghanistan,59,19.2,3.05,5.9,36.51,25.0,21.2,4.554285714285714,27.0,49.83843537414965,10,8,0.0,6.0,2.0,0.0,0.0,2023-08-22 09:30:00,0
37,0,Mahinda Rajapaksa International Cricket Stadium,102980,Pakistan,201,47.1,4.26,20.1,53.99636363636363,17.38050656083443,5.025,2.698,13.9,76.12280701754386,10,18,0.0,18.0,0.0,0.0,0.0,2023-08-22 09:30:00,1
38,1,Khan Shaheb Osman Ali Stadium,2365,Afghanistan,176,47.2,3.71,17.6,49.984,28.09379509379509,22.666666666666668,5.236,25.0,53.49074074074074,10,13,0.0,5.0,0.0,0.0,8.0,2014-02-27 08:00:00,0
39,0,Khan Shaheb Osman Ali Stadium,2365,Pakistan,248,50,4.96,31.0,78.00999999999999,36.339840551605256,18.791666666666668,3.71,33.083333333333336,64.28591470258137,8,5,1.0,2.0,2.0,0.0,0.0,2014-02-27 08:00:00,1
40,1,Khan Shaheb Osman Ali Stadium,2367,Bangladesh,222,47.5,4.64,22.2,52.09909090909091,22.0567585368284,40.333333333333336,4.11,50.0,63.46938775510204,10,12,0.0,6.0,2.0,0.0,4.0,2014-03-01 08:00:00,0
41,0,Khan Shaheb Osman Ali Stadium,2367,Afghanistan,254,50,5.08,42.333333333333336,62.97142857142857,30.19400352733686,24.23333333333333,4.603333333333334,30.266666666666666,58.441091954022994,6,17,0.0,10.0,6.0,0.0,1.0,2014-03-01 08:00:00,1
42,1,Sher-e-Bangla National Cricket Stadium,2369,Afghanistan,124,38.4,3.2,12.4,46.21777777777778,28.289588289588288,38.833333333333336,4.548571428571429,44.333333333333336,52.9076479076479,10,9,0.0,7.0,2.0,0.0,0.0,2014-03-03 08:00:00,0
43,0,Sher-e-Bangla National Cricket Stadium,2369,Sri Lanka,253,50,5.06,42.16666666666666,79.3875,29.719098840615864,10.708333333333332,3.27,21.0,72.92446633825944,6,18,2.0,6.0,6.0,0.0,4.0,2014-03-03 08:00:00,1
44,1,Sher-e-Bangla National Cricket Stadium,2371,Afghanistan,159,45.2,3.5,15.9,45.2,29.590923901774342,28.0,5.873333333333332,45.0,48.26923076923077,10,14,0.0,12.0,2.0,0.0,0.0,2014-03-05 08:00:00,0
45,0,Sher-e-Bangla National Cricket Stadium,2371,India,160,32.2,4.94,80.0,78.6325,37.93650793650794,15.958333333333334,3.626,29.25,72.26515151515153,2,5,1.0,3.0,1.0,0.0,0.0,2014-03-05 08:00:00,1
46,1,Sher-e-Bangla National Cricket Stadium,4414,Bangladesh,265,50,5.3,26.5,77.58818181818182,20.258309495846152,30.95,5.463333333333334,37.2,50.31635802469136,10,12,0.0,10.0,1.0,0.0,1.0,2016-09-25 08:30:00,1
47,0,Sher-e-Bangla National Cricket Stadium,4414,Afghanistan,258,50,5.16,25.8,88.65636363636362,36.331904755348646,33.95,5.26,39.0,49.333333333333336,10,16,0.0,13.0,2.0,0.0,1.0,2016-09-25 08:30:00,0
48,1,Sher-e-Bangla National Cricket Stadium,4415,Bangladesh,208,49.2,4.21,20.8,52.6690909090909,34.489664446320795,22.4375,4.778571428571429,33.25,62.59637188208616,10,17,1.0,8.0,7.0,0.0,1.0,2016-09-28 08:30:00,0
49,0,Sher-e-Bangla National Cricket Stadium,4415,Afghanistan,212,49.4,4.26,26.5,92.478,48.97041304560101,22.03333333333333,4.2,32.4,63.0031179138322,8,7,0.0,5.0,2.0,0.0,0.0,2016-09-28 08:30:00,1
50,1,Sher-e-Bangla National Cricket Stadium,4416,Bangladesh,279,50,5.58,34.875,94.716,35.868922370417884,14.3,4.23,22.8,65.71428571428571,8,12,1.0,8.0,2.0,0.0,1.0,2016-10-01 08:30:00,1
51,0,Sher-e-Bangla National Cricket Stadium,4416,Afghanistan,138,33.5,4.07,13.8,55.52818181818182,32.11464708790913,35.5,6.395714285714285,38.4,45.55555555555555,10,5,0.0,4.0,0.0,0.0,1.0,2016-10-01 08:30:00,0
52,1,Bristol County Ground,8195,Afghanistan,207,38.2,5.4,20.7,78.27,49.55446435081049,43.0,6.073333333333333,35.666666666666664,50.70482120051086,10,12,1.0,8.0,3.0,0.0,0.0,2019-06-01 12:30:00,0
53,0,Bristol County Ground,8195,Australia,209,34.5,6.0,69.66666666666667,150.884,51.51424355918739,20.708333333333336,5.3,23.83333333333333,64.93197278911565,3,17,2.0,14.0,1.0,0.0,0.0,2019-06-01 12:30:00,1
54,1,Cardiff Wales Stadium,8198,Afghanistan,152,32.4,4.65,15.2,67.34181818181818,37.34270203247131,21.5,5.760000000000001,24.25,52.599065630980526,10,17,1.0,15.0,0.0,0.0,1.0,2019-06-04 09:30:00,0
55,0,Cardiff Wales Stadium,8198,Sri Lanka,201,36.5,5.45,20.1,52.548181818181824,28.214452214452216,16.9375,5.033333333333333,21.708333333333336,59.73765432098765,10,35,3.0,22.0,10.0,0.0,0.0,2019-06-04 09:30:00,1
56,1,The County Ground,8204,Afghanistan,172,41.1,4.17,17.2,67.83,49.53280084338522,15.0,5.22,16.0,52.05291005291006,10,8,0.0,2.0,6.0,0.0,0.0,2019-06-08 12:30:00,0
57,0,The County Ground,8204,New Zealand,173,32.1,5.37,57.66666666666666,67.194,42.31322474993361,9.816666666666666,4.056,16.5,67.81481481481481,3,11,1.0,6.0,4.0,0.0,0.0,2019-06-08 12:30:00,1
58,1,Cardiff Wales Stadium,8212,South Africa,131,28.4,4.56,131.0,81.27666666666666,56.1453849832616,14.145833333333334,3.598,23.625,70.42857142857142,1,5,0.0,4.0,1.0,0.0,0.0,2019-06-15 12:30:00,1
59,0,Cardiff Wales Stadium,8212,Afghanistan,125,34.1,3.65,12.5,43.379090909090905,26.343959071231797,29.0,4.3100000000000005,36.0,60.16666666666666,10,7,0.0,3.0,4.0,0.0,0.0,2019-06-15 12:30:00,0
60,1,Old Trafford,8215,England,397,50,7.94,66.16666666666667,133.5375,37.66339582871841,19.77777777777777,4.8,23.33333333333333,56.53659611992946,6,9,1.0,7.0,1.0,0.0,0.0,2019-06-18 09:30:00,1
61,0,Old Trafford,8215,Afghanistan,251,50,5.02,31.375,77.5311111111111,35.67768438294754,25.5,8.198333333333332,20.0,40.586419753086425,8,9,0.0,8.0,1.0,0.0,0.0,2019-06-18 09:30:00,0
62,1,The Ageas Bowl,8219,India,224,50,4.48,28.0,70.175,16.157614730440258,18.25,4.111999999999999,26.1875,59.548022598870055,8,7,0.0,7.0,0.0,0.0,0.0,2019-06-22 09:30:00,1
63,0,The Ageas Bowl,8219,Afghanistan,213,49.5,4.27,21.3,54.107272727272736,22.73023273023273,30.33333333333333,4.638333333333335,41.0,50.25573192239859,10,17,0.0,9.0,4.0,0.0,4.0,2019-06-22 09:30:00,0
64,1,The Ageas Bowl,8222,Bangladesh,262,50,5.24,37.42857142857143,84.7775,25.51719014245591,19.95,4.180000000000001,30.0,57.04365079365079,7,9,0.0,9.0,0.0,0.0,0.0,2019-06-24 09:30:00,1
65,0,The Ageas Bowl,8222,Afghanistan,200,47,4.25,20.0,52.157272727272726,18.4920776209506,37.25,5.534999999999999,41.0,44.043209876543216,10,13,0.0,6.0,6.0,0.0,1.0,2019-06-24 09:30:00,0
66,1,Headingley,8227,Pakistan,230,49.4,4.63,32.857142857142854,73.72777777777777,33.960000208955925,23.5625,4.4366666666666665,32.25,54.86111111111111,7,10,0.0,5.0,4.0,0.0,1.0,2019-06-29 09:30:00,1
67,0,Headingley,8227,Afghanistan,227,50,4.54,25.22222222222222,66.01181818181819,36.02642971064024,17.833333333333332,4.791666666666667,30.0,56.51101532567049,9,18,0.0,10.0,8.0,0.0,0.0,2019-06-29 09:30:00,0
68,1,Manuka Oval,889,Bangladesh,267,50,5.34,26.7,76.05727272727273,30.650022336073302,21.83333333333333,3.865714285714286,34.1,57.925633565795295,10,13,0.0,6.0,4.0,0.0,3.0,2015-02-18 03:30:00,1
69,0,Manuka Oval,889,Afghanistan,162,42.5,3.78,16.2,56.66181818181818,23.89512646197138,28.4,4.768571428571429,31.8,54.947480908072045,10,3,0.0,2.0,1.0,0.0,0.0,2015-02-18 03:30:00,0
70,1,University Oval,894,Sri Lanka,236,48.2,4.88,39.333333333333336,62.13250000000001,28.66604695027452,28.066666666666663,4.586666666666666,36.66666666666666,60.381773399014776,6,6,1.0,3.0,2.0,0.0,0.0,2015-02-21 22:00:00,1
71,0,University Oval,894,Afghanistan,232,49.4,4.67,23.2,68.05545454545455,46.5735044682413,35.666666666666664,5.178571428571429,44.0,49.649470899470906,10,23,1.0,16.0,6.0,0.0,0.0,2015-02-21 22:00:00,0
72,1,Zayed Cricket Stadium,8983,Sri Lanka,158,41.2,3.82,15.8,43.20272727272727,17.09226989394392,32.3,4.828333333333332,39.36,50.3395061728395,10,13,0.0,6.0,5.0,0.0,2.0,2018-09-17 11:30:00,0
73,0,Zayed Cricket Stadium,8983,Afghanistan,249,50,4.98,24.9,106.3718181818182,32.24466930349283,14.625,3.712,25.75,60.00036075036076,10,9,0.0,7.0,2.0,0.0,0.0,2018-09-17 11:30:00,1
74,1,Zayed Cricket Stadium,8986,Bangladesh,119,42.1,2.82,11.9,34.43636363636363,6.889406889406889,22.5,4.758749999999999,26.0,51.90393518518519,10,5,0.0,5.0,0.0,0.0,0.0,2018-09-20 11:30:00,0
75,0,Zayed Cricket Stadium,8986,Afghanistan,255,50,5.1,36.42857142857143,93.21555555555555,37.82675943595483,12.416666666666666,3.3185714285714285,28.5,65.31084656084656,7,7,1.0,1.0,0.0,0.0,5.0,2018-09-20 11:30:00,1
76,1,Zayed Cricket Stadium,8988,Pakistan,258,49.3,5.21,36.85714285714285,92.88333333333333,41.95677416265652,29.666666666666668,5.108333333333333,36.66666666666666,46.52777777777777,7,17,0.0,13.0,2.0,0.0,2.0,2018-09-21 11:30:00,1
77,0,Zayed Cricket Stadium,8988,Afghanistan,257,50,5.14,42.833333333333336,92.3525,35.618434582121296,30.944444444444443,5.146000000000001,36.66666666666666,48.736842105263165,6,5,2.0,1.0,2.0,0.0,0.0,2018-09-21 11:30:00,0
78,1,Zayed Cricket Stadium,8990,Afghanistan,246,50,4.92,35.142857142857146,76.1888888888889,33.907670322758584,33.0,5.556666666666668,46.66666666666666,43.17901234567901,7,8,0.0,5.0,3.0,0.0,0.0,2018-09-23 11:30:00,0
79,0,Zayed Cricket Stadium,8990,Bangladesh,249,50,4.98,35.57142857142857,72.27555555555556,19.71758898588167,31.25,4.701666666666666,35.25,52.30709876543211,7,7,0.0,4.0,2.0,0.0,1.0,2018-09-23 11:30:00,1
80,1,Dubai International Stadium,8991,India,252,49.5,5.05,25.2,71.66999999999999,21.937364071335363,28.666666666666664,5.406666666666666,35.2,59.01675485008818,10,9,1.0,3.0,5.0,0.0,0.0,2018-09-25 11:30:00,0
81,0,Dubai International Stadium,8991,Afghanistan,252,50,5.04,31.5,54.191,19.227150537634408,21.5,5.394285714285715,28.375,47.16505246166263,8,7,1.0,5.0,1.0,0.0,0.0,2018-09-25 11:30:00,0
82,1,WACA,908,Australia,417,50,8.34,69.5,132.65714285714287,43.09905984865856,12.4,3.9185714285714286,21.4,68.6453823953824,6,17,3.0,7.0,5.0,0.0,2.0,2015-03-04 06:30:00,1
83,0,WACA,908,Afghanistan,142,37.3,3.78,14.2,42.51909090909091,16.372798324669983,44.75,8.528571428571428,31.5,35.238095238095234,10,20,1.0,10.0,5.0,0.0,4.0,2015-03-04 06:30:00,0
84,1,McLean Park,913,New Zealand,188,36.1,5.19,47.0,97.21,46.7608414976836,18.208333333333336,4.833333333333333,28.75,64.72222222222221,4,6,0.0,4.0,2.0,0.0,0.0,2015-03-07 22:00:00,1
85,0,McLean Park,913,Afghanistan,186,47.4,3.9,18.6,41.65909090909091,32.73208273208273,42.0,5.148000000000001,51.0,54.52380952380952,10,14,0.0,9.0,5.0,0.0,0.0,2015-03-07 22:00:00,0
86,1,SCG,920,England,101,18.1,5.55,101.0,81.65666666666667,37.00623700623701,16.6,2.862,35.0,72.43734335839599,1,4,0.0,1.0,3.0,0.0,0.0,2015-03-13 03:30:00,1
87,0,SCG,920,Afghanistan,111,36.2,3.05,15.857142857142858,46.78777777777778,27.41129785247432,17.0,6.034,30.0,53.61111111111111,7,12,0.0,6.0,6.0,0.0,0.0,2015-03-13 03:30:00,0
88,1,Pallekele International Cricket Stadium,100567,Sri Lanka,220,47.4,4.61,24.444444444444443,73.28363636363635,41.31222313040495,12.666666666666666,4.87,16.25,55.7308201058201,9,8,0.0,3.0,5.0,0.0,0.0,2022-06-16 09:00:00,1
89,0,Pallekele International Cricket Stadium,100567,Australia,189,37.1,5.08,18.9,83.5,43.83363600754905,27.0625,4.723333333333334,33.25,54.496336996337,10,13,0.0,8.0,5.0,0.0,0.0,2022-06-16 09:00:00,0
90,1,R.Premadasa Stadium,100568,Sri Lanka,292,48.3,6.02,73.0,78.15285714285714,38.25876682257251,39.08333333333333,6.478571428571428,41.0,40.77380952380953,4,5,0.0,2.0,1.0,0.0,2.0,2022-06-19 09:00:00,1
91,0,R.Premadasa Stadium,100568,Australia,291,50,5.82,48.5,97.77625,44.03789432313189,40.16666666666666,6.387142857142857,42.0,42.18999880654017,6,14,3.0,2.0,4.0,0.0,5.0,2022-06-19 09:00:00,0
92,1,R.Premadasa Stadium,100569,Sri Lanka,258,49,5.26,25.8,58.28818181818181,25.32679441770351,28.142857142857142,6.11375,32.57142857142857,52.73809523809524,10,9,1.0,6.0,2.0,0.0,0.0,2022-06-21 09:00:00,1
93,0,R.Premadasa Stadium,100569,Australia,254,50,5.08,25.4,65.44272727272727,27.92022437955452,27.5,5.395714285714286,30.0,46.80083144368859,10,5,1.0,3.0,1.0,0.0,0.0,2022-06-21 09:00:00,0
94,1,R.Premadasa Stadium,100570,Sri Lanka,160,43.1,3.7,16.0,62.09909090909091,36.67199467199467,13.333333333333334,4.466666666666666,22.666666666666668,58.13840155945419,10,3,0.0,3.0,0.0,0.0,0.0,2022-06-24 09:00:00,0
95,0,R.Premadasa Stadium,100570,Australia,164,39.3,4.15,27.33333333333333,66.99125000000001,45.83691756272401,17.2,3.962857142857143,28.2,67.23356009070294,6,8,0.0,8.0,0.0,0.0,0.0,2022-06-24 09:00:00,1
96,1,Pallekele International Cricket Stadium,100571,Sri Lanka,300,50,6.0,42.85714285714285,99.33375,48.46588188157956,29.25,6.174285714285714,26.625,44.55653473510616,7,9,0.0,6.0,2.0,0.0,1.0,2022-06-14 09:00:00,0
97,0,Pallekele International Cricket Stadium,100571,Australia,282,42.3,6.63,35.25,72.789,27.11774074981622,38.0,5.661428571428571,36.75,48.670634920634924,8,12,0.0,5.0,1.0,0.0,6.0,2022-06-14 09:00:00,1
98,1,Adelaide Oval,100700,Australia,291,46.5,6.21,72.75,89.84499999999998,48.29964931709117,26.75,5.913333333333333,29.5,48.664021164021165,4,11,0.0,6.0,5.0,0.0,0.0,2022-11-17 03:20:00,1
99,0,Adelaide Oval,100700,England,287,50,5.74,31.88888888888889,75.08272727272727,26.30770700644456,46.5,6.218333333333334,42.0,50.96320346320346,9,13,2.0,9.0,2.0,0.0,0.0,2022-11-17 03:20:00,0
100,1,SCG,100701,Australia,280,50,5.6,35.0,75.27222222222223,29.823568317486536,13.166666666666666,5.466666666666666,15.916666666666666,50.63105326876513,8,12,1.0,1.0,6.0,0.0,4.0,2022-11-19 03:20:00,1
101,0,SCG,100701,England,208,38.5,5.35,20.8,74.18727272727273,37.13471872075668,21.5,5.571666666666666,25.25,44.35626102292769,10,8,1.0,6.0,1.0,0.0,0.0,2022-11-19 03:20:00,0
102,1,MCG,100702,Australia,355,48,7.39,71.0,145.65571428571428,39.16658222375345,16.35,4.37,24.5,63.897759103641455,5,14,1.0,9.0,4.0,0.0,0.0,2022-11-22 03:20:00,1
103,0,MCG,100702,England,142,31.4,4.48,14.2,68.65181818181817,41.23704578250033,48.125,7.306,37.5,38.37037037037037,10,13,0.0,11.0,2.0,0.0,0.0,2022-11-22 03:20:00,0
104,1,Cazaly's Stadium,100712,Australia,233,45.0,5.17,29.125,60.386,19.71605063805989,26.083333333333336,4.605,37.25,53.39506172839506,8,12,0.0,6.0,5.0,0.0,1.0,2022-09-06 04:20:00,1
105,0,Cazaly's Stadium,100712,New Zealand,232,50,4.64,25.77777777777778,87.40363636363635,37.26353440964159,21.666666666666668,5.058333333333334,24.0,53.858024691358025,9,15,0.0,5.0,6.0,0.0,4.0,2022-09-06 04:20:00,0
106,1,Cazaly's Stadium,100713,Australia,195,50,3.9,21.666666666666668,54.17181818181818,31.82601582684113,6.875,2.546666666666667,16.2,71.33597883597884,9,3,0.0,2.0,1.0,0.0,0.0,2022-09-08 04:20:00,1
107,0,Cazaly's Stadium,100713,New Zealand,82,33,2.48,8.2,43.03454545454545,17.39156268568033,20.375,4.206666666666666,34.25,60.7142857142857,10,2,0.0,2.0,0.0,0.0,0.0,2022-09-08 04:20:00,0
108,1,Cazaly's Stadium,100714,Australia,267,50,5.34,53.4,104.11,36.34746206174778,30.4,4.71,37.53333333333334,54.73399246704332,5,14,1.0,8.0,5.0,0.0,0.0,2022-09-11 04:20:00,1
109,0,Cazaly's Stadium,100714,New Zealand,242,49.5,4.85,24.2,69.81636363636363,39.01036709547348,44.375,5.103333333333333,52.5,48.61111111111112,10,8,0.0,4.0,4.0,0.0,0.0,2022-09-11 04:20:00,0
110,1,Wankhede Stadium,101865,India,191,39.5,4.79,38.2,53.53,45.96825396825397,23.066666666666663,5.141666666666667,25.666666666666668,64.9673202614379,5,19,1.0,13.0,5.0,0.0,0.0,2023-03-17 08:00:00,1
111,0,Wankhede Stadium,101865,Australia,188,35.4,5.27,18.8,59.82363636363636,48.57047554017251,14.916666666666666,4.626666666666667,20.333333333333336,56.104833647206526,10,10,0.0,3.0,7.0,0.0,0.0,2023-03-17 08:00:00,0
112,1,YS Raja Reddy Stadium,101866,India,117,26,4.5,11.7,40.73636363636364,21.61529300016508,0.0,12.064,0.0,43.333333333333336,10,14,1.0,11.0,2.0,0.0,0.0,2023-03-19 08:00:00,0
113,0,YS Raja Reddy Stadium,101866,Australia,121,11,11.0,0.0,176.66500000000002,84.67023172905526,8.255555555555555,4.01,12.2,62.25,0,4,0.0,4.0,0.0,0.0,0.0,2023-03-19 08:00:00,1
114,1,Chidambaram,101867,India,248,49.1,5.04,24.8,75.95636363636363,30.404804154804157,20.08333333333333,5.510000000000001,20.25,55.37037037037037,10,12,1.0,9.0,2.0,0.0,0.0,2023-03-22 08:00:00,0
115,0,Chidambaram,101867,Australia,269,49,5.48,26.9,81.58181818181818,44.798865045159495,31.1875,4.998,39.75,53.48148148148149,10,12,1.0,7.0,4.0,0.0,0.0,2023-03-22 08:00:00,1
116,1,Supersport Park,102106,South Africa,416,50,8.32,83.2,118.76833333333332,53.49257452000338,27.104166666666664,7.056,23.416666666666664,49.45271867612293,5,17,2.0,10.0,4.0,0.0,1.0,2023-09-15 11:00:00,1
117,0,Supersport Park,102106,Australia,252,34.5,7.23,25.2,103.00090909090908,52.35795695688744,64.625,8.219999999999999,52.5,41.333333333333336,10,14,0.0,9.0,3.0,0.0,2.0,2023-09-15 11:00:00,0
118,1,Mangaung Oval,102107,South Africa,222,49,4.53,22.2,47.97818181818182,32.15127177447752,34.0,5.859999999999999,37.2,55.20833333333332,10,19,1.0,11.0,3.0,0.0,4.0,2023-09-07 11:00:00,0
119,0,Mangaung Oval,102107,Australia,225,40.2,5.57,32.142857142857146,76.87777777777777,49.50369710173632,29.133333333333333,4.102,41.2,63.88888888888889,7,17,2.0,15.0,0.0,0.0,0.0,2023-09-07 11:00:00,1
120,1,Mangaung Oval,102108,South Africa,269,41.5,6.43,26.9,82.34636363636365,40.94624411029235,41.9375,8.068333333333333,34.5,42.45590828924163,10,9,0.0,6.0,3.0,0.0,0.0,2023-09-09 11:00:00,0
121,0,Mangaung Oval,102108,Australia,392,50,7.84,49.0,94.017,38.07681832014607,21.0,7.1933333333333325,22.75,44.73781849225112,8,17,2.0,12.0,1.0,0.0,2.0,2023-09-09 11:00:00,1
122,1,JB Marks Oval,102109,South Africa,338,50,6.76,56.333333333333336,94.45875,32.98283218565396,22.875,7.546666666666667,21.125,52.01232247284879,6,12,0.0,9.0,3.0,0.0,0.0,2023-09-12 11:00:00,1
123,0,JB Marks Oval,102109,Australia,227,34.3,6.57,22.7,90.99181818181818,54.01531015868584,52.625,7.191666666666666,49.5,39.81481481481482,10,7,1.0,4.0,2.0,0.0,0.0,2023-09-12 11:00:00,0
124,1,The Wanderers Stadium,102110,South Africa,315,50,6.3,35.0,71.93545454545455,33.85003669149174,20.016666666666666,5.646000000000001,19.7,59.62037037037037,9,10,1.0,7.0,2.0,0.0,0.0,2023-09-17 08:00:00,1
125,0,The Wanderers Stadium,102110,Australia,193,34.1,5.64,19.3,73.31636363636363,43.38972871845999,35.733333333333334,6.753333333333334,34.0,52.29166666666666,10,10,2.0,1.0,6.0,0.0,1.0,2023-09-17 08:00:00,0
126,1,Punjab Cricket Association Stadium,102962,India,281,48.4,5.77,56.2,80.07000000000001,34.19459367783797,37.8,5.4,48.0,51.66666666666666,5,4,0.0,3.0,1.0,0.0,0.0,2023-09-22 08:00:00,1
127,0,Punjab Cricket Association Stadium,102962,Australia,276,50,5.52,27.6,102.46,42.87069397137495,42.833333333333336,6.015000000000001,49.333333333333336,43.87531928480204,10,8,1.0,1.0,2.0,0.0,4.0,2023-09-22 08:00:00,0
128,1,Holkar Cricket Stadium,102963,India,399,50,7.98,79.8,134.08857142857144,63.073209432656434,23.666666666666668,7.659999999999999,19.666666666666668,48.82936507936508,5,14,1.0,13.0,0.0,0.0,0.0,2023-09-24 08:00:00,1
129,0,Holkar Cricket Stadium,102963,Australia,217,28.2,7.65,21.7,105.87,58.26199102050749,67.875,7.903333333333333,52.5,33.61111111111111,10,7,0.0,3.0,3.0,0.0,1.0,2023-09-24 08:00:00,0
130,1,Saurashtra Cricket Association Stadium,102964,India,286,49.4,5.75,28.6,70.75363636363636,37.87736954403621,41.0,7.258333333333333,30.5,41.85185185185185,10,6,0.0,5.0,1.0,0.0,0.0,2023-09-27 08:00:00,0
131,0,Saurashtra Cricket Association Stadium,102964,Australia,352,50,7.04,50.285714285714285,95.48,40.20477956881465,39.0,5.798333333333333,38.16666666666666,49.83134920634921,7,9,0.0,8.0,1.0,0.0,0.0,2023-09-27 08:00:00,1
132,1,SCG,11482,Australia,258,50,5.16,36.85714285714285,94.90666666666668,29.756157484184016,15.375,4.986666666666667,21.0,55.30753968253968,7,5,2.0,0.0,3.0,0.0,0.0,2020-03-13 03:30:00,1
133,0,SCG,11482,New Zealand,187,41,4.56,18.7,75.03636363636363,37.21394395078605,21.33333333333333,5.206666666666666,24.33333333333333,48.711419753086425,10,9,0.0,4.0,5.0,0.0,0.0,2020-03-13 03:30:00,0
134,1,Boland Park,15263,South Africa,291,50,5.82,41.57142857142857,72.74666666666667,17.91783927454659,30.4,4.738,37.4,44.60714285714285,7,12,0.0,6.0,5.0,0.0,1.0,2020-02-29 11:00:00,1
135,0,Boland Park,15263,Australia,217,45.1,4.8,21.7,74.54454545454546,26.75758316708252,35.833333333333336,5.916666666666667,36.66666666666666,41.11111111111112,10,7,0.0,4.0,3.0,0.0,0.0,2020-02-29 11:00:00,0
136,1,Mangaung Oval,15264,South Africa,274,48.3,5.64,68.5,72.085,22.88415338029965,34.291666666666664,5.359999999999999,40.0,44.66666666666667,4,13,1.0,8.0,4.0,0.0,0.0,2020-03-04 11:00:00,1
137,0,Mangaung Oval,15264,Australia,271,50,5.42,27.1,84.4809090909091,20.651522390652826,45.333333333333336,6.376666666666668,49.0,36.44411955815465,10,7,0.0,4.0,3.0,0.0,0.0,2020-03-04 11:00:00,0
138,1,JB Marks Oval,15265,South Africa,258,45.3,5.67,64.5,87.66166666666668,55.21303504679463,27.125,5.141428571428571,31.5,47.39701436130008,4,4,0.0,1.0,3.0,0.0,0.0,2020-03-07 08:00:00,1
139,0,JB Marks Oval,15265,Australia,254,50,5.08,36.285714285714285,60.78222222222222,30.139824167601944,42.16666666666666,6.737142857142857,48.0,48.46560846560847,7,8,0.0,5.0,2.0,0.0,1.0,2020-03-07 08:00:00,0
140,1,Wankhede Stadium,15317,India,255,49.1,5.18,25.5,85.66799999999999,42.08150863782904,0.0,6.783999999999999,0.0,51.67857142857143,10,11,0.0,8.0,3.0,0.0,0.0,2020-01-14 08:00:00,0
141,0,Wankhede Stadium,15317,Australia,258,37.4,6.84,0.0,105.385,62.68465909090909,34.233333333333334,5.118,39.4,50.96296296296296,0,20,0.0,9.0,7.0,0.0,4.0,2020-01-14 08:00:00,1
142,1,Saurashtra Cricket Association Stadium,15318,India,340,50,6.8,56.66666666666666,96.84375,34.74645146520146,30.03333333333334,5.938000000000001,32.8,43.37037037037037,6,14,0.0,5.0,4.0,0.0,5.0,2020-01-17 08:00:00,1
143,0,Saurashtra Cricket Association Stadium,15318,Australia,304,49.1,6.18,30.4,95.72272727272728,37.000307992402846,26.583333333333336,6.711666666666666,25.0,36.458333333333336,10,20,0.0,10.0,10.0,0.0,0.0,2020-01-17 08:00:00,0
144,1,M.Chinnaswamy Stadium,15319,India,289,47.3,6.08,96.33333333333331,117.36799999999998,60.67699893246906,41.1875,5.44,41.25,47.66666666666666,3,10,0.0,8.0,2.0,0.0,0.0,2020-01-19 08:00:00,1
145,0,M.Chinnaswamy Stadium,15319,Australia,286,50,5.72,31.77777777777778,53.456363636363626,18.688026257331195,45.66666666666666,7.207142857142857,59.0,40.22596172972113,9,27,0.0,13.0,14.0,0.0,0.0,2020-01-19 08:00:00,0
146,1,Old Trafford,22107,England,275,50,5.5,30.55555555555556,68.96799999999999,20.611573148050677,30.875,5.68,32.5,47.00000000000001,9,16,1.0,5.0,10.0,0.0,0.0,2020-09-11 12:00:00,0
147,0,Old Trafford,22107,Australia,294,50,5.88,32.666666666666664,94.927,33.79657820042028,31.354166666666668,5.69,31.25,48.65079365079365,9,15,0.0,5.0,2.0,0.0,8.0,2020-09-11 12:00:00,1
148,1,Old Trafford,22108,England,231,50,4.62,25.666666666666668,83.3809090909091,37.62795762795763,25.166666666666668,4.042,29.0,57.0191570881226,9,13,0.0,8.0,5.0,0.0,0.0,2020-09-13 12:00:00,1
149,0,Old Trafford,22108,Australia,207,48.4,4.25,20.7,47.73272727272727,20.044467086808307,32.6,5.303333333333334,43.6,57.98611111111112,10,13,1.0,1.0,11.0,0.0,0.0,2020-09-13 12:00:00,0
150,1,Old Trafford,22109,England,302,50,6.04,43.142857142857146,74.23555555555555,33.74076375134188,43.375,6.1450000000000005,38.5,46.5006038647343,7,19,1.0,10.0,8.0,0.0,0.0,2020-09-16 12:00:00,0
151,0,Old Trafford,22109,Australia,304,49.4,6.12,43.42857142857143,112.7288888888889,46.597188819411045,31.55555555555556,5.751666666666668,33.333333333333336,49.9074074074074,7,14,1.0,8.0,5.0,0.0,0.0,2020-09-16 12:00:00,1
152,1,SCG,22401,Australia,374,50,7.48,62.333333333333336,113.675,34.14413057366348,32.27777777777778,6.135000000000001,29.666666666666668,49.2503248862898,6,21,2.0,12.0,6.0,0.0,1.0,2020-11-27 03:40:00,1
153,0,SCG,22401,India,308,50,6.16,38.5,88.709,41.08740310119621,66.16666666666667,7.339999999999999,50.0,42.66666666666667,8,20,3.0,15.0,2.0,0.0,0.0,2020-11-27 03:40:00,0
154,1,SCG,22402,Australia,389,50,7.78,97.25,148.205,43.81163236584923,30.166666666666664,6.701666666666665,29.8,41.68430335097002,4,7,1.0,4.0,2.0,0.0,0.0,2020-11-29 03:40:00,1
155,0,SCG,22402,India,338,50,6.76,37.55555555555556,96.47909090909091,38.57201737745795,58.66666666666666,7.984285714285714,46.0,35.89569160997733,9,10,2.0,8.0,0.0,0.0,0.0,2020-11-29 03:40:00,0
156,1,Manuka Oval,22403,Australia,289,49.3,5.83,28.9,80.72727272727273,32.03039395659621,54.25,6.15,52.5,43.095238095238095,10,17,2.0,9.0,6.0,0.0,0.0,2020-12-02 03:40:00,0
157,0,Manuka Oval,22403,India,302,50,6.04,60.4,87.6557142857143,38.98986125203844,38.5,5.703999999999999,39.7,50.94736842105264,5,8,2.0,4.0,1.0,0.0,1.0,2020-12-02 03:40:00,1
158,1,Gaddafi Stadium,34307,Pakistan,225,45.2,4.96,22.5,50.13363636363636,20.7040106886811,34.375,6.128333333333334,37.5,43.42592592592592,10,4,1.0,3.0,0.0,0.0,0.0,2022-03-29 10:00:00,0
159,0,Gaddafi Stadium,34307,Australia,313,50,6.26,44.71428571428572,106.10222222222222,29.082686720654863,25.1,4.9471428571428575,29.5,47.5344185293165,7,22,0.0,13.0,9.0,0.0,0.0,2022-03-29 10:00:00,1
160,1,Gaddafi Stadium,34308,Pakistan,349,49,7.12,87.25,118.80833333333332,36.20964287393808,42.9375,7.283333333333334,35.25,37.26851851851852,4,4,0.0,2.0,1.0,0.0,1.0,2022-03-31 10:00:00,1
161,0,Gaddafi Stadium,34308,Australia,348,50,6.96,43.5,86.276,26.63150055592312,41.5,7.055714285714286,34.0,34.96693121693122,8,8,0.0,2.0,6.0,0.0,0.0,2022-03-31 10:00:00,0
162,1,Gaddafi Stadium,34309,Pakistan,214,37.5,5.65,214.0,107.32,50.003462058980894,27.066666666666663,5.040000000000001,30.333333333333336,56.896900269541774,1,3,0.0,2.0,1.0,0.0,0.0,2022-04-02 10:00:00,1
163,0,Gaddafi Stadium,34309,Australia,210,41.5,5.01,21.0,52.14909090909091,33.44471759995864,38.0,5.525714285714286,36.0,43.14814814814815,10,8,0.0,6.0,2.0,0.0,0.0,2022-04-02 10:00:00,0
164,1,The Oval,8211,Sri Lanka,247,45.5,5.38,24.7,85.48454545454545,38.7924160604573,36.5,6.8,38.0,41.11111111111112,10,8,0.0,6.0,2.0,0.0,0.0,2019-06-15 09:30:00,0
165,0,The Oval,8211,Australia,334,50,6.68,47.71428571428572,91.04888888888888,25.85442686413152,26.854166666666668,5.343999999999999,27.625,51.914893617021264,7,14,1.0,9.0,4.0,0.0,0.0,2019-06-15 09:30:00,1
166,1,Trent Bridge,8217,Australia,381,50,7.62,76.2,143.21285714285713,45.97155250342799,37.875,6.738333333333332,34.5,37.01388888888889,5,12,1.0,5.0,5.0,0.0,1.0,2019-06-20 09:30:00,1
167,0,Trent Bridge,8217,Bangladesh,333,50,6.66,41.625,97.25333333333332,42.29440763180836,44.16666666666666,7.56,35.0,36.93672839506173,8,17,0.0,9.0,4.0,0.0,4.0,2019-06-20 09:30:00,0
168,1,Lord's Cricket Ground,8223,England,221,44.4,4.94,22.1,66.21454545454546,47.72256125065114,41.8,5.683333333333334,42.0,49.6604938271605,10,9,0.0,3.0,5.0,0.0,1.0,2019-06-25 09:30:00,0
169,0,Lord's Cricket Ground,8223,Australia,285,50,5.7,40.71428571428572,88.9588888888889,39.69675716042453,16.183333333333334,5.148333333333333,22.33333333333333,57.48931623931623,7,8,0.0,4.0,4.0,0.0,0.0,2019-06-25 09:30:00,1
170,1,Lord's Cricket Ground,8228,New Zealand,157,43.4,3.59,15.7,46.03,30.151515151515152,19.0625,5.048571428571428,26.25,51.7998866213152,10,17,0.0,10.0,3.0,0.0,4.0,2019-06-29 12:30:00,0
171,0,Lord's Cricket Ground,8228,Australia,243,50,4.86,27.0,52.18363636363636,25.83938774580649,15.34,4.06875,29.32,58.610312899106,9,10,0.0,7.0,3.0,0.0,0.0,2019-06-29 12:30:00,1
172,1,Old Trafford,8236,Australia,315,49.5,6.32,31.5,105.56,41.332227015360175,44.25,6.154285714285714,39.75,47.1494708994709,10,7,0.0,3.0,4.0,0.0,0.0,2019-07-06 12:30:00,0
173,0,Old Trafford,8236,South Africa,325,50,6.5,54.16666666666666,97.0257142857143,50.394019956160605,33.03333333333334,6.255714285714285,30.9,46.64877061935886,6,24,0.0,13.0,10.0,0.0,1.0,2019-07-06 12:30:00,1
174,1,Edgbaston,8238,Australia,223,49,4.55,22.3,54.25454545454546,22.729628541749214,52.0,9.095,48.0,48.9429012345679,10,16,0.0,10.0,6.0,0.0,0.0,2019-07-11 09:30:00,0
175,0,Edgbaston,8238,England,226,32.1,7.02,113.0,107.93,68.22195544884622,21.416666666666668,4.516666666666667,30.0,55.97222222222222,2,13,0.0,12.0,1.0,0.0,0.0,2019-07-11 09:30:00,1
182,1,Sher-e-Bangla National Cricket Stadium,101692,Bangladesh,271,50,5.42,38.71428571428572,74.10666666666667,52.64678531345198,26.7,5.691666666666666,30.2,56.10305958132045,7,17,2.0,11.0,3.0,0.0,1.0,2022-12-07 06:00:00,1
183,0,Sher-e-Bangla National Cricket Stadium,101692,India,266,50,5.32,29.55555555555556,74.195,36.44637415538681,25.944444444444443,5.201666666666667,26.666666666666668,57.023809523809526,9,19,2.0,11.0,2.0,0.0,4.0,2022-12-07 06:00:00,0
184,1,Zahur Ahmed Chowdhury Stadium,101693,Bangladesh,182,34,5.35,18.2,75.93454545454546,43.2907334657889,52.1,9.251428571428573,40.8,29.470899470899468,10,9,1.0,3.0,1.0,0.0,4.0,2022-12-10 06:00:00,0
185,0,Zahur Ahmed Chowdhury Stadium,101693,India,409,50,8.18,51.125,86.664,28.330269586906752,20.75,4.745,24.166666666666668,57.5,8,9,0.0,4.0,5.0,0.0,0.0,2022-12-10 06:00:00,1
186,1,Sher-e-Bangla National Cricket Stadium,101694,Bangladesh,187,47,3.97,20.77777777777778,46.18,26.91898336712643,20.65,4.486,26.08333333333333,62.49206349206349,9,17,2.0,6.0,1.0,0.0,8.0,2022-12-04 06:00:00,1
187,0,Sher-e-Bangla National Cricket Stadium,101694,India,186,41.2,4.5,18.6,50.90090909090909,29.192775768118235,18.133333333333333,4.109999999999999,30.4,63.63425925925926,10,14,1.0,12.0,1.0,0.0,0.0,2022-12-04 06:00:00,0
188,1,Zahur Ahmed Chowdhury Stadium,101893,Bangladesh,246,48.5,5.03,24.6,67.29363636363637,32.18653330660192,24.95,4.544,31.2,56.12962962962962,10,6,0.0,4.0,2.0,0.0,0.0,2023-03-06 06:00:00,1
189,0,Zahur Ahmed Chowdhury Stadium,101893,England,196,43.1,4.54,19.6,62.61909090909091,30.684908038522256,27.333333333333336,4.905,32.93333333333334,50.16130910784998,10,4,0.0,4.0,0.0,0.0,0.0,2023-03-06 06:00:00,0
190,1,Sher-e-Bangla National Cricket Stadium,101894,Bangladesh,209,47.2,4.41,20.9,57.643636363636354,43.5219551584353,26.625,4.488333333333333,41.0,56.080246913580254,10,26,4.0,12.0,9.0,0.0,1.0,2023-03-01 06:00:00,0
191,0,Sher-e-Bangla National Cricket Stadium,101894,England,212,48.4,4.35,30.285714285714285,68.3288888888889,52.44907979686101,20.416666666666668,4.173333333333333,30.166666666666668,60.593434343434346,7,3,0.0,2.0,1.0,0.0,0.0,2023-03-01 06:00:00,1
192,1,Sher-e-Bangla National Cricket Stadium,101895,Bangladesh,194,44.4,4.34,19.4,46.62545454545455,23.159735067531173,45.125,6.48,42.5,45.0,10,13,1.0,1.0,7.0,0.0,4.0,2023-03-03 06:00:00,0
193,0,Sher-e-Bangla National Cricket Stadium,101895,England,326,50,6.52,46.57142857142857,88.85333333333334,40.10404799878484,15.166666666666666,4.066666666666666,26.33333333333333,59.93827160493828,7,13,1.0,10.0,1.0,0.0,1.0,2023-03-03 06:00:00,1
200,1,Pallekele International Cricket Stadium,102837,Bangladesh,164,42.4,3.84,16.4,38.07090909090909,19.748173175139467,26.625,4.366666666666666,39.0,58.76322751322751,10,8,1.0,4.0,3.0,0.0,0.0,2023-08-31 09:30:00,0
201,0,Pallekele International Cricket Stadium,102837,Sri Lanka,165,39,4.23,33.0,56.79428571428571,31.93182649403847,19.7,3.965,31.1,55.40243271221532,5,13,0.0,7.0,4.0,0.0,2.0,2023-08-31 09:30:00,1
204,1,R.Premadasa Stadium,102840,INDIA,259,49.5,5.19,25.9,61.04454545454546,31.20984568570475,36.13333333333334,5.173333333333333,42.4,58.73456790123458,10,17,0.0,12.0,3.0,0.0,2.0,2023-09-15 09:30:00,0
205,0,R.Premadasa Stadium,102840,Bangladesh,265,50,5.3,33.125,77.07300000000001,51.58258822913996,25.933333333333337,5.163333333333333,31.3,53.67743630154978,8,13,0.0,9.0,3.0,0.0,1.0,2023-09-15 09:30:00,1
206,1,Gaddafi Stadium,102841,Pakistan,194,39.3,4.91,64.66666666666667,74.30199999999999,45.44825109530992,21.01666666666667,5.572857142857144,26.866666666666667,49.37908496732026,3,4,0.0,2.0,2.0,0.0,0.0,2023-09-06 09:30:00,1
207,0,Gaddafi Stadium,102841,Bangladesh,193,38.4,4.99,19.3,59.437272727272735,31.961835334476845,35.666666666666664,5.383333333333333,52.0,49.74206349206349,10,8,0.0,3.0,5.0,0.0,0.0,2023-09-06 09:30:00,0
208,1,R.Premadasa Stadium,102842,Sri Lanka,257,50,5.14,28.55555555555556,79.282,28.064516129032256,19.416666666666668,4.721666666666667,28.5,52.94091710758377,9,10,0.0,9.0,1.0,0.0,0.0,2023-09-09 09:30:00,1
209,0,R.Premadasa Stadium,102842,Bangladesh,236,48.1,4.89,23.6,74.42454545454547,24.0291415901172,21.222222222222225,5.115,20.666666666666668,52.94753086419754,10,20,4.0,8.0,8.0,0.0,0.0,2023-09-09 09:30:00,0
210,1,Sher-e-Bangla National Cricket Stadium,103010,Bangladesh,171,34.3,4.95,17.1,59.61909090909091,38.43104264156896,33.0,4.946666666666666,39.0,60.90177133655394,10,10,3.0,7.0,0.0,0.0,0.0,2023-09-26 08:00:00,0
211,0,Sher-e-Bangla National Cricket Stadium,103010,New Zealand,175,34.5,5.02,58.333333333333336,79.414,49.52049689440993,16.0,4.886666666666667,21.7,57.67543859649123,3,4,0.0,2.0,2.0,0.0,0.0,2023-09-26 08:00:00,1
212,1,Sher-e-Bangla National Cricket Stadium,103012,Bangladesh,168,41.1,4.08,16.8,52.31727272727273,27.889420230902275,30.3,5.044,37.66666666666666,57.63636363636364,10,8,1.0,4.0,2.0,0.0,1.0,2023-09-23 08:00:00,0
213,0,Sher-e-Bangla National Cricket Stadium,103012,New Zealand,254,49.2,5.14,25.4,70.92818181818181,50.34816723892354,13.375,3.73,19.75,68.24074074074075,10,12,1.0,5.0,2.0,0.0,4.0,2023-09-23 08:00:00,1
214,1,R Premadasa Stadium,15567,Sri Lanka,314,50,6.28,39.25,93.69888888888887,25.598708010335915,24.791666666666664,5.382,27.33333333333333,52.91662105455208,8,18,1.0,16.0,1.0,0.0,0.0,2019-07-26 09:00:00,1
215,0,R Premadasa Stadium,15567,Bangladesh,223,41.4,5.35,22.3,63.3290909090909,28.16824966078697,37.03333333333334,5.774285714285715,37.2,44.24792139077853,10,28,0.0,24.0,4.0,0.0,0.0,2019-07-26 09:00:00,0
216,1,R Premadasa Stadium,15568,Sri Lanka,242,44.4,5.41,80.66666666666667,79.17999999999999,43.61475922451532,25.0,4.619999999999999,30.0,52.333333333333336,3,22,1.0,12.0,5.0,0.0,4.0,2019-07-28 09:00:00,1
217,0,R Premadasa Stadium,15568,Bangladesh,238,50,4.76,29.75,64.76,27.09557039684685,38.0,5.817142857142857,42.0,51.72619047619048,8,20,1.0,12.0,4.0,0.0,3.0,2019-07-28 09:00:00,0
218,1,R Premadasa Stadium,15569,Sri Lanka,294,50,5.88,36.75,114.62333333333336,40.18756799866245,18.1,4.693333333333333,25.2,56.388888888888886,8,4,0.0,4.0,0.0,0.0,0.0,2019-07-31 09:00:00,1
219,0,R Premadasa Stadium,15569,Bangladesh,172,36,4.77,17.2,65.41363636363637,31.448647970387096,32.583333333333336,6.0683333333333325,38.0,45.49382716049383,10,7,0.0,5.0,2.0,0.0,0.0,2019-07-31 09:00:00,0
220,1,University Oval,22389,New Zealand,132,21.2,6.18,66.0,131.925,61.51833407472505,14.4375,3.0580000000000007,28.8125,73.63382250174702,2,7,2.0,2.0,2.0,0.0,1.0,2021-03-19 22:00:00,1
221,0,University Oval,22389,Bangladesh,131,41.5,3.13,13.1,45.54,29.60621546433904,36.0,5.98,25.0,44.83618233618233,10,13,1.0,9.0,3.0,0.0,0.0,2021-03-19 22:00:00,0
222,1,Hagley Oval,22390,New Zealand,275,48.2,5.68,55.0,91.0457142857143,41.33644133644134,39.625,5.751666666666666,52.5,54.87654320987654,5,17,0.0,13.0,4.0,0.0,0.0,2021-03-23 01:00:00,1
223,0,Hagley Oval,22390,Bangladesh,271,50,5.42,45.16666666666666,91.41875,38.49796603309395,26.0,6.835714285714286,27.75,40.97020626432391,6,24,1.0,17.0,6.0,0.0,0.0,2021-03-23 01:00:00,0
224,1,Basin Reserve,22391,New Zealand,318,50,6.36,53.0,113.29125,32.06837606837607,14.05,3.7083333333333335,24.066666666666663,66.36272141706924,6,16,3.0,10.0,2.0,0.0,1.0,2021-03-25 22:00:00,1
225,0,Basin Reserve,22391,Bangladesh,154,42.4,3.6,15.4,34.93181818181818,20.74884180147338,49.833333333333336,6.114999999999999,47.0,47.410714285714285,10,12,1.0,10.0,0.0,0.0,1.0,2021-03-25 22:00:00,0
226,1,Sher-e-Bangla National Cricket Stadium,31758,Bangladesh,257,50,5.14,42.833333333333336,69.14375,33.64061864061864,21.833333333333336,4.824999999999999,30.75,47.19135802469136,6,12,2.0,9.0,1.0,0.0,0.0,2021-05-23 07:00:00,1
227,0,Sher-e-Bangla National Cricket Stadium,31758,Sri Lanka,224,48.1,4.65,22.4,68.19636363636363,37.25205725205725,28.5,4.761666666666667,35.0,50.625,10,7,0.0,3.0,4.0,0.0,0.0,2021-05-23 07:00:00,0
228,1,Sher-e-Bangla National Cricket Stadium,31759,Bangladesh,246,48.1,5.1,24.6,61.48909090909091,28.66655295923589,15.916666666666668,3.341666666666667,23.75,62.42283950617284,10,11,3.0,3.0,4.0,0.0,1.0,2021-05-25 07:00:00,1
229,0,Sher-e-Bangla National Cricket Stadium,31759,Sri Lanka,141,40,3.52,15.666666666666666,60.21000000000001,28.9413616686344,22.541666666666664,5.336666666666666,31.25,44.5679012345679,9,0,0.0,0.0,0.0,0.0,0.0,2021-05-25 07:00:00,0
230,1,Sher-e-Bangla National Cricket Stadium,31760,Bangladesh,189,42.3,4.44,18.9,62.66700000000001,16.706185046917565,33.75,6.178333333333334,30.75,44.32098765432099,10,11,0.0,6.0,1.0,0.0,4.0,2021-05-28 07:00:00,0
231,0,Sher-e-Bangla National Cricket Stadium,31760,Sri Lanka,286,50,5.72,47.66666666666666,81.62875,32.73989898989899,19.925,4.401666666666666,24.95,49.84811565951917,6,17,1.0,7.0,9.0,0.0,0.0,2021-05-28 07:00:00,1
232,1,Supersport Park,33724,South Africa,276,48.5,5.65,27.6,74.16636363636364,32.9874851261472,50.3,6.16,48.0,47.66666666666667,10,12,0.0,8.0,0.0,0.0,4.0,2022-03-18 11:00:00,0
233,0,Supersport Park,33724,Bangladesh,314,50,6.28,44.85714285714285,112.07888888888888,52.80126938895093,18.6875,6.621666666666666,17.125,44.586139169472496,7,19,2.0,11.0,3.0,0.0,3.0,2022-03-18 11:00:00,1
234,1,New Wanderers Stadium,33725,South Africa,195,37.2,5.22,65.0,83.96399999999998,57.17646541895708,15.36,3.467142857142857,31.0,61.86274509803921,3,4,0.0,4.0,0.0,0.0,0.0,2022-03-20 08:00:00,1
235,0,New Wanderers Stadium,33725,Bangladesh,194,50,3.88,21.55555555555556,43.74090909090909,20.00956937799043,34.666666666666664,5.675714285714286,50.0,57.86848072562358,9,17,2.0,8.0,2.0,0.0,5.0,2022-03-20 08:00:00,0
236,1,Supersport Park,33726,South Africa,154,37,4.16,15.4,65.43272727272728,40.00444000444,36.0,6.302,42.0,54.98809523809523,10,17,0.0,9.0,8.0,0.0,0.0,2022-03-23 11:00:00,0
237,0,Supersport Park,33726,Bangladesh,156,26.3,5.88,156.0,93.43333333333334,58.49297573435505,20.75,4.1,27.45,65.96825396825398,1,3,0.0,3.0,0.0,0.0,0.0,2022-03-23 11:00:00,1
238,1,The Oval,8196,South Africa,309,50,6.18,38.625,99.305,37.39646315695913,30.33333333333333,7.142857142857143,30.0,43.33333333333333,8,14,1.0,9.0,0.0,0.0,4.0,2019-06-02 09:30:00,0
239,0,The Oval,8196,Bangladesh,330,50,6.6,55.0,114.75,59.34276954929129,36.20833333333333,6.285,41.0,35.43981481481482,6,21,0.0,12.0,9.0,0.0,0.0,2019-06-02 09:30:00,1
240,1,The Oval,8200,Bangladesh,244,49.2,4.94,24.4,74.29499999999999,26.552552257180206,21.0,5.41,26.25,52.23214285714286,10,18,0.0,9.0,8.0,0.0,1.0,2019-06-05 12:30:00,0
241,0,The Oval,8200,New Zealand,248,47.1,5.25,31.0,93.592,52.3961262553802,30.75,5.733333333333333,42.35,48.35227272727273,8,10,1.0,9.0,0.0,0.0,0.0,2019-06-05 12:30:00,1
242,1,Cardiff Wales Stadium,8203,England,386,50,7.72,64.33333333333333,145.38375,45.77225334578276,28.666666666666664,5.48,32.333333333333336,42.97781271837875,6,11,1.0,7.0,3.0,0.0,0.0,2019-06-08 09:30:00,1
243,0,Cardiff Wales Stadium,8203,Bangladesh,280,48.5,5.73,28.0,69.81090909090909,22.525632986703016,53.875,8.265,42.75,33.3641975308642,10,19,0.0,10.0,9.0,0.0,0.0,2019-06-08 09:30:00,0
248,1,Edgbaston,8231,Bangladesh,286,48,5.95,28.6,87.4409090909091,42.02317290552585,33.45,6.445714285714287,39.0,43.81802721088436,10,12,0.0,10.0,1.0,0.0,1.0,2019-07-02 09:30:00,0
249,0,Edgbaston,8231,India,314,50,6.28,34.888888888888886,80.18777777777778,29.90984015984016,40.55,5.942,40.6,47.77777777777778,9,13,1.0,6.0,6.0,0.0,0.0,2019-07-02 09:30:00,1
250,1,Lord's Cricket Ground,8234,Pakistan,315,50,6.3,35.0,94.56,30.86191973401276,24.833333333333336,4.858333333333333,30.0,51.49911816578484,9,16,1.0,12.0,3.0,0.0,0.0,2019-07-05 09:30:00,1
251,0,Lord's Cricket Ground,8234,Bangladesh,221,44.1,5.0,22.1,71.7690909090909,36.4772218377234,21.416666666666668,6.345,28.5,41.58289241622575,10,11,0.0,6.0,5.0,0.0,0.0,2019-07-05 09:30:00,0
252,1,Dubai International Stadium,8981,Bangladesh,261,49.3,5.27,26.1,47.61181818181819,19.158467794831434,15.0,3.495000000000001,25.666666666666668,66.29389129389129,10,12,1.0,7.0,4.0,0.0,0.0,2018-09-15 11:30:00,1
253,0,Dubai International Stadium,8981,Sri Lanka,124,35.2,3.5,12.4,56.26363636363636,28.386793747295314,35.35,5.698571428571428,38.8,47.89837146980004,10,1,0.0,0.0,1.0,0.0,0.0,2018-09-15 11:30:00,0
256,1,Dubai International Stadium,8987,India,174,36.2,4.78,58.0,66.76599999999999,33.58319993259753,10.083333333333334,3.506,17.666666666666668,64.7037037037037,3,4,1.0,2.0,1.0,0.0,0.0,2018-09-21 11:30:00,1
257,0,Dubai International Stadium,8987,Bangladesh,173,49.1,3.51,17.3,56.8109090909091,30.272368154721093,31.666666666666668,4.884,38.333333333333336,54.653679653679646,10,3,1.0,1.0,1.0,0.0,0.0,2018-09-21 11:30:00,0
260,1,Zayed Cricket Stadium,8992,Pakistan,202,50,4.04,22.444444444444443,57.8609090909091,23.19099607478931,27.5625,4.996666666666667,33.25,46.725648671270136,9,9,1.0,5.0,2.0,0.0,1.0,2018-09-26 11:30:00,0
261,0,Zayed Cricket Stadium,8992,Bangladesh,239,48.5,4.89,23.9,73.232,25.72381154199336,23.95,4.026666666666666,36.6,54.45436507936507,10,9,0.0,1.0,8.0,0.0,0.0,2018-09-26 11:30:00,1
262,1,Dubai International Stadium,8993,India,223,50,4.46,31.857142857142858,74.67666666666668,35.95414427540031,26.375,4.5616666666666665,36.5,58.06502230521839,7,9,0.0,5.0,3.0,0.0,1.0,2018-09-28 11:30:00,1
263,0,Dubai International Stadium,8993,Bangladesh,222,48.3,4.57,22.2,49.98090909090909,25.73673571607456,32.0,4.691666666666666,43.2,55.879629629629626,10,7,0.0,5.0,2.0,0.0,0.0,2018-09-28 11:30:00,0
264,1,McLean Park,9085,New Zealand,233,44.3,5.23,116.5,77.235,43.82401665420534,18.583333333333336,4.486666666666667,23.166666666666668,59.581763967357176,2,7,0.0,4.0,3.0,0.0,0.0,2019-02-13 01:00:00,1
265,0,McLean Park,9085,Bangladesh,232,48.5,4.75,23.2,61.77363636363636,43.54646315307212,34.5,5.574285714285714,39.0,49.83993597438975,10,26,1.0,15.0,5.0,5.0,0.0,2019-02-13 01:00:00,0
266,1,Hagley Oval,9086,New Zealand,229,36.1,6.33,114.5,93.8825,50.13596572918606,25.805555555555557,4.558333333333333,35.166666666666664,63.62745098039216,2,11,0.0,10.0,0.0,0.0,1.0,2019-02-15 22:00:00,1
267,0,Hagley Oval,9086,Bangladesh,226,49.4,4.55,22.6,63.81363636363636,38.26735391384329,21.0,7.048571428571429,27.0,41.41156462585034,10,23,0.0,17.0,6.0,0.0,0.0,2019-02-15 22:00:00,0
268,1,University Oval,9087,New Zealand,330,50,6.6,55.0,131.45875,46.06337660160987,15.77777777777778,5.045000000000001,22.055555555555557,57.436868686868685,6,11,2.0,6.0,3.0,0.0,0.0,2019-02-19 22:00:00,1
269,0,University Oval,9087,Bangladesh,242,47.2,5.11,24.2,57.044,27.63191606774495,50.5,7.513333333333333,51.6,43.24074074074074,10,20,0.0,18.0,2.0,0.0,0.0,2019-02-19 22:00:00,0
276,1,Mangaung Oval,101641,South Africa,298,50,5.96,42.57142857142857,93.94333333333331,38.96523034887815,27.20833333333333,6.745,23.75,45.69444444444444,7,9,3.0,5.0,1.0,0.0,0.0,2023-01-27 11:00:00,1
277,0,Mangaung Oval,101641,England,271,44.2,6.11,27.1,64.91181818181819,33.26068793905028,47.13333333333333,5.91,45.6,42.70723104056437,10,9,3.0,4.0,2.0,0.0,0.0,2023-01-27 11:00:00,0
278,1,De Beers Diamond Oval,101642,South Africa,287,43.1,6.64,28.7,110.3718181818182,44.36328377504848,39.333333333333336,7.031666666666666,33.0,44.06635802469136,10,9,0.0,8.0,1.0,0.0,0.0,2023-02-01 11:00:00,0
279,0,De Beers Diamond Oval,101642,England,346,50,6.92,49.42857142857143,113.14888888888888,39.82503597447632,26.77777777777777,7.669999999999999,25.666666666666668,40.162037037037045,7,18,3.0,9.0,5.0,0.0,1.0,2023-02-01 11:00:00,1
280,1,Mangaung Oval,101643,South Africa,347,49.1,7.05,69.4,120.10142857142856,49.24550277444933,49.16666666666666,6.551666666666666,45.5,49.12037037037037,5,3,1.0,1.0,1.0,0.0,0.0,2023-01-29 08:00:00,1
281,0,Mangaung Oval,101643,England,342,50,6.84,48.85714285714285,86.29777777777777,51.16745358505893,40.0,7.323333333333334,40.0,38.117283950617285,7,34,1.0,18.0,9.0,5.0,1.0,2023-01-29 08:00:00,0
282,1,The Oval,101732,England,368,48.1,7.64,36.8,85.206,33.13649070228018,21.433333333333334,4.661666666666666,25.0,54.40586419753087,10,17,0.0,13.0,3.0,0.0,1.0,2023-09-13 11:30:00,1
283,0,The Oval,101732,New Zealand,187,39,4.79,18.7,61.01090909090908,22.773958068075714,42.55,8.01142857142857,33.2,35.714285714285715,10,16,1.0,6.0,4.0,5.0,0.0,2023-09-13 11:30:00,0
284,1,Cardiff Wales Stadium,101733,England,291,50,5.82,48.5,100.62375,37.76068376068376,51.0,6.4071428571428575,42.0,47.12917775805975,6,5,1.0,4.0,0.0,0.0,0.0,2023-09-08 11:30:00,0
285,0,Cardiff Wales Stadium,101733,New Zealand,297,45.4,6.5,148.5,98.9825,56.6734123864457,33.833333333333336,5.776666666666667,34.666666666666664,43.3179012345679,2,13,1.0,10.0,2.0,0.0,0.0,2023-09-08 11:30:00,1
286,1,Lord's Cricket Ground,101734,England,311,50,6.22,34.55555555555556,100.09545454545456,34.76596284804696,29.7,5.463333333333334,31.0,53.24074074074074,9,10,0.0,7.0,3.0,0.0,0.0,2023-09-15 11:30:00,1
287,0,Lord's Cricket Ground,101734,New Zealand,211,38.2,5.5,21.1,72.23400000000001,33.612862680435654,30.625,6.402857142857143,31.5,45.71995464852608,10,16,0.0,13.0,3.0,0.0,0.0,2023-09-15 11:30:00,0
288,1,The Ageas Bowl,101735,England,226,34,6.64,32.285714285714285,101.84111111111112,38.062833852307534,14.583333333333334,5.604,17.666666666666664,50.80952380952381,7,10,0.0,7.0,2.0,0.0,1.0,2023-09-10 10:00:00,1
289,0,The Ageas Bowl,101735,New Zealand,147,26.5,5.47,14.7,83.84000000000002,35.58482984320305,31.208333333333336,6.413333333333334,29.75,42.36111111111112,10,6,0.0,4.0,2.0,0.0,0.0,2023-09-10 10:00:00,0
296,1,Newlands,15253,South Africa,258,47.4,5.41,86.0,76.14,47.02142677244223,37.73333333333333,5.238333333333334,43.6,48.67063492063492,3,3,0.0,1.0,2.0,0.0,0.0,2020-02-04 11:00:00,1
297,0,Newlands,15253,England,258,50,5.16,32.25,79.82200000000002,29.006750811197275,34.0,5.482857142857143,42.0,44.81219838362695,8,11,1.0,8.0,2.0,0.0,0.0,2020-02-04 11:00:00,0
298,1,New Wanderers Stadium,15255,South Africa,256,50,5.12,36.57142857142857,70.63888888888887,41.35412533922957,35.16666666666667,6.45,38.25,53.16778900112232,7,15,0.0,8.0,6.0,0.0,1.0,2020-02-09 08:00:00,0
299,0,New Wanderers Stadium,15255,England,257,43.2,5.93,32.125,81.08,50.67261150408014,25.33333333333333,4.911666666666666,36.66666666666666,54.40035273368607,8,13,0.0,13.0,0.0,0.0,0.0,2020-02-09 08:00:00,1
306,1,Emirates Riverside,22425,England,189,34.5,5.42,37.8,84.63857142857144,40.29772835441703,8.055555555555555,4.151666666666666,15.666666666666666,58.973063973063965,5,12,2.0,5.0,5.0,0.0,0.0,2021-06-29 10:00:00,1
307,0,Emirates Riverside,22425,Sri Lanka,185,42.3,4.35,18.5,40.25181818181818,25.693956768217763,35.22222222222222,5.601666666666667,39.0,39.362220877051385,10,17,1.0,7.0,9.0,0.0,0.0,2021-06-29 10:00:00,0
308,1,The Oval,22426,England,244,43,5.67,122.0,91.1125,52.20351588911426,12.8,4.8,13.5,57.000000000000014,2,12,0.0,11.0,0.0,0.0,1.0,2021-07-01 12:00:00,1
309,0,The Oval,22426,Sri Lanka,241,50,4.82,26.77777777777778,70.67090909090909,30.01748355941096,40.0,5.603333333333334,39.0,49.06084656084656,9,14,0.0,13.0,1.0,0.0,0.0,2021-07-01 12:00:00,0
310,1,Cardiff Wales Stadium,22429,England,142,21.5,6.5,142.0,89.46333333333332,50.82584758041148,11.75,4.166666666666667,19.75,65.11800334168755,1,9,1.0,7.0,1.0,0.0,0.0,2021-07-08 12:00:00,1
311,0,Cardiff Wales Stadium,22429,Pakistan,141,35.2,3.99,14.1,49.54818181818182,36.00028191293589,22.0,6.196666666666666,30.0,40.23148148148148,10,4,1.0,3.0,0.0,0.0,0.0,2021-07-08 12:00:00,0
312,1,Lord's Cricket Ground,22430,England,247,45.2,5.44,24.7,62.82545454545454,37.04127452100542,21.93333333333333,4.640000000000001,27.8,61.203703703703695,10,6,1.0,5.0,0.0,0.0,0.0,2021-07-10 10:00:00,1
313,0,Lord's Cricket Ground,22430,Pakistan,195,41,4.75,19.5,73.66636363636366,38.106899702825,26.84,5.473333333333334,32.8,54.31748035914702,10,13,2.0,6.0,5.0,0.0,0.0,2021-07-10 10:00:00,0
314,1,Edgbaston,22431,England,332,48,6.91,47.42857142857143,96.6888888888889,41.05097916372426,34.06666666666667,6.669999999999999,28.666666666666668,42.36772486772487,7,12,0.0,7.0,5.0,0.0,0.0,2021-07-13 12:00:00,1
315,0,Edgbaston,22431,Pakistan,331,50,6.62,36.77777777777778,107.08,46.41298375475591,38.583333333333336,6.573333333333333,32.5,45.15432098765432,9,12,0.0,9.0,3.0,0.0,0.0,2021-07-13 12:00:00,0
316,1,Maharashtra Cricket Association Stadium,22465,India,317,50,6.34,63.4,94.49714285714286,51.04159572616588,24.958333333333336,5.91,27.75,53.94444444444444,5,8,0.0,5.0,3.0,0.0,0.0,2021-03-23 08:00:00,1
317,0,Maharashtra Cricket Association Stadium,22465,England,251,42.1,5.95,25.1,66.04272727272728,29.83329213419197,24.416666666666668,6.585,23.0,44.67592592592592,10,13,0.0,10.0,3.0,0.0,0.0,2021-03-23 08:00:00,0
318,1,Maharashtra Cricket Association Stadium,22466,India,336,50,6.72,56.0,120.91,40.97162097162097,46.0,7.94,45.0,46.12121212121212,6,9,0.0,7.0,2.0,0.0,0.0,2021-03-26 08:00:00,0
319,0,Maharashtra Cricket Association Stadium,22466,England,337,43.3,7.74,84.25,100.83,48.69999275913255,44.625,6.810000000000001,39.0,38.71031746031746,4,16,2.0,8.0,2.0,0.0,4.0,2021-03-26 08:00:00,1
320,1,Maharashtra Cricket Association Stadium,22467,India,329,48.2,6.8,32.9,87.614,34.56389129896592,34.583333333333336,6.605,31.666666666666668,45.21384479717813,10,11,0.0,10.0,1.0,0.0,0.0,2021-03-28 08:00:00,1
321,0,Maharashtra Cricket Association Stadium,22467,England,322,50,6.44,35.77777777777778,102.81727272727272,46.13638065906668,37.83333333333333,6.752857142857143,33.0,45.3483817769532,9,13,0.0,12.0,1.0,0.0,0.0,2021-03-28 08:00:00,0
322,1,The Oval,33689,England,110,25.2,4.34,11.0,49.54181818181817,45.887445887445885,0.0,5.236666666666667,0.0,65.2579365079365,10,9,0.0,7.0,2.0,0.0,0.0,2022-07-12 12:00:00,0
323,0,The Oval,33689,India,114,18.4,6.1,0.0,94.215,63.96434634974533,13.166666666666666,4.542,17.11111111111111,68.24891774891775,0,7,0.0,5.0,2.0,0.0,0.0,2022-07-12 12:00:00,1
324,1,Lord's Cricket Ground,33690,England,246,49,5.02,24.6,72.62454545454545,30.282732454308267,19.4,3.775,28.366666666666667,62.84283173407467,10,13,1.0,8.0,4.0,0.0,0.0,2022-07-14 12:00:00,1
325,0,Lord's Cricket Ground,33690,India,146,38.5,3.75,14.6,42.00454545454546,25.40181929237401,30.25,4.846666666666667,34.2,56.41203703703704,10,8,0.0,1.0,7.0,0.0,0.0,2022-07-14 12:00:00,0
326,1,Old Trafford,33691,England,259,45.5,5.65,25.9,65.86545454545455,35.20500920249844,36.888888888888886,8.47125,36.66666666666666,39.80654761904761,10,17,2.0,13.0,2.0,0.0,0.0,2022-07-17 10:00:00,0
327,0,Old Trafford,33691,India,261,42.1,6.18,52.2,79.15714285714284,43.83484436027932,20.0,5.4750000000000005,20.291666666666668,55.83860191911038,5,7,0.0,3.0,3.0,0.0,1.0,2022-07-17 10:00:00,1
328,1,Emirates Riverside,33693,England,271,47,5.76,27.1,82.87545454545455,27.130440618812717,43.625,6.897142857142858,43.5,38.07539682539682,10,14,1.0,7.0,4.0,0.0,2.0,2022-07-19 12:00:00,0
329,0,Emirates Riverside,33693,South Africa,333,50,6.66,66.6,115.28166666666664,39.296292679751325,28.65,5.571666666666666,33.25,44.85441416259027,5,11,1.0,6.0,4.0,0.0,0.0,2022-07-19 12:00:00,1
330,1,Old Trafford,33694,England,201,28.1,7.13,20.1,102.39181818181818,45.45561765376007,8.633333333333333,3.708,14.8,62.1031746031746,10,9,0.0,4.0,5.0,0.0,0.0,2022-07-22 12:00:00,1
331,0,Old Trafford,33694,South Africa,83,20.4,4.01,8.3,49.835,24.94895478852698,21.0,7.075999999999999,19.5,40.66666666666666,10,4,0.0,3.0,1.0,0.0,0.0,2022-07-22 12:00:00,0
332,1,VRA Cricket Ground,34010,Netherlands,266,49.4,5.35,26.6,80.66,39.588885861613136,74.16666666666667,10.046666666666669,49.0,30.83333333333333,10,14,0.0,3.0,11.0,0.0,0.0,2022-06-17 09:00:00,0
333,0,VRA Cricket Ground,34010,England,498,50,9.96,124.5,131.92499999999998,43.98343851385746,18.2,5.501666666666666,22.2,51.79012345679012,4,22,2.0,14.0,2.0,0.0,4.0,2022-06-17 09:00:00,1
334,1,VRA Cricket Ground,34011,Netherlands,235,41,5.73,33.57142857142857,80.15777777777778,33.01323948382772,34.5,7.03375,33.0,46.71357212475634,7,14,0.0,4.0,5.0,0.0,5.0,2022-06-19 09:00:00,0
335,0,VRA Cricket Ground,34011,England,239,36.1,6.6,59.75,84.65166666666666,35.98130687171783,28.0,5.651666666666667,30.75,48.15145502645502,4,7,0.0,2.0,5.0,0.0,0.0,2022-06-19 09:00:00,1
336,1,VRA Cricket Ground,34012,Netherlands,244,49.2,4.94,24.4,59.50545454545455,19.018299881936244,29.5,8.753333333333334,21.0,40.67460317460319,10,20,2.0,13.0,3.0,0.0,2.0,2022-06-22 09:00:00,0
337,0,VRA Cricket Ground,34012,England,248,30.1,8.22,124.0,103.785,50.07929720356944,30.5,4.931666666666666,39.65,50.589254220206605,2,12,1.0,6.0,5.0,0.0,0.0,2022-06-22 09:00:00,1
338,1,The Oval,8192,England,311,50,6.22,38.875,101.798,33.09300388995662,26.3,4.805000000000001,30.3,58.49264705882353,8,10,0.0,8.0,2.0,0.0,0.0,2019-05-30 09:30:00,1
339,0,The Oval,8192,South Africa,207,39.5,5.19,20.7,76.36909090909091,51.80287448736647,32.375,6.161428571428571,32.0,41.278344671201815,10,10,0.0,1.0,5.0,0.0,4.0,2019-05-30 09:30:00,0
340,1,Trent Bridge,8197,England,334,50,6.68,37.11111111111112,101.34363636363636,43.83890457862277,22.277777777777786,6.968333333333334,22.0,38.93849206349206,9,8,0.0,5.0,3.0,0.0,0.0,2019-06-03 09:30:00,0
341,0,Trent Bridge,8197,Pakistan,348,50,6.96,43.5,139.906,51.40981240981241,29.066666666666663,6.211666666666666,28.0,41.25661375661375,8,20,0.0,11.0,8.0,0.0,1.0,2019-06-03 09:30:00,1
346,1,Headingley,8218,England,212,47,4.51,21.2,55.66545454545454,23.382305542125824,18.791666666666664,4.685714285714285,24.0,50.17857142857143,10,6,0.0,5.0,1.0,0.0,0.0,2019-06-21 09:30:00,0
347,0,Headingley,8218,Sri Lanka,232,50,4.64,25.77777777777778,61.64090909090908,18.355336137453484,19.979166666666664,4.855,28.75,52.61574074074073,9,10,0.0,6.0,4.0,0.0,0.0,2019-06-21 09:30:00,1
350,1,Edgbaston,8229,England,337,50,6.74,48.142857142857146,108.93625,37.50708459569219,23.666666666666664,6.376666666666668,25.0,42.08333333333333,7,8,0.0,4.0,2.0,0.0,2.0,2019-06-30 09:30:00,1
351,0,Edgbaston,8229,India,306,50,6.12,61.2,93.55571428571427,38.93108758654977,43.26666666666667,6.660000000000001,44.0,47.333333333333336,5,7,0.0,6.0,1.0,0.0,0.0,2019-06-30 09:30:00,0
352,1,Emirates Riverside,8232,England,305,50,6.1,38.125,93.352,26.791350159274685,23.38888888888889,4.027142857142857,36.0,57.44236583522298,8,15,0.0,7.0,4.0,0.0,4.0,2019-07-03 09:30:00,1
353,0,Emirates Riverside,8232,New Zealand,186,45,4.13,18.6,50.91090909090909,28.408141566036303,42.1,6.728333333333333,40.8,41.82098765432099,10,14,0.0,6.0,6.0,0.0,2.0,2019-07-03 09:30:00,0
356,1,Lord's Cricket Ground,8239,New Zealand,241,50,4.82,30.125,80.45599999999999,32.238691506328685,24.0,4.666666666666667,38.5,55.5026455026455,8,30,1.0,17.0,12.0,0.0,0.0,2019-07-14 09:30:00,0
357,0,Lord's Cricket Ground,8239,England,241,50,4.82,24.1,60.96888888888888,24.28538338807532,29.333333333333336,4.823333333333334,39.5,50.516975308641975,10,17,0.0,12.0,3.0,0.0,2.0,2019-07-14 09:30:00,1
358,1,Eden Park,100836,New Zealand,309,47.1,6.55,103.0,89.84399999999998,55.49109584472753,37.0,6.0600000000000005,33.333333333333336,51.333333333333336,3,13,2.0,8.0,3.0,0.0,0.0,2022-11-25 01:30:00,1
359,0,Eden Park,100836,India,306,50,6.12,43.71428571428572,106.275,55.63513513513514,48.0,6.564,42.0,49.31481481481482,7,11,0.0,8.0,1.0,0.0,2.0,2022-11-25 01:30:00,0
360,1,Bharat Ratna Shri Atal Bihari Vajpai Ekana Cricket Stadium,101163,India,240,40,6.0,30.0,79.521,36.844938985942655,41.833333333333336,6.069999999999999,40.0,52.08333333333333,8,18,2.0,14.0,2.0,0.0,0.0,2022-10-06 08:00:00,0
361,0,Bharat Ratna Shri Atal Bihari Vajpai Ekana Cricket Stadium,101163,South Africa,249,40,6.22,62.25,73.46666666666667,49.25457275457276,37.06666666666666,5.948,36.8,54.16666666666667,4,22,1.0,15.0,4.0,0.0,2.0,2022-10-06 08:00:00,1
362,1,JSCA International Stadium Complex,101164,India,282,45.5,6.15,94.0,93.706,53.27573748926875,42.333333333333336,5.583333333333333,43.6,46.99294532627866,3,5,2.0,3.0,0.0,0.0,0.0,2022-10-09 08:00:00,1
363,0,JSCA International Stadium Complex,101164,South Africa,278,50,5.56,39.71428571428572,73.19555555555556,39.57507598013927,51.66666666666666,6.285,54.0,45.80995640744069,7,9,0.0,3.0,2.0,0.0,4.0,2022-10-09 08:00:00,0
364,1,Arun Jaitley Stadium,101165,India,105,19.1,5.47,35.0,74.076,56.20408163265306,9.125,3.606666666666667,13.5,67.18253968253968,3,8,1.0,1.0,5.0,0.0,1.0,2022-10-11 08:00:00,1
365,0,Arun Jaitley Stadium,101165,South Africa,99,27.1,3.64,9.9,49.0290909090909,36.57244716068246,20.5,5.13,27.0,67.5,10,5,0.0,4.0,1.0,0.0,0.0,2022-10-11 08:00:00,0
378,1,Rajiv Gandhi International Stadium,101868,India,349,50,6.98,43.625,90.672,28.932298725941983,39.8,6.8950000000000005,32.6,52.16179653679652,8,13,0.0,13.0,0.0,0.0,0.0,2023-01-18 08:00:00,1
379,0,Rajiv Gandhi International Stadium,101868,New Zealand,337,49.2,6.83,33.7,84.15545454545455,47.54582737836326,50.8,6.93,44.4,39.78395061728394,10,19,0.0,14.0,5.0,0.0,0.0,2023-01-18 08:00:00,0
380,1,Shaheed Veer Narayan Singh International Cricket Stadium,101869,India,111,20.1,5.5,55.5,97.1425,77.78966131907309,13.75,2.973333333333333,25.83333333333333,73.61111111111111,2,1,0.0,0.0,1.0,0.0,0.0,2023-01-21 08:00:00,1
381,0,Shaheed Veer Narayan Singh International Cricket Stadium,101869,New Zealand,108,34.3,3.13,10.8,33.331818181818186,20.89728453364817,28.5,5.593999999999999,27.0,64.5,10,7,0.0,5.0,2.0,0.0,0.0,2023-01-21 08:00:00,0
382,1,Holkar Cricket Stadium,101870,India,385,50,7.7,42.77777777777778,111.554,51.10392295532074,29.233333333333334,6.996666666666667,26.0,46.49470899470899,9,12,0.0,6.0,1.0,0.0,5.0,2023-01-24 08:00:00,1
383,0,Holkar Cricket Stadium,101870,New Zealand,295,41.2,7.13,29.5,62.32545454545455,27.26003749021652,36.55555555555556,7.908333333333334,25.33333333333333,40.23148148148149,10,19,0.0,12.0,5.0,0.0,2.0,2023-01-24 08:00:00,0
384,1,Greenfield Stadium,101874,India,390,50,7.8,78.0,113.08571428571427,39.25019683162443,8.666666666666666,2.9325,16.0,76.52777777777777,5,15,0.0,5.0,10.0,0.0,0.0,2023-01-15 08:00:00,1
385,0,Greenfield Stadium,101874,Sri Lanka,73,22,3.31,7.3,40.72555555555555,40.73651494704127,47.333333333333336,7.796666666666666,36.0,34.53703703703704,10,10,0.0,7.0,2.0,0.0,1.0,2023-01-15 08:00:00,0
386,1,Barsapara Cricket Stadium,101875,India,373,50,7.46,53.285714285714285,113.9688888888889,37.6953453326201,38.4,5.989999999999999,37.4,56.22244268077602,7,6,0.0,5.0,1.0,0.0,0.0,2023-01-10 08:00:00,1
387,0,Barsapara Cricket Stadium,101875,Sri Lanka,306,50,6.12,38.25,79.66099999999999,48.81347370894086,36.266666666666666,7.351428571428571,30.4,36.54761904761905,8,12,0.0,9.0,3.0,0.0,0.0,2023-01-10 08:00:00,0
388,1,Eden Gardens,101876,India,219,43.2,5.05,36.5,89.41,69.82288748832866,16.75,5.296666666666666,20.583333333333336,56.16946778711485,6,18,2.0,13.0,3.0,0.0,0.0,2023-01-12 08:00:00,1
389,0,Eden Gardens,101876,Sri Lanka,215,39.4,5.42,21.5,71.36363636363636,44.61350903997963,28.125,4.732857142857143,30.875,56.06481481481482,10,7,1.0,5.0,1.0,0.0,0.0,2023-01-12 08:00:00,0
392,1,R.Premadasa Stadium,102843,Pakistan,128,32,4.0,12.8,59.24777777777777,26.542024802894367,75.0,7.1066666666666665,60.0,45.43226381461676,10,17,0.0,14.0,3.0,0.0,0.0,2023-09-10 09:30:00,0
393,0,R.Premadasa Stadium,102843,India,356,50,7.12,178.0,115.075,63.249038022921575,14.0,3.9866666666666655,23.4,63.95833333333332,2,9,1.0,8.0,0.0,0.0,0.0,2023-09-10 09:30:00,1
394,1,R.Premadasa Stadium,102844,India,213,49.1,4.33,21.3,49.37636363636363,17.40633956035238,14.65,4.016666666666667,25.05,64.17293233082707,10,21,0.0,20.0,1.0,0.0,0.0,2023-09-12 09:30:00,1
395,0,R.Premadasa Stadium,102844,Sri Lanka,172,41.3,4.14,17.2,54.10727272727272,31.149253627406747,17.833333333333332,5.217142857142856,26.5,58.108465608465615,10,15,1.0,8.0,6.0,0.0,0.0,2023-09-12 09:30:00,0
396,1,R.Premadasa Stadium,102846,India,51,6.1,8.27,0.0,134.935,70.53140096618357,9.166666666666666,2.47,13.888888888888888,79.16666666666666,0,1,0.0,0.0,1.0,0.0,0.0,2023-09-17 09:30:00,1
397,0,R.Premadasa Stadium,102846,Sri Lanka,50,15.2,3.26,5.0,40.12818181818182,18.305224187577128,0.0,7.625,0.0,37.5,10,5,0.0,3.0,2.0,0.0,0.0,2023-09-17 09:30:00,0
410,1,Seddon Park,15358,New Zealand,348,48.1,7.22,58.0,98.035,45.45202386309786,36.833333333333336,6.728333333333333,34.0,43.40277777777777,6,29,1.0,24.0,4.0,0.0,0.0,2020-02-05 02:00:00,1
411,0,Seddon Park,15358,India,347,50,6.94,86.75,114.415,59.06312277100398,61.66666666666666,7.17,46.0,43.07407407407408,4,27,1.0,19.0,7.0,0.0,0.0,2020-02-05 02:00:00,0
412,1,Eden Park,15359,New Zealand,273,50,5.46,34.125,71.279,35.99321500839896,29.9,5.122,34.8,58.578947368421055,8,14,0.0,6.0,4.0,0.0,4.0,2020-02-08 02:00:00,1
413,0,Eden Park,15359,India,251,48.3,5.17,25.1,71.94181818181819,39.97527724800452,28.11111111111111,5.3,36.66666666666666,52.0,10,16,0.0,12.0,4.0,0.0,0.0,2020-02-08 02:00:00,0
414,1,Bay Oval,15360,New Zealand,300,47.1,6.36,60.0,105.14285714285714,49.995659210722735,39.66666666666666,5.621666666666666,41.0,47.1141975308642,5,11,2.0,6.0,2.0,0.0,1.0,2020-02-11 02:00:00,1
415,0,Bay Oval,15360,India,296,50,5.92,42.285714285714285,94.76111111111112,50.419866871479776,49.22222222222223,6.438,44.66666666666666,47.31481481481482,7,7,0.0,6.0,0.0,0.0,1.0,2020-02-11 02:00:00,0
428,1,R Premadasa Stadium,31874,Sri Lanka,262,50,5.24,29.11111111111111,96.19,41.06553372847743,38.75,8.152857142857144,33.5,39.26623640909356,9,16,1.0,12.0,3.0,0.0,0.0,2021-07-18 09:30:00,0
429,0,R Premadasa Stadium,31874,India,263,36.4,7.17,87.66666666666667,126.03,59.23171796860557,25.5,5.335000000000001,33.6,52.18253968253969,3,18,1.0,12.0,5.0,0.0,0.0,2021-07-18 09:30:00,1
430,1,R Premadasa Stadium,31875,Sri Lanka,275,50,5.5,30.55555555555556,66.86636363636363,25.50402627675355,36.58333333333333,5.097142857142856,35.0,55.204081632653065,9,21,2.0,13.0,6.0,0.0,0.0,2021-07-20 09:30:00,0
431,0,R Premadasa Stadium,31875,India,277,49.1,5.63,39.57142857142857,75.12111111111112,42.04978934001712,20.38888888888889,5.3566666666666665,21.33333333333333,49.65277777777778,7,21,0.0,16.0,4.0,0.0,1.0,2021-07-20 09:30:00,1
432,1,R Premadasa Stadium,31876,Sri Lanka,227,39,5.82,32.42857142857143,78.44999999999999,35.17811623074781,23.966666666666665,5.551666666666667,29.6,57.36111111111111,7,30,5.0,15.0,6.0,0.0,4.0,2021-07-23 09:30:00,1
433,0,R Premadasa Stadium,31876,India,225,43.1,5.21,22.5,73.19363636363636,31.57213169308625,31.75,5.516666666666667,30.5,53.40277777777777,10,10,0.0,9.0,1.0,0.0,0.0,2021-07-23 09:30:00,0
440,1,Boland Park,33714,South Africa,296,50.0,5.92,74.0,78.91666666666667,28.64980554903035,28.6,5.239999999999999,34.2,45.27777777777777,4,18,3.0,9.0,6.0,0.0,0.0,2022-01-19 08:30:00,1
441,0,Boland Park,33714,India,265,50,5.3,33.125,71.41900000000001,20.326316349324536,38.5,5.75,45.0,43.90476190476191,8,13,0.0,11.0,0.0,0.0,2.0,2022-01-19 08:30:00,0
442,1,Boland Park,33715,South Africa,288,48.1,5.97,96.0,97.45,39.976635976635976,44.5,5.703333333333333,45.0,47.41512345679013,3,10,0.0,5.0,1.0,0.0,4.0,2022-01-21 08:30:00,1
443,0,Boland Park,33715,India,287,50,5.74,47.833333333333336,77.53625,33.93820302415637,39.66666666666666,6.024285714285715,50.0,36.36904761904761,6,20,2.0,17.0,1.0,0.0,0.0,2022-01-21 08:30:00,0
444,1,Newlands,33716,South Africa,287,49.5,5.75,28.7,71.296,35.77411835476351,33.53333333333333,5.848333333333334,36.3,45.95598845598846,10,18,3.0,13.0,2.0,0.0,0.0,2022-01-23 08:30:00,1
445,0,Newlands,33716,India,283,49.2,5.73,28.3,74.67454545454547,34.12604396210953,29.791666666666668,5.890000000000001,31.916666666666668,48.74163004812723,10,11,2.0,7.0,2.0,0.0,0.0,2022-01-23 08:30:00,0
446,1,Headingley,8235,Sri Lanka,264,50,5.28,37.71428571428572,79.9022222222222,35.18512760836331,59.66666666666666,6.246,55.0,45.56432748538012,7,15,1.0,8.0,2.0,0.0,4.0,2019-07-06 09:30:00,0
447,0,Headingley,8235,India,265,43.3,6.09,88.33333333333333,112.31,60.70028746213784,46.66666666666666,5.16,52.0,50.00000000000001,3,6,0.0,5.0,1.0,0.0,0.0,2019-07-06 09:30:00,1
448,1,Old Trafford,8237,India,221,49.3,4.46,22.1,48.863,26.6922471467926,41.06666666666667,4.68,52.0,52.66666666666667,10,16,0.0,13.0,3.0,0.0,0.0,2019-07-10 09:30:00,0
449,0,Old Trafford,8237,New Zealand,239,50,4.78,29.875,83.23400000000001,21.649442619591877,28.46666666666667,4.7716666666666665,36.8,56.66666666666666,8,18,0.0,13.0,5.0,0.0,0.0,2019-07-10 09:30:00,1
456,1,Hazelaarweg,100615,Netherlands,298,50,5.96,37.25,71.643,23.793117680441625,42.16666666666666,5.875,38.0,45.3395061728395,8,29,5.0,6.0,13.0,0.0,5.0,2022-08-16 09:00:00,0
457,0,Hazelaarweg,100615,Pakistan,314,50,6.28,52.333333333333336,97.64875,35.416974149772315,32.33333333333333,5.625,35.5,45.7716049382716,6,15,1.0,9.0,5.0,0.0,0.0,2022-08-16 09:00:00,1
458,1,Hazelaarweg,100616,Netherlands,186,44.1,4.21,18.6,33.31727272727273,8.165413068375274,26.5,5.714,31.0,53.41269841269841,10,7,2.0,2.0,3.0,0.0,0.0,2022-08-18 09:00:00,0
459,0,Hazelaarweg,100616,Pakistan,191,33.4,5.67,63.66666666666666,80.93599999999999,31.320213577421818,23.166666666666664,4.531666666666667,33.2,58.4347442680776,3,6,0.0,5.0,0.0,0.0,1.0,2022-08-18 09:00:00,1
460,1,Hazelaarweg,100617,Netherlands,197,49.2,3.99,19.7,69.64090909090909,23.80058651026393,26.433333333333337,4.081666666666667,39.4,60.34495279593318,10,17,0.0,11.0,5.0,0.0,1.0,2022-08-21 09:00:00,0
461,0,Hazelaarweg,100617,Pakistan,206,49.4,4.14,20.6,61.301,27.51205023932296,7.8,3.72,12.875,59.84217171717172,10,7,0.0,7.0,0.0,0.0,0.0,2022-08-21 09:00:00,1
478,1,Warner Park,3130,Netherlands,132,40,3.3,14.666666666666666,45.631,47.84873949579831,51.333333333333336,9.7,40.0,36.58163265306122,9,7,1.0,2.0,4.0,0.0,0.0,2007-03-16 11:00:00,0
479,0,Warner Park,3130,South Africa,353,40,8.82,117.66666666666669,130.974,54.41987976782752,16.4,3.2728571428571427,33.4,73.47789115646258,3,11,1.0,8.0,2.0,0.0,0.0,2007-03-16 11:00:00,1
480,1,Warner Park,3133,Australia,358,50,7.16,71.6,125.21428571428572,62.4806358023759,17.1875,4.637499999999999,23.5625,67.91102216748769,5,19,2.0,8.0,9.0,0.0,0.0,2007-03-18 11:00:00,1
481,0,Warner Park,3133,Netherlands,129,26.5,4.8,12.9,50.76,35.447330447330444,49.0,6.991666666666667,40.0,48.00433412135539,10,12,0.0,5.0,3.0,0.0,4.0,2007-03-18 11:00:00,0
482,1,Vidarbha Cricket Association Stadium,3180,England,296,48.4,6.08,74.0,104.71,36.13091209865403,36.25,6.2250000000000005,42.0,46.94444444444445,4,14,0.0,11.0,2.0,0.0,1.0,2011-02-22 11:00:00,1
483,0,Vidarbha Cricket Association Stadium,3180,Netherlands,292,50,5.84,48.66666666666666,89.83875,36.53001442690062,43.833333333333336,6.21,48.0,39.6874049747613,6,11,3.0,2.0,3.0,0.0,3.0,2011-02-22 11:00:00,0
484,1,IS Bindra Stadium,3192,Netherlands,120,34.5,3.44,12.0,42.73272727272728,26.960514233241508,42.0,7.183333333333334,37.0,34.96913580246913,10,8,0.0,8.0,0.0,0.0,0.0,2011-03-03 11:00:00,0
485,0,IS Bindra Stadium,3192,South Africa,351,50,7.02,70.2,116.34,29.608174886209493,13.76666666666667,3.4883333333333333,23.73333333333333,67.95618789521228,5,24,1.0,16.0,5.0,0.0,2.0,2011-03-03 11:00:00,1
486,1,Chittagong Divisional Stadium,3207,Bangladesh,166,41.2,4.01,41.5,49.705000000000005,35.457222032564495,29.166666666666664,3.31,45.5,66.67592592592592,4,9,1.0,3.0,3.0,0.0,2.0,2011-03-14 11:00:00,1
487,0,Chittagong Divisional Stadium,3207,Netherlands,160,46.2,3.45,16.0,36.85727272727272,20.594634888714264,19.5,4.058333333333334,29.33333333333333,64.08008658008657,10,9,0.0,0.0,9.0,0.0,0.0,2011-03-14 11:00:00,0
488,1,Supersport Park,33708,South Africa,190,30,6.33,95.0,90.7825,68.79928315412187,17.933333333333334,4.173333333333333,26.4,64.65277777777779,2,9,0.0,6.0,3.0,0.0,0.0,2023-03-31 08:00:00,1
489,0,Supersport Park,33708,Netherlands,189,46.1,4.09,18.9,51.33727272727273,30.93391902215432,40.5,6.34,42.0,52.44444444444444,10,20,0.0,7.0,8.0,0.0,5.0,2023-03-31 08:00:00,0
490,1,Supersport Park,33709,South Africa,370,50,7.4,46.25,89.393,48.14139194139194,27.72,5.906666666666666,28.56,60.23589065255732,8,15,5.0,7.0,3.0,0.0,0.0,2023-04-02 08:00:00,1
491,0,Supersport Park,33709,Netherlands,224,39.1,5.71,22.4,60.13454545454545,39.31757276476616,47.4,7.638333333333333,38.4,43.19444444444445,10,15,0.0,10.0,5.0,0.0,0.0,2023-04-02 08:00:00,0
498,1,Bay Oval,34376,New Zealand,204,38.3,5.29,68.0,63.984,23.297254610489155,18.1,3.785,32.06666666666666,63.94636015325671,3,23,0.0,14.0,4.0,0.0,5.0,2022-03-29 01:00:00,1
499,0,Bay Oval,34376,Netherlands,202,49.4,4.06,20.2,62.79272727272726,39.96230532613933,25.0,6.141428571428572,30.0,53.25396825396825,10,12,2.0,6.0,4.0,0.0,0.0,2022-03-29 01:00:00,0
500,1,Seddon Park,34377,New Zealand,264,50,5.28,29.33333333333333,55.97818181818182,27.99918310187886,18.08333333333333,4.351666666666667,24.166666666666668,69.16005291005291,9,17,2.0,12.0,3.0,0.0,0.0,2022-04-02 01:00:00,1
501,0,Seddon Park,34377,Netherlands,146,34.1,4.27,14.6,58.78818181818181,49.63308511695608,29.75,5.31,37.25,50.97222222222223,10,16,0.0,12.0,4.0,0.0,0.0,2022-04-02 01:00:00,0
502,1,Seddon Park,34378,New Zealand,333,50,6.66,41.625,136.72,40.41782608968826,29.25,5.216666666666666,33.333333333333336,63.47162097162096,8,20,4.0,12.0,4.0,0.0,0.0,2022-04-04 02:00:00,1
503,0,Seddon Park,34378,Netherlands,218,42.3,5.12,21.8,64.67090909090909,41.03264790764791,26.25,6.58,24.0,40.854119425548,10,15,2.0,9.0,4.0,0.0,0.0,2022-04-04 02:00:00,0
512,1,Eden Park,100826,New Zealand,274,49.3,5.53,27.4,75.75727272727272,36.17282056402385,7.399999999999999,3.9075,9.633333333333333,71.66580400276052,10,21,3.0,12.0,4.0,0.0,2.0,2023-03-25 01:00:00,1
513,0,Eden Park,100826,Sri Lanka,76,19.5,3.83,7.6,68.64,50.982552800734624,25.35,5.263333333333333,28.7,54.89618406285073,10,4,0.0,3.0,1.0,0.0,0.0,2023-03-25 01:00:00,0
514,1,Seddon Park,100828,New Zealand,159,32.5,4.84,39.75,73.17333333333333,43.88066713648109,8.666666666666666,3.82,17.0,69.60364145658264,4,10,0.0,7.0,3.0,0.0,0.0,2023-03-31 01:00:00,1
515,0,Seddon Park,100828,Sri Lanka,157,41.3,3.78,15.7,35.21818181818182,30.146376920570468,29.5,4.846,40.333333333333336,58.77551123428185,10,12,0.0,8.0,4.0,0.0,0.0,2023-03-31 01:00:00,0
518,1,National Stadium,101613,Pakistan,258,48.1,5.35,64.5,98.89666666666666,51.62268287268287,28.35,5.053333333333334,37.5,47.98611111111112,4,3,0.0,1.0,2.0,0.0,0.0,2023-01-09 09:30:00,1
519,0,National Stadium,101613,New Zealand,255,50,5.1,28.33333333333333,76.86181818181818,30.054031641842396,37.333333333333336,5.381666666666667,38.0,48.58796296296296,9,5,0.0,2.0,2.0,0.0,1.0,2023-01-09 09:30:00,0
520,1,National Stadium,101614,Pakistan,182,43,4.23,18.2,55.16181818181819,27.152063126746672,29.45833333333333,5.471666666666667,38.16666666666667,47.631401617250674,10,9,0.0,5.0,1.0,0.0,3.0,2023-01-11 09:30:00,0
521,0,National Stadium,101614,New Zealand,261,49.5,5.23,26.1,52.43727272727272,19.228326648245112,23.75,4.578333333333333,36.0,56.99074074074074,10,12,0.0,10.0,2.0,0.0,0.0,2023-01-11 09:30:00,1
522,1,National Stadium,101615,Pakistan,280,50,5.6,31.11111111111111,109.01090909090908,47.16219024499853,38.125,5.876666666666666,41.25,49.6957671957672,9,5,0.0,2.0,2.0,0.0,1.0,2023-01-13 09:30:00,0
523,0,National Stadium,101615,New Zealand,281,48.1,5.83,35.125,77.16600000000001,36.22254200117864,36.04166666666667,5.539999999999999,42.5,44.66666666666667,8,19,2.0,10.0,4.0,0.0,3.0,2023-01-13 09:30:00,1
524,1,Rawalpindi Cricket Stadium,101618,Pakistan,291,48.3,6.0,58.2,83.32857142857142,44.03030076499465,33.625,5.945,37.5,44.02777777777778,5,7,0.0,4.0,3.0,0.0,0.0,2023-04-27 10:30:00,1
525,0,Rawalpindi Cricket Stadium,101618,New Zealand,288,50,5.76,41.142857142857146,79.45750000000001,29.42632228853673,46.5,6.348333333333334,46.25,45.4601571268238,7,7,0.0,2.0,4.0,0.0,1.0,2023-04-27 10:30:00,0
526,1,Rawalpindi Cricket Stadium,101619,Pakistan,337,48.2,6.97,112.33333333333331,99.496,38.44444444444444,34.25,6.551666666666666,37.5,39.16666666666666,3,7,1.0,4.0,2.0,0.0,0.0,2023-04-29 10:30:00,1
527,0,Rawalpindi Cricket Stadium,101619,New Zealand,336,50,6.72,67.2,96.67285714285715,34.31101414162448,65.33333333333333,6.926,58.333333333333336,39.80808080808081,5,15,0.0,6.0,7.0,0.0,2.0,2023-04-29 10:30:00,0
528,1,National Stadium,101620,Pakistan,287,50,5.74,47.833333333333336,107.51125,44.61429684609863,28.375,5.226666666666667,32.125,45.20882584712373,6,10,0.0,8.0,2.0,0.0,0.0,2023-05-03 10:30:00,1
529,0,National Stadium,101620,New Zealand,261,49.1,5.3,26.1,71.80636363636364,18.30412012230194,30.666666666666668,5.7,36.66666666666666,43.333333333333336,10,9,0.0,4.0,5.0,0.0,0.0,2023-05-03 10:30:00,0
530,1,National Stadium,101621,Pakistan,334,50,6.68,55.66666666666666,141.74124999999998,56.12615022979075,19.14583333333333,5.855,23.08333333333333,50.81552706552707,6,19,0.0,10.0,9.0,0.0,0.0,2023-05-05 10:30:00,1
531,0,National Stadium,101621,New Zealand,232,43.4,5.31,23.2,78.43272727272728,39.03494371757566,43.88888888888889,6.7250000000000005,46.66666666666666,45.48611111111112,10,14,1.0,5.0,7.0,0.0,1.0,2023-05-05 10:30:00,0
532,1,National Stadium,101622,Pakistan,252,46.1,5.45,25.2,71.95909090909092,34.82382029159999,28.866666666666667,5.908333333333334,31.6,44.67728758169935,10,10,0.0,5.0,1.0,0.0,4.0,2023-05-07 10:30:00,0
533,0,National Stadium,101622,New Zealand,299,49.3,6.04,29.9,95.83909090909091,32.545143217962114,34.8,5.544999999999999,38.8,49.807098765432094,10,5,1.0,0.0,4.0,0.0,0.0,2023-05-07 10:30:00,1
572,1,Edgbaston,8224,New Zealand,237,50,4.74,39.5,72.0475,33.96766433031598,45.66666666666666,5.602500000000001,52.0,52.09821428571428,6,9,0.0,4.0,3.0,0.0,2.0,2019-06-26 09:30:00,0
573,0,Edgbaston,8224,Pakistan,241,49.1,4.9,60.25,92.52666666666666,64.19499393179773,39.77777777777778,4.683333333333334,46.66666666666666,54.17989417989418,4,7,0.0,7.0,0.0,0.0,0.0,2019-06-26 09:30:00,1
608,1,R.Premadasa Stadium,102845,Pakistan,252,42,6.0,36.0,84.80000000000001,28.403861818525098,32.55555555555556,6.111666666666667,32.333333333333336,45.138888888888886,7,15,1.0,13.0,1.0,0.0,0.0,2023-09-14 09:30:00,0
609,0,R.Premadasa Stadium,102845,Sri Lanka,252,42,6.0,31.5,81.78888888888889,26.111632982105316,33.166666666666664,6.026666666666666,36.25,48.638668430335095,8,10,0.0,5.0,4.0,0.0,1.0,2023-09-14 09:30:00,1
616,1,National Stadium,18114,Pakistan,305,50,6.1,43.57142857142857,103.5225,32.04013752532336,26.84,4.415,35.9,60.16769796430814,7,11,1.0,2.0,8.0,0.0,0.0,2019-09-30 10:00:00,1
617,0,National Stadium,18114,Sri Lanka,238,46.5,5.08,23.8,46.467,24.136427298192004,50.16666666666666,5.701666666666665,48.0,40.64814814814815,10,21,0.0,5.0,15.0,0.0,1.0,2019-09-30 10:00:00,0
618,1,National Stadium,18115,Pakistan,299,48.2,6.18,59.8,103.16285714285712,34.05960336408828,42.53333333333334,5.739999999999999,41.2,47.83179012345679,5,10,0.0,2.0,5.0,0.0,3.0,2019-10-02 10:00:00,1
619,0,National Stadium,18115,Sri Lanka,297,50,5.94,33.0,73.98800000000001,30.482796137630896,43.625,6.048333333333333,42.875,42.44588744588745,9,18,2.0,8.0,7.0,0.0,1.0,2019-10-02 10:00:00,0
626,1,Supersport Park,23179,South Africa,273,50,5.46,45.5,77.47875,47.96551752513197,30.58333333333333,5.48,35.0,50.66666666666667,6,17,1.0,14.0,2.0,0.0,0.0,2021-04-02 08:00:00,0
627,0,Supersport Park,23179,Pakistan,274,50,5.48,39.142857142857146,71.08500000000001,24.90643840158403,35.875,5.37,43.5,51.88271604938272,7,10,1.0,9.0,0.0,0.0,0.0,2021-04-02 08:00:00,1
628,1,New Wanderers Stadium,23180,South Africa,341,50,6.82,56.833333333333336,115.93375,47.64407241309415,44.7,6.2,41.2,54.76410934744269,6,5,1.0,3.0,1.0,0.0,0.0,2021-04-04 08:00:00,1
629,0,New Wanderers Stadium,23180,Pakistan,324,50,6.48,36.0,76.78181818181818,54.90365058198001,57.25,6.631666666666667,48.5,46.2962962962963,9,25,1.0,15.0,8.0,0.0,1.0,2021-04-04 08:00:00,0
630,1,Supersport Park,23181,South Africa,292,49.3,5.89,29.2,94.09636363636363,41.32795907888288,35.75,6.667142857142856,30.5,40.22392290249433,10,6,3.0,2.0,1.0,0.0,0.0,2021-04-07 08:00:00,0
631,0,Supersport Park,23181,Pakistan,320,50,6.4,45.71428571428572,99.91125,34.061576233103544,35.43333333333333,5.8133333333333335,34.8,48.26046597976423,7,16,2.0,9.0,3.0,0.0,2.0,2021-04-07 08:00:00,1
640,1,The County Ground,8208,Australia,307,49,6.26,30.7,92.46363636363635,32.42862115370812,25.9,5.98,27.8,46.12976529643196,10,19,3.0,6.0,10.0,0.0,0.0,2019-06-12 09:30:00,1
641,0,The County Ground,8208,Pakistan,266,45.4,5.82,26.6,69.35181818181817,31.52924859754228,42.4,6.211666666666666,38.4,47.013888888888886,10,14,1.0,9.0,4.0,0.0,0.0,2019-06-12 09:30:00,0
642,1,Old Trafford,8213,India,336,50,6.72,67.2,102.10857142857142,36.61190104799128,16.333333333333332,5.04,22.33333333333333,52.6548721340388,5,11,0.0,9.0,1.0,0.0,1.0,2019-06-16 09:30:00,1
643,0,Old Trafford,8213,Pakistan,212,40,5.3,35.333333333333336,79.38874999999999,36.04026831630267,56.88888888888889,7.828571428571428,44.66666666666666,35.55555555555556,6,8,1.0,6.0,1.0,0.0,0.0,2019-06-16 09:30:00,0
644,1,Lord's Cricket Ground,8221,Pakistan,308,50,6.16,44.0,101.65333333333336,34.017228135449926,27.625,5.258333333333333,29.5,44.93055555555555,7,12,1.0,5.0,6.0,0.0,0.0,2019-06-23 09:30:00,1
645,0,Lord's Cricket Ground,8221,South Africa,259,50,5.18,28.77777777777778,75.04,23.99738452489788,28.20833333333333,6.016666666666667,30.0,48.20987654320988,9,6,0.0,5.0,1.0,0.0,0.0,2019-06-23 09:30:00,0
652,1,The Ageas Bowl,8966,England,373,50,7.46,124.33333333333331,124.816,47.69945952684575,55.9,7.168333333333333,46.2,35.30864197530864,3,14,0.0,10.0,3.0,0.0,1.0,2019-05-11 10:00:00,1
653,0,The Ageas Bowl,8966,Pakistan,361,50,7.22,51.57142857142857,114.48222222222223,27.95111752725127,73.66666666666667,7.199999999999999,54.0,42.1957671957672,7,16,0.0,10.0,4.0,0.0,2.0,2019-05-11 10:00:00,0
654,1,Bristol County Ground,8967,England,359,44.5,8.0,89.75,127.00666666666666,63.65835469467831,48.6875,7.377142857142857,39.75,32.87037037037037,4,12,1.0,8.0,3.0,0.0,0.0,2019-05-14 12:00:00,1
655,0,Bristol County Ground,8967,Pakistan,358,50,7.16,39.77777777777778,127.847,50.21632786819789,63.333333333333336,8.457142857142857,48.0,35.12849584278156,9,10,0.0,9.0,1.0,0.0,0.0,2019-05-14 12:00:00,0
656,1,Trent Bridge,8968,England,341,49.3,6.88,48.71428571428572,85.70444444444445,33.351888750541974,38.75,6.6000000000000005,35.0,37.534013605442176,7,17,0.0,12.0,5.0,0.0,0.0,2019-05-17 12:00:00,1
657,0,Trent Bridge,8968,Pakistan,340,50,6.8,48.57142857142857,109.62444444444446,43.21856002532397,43.4,6.116666666666667,37.8,43.85233918128655,7,11,0.0,7.0,4.0,0.0,0.0,2019-05-17 12:00:00,0
658,1,Headingley,8969,England,351,50,7.02,39.0,104.9581818181818,43.44142945834571,30.933333333333334,6.3933333333333335,29.83333333333333,39.97767270816916,9,13,1.0,10.0,2.0,0.0,0.0,2019-05-19 10:00:00,1
659,0,Headingley,8969,Pakistan,297,46.5,6.34,29.7,82.06636363636363,42.698775673101125,43.79166666666666,6.8742857142857146,35.75,39.523809523809526,10,6,0.0,3.0,3.0,0.0,0.0,2019-05-19 10:00:00,0
698,1,R Premadasa Stadium,32256,Sri Lanka,300,50,6.0,33.333333333333336,71.94624999999999,24.230011984249263,37.375,5.945714285714286,42.0,42.945011337868486,9,23,2.0,11.0,6.0,0.0,4.0,2021-09-02 09:00:00,1
699,0,R Premadasa Stadium,32256,South Africa,286,50,5.72,47.66666666666666,86.31888888888889,25.88580133651822,34.0,5.9383333333333335,38.25,46.88271604938272,6,4,0.0,4.0,0.0,0.0,0.0,2021-09-02 09:00:00,0
700,1,R Premadasa Stadium,32257,Sri Lanka,197,36.4,5.37,19.7,72.38818181818182,15.49652367834186,32.75,6.017142857142858,34.5,41.09410430839002,10,9,0.0,7.0,2.0,0.0,0.0,2021-09-04 09:00:00,0
701,0,R Premadasa Stadium,32257,South Africa,283,47,6.02,47.16666666666666,110.59,30.269089104666147,23.96,5.441666666666666,27.04,48.22665056360708,6,13,1.0,11.0,0.0,0.0,1.0,2021-09-04 09:00:00,1
702,1,R Premadasa Stadium,32258,Sri Lanka,203,50,4.06,22.55555555555556,63.13818181818183,28.58370125155915,10.85,4.2,16.2,57.77777777777778,9,14,4.0,8.0,2.0,0.0,0.0,2021-09-07 09:00:00,1
703,0,R Premadasa Stadium,32258,South Africa,125,30,4.16,12.5,61.84090909090909,33.98422729973532,17.633333333333333,4.707142857142857,29.2,51.66666666666666,10,8,1.0,6.0,1.0,0.0,0.0,2021-09-07 09:00:00,0
724,1,Kingsmead,8178,South Africa,331,50,6.62,66.2,116.8614285714286,43.91976153860515,20.375,5.258333333333334,26.25,56.80555555555555,5,10,0.0,5.0,5.0,0.0,0.0,2019-03-10 08:00:00,1
725,0,Kingsmead,8178,Sri Lanka,121,24,5.04,24.2,53.35714285714285,24.95829636202307,51.75,6.665,48.0,39.23611111111111,5,10,0.0,5.0,1.0,0.0,4.0,2019-03-10 08:00:00,0
726,1,St George's Park,8179,South Africa,190,32.5,5.78,47.5,94.43333333333334,51.64516534813216,23.08333333333333,4.778333333333333,31.33333333333333,62.02876984126985,4,3,0.0,2.0,1.0,0.0,0.0,2019-03-13 11:00:00,1
727,0,St George's Park,8179,Sri Lanka,189,39.2,4.8,18.9,46.84545454545455,30.965098990177363,22.83333333333333,6.357142857142857,25.0,39.75990396158464,10,14,0.0,12.0,2.0,0.0,0.0,2019-03-13 11:00:00,0
728,1,Newlands,8180,South Africa,135,28,4.82,67.5,66.2475,38.42395167022032,21.333333333333336,4.6085714285714285,31.3,57.127192982456144,2,10,0.0,6.0,4.0,0.0,0.0,2019-03-16 11:00:00,1
729,0,Newlands,8180,Sri Lanka,225,49.3,4.54,22.5,61.843,33.97366522366522,26.5,4.356,39.0,56.26984126984127,10,23,3.0,12.0,8.0,0.0,0.0,2019-03-16 11:00:00,0
734,1,The Ageas Bowl,8199,South Africa,227,50,4.54,25.22222222222222,62.78899999999999,28.49351341092078,31.83333333333333,4.8,47.0,55.35729847494554,9,10,0.0,6.0,3.0,0.0,1.0,2019-06-05 09:30:00,0
735,0,The Ageas Bowl,8199,India,230,47.3,4.84,57.5,92.40166666666666,43.16331352493359,24.5625,4.46,33.75,53.65740740740741,4,7,0.0,4.0,3.0,0.0,0.0,2019-06-05 09:30:00,1
738,1,Edgbaston,8216,New Zealand,245,48.3,5.05,40.833333333333336,81.63499999999999,36.39520423974895,40.16666666666667,4.779999999999999,48.5,54.81481481481482,6,8,1.0,6.0,1.0,0.0,0.0,2019-06-19 09:30:00,1
739,0,Edgbaston,8216,South Africa,241,49,4.91,40.16666666666666,68.905,45.640364418114686,44.58333333333333,5.136000000000001,47.75,54.0,6,11,0.0,4.0,7.0,0.0,0.0,2019-06-19 09:30:00,0
742,1,Emirates Riverside,8226,Sri Lanka,203,49.3,4.1,20.3,70.99,35.47556476177727,47.0,5.536666666666666,60.0,47.49503968253968,10,20,0.0,13.0,3.0,0.0,4.0,2019-06-28 09:30:00,0
743,0,Emirates Riverside,8226,South Africa,206,37.2,5.51,206.0,87.71333333333332,50.97222222222223,18.933333333333334,4.465,25.8,61.91520467836258,1,15,0.0,14.0,1.0,0.0,0.0,2019-06-28 09:30:00,1
